{"type":"FeatureCollection", "features": [
{"type":"Feature","geometry":{"type":"Polygon","coordinates":[[[-53.01906,-27.80459],[-52.99051,-27.86416],[-52.77206,-27.91554],[-52.89485,-27.75093],[-52.91198,-27.7382],[-52.98432,-27.79049],[-53.01906,-27.80459]]]},"properties":{"cod_ibge":"431620","name":"Rondinha","uf":"RS"}},
{"type":"Feature","geometry":{"type":"Polygon","coordinates":[[[-51.9911,-28.43941],[-52.06248,-28.47397],[-52.08866,-28.49579],[-52.09009,-28.53581],[-51.91638,-28.51035],[-51.92019,-28.49397],[-51.9911,-28.43941]]]},"properties":{"cod_ibge":"431755","name":"Santo Antônio do Palma","uf":"RS"}},
{"type":"Feature","geometry":{"type":"Polygon","coordinates":[[[-55.07356,-28.00968],[-54.92793,-28.05742],[-54.86654,-28.0456],[-54.87035,-28.01468],[-54.93983,-27.9301],[-55.04881,-27.92282],[-55.07356,-28.00968]]]},"properties":{"cod_ibge":"431930","name":"São Paulo das Missões","uf":"RS"}},
{"type":"Feature","geometry":{"type":"Polygon","coordinates":[[[-53.19753,-27.73274],[-53.15517,-27.6618],[-53.21989,-27.65271],[-53.25939,-27.71182],[-53.25701,-27.72683],[-53.19753,-27.73274]]]},"properties":{"cod_ibge":"431142","name":"Lajeado do Bugre","uf":"RS"}},
{"type":"Feature","geometry":{"type":"Polygon","coordinates":[[[-56.08154,-28.85686],[-55.9954,-28.94462],[-55.68225,-29.01647],[-55.29295,-28.99146],[-55.32008,-28.95372],[-55.54994,-28.70725],[-55.71984,-28.65313],[-55.67939,-28.49852],[-55.50711,-28.40303],[-55.58326,-28.33936],[-55.69224,-28.41621],[-55.87118,-28.3571],[-55.88403,-28.47897],[-56.19433,-28.775],[-56.29998,-28.8082],[-56.3233,-28.92461],[-56.23192,-28.93735],[-56.08154,-28.85686]]]},"properties":{"cod_ibge":"431800","name":"São Borja","uf":"RS"}},
{"type":"Feature","geometry":{"type":"Polygon","coordinates":[[[-51.49092,-29.26021],[-51.49139,-29.19791],[-51.65415,-29.19837],[-51.68461,-29.21246],[-51.64987,-29.29386],[-51.63179,-29.29341],[-51.49092,-29.26021]]]},"properties":{"cod_ibge":"430860","name":"Garibaldi","uf":"RS"}},
{"type":"Feature","geometry":{"type":"Polygon","coordinates":[[[-51.9692,-29.49668],[-51.95588,-29.42164],[-52.03488,-29.40118],[-52.04012,-29.40073],[-52.12768,-29.42437],[-52.04773,-29.46939],[-51.9692,-29.49668]]]},"properties":{"cod_ibge":"431140","name":"Lajeado","uf":"RS"}},
{"type":"Feature","geometry":{"type":"Polygon","coordinates":[[[-52.15576,-28.65177],[-52.24952,-28.66223],[-52.25713,-28.68042],[-52.07866,-28.74135],[-52.08152,-28.7118],[-52.10008,-28.66905],[-52.15576,-28.65177]]]},"properties":{"cod_ibge":"431275","name":"Nova Alvorada","uf":"RS"}},
{"type":"Feature","geometry":{"type":"Polygon","coordinates":[[[-52.0168,-28.84185],[-52.06343,-28.80956],[-52.32709,-28.81366],[-52.29949,-28.8755],[-52.2281,-28.97009],[-52.07914,-28.87778],[-52.00966,-28.87687],[-52.0168,-28.84185]]]},"properties":{"cod_ibge":"430140","name":"Arvorezinha","uf":"RS"}},
{"type":"Feature","geometry":{"type":"Polygon","coordinates":[[[-51.91638,-28.51035],[-51.85356,-28.59038],[-51.80264,-28.53763],[-51.91257,-28.48443],[-51.92019,-28.49397],[-51.91638,-28.51035]]]},"properties":{"cod_ibge":"431805","name":"São Domingos do Sul","uf":"RS"}},
{"type":"Feature","geometry":{"type":"Polygon","coordinates":[[[-51.1692,-29.43938],[-51.04261,-29.43938],[-50.98122,-29.39027],[-50.9855,-29.32069],[-51.08877,-29.29113],[-51.21251,-29.35844],[-51.22631,-29.38981],[-51.1968,-29.40937],[-51.1692,-29.43938]]]},"properties":{"cod_ibge":"431320","name":"Nova Petrópolis","uf":"RS"}},
{"type":"Feature","geometry":{"type":"Polygon","coordinates":[[[-53.49259,-27.45035],[-53.38123,-27.61041],[-53.31841,-27.60041],[-53.27605,-27.5181],[-53.27415,-27.48127],[-53.28747,-27.39623],[-53.42549,-27.4217],[-53.49259,-27.45035]]]},"properties":{"cod_ibge":"432020","name":"Seberi","uf":"RS"}},
{"type":"Feature","geometry":{"type":"Polygon","coordinates":[[[-51.60799,-27.88189],[-51.60085,-27.78685],[-51.69461,-27.7],[-51.70079,-27.68999],[-51.75171,-27.7814],[-51.76409,-27.84551],[-51.73173,-27.88962],[-51.60799,-27.88189]]]},"properties":{"cod_ibge":"430320","name":"Cacique Doble","uf":"RS"}},
{"type":"Feature","geometry":{"type":"Polygon","coordinates":[[[-55.43953,-28.08789],[-55.77124,-28.24159],[-55.66892,-28.34073],[-55.69224,-28.41621],[-55.58326,-28.33936],[-55.50711,-28.40303],[-55.48617,-28.27206],[-55.31865,-28.20885],[-55.43953,-28.08789]]]},"properties":{"cod_ibge":"430865","name":"Garruchos","uf":"RS"}},
{"type":"Feature","geometry":{"type":"Polygon","coordinates":[[[-51.23155,-29.86229],[-51.12304,-29.86638],[-51.10115,-29.86865],[-51.1811,-29.82955],[-51.23155,-29.86229]]]},"properties":{"cod_ibge":"430770","name":"Esteio","uf":"RS"}},
{"type":"Feature","geometry":{"type":"Polygon","coordinates":[[[-53.62299,-31.60485],[-53.51781,-31.6526],[-53.44262,-31.83859],[-53.26796,-31.86451],[-53.33173,-31.70808],[-53.19848,-31.52209],[-53.28652,-31.49026],[-53.38646,-31.31473],[-53.34125,-31.20468],[-53.2356,-31.15193],[-53.16564,-31.02415],[-53.4174,-30.96458],[-53.4431,-30.96412],[-53.53019,-31.24197],[-53.65059,-31.33792],[-53.56112,-31.4075],[-53.62299,-31.60485]]]},"properties":{"cod_ibge":"431450","name":"Pinheiro Machado","uf":"RS"}},
{"type":"Feature","geometry":{"type":"Polygon","coordinates":[[[-54.94411,-28.18248],[-54.85655,-28.1611],[-54.86654,-28.0456],[-54.92793,-28.05742],[-54.94411,-28.18248]]]},"properties":{"cod_ibge":"431937","name":"São Pedro do Butiá","uf":"RS"}},
{"type":"Feature","geometry":{"type":"Polygon","coordinates":[[[-52.61216,-31.5039],[-52.5008,-31.32837],[-52.42275,-31.33656],[-52.4751,-31.24515],[-52.28902,-31.08872],[-52.24523,-30.98413],[-52.24904,-30.88363],[-52.42703,-30.91501],[-52.63357,-30.95139],[-52.74732,-30.89591],[-52.86582,-30.92229],[-52.93054,-31.06917],[-52.9077,-31.317],[-52.99098,-31.55938],[-52.90341,-31.67215],[-52.85344,-31.59621],[-52.70972,-31.61122],[-52.61216,-31.5039]]]},"properties":{"cod_ibge":"430450","name":"Canguçu","uf":"RS"}},
{"type":"Feature","geometry":{"type":"Polygon","coordinates":[[[-51.59228,-29.40846],[-51.47283,-29.43847],[-51.43476,-29.43165],[-51.59228,-29.40846]]]},"properties":{"cod_ibge":"431935","name":"São Pedro da Serra","uf":"RS"}},
{"type":"Feature","geometry":{"type":"Polygon","coordinates":[[[-52.56457,-28.65404],[-52.34612,-28.70361],[-52.31424,-28.64813],[-52.39086,-28.56901],[-52.54601,-28.54718],[-52.56457,-28.65404]]]},"properties":{"cod_ibge":"430995","name":"Ibirapuitã","uf":"RS"}},
{"type":"Feature","geometry":{"type":"Polygon","coordinates":[[[-53.29223,-27.75457],[-53.20276,-27.80368],[-53.17897,-27.7573],[-53.19753,-27.73274],[-53.25701,-27.72683],[-53.29223,-27.75457]]]},"properties":{"cod_ibge":"431936","name":"São Pedro das Missões","uf":"RS"}},
{"type":"Feature","geometry":{"type":"Polygon","coordinates":[[[-51.50377,-29.08195],[-51.42334,-29.15608],[-51.42191,-29.05967],[-51.47711,-29.01874],[-51.50377,-29.08195]]]},"properties":{"cod_ibge":"431454","name":"Pinto Bandeira","uf":"RS"}},
{"type":"Feature","geometry":{"type":"Polygon","coordinates":[[[-55.37624,-28.03514],[-55.14637,-28.18702],[-55.11163,-28.07652],[-55.34007,-27.96648],[-55.37624,-28.03514]]]},"properties":{"cod_ibge":"431455","name":"Pirapó","uf":"RS"}},
{"type":"Feature","geometry":{"type":"Polygon","coordinates":[[[-49.80334,-29.44347],[-49.71292,-29.32569],[-49.79192,-29.28568],[-49.90138,-29.21519],[-49.88663,-29.25839],[-49.88853,-29.31251],[-49.8357,-29.42437],[-49.80334,-29.44347]]]},"properties":{"cod_ibge":"432150","name":"Torres","uf":"RS"}},
{"type":"Feature","geometry":{"type":"Polygon","coordinates":[[[-54.02799,-27.6668],[-53.91758,-27.69227],[-53.89759,-27.59541],[-54.03703,-27.65498],[-54.02799,-27.6668]]]},"properties":{"cod_ibge":"432023","name":"Sede Nova","uf":"RS"}},
{"type":"Feature","geometry":{"type":"Polygon","coordinates":[[[-53.57064,-27.61724],[-53.40026,-27.62042],[-53.38123,-27.61041],[-53.49259,-27.45035],[-53.55065,-27.39441],[-53.64155,-27.34257],[-53.64821,-27.41942],[-53.57254,-27.48172],[-53.57064,-27.61724]]]},"properties":{"cod_ibge":"430730","name":"Erval Seco","uf":"RS"}},
{"type":"Feature","geometry":{"type":"Polygon","coordinates":[[[-51.77979,-29.29886],[-51.74981,-29.20792],[-51.7579,-29.18518],[-51.88592,-29.17154],[-51.89972,-29.29568],[-51.90876,-29.35207],[-51.83928,-29.34388],[-51.77979,-29.29886]]]},"properties":{"cod_ibge":"431580","name":"Roca Sales","uf":"RS"}},
{"type":"Feature","geometry":{"type":"Polygon","coordinates":[[[-52.82441,-29.32751],[-52.8839,-29.20564],[-52.91722,-29.18563],[-53.0243,-29.33706],[-52.93863,-29.39482],[-52.82441,-29.32751]]]},"properties":{"cod_ibge":"432026","name":"Segredo","uf":"RS"}},
{"type":"Feature","geometry":{"type":"Polygon","coordinates":[[[-54.19884,-27.55903],[-54.07225,-27.57631],[-53.98135,-27.52401],[-54.03751,-27.45216],[-54.2174,-27.38486],[-54.28403,-27.44762],[-54.25738,-27.499],[-54.19884,-27.55903]]]},"properties":{"cod_ibge":"430600","name":"Crissiumal","uf":"RS"}},
{"type":"Feature","geometry":{"type":"Polygon","coordinates":[[[-50.78847,-29.43892],[-50.89032,-29.28795],[-50.9855,-29.32069],[-50.98122,-29.39027],[-50.90745,-29.50031],[-50.78847,-29.43892]]]},"properties":{"cod_ibge":"430910","name":"Gramado","uf":"RS"}},
{"type":"Feature","geometry":{"type":"Polygon","coordinates":[[[-51.62941,-29.02056],[-51.50377,-29.08195],[-51.47711,-29.01874],[-51.46427,-28.92507],[-51.4557,-28.88642],[-51.62084,-28.88642],[-51.69365,-28.93189],[-51.62941,-29.02056]]]},"properties":{"cod_ibge":"432280","name":"Veranópolis","uf":"RS"}},
{"type":"Feature","geometry":{"type":"Polygon","coordinates":[[[-53.24654,-27.49582],[-53.18325,-27.40896],[-53.26177,-27.37395],[-53.28747,-27.39623],[-53.27415,-27.48127],[-53.24654,-27.49582]]]},"properties":{"cod_ibge":"430607","name":"Cristal do Sul","uf":"RS"}},
{"type":"Feature","geometry":{"type":"Polygon","coordinates":[[[-55.16398,-28.42758],[-54.90794,-28.49761],[-54.82085,-28.62039],[-54.72948,-28.58674],[-54.66951,-28.4435],[-54.5867,-28.4817],[-54.53769,-28.40394],[-54.55196,-28.36346],[-54.60146,-28.43622],[-54.78849,-28.36255],[-54.95887,-28.18839],[-55.02407,-28.17566],[-55.0569,-28.32163],[-55.20158,-28.338],[-55.16398,-28.42758]]]},"properties":{"cod_ibge":"431890","name":"São Luiz Gonzaga","uf":"RS"}},
{"type":"Feature","geometry":{"type":"Polygon","coordinates":[[[-52.24523,-30.98413],[-52.14196,-31.00641],[-52.08961,-31.14466],[-51.87831,-31.03825],[-51.78979,-31.12465],[-51.88211,-30.91183],[-52.0996,-30.9091],[-52.24904,-30.88363],[-52.24523,-30.98413]]]},"properties":{"cod_ibge":"430605","name":"Cristal","uf":"RS"}},
{"type":"Feature","geometry":{"type":"Polygon","coordinates":[[[-51.77979,-29.09423],[-51.81406,-29.01465],[-51.91828,-29.02284],[-51.9259,-29.07468],[-51.90781,-29.10742],[-51.77979,-29.09423]]]},"properties":{"cod_ibge":"432285","name":"Vespasiano Corrêa","uf":"RS"}},
{"type":"Feature","geometry":{"type":"Polygon","coordinates":[[[-53.9823,-28.44168],[-53.88141,-28.52308],[-53.77766,-28.43668],[-53.81097,-28.28479],[-53.80193,-28.10244],[-53.8143,-28.0556],[-53.90996,-28.11518],[-53.91662,-28.21431],[-54.06654,-28.34209],[-53.9823,-28.44168]]]},"properties":{"cod_ibge":"431020","name":"Ijuí","uf":"RS"}},
{"type":"Feature","geometry":{"type":"Polygon","coordinates":[[[-51.49377,-28.82366],[-51.667,-28.83503],[-51.62084,-28.88642],[-51.4557,-28.88642],[-51.46284,-28.85595],[-51.49377,-28.82366]]]},"properties":{"cod_ibge":"432330","name":"Vila Flores","uf":"RS"}},
{"type":"Feature","geometry":{"type":"Polygon","coordinates":[[[-53.01668,-27.46171],[-52.8187,-27.50264],[-52.89199,-27.38668],[-53.01668,-27.46171]]]},"properties":{"cod_ibge":"430912","name":"Gramado dos Loureiros","uf":"RS"}},
{"type":"Feature","geometry":{"type":"Polygon","coordinates":[[[-53.81097,-28.28479],[-53.71341,-28.29798],[-53.6406,-28.25751],[-53.62013,-28.14564],[-53.80193,-28.10244],[-53.81097,-28.28479]]]},"properties":{"cod_ibge":"430020","name":"Ajuricaba","uf":"RS"}},
{"type":"Feature","geometry":{"type":"Polygon","coordinates":[[[-55.04881,-27.92282],[-54.93983,-27.9301],[-54.82847,-27.87053],[-54.83132,-27.84142],[-54.85274,-27.78276],[-54.99932,-27.79049],[-55.05167,-27.85234],[-55.04881,-27.92282]]]},"properties":{"cod_ibge":"431500","name":"Porto Lucena","uf":"RS"}},
{"type":"Feature","geometry":{"type":"Polygon","coordinates":[[[-53.90996,-28.11518],[-54.03417,-27.98467],[-54.07796,-28.00649],[-54.13983,-28.01877],[-54.18028,-28.13837],[-54.10699,-28.24159],[-54.14411,-28.33663],[-54.13316,-28.35528],[-54.06654,-28.34209],[-53.91662,-28.21431],[-53.90996,-28.11518]]]},"properties":{"cod_ibge":"430500","name":"Catuípe","uf":"RS"}},
{"type":"Feature","geometry":{"type":"Polygon","coordinates":[[[-54.63192,-27.54584],[-54.72329,-27.56358],[-54.66761,-27.64588],[-54.59337,-27.59814],[-54.63192,-27.54584]]]},"properties":{"cod_ibge":"431505","name":"Porto Mauá","uf":"RS"}},
{"type":"Feature","geometry":{"type":"Polygon","coordinates":[[[-52.1648,-28.07379],[-52.20383,-28.17657],[-52.14386,-28.24296],[-52.08342,-28.1179],[-52.12435,-28.02423],[-52.1648,-28.07379]]]},"properties":{"cod_ibge":"432335","name":"Vila Lângaro","uf":"RS"}},
{"type":"Feature","geometry":{"type":"Polygon","coordinates":[[[-50.37253,-29.8582],[-50.40394,-29.70586],[-50.44915,-29.67948],[-50.68425,-29.67675],[-50.69377,-29.78998],[-50.71804,-29.97916],[-50.65427,-30.04373],[-50.45677,-30.05191],[-50.37253,-29.8582]]]},"properties":{"cod_ibge":"431760","name":"Santo Antônio da Patrulha","uf":"RS"}},
{"type":"Feature","geometry":{"type":"Polygon","coordinates":[[[-52.70972,-29.30569],[-52.53506,-29.32842],[-52.5008,-29.24748],[-52.67403,-29.23293],[-52.70972,-29.30569]]]},"properties":{"cod_ibge":"430915","name":"Gramado Xavier","uf":"RS"}},
{"type":"Feature","geometry":{"type":"Polygon","coordinates":[[[-52.53125,-30.27246],[-52.65737,-30.20925],[-52.68973,-30.34113],[-52.88057,-30.35159],[-52.8839,-30.48437],[-52.9886,-30.67764],[-52.961,-30.85862],[-53.02049,-30.92001],[-52.86582,-30.92229],[-52.74732,-30.89591],[-52.63357,-30.95139],[-52.42703,-30.91501],[-52.45701,-30.79723],[-52.33613,-30.69219],[-52.45273,-30.57623],[-52.34279,-30.35886],[-52.50127,-30.3625],[-52.53125,-30.27246]]]},"properties":{"cod_ibge":"430690","name":"Encruzilhada do Sul","uf":"RS"}},
{"type":"Feature","geometry":{"type":"Polygon","coordinates":[[[-55.02407,-28.17566],[-54.95887,-28.18839],[-54.94411,-28.18248],[-54.92793,-28.05742],[-55.07356,-28.00968],[-55.15827,-28.03469],[-55.27772,-27.93283],[-55.34007,-27.96648],[-55.11163,-28.07652],[-55.02407,-28.17566]]]},"properties":{"cod_ibge":"431630","name":"Roque Gonzales","uf":"RS"}},
{"type":"Feature","geometry":{"type":"Polygon","coordinates":[[[-53.93423,-30.57441],[-54.01799,-30.69355],[-54.14268,-30.76176],[-54.34637,-30.73721],[-54.43917,-30.62307],[-54.6895,-30.62853],[-54.68569,-30.75176],[-54.50294,-30.87818],[-54.34732,-30.89046],[-54.13554,-30.98049],[-53.94185,-30.98095],[-53.88712,-30.91683],[-53.66725,-30.84271],[-53.7986,-30.6308],[-53.7453,-30.51393],[-53.84524,-30.48301],[-53.88712,-30.49711],[-53.93423,-30.57441]]]},"properties":{"cod_ibge":"431150","name":"Lavras do Sul","uf":"RS"}},
{"type":"Feature","geometry":{"type":"Polygon","coordinates":[[[-54.90271,-27.69863],[-54.99932,-27.79049],[-54.85274,-27.78276],[-54.82228,-27.73956],[-54.90271,-27.69863]]]},"properties":{"cod_ibge":"431507","name":"Porto Vera Cruz","uf":"RS"}},
{"type":"Feature","geometry":{"type":"Polygon","coordinates":[[[-54.1284,-28.55491],[-53.97469,-28.64768],[-53.88141,-28.52308],[-53.9823,-28.44168],[-54.12793,-28.49034],[-54.1284,-28.55491]]]},"properties":{"cod_ibge":"430150","name":"Augusto Pestana","uf":"RS"}},
{"type":"Feature","geometry":{"type":"Polygon","coordinates":[[[-52.80014,-27.49627],[-52.76826,-27.58495],[-52.73399,-27.59086],[-52.67022,-27.57949],[-52.66308,-27.53402],[-52.72685,-27.43625],[-52.80014,-27.49627]]]},"properties":{"cod_ibge":"430695","name":"Entre Rios do Sul","uf":"RS"}},
{"type":"Feature","geometry":{"type":"Polygon","coordinates":[[[-51.72649,-29.94687],[-51.62798,-29.94642],[-51.43476,-29.98325],[-51.30484,-29.9496],[-51.26724,-29.93505],[-51.3667,-29.83728],[-51.49234,-29.82318],[-51.64178,-29.63583],[-51.65891,-29.64447],[-51.72411,-29.71586],[-51.7165,-29.86092],[-51.72649,-29.94687]]]},"properties":{"cod_ibge":"432200","name":"Triunfo","uf":"RS"}},
{"type":"Feature","geometry":{"type":"Polygon","coordinates":[[[-53.0143,-29.46394],[-52.93863,-29.39482],[-53.0243,-29.33706],[-53.08331,-29.37208],[-53.09473,-29.46666],[-53.0143,-29.46394]]]},"properties":{"cod_ibge":"432070","name":"Sobradinho","uf":"RS"}},
{"type":"Feature","geometry":{"type":"Polygon","coordinates":[[[-51.83643,-28.67951],[-51.66891,-28.65768],[-51.67033,-28.62858],[-51.7065,-28.60948],[-51.83976,-28.65177],[-51.84832,-28.66359],[-51.83643,-28.67951]]]},"properties":{"cod_ibge":"431280","name":"Nova Araçá","uf":"RS"}},
{"type":"Feature","geometry":{"type":"Polygon","coordinates":[[[-52.91864,-27.60905],[-52.91198,-27.7382],[-52.89485,-27.75093],[-52.86867,-27.67135],[-52.91864,-27.60905]]]},"properties":{"cod_ibge":"430692","name":"Engenho Velho","uf":"RS"}},
{"type":"Feature","geometry":{"type":"Polygon","coordinates":[[[-53.26796,-31.86451],[-52.91817,-31.8877],[-52.82537,-31.85814],[-52.90341,-31.67215],[-52.99098,-31.55938],[-52.9077,-31.317],[-52.93054,-31.06917],[-52.86582,-30.92229],[-53.02049,-30.92001],[-53.16564,-31.02415],[-53.2356,-31.15193],[-53.34125,-31.20468],[-53.38646,-31.31473],[-53.28652,-31.49026],[-53.19848,-31.52209],[-53.33173,-31.70808],[-53.26796,-31.86451]]]},"properties":{"cod_ibge":"431460","name":"Piratini","uf":"RS"}},
{"type":"Feature","geometry":{"type":"Polygon","coordinates":[[[-53.66725,-30.84271],[-53.55731,-30.9423],[-53.4431,-30.96412],[-53.4174,-30.96458],[-53.41359,-30.80496],[-53.21656,-30.76904],[-53.2475,-30.57987],[-53.21371,-30.45072],[-53.1704,-30.37387],[-53.33649,-30.31885],[-53.30318,-30.13877],[-53.61395,-30.37796],[-53.7453,-30.51393],[-53.7986,-30.6308],[-53.66725,-30.84271]]]},"properties":{"cod_ibge":"430280","name":"Caçapava do Sul","uf":"RS"}},
{"type":"Feature","geometry":{"type":"Polygon","coordinates":[[[-54.14411,-28.33663],[-54.36921,-28.34891],[-54.46344,-28.48852],[-54.37826,-28.6595],[-54.27308,-28.48397],[-54.13887,-28.46578],[-54.13316,-28.35528],[-54.14411,-28.33663]]]},"properties":{"cod_ibge":"430693","name":"Entre-Ijuís","uf":"RS"}},
{"type":"Feature","geometry":{"type":"Polygon","coordinates":[[[-51.12637,-29.95415],[-51.12304,-29.86638],[-51.23155,-29.86229],[-51.23393,-29.93823],[-51.12637,-29.95415]]]},"properties":{"cod_ibge":"430460","name":"Canoas","uf":"RS"}},
{"type":"Feature","geometry":{"type":"Polygon","coordinates":[[[-54.09985,-29.46121],[-54.19122,-29.48258],[-54.34209,-29.54943],[-54.47772,-29.64765],[-54.492,-29.74269],[-54.30497,-29.73678],[-54.13221,-29.6863],[-53.99991,-29.56762],[-54.09985,-29.46121]]]},"properties":{"cod_ibge":"431940","name":"São Pedro do Sul","uf":"RS"}},
{"type":"Feature","geometry":{"type":"Polygon","coordinates":[[[-55.37671,-29.614],[-55.13162,-29.69494],[-55.00931,-29.71086],[-54.80039,-29.62309],[-54.83465,-29.50577],[-54.92746,-29.3266],[-55.1321,-29.19837],[-55.31294,-29.20519],[-55.45905,-29.21474],[-55.41003,-29.40255],[-55.32722,-29.52305],[-55.37671,-29.614]]]},"properties":{"cod_ibge":"431810","name":"São Francisco de Assis","uf":"RS"}},
{"type":"Feature","geometry":{"type":"Polygon","coordinates":[[[-52.15529,-27.66908],[-52.04107,-27.64543],[-52.08866,-27.50764],[-52.18574,-27.56812],[-52.15529,-27.66908]]]},"properties":{"cod_ibge":"430870","name":"Gaurama","uf":"RS"}},
{"type":"Feature","geometry":{"type":"Polygon","coordinates":[[[-52.29663,-29.35025],[-52.19193,-29.36071],[-52.16338,-29.32888],[-52.18765,-29.28659],[-52.28949,-29.28795],[-52.29663,-29.35025]]]},"properties":{"cod_ibge":"430461","name":"Canudos do Vale","uf":"RS"}},
{"type":"Feature","geometry":{"type":"Polygon","coordinates":[[[-52.27807,-27.87598],[-52.23667,-27.78458],[-52.32804,-27.74911],[-52.40894,-27.85779],[-52.35041,-27.89826],[-52.27807,-27.87598]]]},"properties":{"cod_ibge":"430697","name":"Erebango","uf":"RS"}},
{"type":"Feature","geometry":{"type":"Polygon","coordinates":[[[-51.49377,-28.82366],[-51.56183,-28.6927],[-51.59609,-28.66905],[-51.67033,-28.62858],[-51.66891,-28.65768],[-51.71412,-28.7841],[-51.71221,-28.83548],[-51.667,-28.83503],[-51.49377,-28.82366]]]},"properties":{"cod_ibge":"431330","name":"Nova Prata","uf":"RS"}},
{"type":"Feature","geometry":{"type":"Polygon","coordinates":[[[-52.04107,-27.64543],[-52.15529,-27.66908],[-52.14862,-27.7341],[-52.09104,-27.79458],[-52.08485,-27.8005],[-52.00109,-27.69454],[-52.04107,-27.64543]]]},"properties":{"cod_ibge":"430155","name":"Áurea","uf":"RS"}},
{"type":"Feature","geometry":{"type":"Polygon","coordinates":[[[-51.42191,-29.05967],[-51.37051,-29.06877],[-51.35719,-29.05831],[-51.34005,-28.96463],[-51.46427,-28.92507],[-51.47711,-29.01874],[-51.42191,-29.05967]]]},"properties":{"cod_ibge":"431335","name":"Nova Roma do Sul","uf":"RS"}},
{"type":"Feature","geometry":{"type":"Polygon","coordinates":[[[-54.78849,-28.36255],[-54.60146,-28.43622],[-54.55196,-28.36346],[-54.57386,-28.29889],[-54.58528,-28.29616],[-54.75994,-28.24751],[-54.78849,-28.36255]]]},"properties":{"cod_ibge":"430330","name":"Caibaté","uf":"RS"}},
{"type":"Feature","geometry":{"type":"Polygon","coordinates":[[[-54.37778,-29.00465],[-54.43441,-28.90324],[-54.56529,-28.83776],[-54.67142,-28.71589],[-54.70806,-28.83685],[-54.81609,-28.86868],[-54.52722,-29.17836],[-54.43299,-29.09014],[-54.37778,-29.00465]]]},"properties":{"cod_ibge":"430465","name":"Capão do Cipó","uf":"RS"}},
{"type":"Feature","geometry":{"type":"Polygon","coordinates":[[[-51.35005,-27.99876],[-51.51043,-28.1702],[-51.3886,-28.29616],[-51.2444,-28.15383],[-51.35005,-27.99876]]]},"properties":{"cod_ibge":"430462","name":"Capão Bonito do Sul","uf":"RS"}},
{"type":"Feature","geometry":{"type":"Polygon","coordinates":[[[-50.0175,-29.77225],[-50.0551,-29.76179],[-50.11602,-29.78817],[-50.06367,-29.86001],[-50.0175,-29.77225]]]},"properties":{"cod_ibge":"432380","name":"Xangri-lá","uf":"RS"}},
{"type":"Feature","geometry":{"type":"Polygon","coordinates":[[[-53.19515,-27.51992],[-53.14422,-27.52265],[-53.13233,-27.44398],[-53.12424,-27.43443],[-53.1428,-27.40578],[-53.18325,-27.40896],[-53.24654,-27.49582],[-53.19515,-27.51992]]]},"properties":{"cod_ibge":"431590","name":"Rodeio Bonito","uf":"RS"}},
{"type":"Feature","geometry":{"type":"Polygon","coordinates":[[[-51.35005,-27.99876],[-51.2444,-28.15383],[-51.08116,-28.23295],[-51.00168,-27.96329],[-51.05689,-27.8869],[-51.24011,-27.97966],[-51.35909,-27.8628],[-51.35005,-27.99876]]]},"properties":{"cod_ibge":"430740","name":"Esmeralda","uf":"RS"}},
{"type":"Feature","geometry":{"type":"Polygon","coordinates":[[[-53.80193,-28.10244],[-53.62013,-28.14564],[-53.58539,-28.03923],[-53.7491,-27.9924],[-53.8143,-28.0556],[-53.80193,-28.10244]]]},"properties":{"cod_ibge":"431333","name":"Nova Ramada","uf":"RS"}},
{"type":"Feature","geometry":{"type":"Polygon","coordinates":[[[-50.0175,-29.77225],[-49.93374,-29.62491],[-50.04891,-29.65356],[-50.0551,-29.76179],[-50.0175,-29.77225]]]},"properties":{"cod_ibge":"430463","name":"Capão da Canoa","uf":"RS"}},
{"type":"Feature","geometry":{"type":"Polygon","coordinates":[[[-53.42073,-28.58992],[-53.46404,-28.55355],[-53.70532,-28.48079],[-53.71722,-28.63767],[-53.79574,-28.80274],[-53.66772,-28.9378],[-53.56826,-28.95417],[-53.58539,-28.79274],[-53.46404,-28.73726],[-53.33078,-28.78592],[-53.26082,-28.72998],[-53.24083,-28.68224],[-53.42073,-28.58992]]]},"properties":{"cod_ibge":"430610","name":"Cruz Alta","uf":"RS"}},
{"type":"Feature","geometry":{"type":"Polygon","coordinates":[[[-51.30722,-29.77589],[-51.27676,-29.65584],[-51.39145,-29.65311],[-51.4281,-29.65311],[-51.36528,-29.78817],[-51.30722,-29.77589]]]},"properties":{"cod_ibge":"430468","name":"Capela de Santana","uf":"RS"}},
{"type":"Feature","geometry":{"type":"Polygon","coordinates":[[[-53.07855,-29.79362],[-52.89961,-29.84592],[-52.92959,-29.71904],[-53.0419,-29.67539],[-53.07855,-29.79362]]]},"properties":{"cod_ibge":"431339","name":"Novo Cabrais","uf":"RS"}},
{"type":"Feature","geometry":{"type":"Polygon","coordinates":[[[-52.03345,-29.32888],[-51.91923,-29.29159],[-51.96445,-29.23793],[-52.03678,-29.26749],[-52.03345,-29.32888]]]},"properties":{"cod_ibge":"430469","name":"Capitão","uf":"RS"}},
{"type":"Feature","geometry":{"type":"Polygon","coordinates":[[[-52.37278,-31.79994],[-52.57932,-31.6817],[-52.73637,-31.74037],[-52.66546,-31.89998],[-52.6626,-31.90089],[-52.41846,-32.01548],[-52.37278,-31.79994]]]},"properties":{"cod_ibge":"430466","name":"Capão do Leão","uf":"RS"}},
{"type":"Feature","geometry":{"type":"Polygon","coordinates":[[[-50.35683,-30.19698],[-50.39442,-30.15787],[-50.36682,-30.07602],[-50.45677,-30.05191],[-50.65427,-30.04373],[-50.62095,-30.19834],[-50.54243,-30.25246],[-50.35683,-30.19698]]]},"properties":{"cod_ibge":"430467","name":"Capivari do Sul","uf":"RS"}},
{"type":"Feature","geometry":{"type":"Polygon","coordinates":[[[-51.3667,-29.83728],[-51.26724,-29.93505],[-51.23393,-29.93823],[-51.23155,-29.86229],[-51.1811,-29.82955],[-51.19252,-29.80363],[-51.30722,-29.77589],[-51.36528,-29.78817],[-51.3667,-29.83728]]]},"properties":{"cod_ibge":"431337","name":"Nova Santa Rita","uf":"RS"}},
{"type":"Feature","geometry":{"type":"Polygon","coordinates":[[[-52.53649,-27.26026],[-52.52174,-27.47536],[-52.51174,-27.48672],[-52.43702,-27.49446],[-52.41941,-27.28255],[-52.43274,-27.21797],[-52.53649,-27.26026]]]},"properties":{"cod_ibge":"431070","name":"Itatiba do Sul","uf":"RS"}},
{"type":"Feature","geometry":{"type":"Polygon","coordinates":[[[-52.10722,-27.34348],[-52.22477,-27.33075],[-52.22905,-27.40805],[-52.19431,-27.40851],[-52.10722,-27.34348]]]},"properties":{"cod_ibge":"431200","name":"Mariano Moro","uf":"RS"}},
{"type":"Feature","geometry":{"type":"Polygon","coordinates":[[[-52.04868,-29.02056],[-51.9259,-29.07468],[-51.91828,-29.02284],[-51.91352,-28.94781],[-52.00966,-28.87687],[-52.07914,-28.87778],[-52.09199,-28.98055],[-52.04868,-29.02056]]]},"properties":{"cod_ibge":"430070","name":"Anta Gorda","uf":"RS"}},
{"type":"Feature","geometry":{"type":"Polygon","coordinates":[[[-55.05167,-27.85234],[-55.20253,-27.85779],[-55.27772,-27.93283],[-55.15827,-28.03469],[-55.07356,-28.00968],[-55.04881,-27.92282],[-55.05167,-27.85234]]]},"properties":{"cod_ibge":"431510","name":"Porto Xavier","uf":"RS"}},
{"type":"Feature","geometry":{"type":"Polygon","coordinates":[[[-52.74018,-27.62633],[-52.57361,-27.6809],[-52.55743,-27.60268],[-52.67022,-27.57949],[-52.73399,-27.59086],[-52.74018,-27.62633]]]},"properties":{"cod_ibge":"430613","name":"Cruzaltense","uf":"RS"}},
{"type":"Feature","geometry":{"type":"Polygon","coordinates":[[[-52.67403,-29.23293],[-52.5008,-29.24748],[-52.43655,-29.21383],[-52.42751,-29.15699],[-52.49508,-29.03421],[-52.6745,-28.97782],[-52.75112,-29.14425],[-52.67403,-29.23293]]]},"properties":{"cod_ibge":"430200","name":"Barros Cassal","uf":"RS"}},
{"type":"Feature","geometry":{"type":"Polygon","coordinates":[[[-51.90876,-29.35207],[-51.94969,-29.41573],[-51.84214,-29.42392],[-51.79835,-29.38981],[-51.83928,-29.34388],[-51.90876,-29.35207]]]},"properties":{"cod_ibge":"430558","name":"Colinas","uf":"RS"}},
{"type":"Feature","geometry":{"type":"Polygon","coordinates":[[[-54.79515,-28.17702],[-54.85655,-28.1611],[-54.94411,-28.18248],[-54.95887,-28.18839],[-54.78849,-28.36255],[-54.75994,-28.24751],[-54.74566,-28.20794],[-54.79515,-28.17702]]]},"properties":{"cod_ibge":"431595","name":"Rolador","uf":"RS"}},
{"type":"Feature","geometry":{"type":"Polygon","coordinates":[[[-54.02513,-27.40032],[-53.91853,-27.32347],[-54.05511,-27.2639],[-54.11127,-27.30256],[-54.02513,-27.40032]]]},"properties":{"cod_ibge":"430745","name":"Esperança do Sul","uf":"RS"}},
{"type":"Feature","geometry":{"type":"Polygon","coordinates":[[[-51.07402,-29.96688],[-50.94933,-29.96642],[-50.82084,-29.99871],[-50.8551,-29.87184],[-50.81227,-29.77361],[-50.9579,-29.78907],[-51.08116,-29.82955],[-51.10067,-29.86865],[-51.07402,-29.96688]]]},"properties":{"cod_ibge":"430920","name":"Gravataí","uf":"RS"}},
{"type":"Feature","geometry":{"type":"Polygon","coordinates":[[[-50.95837,-28.79047],[-50.82845,-28.55355],[-50.72661,-28.59993],[-50.709,-28.36255],[-50.74897,-28.24841],[-50.87509,-28.04151],[-50.97836,-27.94829],[-51.00168,-27.96329],[-51.08116,-28.23295],[-51.03738,-28.3762],[-51.15255,-28.56491],[-51.025,-28.62449],[-50.95837,-28.79047]]]},"properties":{"cod_ibge":"432250","name":"Vacaria","uf":"RS"}},
{"type":"Feature","geometry":{"type":"Polygon","coordinates":[[[-51.7065,-28.60948],[-51.67033,-28.62858],[-51.59609,-28.66905],[-51.59895,-28.53672],[-51.62369,-28.51489],[-51.74029,-28.54854],[-51.7065,-28.60948]]]},"properties":{"cod_ibge":"430925","name":"Guabiju","uf":"RS"}},
{"type":"Feature","geometry":{"type":"Polygon","coordinates":[[[-52.16338,-29.32888],[-52.04012,-29.40073],[-52.03488,-29.40118],[-52.06343,-29.35389],[-52.16623,-29.22656],[-52.24856,-29.19746],[-52.18765,-29.28659],[-52.16338,-29.32888]]]},"properties":{"cod_ibge":"431205","name":"Marques de Souza","uf":"RS"}},
{"type":"Feature","geometry":{"type":"Polygon","coordinates":[[[-53.51829,-29.47121],[-53.58301,-29.57717],[-53.5497,-29.57444],[-53.50734,-29.51714],[-53.51829,-29.47121]]]},"properties":{"cod_ibge":"431075","name":"Ivorá","uf":"RS"}},
{"type":"Feature","geometry":{"type":"Polygon","coordinates":[[[-51.22631,-29.38981],[-51.21251,-29.35844],[-51.26676,-29.29523],[-51.26962,-29.31296],[-51.28009,-29.40482],[-51.22631,-29.38981]]]},"properties":{"cod_ibge":"432254","name":"Vale Real","uf":"RS"}},
{"type":"Feature","geometry":{"type":"Polygon","coordinates":[[[-50.68425,-29.67675],[-50.59002,-29.55306],[-50.68806,-29.48349],[-50.71566,-29.51669],[-50.80656,-29.61764],[-50.92696,-29.67539],[-50.94172,-29.69131],[-50.94695,-29.69312],[-50.9579,-29.78907],[-50.81227,-29.77361],[-50.69377,-29.78998],[-50.68425,-29.67675]]]},"properties":{"cod_ibge":"432120","name":"Taquara","uf":"RS"}},
{"type":"Feature","geometry":{"type":"Polygon","coordinates":[[[-51.91257,-28.48443],[-51.80264,-28.53763],[-51.7974,-28.53217],[-51.78265,-28.47169],[-51.90591,-28.46714],[-51.91257,-28.48443]]]},"properties":{"cod_ibge":"432255","name":"Vanini","uf":"RS"}},
{"type":"Feature","geometry":{"type":"Polygon","coordinates":[[[-52.17813,-29.82682],[-52.10436,-29.94551],[-52.01775,-29.93777],[-52.03726,-29.70358],[-52.12054,-29.72359],[-52.17813,-29.82682]]]},"properties":{"cod_ibge":"432252","name":"Vale Verde","uf":"RS"}},
{"type":"Feature","geometry":{"type":"Polygon","coordinates":[[[-53.64155,-27.34257],[-53.55065,-27.39441],[-53.53209,-27.38759],[-53.5616,-27.24526],[-53.63965,-27.26117],[-53.66249,-27.31574],[-53.64155,-27.34257]]]},"properties":{"cod_ibge":"431380","name":"Palmitinho","uf":"RS"}},
{"type":"Feature","geometry":{"type":"Polygon","coordinates":[[[-52.57361,-27.6809],[-52.74018,-27.62633],[-52.76017,-27.6909],[-52.64547,-27.85279],[-52.56362,-27.68908],[-52.57361,-27.6809]]]},"properties":{"cod_ibge":"430380","name":"Campinas do Sul","uf":"RS"}},
{"type":"Feature","geometry":{"type":"Polygon","coordinates":[[[-51.08497,-30.046],[-51.06307,-30.25973],[-51.04737,-30.3816],[-50.78181,-30.28474],[-50.6733,-30.29657],[-50.62095,-30.19834],[-50.65427,-30.04373],[-50.71804,-29.97916],[-50.82084,-29.99871],[-50.94933,-29.96642],[-51.08497,-30.046]]]},"properties":{"cod_ibge":"432300","name":"Viamão","uf":"RS"}},
{"type":"Feature","geometry":{"type":"Polygon","coordinates":[[[-53.17897,-27.7573],[-53.11234,-27.7582],[-53.07522,-27.67499],[-53.11329,-27.64998],[-53.15517,-27.6618],[-53.19753,-27.73274],[-53.17897,-27.7573]]]},"properties":{"cod_ibge":"431642","name":"Sagrada Família","uf":"RS"}},
{"type":"Feature","geometry":{"type":"Polygon","coordinates":[[[-52.79824,-29.49531],[-52.69211,-29.71313],[-52.59931,-29.73814],[-52.62072,-29.5808],[-52.68021,-29.49986],[-52.77254,-29.44393],[-52.79824,-29.49531]]]},"properties":{"cod_ibge":"432253","name":"Vale do Sol","uf":"RS"}},
{"type":"Feature","geometry":{"type":"Polygon","coordinates":[[[-52.49508,-29.03421],[-52.48747,-28.9087],[-52.29949,-28.8755],[-52.32709,-28.81366],[-52.25713,-28.68042],[-52.24952,-28.66223],[-52.28806,-28.64222],[-52.31424,-28.64813],[-52.34612,-28.70361],[-52.56457,-28.65404],[-52.61501,-28.63676],[-52.72447,-28.73499],[-52.71829,-29.0101],[-52.80443,-29.0433],[-52.7911,-29.11697],[-52.75112,-29.14425],[-52.6745,-28.97782],[-52.49508,-29.03421]]]},"properties":{"cod_ibge":"432080","name":"Soledade","uf":"RS"}},
{"type":"Feature","geometry":{"type":"Polygon","coordinates":[[[-55.31865,-28.20885],[-55.48617,-28.27206],[-55.50711,-28.40303],[-55.67939,-28.49852],[-55.71984,-28.65313],[-55.54994,-28.70725],[-55.3158,-28.65768],[-55.25345,-28.63631],[-55.16398,-28.42758],[-55.20158,-28.338],[-55.31294,-28.30617],[-55.31865,-28.20885]]]},"properties":{"cod_ibge":"431770","name":"Santo Antônio das Missões","uf":"RS"}},
{"type":"Feature","geometry":{"type":"Polygon","coordinates":[[[-53.07902,-28.49261],[-53.00193,-28.36801],[-53.11995,-28.29753],[-53.13756,-28.47988],[-53.07902,-28.49261]]]},"properties":{"cod_ibge":"431643","name":"Saldanha Marinho","uf":"RS"}},
{"type":"Feature","geometry":{"type":"Polygon","coordinates":[[[-50.19359,-28.83958],[-49.95087,-28.89369],[-49.96134,-28.77228],[-49.83999,-28.71316],[-49.70435,-28.62994],[-49.70293,-28.62903],[-49.81619,-28.46896],[-49.97086,-28.44032],[-50.06842,-28.47942],[-50.10079,-28.63858],[-50.21072,-28.82321],[-50.19359,-28.83958]]]},"properties":{"cod_ibge":"431862","name":"São José dos Ausentes","uf":"RS"}},
{"type":"Feature","geometry":{"type":"Polygon","coordinates":[[[-55.67511,-30.27747],[-55.59849,-30.38478],[-55.23156,-30.51848],[-55.07689,-30.44072],[-55.01169,-30.72311],[-54.84845,-30.73493],[-54.72472,-30.59897],[-54.76136,-30.28247],[-54.63049,-30.12331],[-54.70283,-30.02918],[-54.78944,-30.09421],[-55.10116,-30.05373],[-55.31294,-30.08147],[-55.47142,-30.07874],[-55.67558,-30.22654],[-55.67511,-30.27747]]]},"properties":{"cod_ibge":"431640","name":"Rosário do Sul","uf":"RS"}},
{"type":"Feature","geometry":{"type":"Polygon","coordinates":[[[-52.60074,-28.33254],[-52.67355,-28.27024],[-52.77444,-28.37074],[-52.69259,-28.46896],[-52.62596,-28.41076],[-52.60074,-28.33254]]]},"properties":{"cod_ibge":"431775","name":"Santo Antônio do Planalto","uf":"RS"}},
{"type":"Feature","geometry":{"type":"Polygon","coordinates":[[[-51.7165,-29.86092],[-51.81549,-29.86183],[-51.94303,-29.75861],[-52.03726,-29.70358],[-52.01775,-29.93777],[-52.0068,-29.9496],[-51.78217,-29.9596],[-51.72649,-29.94687],[-51.7165,-29.86092]]]},"properties":{"cod_ibge":"430880","name":"General Câmara","uf":"RS"}},
{"type":"Feature","geometry":{"type":"Polygon","coordinates":[[[-51.65891,-29.64447],[-51.76076,-29.64901],[-51.72411,-29.71586],[-51.65891,-29.64447]]]},"properties":{"cod_ibge":"432085","name":"Tabaí","uf":"RS"}},
{"type":"Feature","geometry":{"type":"Polygon","coordinates":[[[-50.84225,-31.19013],[-50.76706,-31.1101],[-50.33446,-30.50074],[-50.68663,-30.50074],[-50.68996,-30.70674],[-50.75373,-30.81906],[-50.91983,-30.90637],[-50.99502,-31.04825],[-51.1792,-31.1342],[-50.84225,-31.19013]]]},"properties":{"cod_ibge":"431250","name":"Mostardas","uf":"RS"}},
{"type":"Feature","geometry":{"type":"Polygon","coordinates":[[[-55.3158,-28.65768],[-55.223,-28.66905],[-54.96077,-28.80865],[-54.81609,-28.86868],[-54.70806,-28.83685],[-54.67142,-28.71589],[-54.72948,-28.58674],[-54.82085,-28.62039],[-54.90794,-28.49761],[-55.16398,-28.42758],[-55.25345,-28.63631],[-55.3158,-28.65768]]]},"properties":{"cod_ibge":"430250","name":"Bossoroca","uf":"RS"}},
{"type":"Feature","geometry":{"type":"Polygon","coordinates":[[[-53.52257,-33.68938],[-53.41406,-33.56069],[-53.30032,-33.66164],[-53.42216,-33.74395],[-53.36981,-33.74395],[-52.77682,-33.2833],[-52.62406,-33.10413],[-52.49508,-32.86721],[-52.42275,-32.62893],[-52.62072,-32.63802],[-52.73018,-32.8472],[-52.83203,-32.91496],[-53.00145,-32.79764],[-53.14708,-32.81901],[-53.17421,-33.00363],[-53.27748,-33.10913],[-53.43215,-33.16188],[-53.46927,-33.25556],[-53.42453,-33.43746],[-53.51115,-33.54387],[-53.52257,-33.68938]]]},"properties":{"cod_ibge":"431730","name":"Santa Vitória do Palmar","uf":"RS"}},
{"type":"Feature","geometry":{"type":"Polygon","coordinates":[[[-50.43297,-29.53715],[-50.59002,-29.55306],[-50.68425,-29.67675],[-50.44915,-29.67948],[-50.43297,-29.53715]]]},"properties":{"cod_ibge":"431600","name":"Rolante","uf":"RS"}},
{"type":"Feature","geometry":{"type":"Polygon","coordinates":[[[-53.97897,-27.77958],[-53.85428,-27.76594],[-53.82144,-27.76366],[-53.91758,-27.69227],[-54.02799,-27.6668],[-54.07082,-27.73547],[-54.06749,-27.74365],[-53.97897,-27.77958]]]},"properties":{"cod_ibge":"431910","name":"São Martinho","uf":"RS"}},
{"type":"Feature","geometry":{"type":"Polygon","coordinates":[[[-54.03703,-27.65498],[-53.89759,-27.59541],[-53.90615,-27.52993],[-53.98135,-27.52401],[-54.07225,-27.57631],[-54.04607,-27.65225],[-54.03703,-27.65498]]]},"properties":{"cod_ibge":"430970","name":"Humaitá","uf":"RS"}},
{"type":"Feature","geometry":{"type":"Polygon","coordinates":[[[-53.65202,-29.89276],[-53.67106,-30.05101],[-53.59253,-30.0983],[-53.25416,-29.95778],[-53.54922,-29.86729],[-53.65202,-29.89276]]]},"properties":{"cod_ibge":"430840","name":"Formigueiro","uf":"RS"}},
{"type":"Feature","geometry":{"type":"Polygon","coordinates":[[[-53.68771,-29.46621],[-53.70151,-29.54943],[-53.62727,-29.60491],[-53.58301,-29.57717],[-53.51829,-29.47121],[-53.43929,-29.33843],[-53.46118,-29.20655],[-53.26653,-29.19064],[-53.2613,-29.14425],[-53.44595,-29.0865],[-53.51115,-29.03693],[-53.56731,-28.96236],[-53.75767,-29.16381],[-53.91996,-29.22065],[-54.02704,-29.40482],[-53.76291,-29.36253],[-53.68771,-29.46621]]]},"properties":{"cod_ibge":"431120","name":"Júlio de Castilhos","uf":"RS"}},
{"type":"Feature","geometry":{"type":"Polygon","coordinates":[[[-53.16802,-29.34161],[-53.08331,-29.37208],[-53.0243,-29.33706],[-52.91722,-29.18563],[-52.99955,-29.1388],[-53.01668,-29.15562],[-53.0638,-29.182],[-53.16802,-29.34161]]]},"properties":{"cod_ibge":"430120","name":"Arroio do Tigre","uf":"RS"}},
{"type":"Feature","geometry":{"type":"Polygon","coordinates":[[[-52.82441,-29.32751],[-52.75398,-29.36435],[-52.70972,-29.30569],[-52.67403,-29.23293],[-52.75112,-29.14425],[-52.7911,-29.11697],[-52.8839,-29.20564],[-52.82441,-29.32751]]]},"properties":{"cod_ibge":"431125","name":"Lagoão","uf":"RS"}},
{"type":"Feature","geometry":{"type":"Polygon","coordinates":[[[-51.96445,-29.23793],[-52.00157,-29.16608],[-52.01822,-29.16744],[-52.11341,-29.23293],[-52.03678,-29.26749],[-51.96445,-29.23793]]]},"properties":{"cod_ibge":"431300","name":"Nova Bréscia","uf":"RS"}},
{"type":"Feature","geometry":{"type":"Polygon","coordinates":[[[-51.19633,-29.61627],[-51.13446,-29.6381],[-51.1297,-29.63856],[-51.1178,-29.55079],[-51.11638,-29.54397],[-51.20537,-29.55716],[-51.19633,-29.61627]]]},"properties":{"cod_ibge":"431080","name":"Ivoti","uf":"RS"}},
{"type":"Feature","geometry":{"type":"Polygon","coordinates":[[[-51.1811,-29.82955],[-51.10115,-29.86865],[-51.10067,-29.86865],[-51.08116,-29.82955],[-51.06831,-29.81136],[-51.19062,-29.77771],[-51.19252,-29.80363],[-51.1811,-29.82955]]]},"properties":{"cod_ibge":"432000","name":"Sapucaia do Sul","uf":"RS"}},
{"type":"Feature","geometry":{"type":"Polygon","coordinates":[[[-53.02905,-29.55306],[-52.97956,-29.5567],[-52.96243,-29.51532],[-53.0143,-29.46394],[-53.09473,-29.46666],[-53.13709,-29.49486],[-53.02905,-29.55306]]]},"properties":{"cod_ibge":"431123","name":"Lagoa Bonita do Sul","uf":"RS"}},
{"type":"Feature","geometry":{"type":"Polygon","coordinates":[[[-53.85618,-29.59217],[-53.68771,-29.46621],[-53.76291,-29.36253],[-54.02704,-29.40482],[-54.09985,-29.46121],[-53.99991,-29.56762],[-53.85618,-29.59217]]]},"properties":{"cod_ibge":"431912","name":"São Martinho da Serra","uf":"RS"}},
{"type":"Feature","geometry":{"type":"Polygon","coordinates":[[[-51.17682,-28.85777],[-51.43809,-28.80593],[-51.46284,-28.85595],[-51.4557,-28.88642],[-51.46427,-28.92507],[-51.34005,-28.96463],[-51.27057,-28.96054],[-51.18538,-28.94235],[-51.16064,-28.87414],[-51.17682,-28.85777]]]},"properties":{"cod_ibge":"430080","name":"Antônio Prado","uf":"RS"}},
{"type":"Feature","geometry":{"type":"Polygon","coordinates":[[[-53.33078,-28.78592],[-53.41549,-28.87687],[-53.39693,-28.96918],[-53.51115,-29.03693],[-53.44595,-29.0865],[-53.40645,-29.00192],[-53.23512,-28.95599],[-53.15136,-29.02466],[-53.129,-28.98737],[-53.12376,-28.84731],[-53.26082,-28.72998],[-53.33078,-28.78592]]]},"properties":{"cod_ibge":"430845","name":"Fortaleza dos Valos","uf":"RS"}},
{"type":"Feature","geometry":{"type":"Polygon","coordinates":[[[-53.70532,-28.48079],[-53.46404,-28.55355],[-53.46023,-28.49125],[-53.48307,-28.39075],[-53.65963,-28.31935],[-53.7591,-28.43713],[-53.70532,-28.48079]]]},"properties":{"cod_ibge":"431430","name":"Pejuçara","uf":"RS"}},
{"type":"Feature","geometry":{"type":"Polygon","coordinates":[[[-53.71341,-28.29798],[-53.81097,-28.28479],[-53.77766,-28.43668],[-53.7591,-28.43713],[-53.65963,-28.31935],[-53.71341,-28.29798]]]},"properties":{"cod_ibge":"430258","name":"Bozano","uf":"RS"}},
{"type":"Feature","geometry":{"type":"Polygon","coordinates":[[[-53.07902,-28.49261],[-53.01763,-28.58902],[-52.92673,-28.58447],[-52.92055,-28.5399],[-52.93958,-28.37983],[-53.00193,-28.36801],[-53.07902,-28.49261]]]},"properties":{"cod_ibge":"430560","name":"Colorado","uf":"RS"}},
{"type":"Feature","geometry":{"type":"Polygon","coordinates":[[[-54.61621,-27.93646],[-54.68522,-27.88917],[-54.83132,-27.84142],[-54.82847,-27.87053],[-54.71758,-28.01013],[-54.61621,-27.93646]]]},"properties":{"cod_ibge":"430430","name":"Cândido Godói","uf":"RS"}},
{"type":"Feature","geometry":{"type":"Polygon","coordinates":[[[-54.83465,-29.50577],[-54.75089,-29.39163],[-54.92746,-29.3266],[-54.83465,-29.50577]]]},"properties":{"cod_ibge":"431303","name":"Nova Esperança do Sul","uf":"RS"}},
{"type":"Feature","geometry":{"type":"Polygon","coordinates":[[[-52.20145,-29.42528],[-52.12768,-29.42437],[-52.04012,-29.40073],[-52.16338,-29.32888],[-52.19193,-29.36071],[-52.20145,-29.42528]]]},"properties":{"cod_ibge":"430843","name":"Forquetinha","uf":"RS"}},
{"type":"Feature","geometry":{"type":"Polygon","coordinates":[[[-54.67142,-28.71589],[-54.56529,-28.83776],[-54.43441,-28.90324],[-54.37778,-29.00465],[-54.33114,-28.93098],[-54.37778,-28.69497],[-54.37826,-28.6595],[-54.46344,-28.48852],[-54.53769,-28.40394],[-54.5867,-28.4817],[-54.66951,-28.4435],[-54.72948,-28.58674],[-54.67142,-28.71589]]]},"properties":{"cod_ibge":"431915","name":"São Miguel das Missões","uf":"RS"}},
{"type":"Feature","geometry":{"type":"Polygon","coordinates":[[[-53.09473,-29.46666],[-53.08331,-29.37208],[-53.16802,-29.34161],[-53.23084,-29.35025],[-53.23845,-29.4121],[-53.26558,-29.44938],[-53.13709,-29.49486],[-53.09473,-29.46666]]]},"properties":{"cod_ibge":"430975","name":"Ibarama","uf":"RS"}},
{"type":"Feature","geometry":{"type":"Polygon","coordinates":[[[-54.14363,-27.62588],[-54.04607,-27.65225],[-54.07225,-27.57631],[-54.19884,-27.55903],[-54.19979,-27.59132],[-54.14363,-27.62588]]]},"properties":{"cod_ibge":"431301","name":"Nova Candelária","uf":"RS"}},
{"type":"Feature","geometry":{"type":"Polygon","coordinates":[[[-53.70151,-29.54943],[-53.85618,-29.59217],[-53.99991,-29.56762],[-54.13221,-29.6863],[-53.9685,-29.79635],[-54.04036,-29.91731],[-53.86903,-29.99416],[-53.78385,-30.00235],[-53.65202,-29.89276],[-53.54922,-29.86729],[-53.54494,-29.70404],[-53.62727,-29.60491],[-53.70151,-29.54943]]]},"properties":{"cod_ibge":"431690","name":"Santa Maria","uf":"RS"}},
{"type":"Feature","geometry":{"type":"Polygon","coordinates":[[[-52.91674,-28.59584],[-52.76302,-28.62676],[-52.76017,-28.54309],[-52.92055,-28.5399],[-52.92673,-28.58447],[-52.91674,-28.59584]]]},"properties":{"cod_ibge":"431127","name":"Lagoa dos Três Cantos","uf":"RS"}},
{"type":"Feature","geometry":{"type":"Polygon","coordinates":[[[-53.31841,-27.60041],[-53.25939,-27.71182],[-53.21989,-27.65271],[-53.20609,-27.59996],[-53.23084,-27.57858],[-53.27605,-27.5181],[-53.31841,-27.60041]]]},"properties":{"cod_ibge":"431085","name":"Jaboticaba","uf":"RS"}},
{"type":"Feature","geometry":{"type":"Polygon","coordinates":[[[-51.53756,-31.1151],[-51.44904,-30.87227],[-51.63036,-30.74494],[-51.63464,-30.74994],[-51.7441,-30.83907],[-51.60038,-30.95321],[-51.53756,-31.1151]]]},"properties":{"cod_ibge":"430085","name":"Arambaré","uf":"RS"}},
{"type":"Feature","geometry":{"type":"Polygon","coordinates":[[[-51.27057,-28.96054],[-51.34005,-28.96463],[-51.35719,-29.05831],[-51.27057,-28.96054]]]},"properties":{"cod_ibge":"431308","name":"Nova Pádua","uf":"RS"}},
{"type":"Feature","geometry":{"type":"Polygon","coordinates":[[[-53.62299,-31.60485],[-53.56112,-31.4075],[-53.65059,-31.33792],[-53.76529,-31.312],[-53.78099,-31.43842],[-53.91425,-31.76037],[-53.90568,-31.80812],[-53.91377,-31.85496],[-53.77052,-31.74719],[-53.77195,-31.65078],[-53.62299,-31.60485]]]},"properties":{"cod_ibge":"430435","name":"Candiota","uf":"RS"}},
{"type":"Feature","geometry":{"type":"Polygon","coordinates":[[[-51.94303,-29.75861],[-51.81549,-29.86183],[-51.7165,-29.86092],[-51.72411,-29.71586],[-51.76076,-29.64901],[-51.79883,-29.614],[-51.87355,-29.64265],[-51.95398,-29.71268],[-51.94303,-29.75861]]]},"properties":{"cod_ibge":"432130","name":"Taquari","uf":"RS"}},
{"type":"Feature","geometry":{"type":"Polygon","coordinates":[[[-52.65737,-30.20925],[-52.64357,-29.99462],[-52.74113,-29.90458],[-52.89961,-29.84592],[-53.07855,-29.79362],[-53.10948,-29.85228],[-53.12566,-29.96824],[-53.30318,-30.13877],[-53.33649,-30.31885],[-53.1704,-30.37387],[-53.21371,-30.45072],[-53.08949,-30.63535],[-52.9886,-30.67764],[-52.8839,-30.48437],[-52.88057,-30.35159],[-52.68973,-30.34113],[-52.65737,-30.20925]]]},"properties":{"cod_ibge":"430300","name":"Cachoeira do Sul","uf":"RS"}},
{"type":"Feature","geometry":{"type":"Polygon","coordinates":[[[-50.90602,-29.63128],[-50.85653,-29.58535],[-50.89984,-29.55034],[-50.94362,-29.54715],[-50.94695,-29.55216],[-50.94743,-29.59536],[-50.90602,-29.63128]]]},"properties":{"cod_ibge":"431306","name":"Nova Hartz","uf":"RS"}},
{"type":"Feature","geometry":{"type":"Polygon","coordinates":[[[-53.26796,-31.86451],[-53.44262,-31.83859],[-53.65345,-31.9882],[-53.72579,-32.09825],[-53.67629,-32.23831],[-53.58254,-32.14781],[-53.30556,-32.21784],[-53.12424,-32.00275],[-53.04619,-31.91544],[-52.91817,-31.8877],[-53.26796,-31.86451]]]},"properties":{"cod_ibge":"430710","name":"Herval","uf":"RS"}},
{"type":"Feature","geometry":{"type":"Polygon","coordinates":[[[-52.09722,-32.16145],[-52.11341,-31.97774],[-52.22334,-31.78902],[-52.37278,-31.79994],[-52.41846,-32.01548],[-52.6231,-32.14554],[-52.6883,-32.3197],[-52.60216,-32.46067],[-52.62072,-32.63802],[-52.42275,-32.62893],[-52.29282,-32.33835],[-52.09722,-32.16145]]]},"properties":{"cod_ibge":"431560","name":"Rio Grande","uf":"RS"}},
{"type":"Feature","geometry":{"type":"Polygon","coordinates":[[[-51.06355,-29.46757],[-50.94362,-29.54715],[-50.89984,-29.55034],[-50.90793,-29.51623],[-50.90745,-29.50031],[-50.98122,-29.39027],[-51.04261,-29.43938],[-51.06355,-29.46757]]]},"properties":{"cod_ibge":"431695","name":"Santa Maria do Herval","uf":"RS"}},
{"type":"Feature","geometry":{"type":"Polygon","coordinates":[[[-52.99955,-29.1388],[-52.85535,-29.04239],[-53.0162,-28.94644],[-53.129,-28.98737],[-53.15136,-29.02466],[-53.01668,-29.15562],[-52.99955,-29.1388]]]},"properties":{"cod_ibge":"431087","name":"Jacuizinho","uf":"RS"}},
{"type":"Feature","geometry":{"type":"Polygon","coordinates":[[[-52.29901,-29.67448],[-52.12054,-29.72359],[-52.03726,-29.70358],[-51.94303,-29.75861],[-51.95398,-29.71268],[-51.96968,-29.63355],[-52.10103,-29.54852],[-52.15576,-29.47712],[-52.21858,-29.4553],[-52.34517,-29.37753],[-52.46225,-29.37344],[-52.43512,-29.37799],[-52.35279,-29.42892],[-52.29901,-29.67448]]]},"properties":{"cod_ibge":"432260","name":"Venâncio Aires","uf":"RS"}},
{"type":"Feature","geometry":{"type":"Polygon","coordinates":[[[-50.90602,-29.63128],[-50.94743,-29.59536],[-50.94172,-29.69131],[-50.92696,-29.67539],[-50.90602,-29.63128]]]},"properties":{"cod_ibge":"430087","name":"Araricá","uf":"RS"}},
{"type":"Feature","geometry":{"type":"Polygon","coordinates":[[[-53.42549,-27.4217],[-53.4607,-27.35121],[-53.53209,-27.38759],[-53.55065,-27.39441],[-53.49259,-27.45035],[-53.42549,-27.4217]]]},"properties":{"cod_ibge":"432132","name":"Taquaruçu do Sul","uf":"RS"}},
{"type":"Feature","geometry":{"type":"Polygon","coordinates":[[[-51.19062,-29.77771],[-51.06831,-29.81136],[-51.17729,-29.67221],[-51.19347,-29.68039],[-51.19062,-29.77771]]]},"properties":{"cod_ibge":"431870","name":"São Leopoldo","uf":"RS"}},
{"type":"Feature","geometry":{"type":"Polygon","coordinates":[[[-53.01763,-28.58902],[-53.07902,-28.49261],[-53.13756,-28.47988],[-53.26273,-28.56764],[-53.42073,-28.58992],[-53.24083,-28.68224],[-53.03048,-28.68997],[-53.01763,-28.58902]]]},"properties":{"cod_ibge":"431000","name":"Ibirubá","uf":"RS"}},
{"type":"Feature","geometry":{"type":"Polygon","coordinates":[[[-54.00038,-30.24745],[-54.16362,-30.1756],[-54.25262,-30.2229],[-54.27118,-30.39706],[-54.13983,-30.52075],[-53.93423,-30.57441],[-53.88712,-30.49711],[-54.00038,-30.24745]]]},"properties":{"cod_ibge":"431697","name":"Santa Margarida do Sul","uf":"RS"}},
{"type":"Feature","geometry":{"type":"Polygon","coordinates":[[[-53.65963,-28.31935],[-53.48307,-28.39075],[-53.46023,-28.49125],[-53.37314,-28.38666],[-53.40074,-28.2425],[-53.6406,-28.25751],[-53.71341,-28.29798],[-53.65963,-28.31935]]]},"properties":{"cod_ibge":"431390","name":"Panambi","uf":"RS"}},
{"type":"Feature","geometry":{"type":"Polygon","coordinates":[[[-50.99645,-29.70631],[-51.05546,-29.61536],[-51.09782,-29.64356],[-50.99645,-29.70631]]]},"properties":{"cod_ibge":"430390","name":"Campo Bom","uf":"RS"}},
{"type":"Feature","geometry":{"type":"Polygon","coordinates":[[[-50.84225,-31.19013],[-51.1792,-31.1342],[-51.1573,-31.28472],[-51.23773,-31.45752],[-51.18586,-31.50436],[-50.84225,-31.19013]]]},"properties":{"cod_ibge":"432135","name":"Tavares","uf":"RS"}},
{"type":"Feature","geometry":{"type":"Polygon","coordinates":[[[-53.48831,-27.19387],[-53.34934,-27.2398],[-53.32745,-27.22116],[-53.32269,-27.20979],[-53.29604,-27.13248],[-53.35553,-27.11111],[-53.48831,-27.19387]]]},"properties":{"cod_ibge":"432310","name":"Vicente Dutra","uf":"RS"}},
{"type":"Feature","geometry":{"type":"Polygon","coordinates":[[[-52.34279,-30.35886],[-52.15862,-30.44254],[-52.16338,-30.32203],[-52.41751,-30.08147],[-52.51983,-30.11831],[-52.53125,-30.27246],[-52.50127,-30.3625],[-52.34279,-30.35886]]]},"properties":{"cod_ibge":"431395","name":"Pantano Grande","uf":"RS"}},
{"type":"Feature","geometry":{"type":"Polygon","coordinates":[[[-52.08342,-28.1179],[-51.98967,-28.12927],[-51.91828,-28.11199],[-51.93446,-27.99967],[-52.08913,-27.97693],[-52.12435,-28.02423],[-52.08342,-28.1179]]]},"properties":{"cod_ibge":"432090","name":"Tapejara","uf":"RS"}},
{"type":"Feature","geometry":{"type":"Polygon","coordinates":[[[-54.92746,-29.3266],[-54.75089,-29.39163],[-54.50199,-29.32751],[-54.36683,-29.18745],[-54.43299,-29.09014],[-54.52722,-29.17836],[-54.81609,-28.86868],[-54.96077,-28.80865],[-55.07308,-28.93189],[-54.98932,-29.05512],[-55.1321,-29.19837],[-54.92746,-29.3266]]]},"properties":{"cod_ibge":"431740","name":"Santiago","uf":"RS"}},
{"type":"Feature","geometry":{"type":"Polygon","coordinates":[[[-52.89485,-27.75093],[-52.77206,-27.91554],[-52.74494,-27.9451],[-52.6093,-27.93692],[-52.5974,-27.88417],[-52.64547,-27.85279],[-52.76017,-27.6909],[-52.86867,-27.67135],[-52.89485,-27.75093]]]},"properties":{"cod_ibge":"431610","name":"Ronda Alta","uf":"RS"}},
{"type":"Feature","geometry":{"type":"Polygon","coordinates":[[[-53.36171,-29.63674],[-53.29414,-29.48576],[-53.38646,-29.48895],[-53.40407,-29.61082],[-53.38456,-29.63173],[-53.36171,-29.63674]]]},"properties":{"cod_ibge":"430670","name":"Dona Francisca","uf":"RS"}},
{"type":"Feature","geometry":{"type":"Polygon","coordinates":[[[-51.96825,-28.27843],[-51.98967,-28.12927],[-52.08342,-28.1179],[-52.14386,-28.24296],[-52.07343,-28.30526],[-52.02013,-28.30253],[-51.96825,-28.27843]]]},"properties":{"cod_ibge":"430005","name":"Água Santa","uf":"RS"}},
{"type":"Feature","geometry":{"type":"Polygon","coordinates":[[[-51.59895,-28.53672],[-51.39621,-28.5399],[-51.32673,-28.33345],[-51.3886,-28.29616],[-51.51043,-28.1702],[-51.35005,-27.99876],[-51.35909,-27.8628],[-51.3786,-27.8487],[-51.45855,-27.92919],[-51.61465,-27.96875],[-51.67652,-27.98285],[-51.63369,-28.04742],[-51.69365,-28.15019],[-51.63559,-28.25205],[-51.50329,-28.40303],[-51.61941,-28.47988],[-51.62369,-28.51489],[-51.59895,-28.53672]]]},"properties":{"cod_ibge":"431130","name":"Lagoa Vermelha","uf":"RS"}},
{"type":"Feature","geometry":{"type":"Polygon","coordinates":[[[-53.30556,-32.21784],[-53.24131,-32.34653],[-53.09996,-32.37746],[-52.96814,-32.49069],[-52.80252,-32.44703],[-52.82108,-32.33426],[-52.73827,-32.19238],[-52.6231,-32.14554],[-52.41846,-32.01548],[-52.6626,-31.90089],[-52.78158,-32.06369],[-53.12424,-32.00275],[-53.30556,-32.21784]]]},"properties":{"cod_ibge":"430130","name":"Arroio Grande","uf":"RS"}},
{"type":"Feature","geometry":{"type":"Polygon","coordinates":[[[-54.45488,-31.65306],[-54.08129,-31.92954],[-53.94756,-31.95455],[-53.91377,-31.85496],[-53.90568,-31.80812],[-53.97992,-31.74901],[-53.95755,-31.49299],[-54.07082,-31.45615],[-54.45488,-31.65306]]]},"properties":{"cod_ibge":"430003","name":"Aceguá","uf":"RS"}},
{"type":"Feature","geometry":{"type":"Polygon","coordinates":[[[-51.71602,-28.36892],[-51.70508,-28.31253],[-51.85737,-28.25251],[-51.83357,-28.3571],[-51.71602,-28.36892]]]},"properties":{"cod_ibge":"431262","name":"Muliterno","uf":"RS"}},
{"type":"Feature","geometry":{"type":"Polygon","coordinates":[[[-52.04583,-29.05785],[-51.993,-29.1438],[-51.89687,-29.14562],[-51.90781,-29.10742],[-51.9259,-29.07468],[-52.04868,-29.02056],[-52.04583,-29.05785]]]},"properties":{"cod_ibge":"430675","name":"Doutor Ricardo","uf":"RS"}},
{"type":"Feature","geometry":{"type":"Polygon","coordinates":[[[-52.09151,-27.93601],[-52.22762,-27.97239],[-52.3347,-27.97648],[-52.52411,-27.94192],[-52.58027,-27.94556],[-52.50698,-28.03605],[-52.38182,-28.08107],[-52.1648,-28.07379],[-52.12435,-28.02423],[-52.08913,-27.97693],[-52.09151,-27.93601]]]},"properties":{"cod_ibge":"432050","name":"Sertão","uf":"RS"}},
{"type":"Feature","geometry":{"type":"Polygon","coordinates":[[[-51.88592,-29.17154],[-51.7579,-29.18518],[-51.73934,-29.13698],[-51.77979,-29.09423],[-51.90781,-29.10742],[-51.89687,-29.14562],[-51.88592,-29.17154]]]},"properties":{"cod_ibge":"431260","name":"Muçum","uf":"RS"}},
{"type":"Feature","geometry":{"type":"Polygon","coordinates":[[[-51.15255,-28.56491],[-51.03738,-28.3762],[-51.08116,-28.23295],[-51.2444,-28.15383],[-51.3886,-28.29616],[-51.32673,-28.33345],[-51.39621,-28.5399],[-51.39859,-28.63858],[-51.25582,-28.58856],[-51.15255,-28.56491]]]},"properties":{"cod_ibge":"431261","name":"Muitos Capões","uf":"RS"}},
{"type":"Feature","geometry":{"type":"Polygon","coordinates":[[[-53.81097,-27.57631],[-53.74482,-27.65589],[-53.73388,-27.6618],[-53.68105,-27.54811],[-53.81145,-27.49855],[-53.81097,-27.57631]]]},"properties":{"cod_ibge":"430260","name":"Braga","uf":"RS"}},
{"type":"Feature","geometry":{"type":"Polygon","coordinates":[[[-52.22334,-31.78902],[-52.01346,-31.59712],[-52.12007,-31.56484],[-52.27759,-31.39067],[-52.42275,-31.33656],[-52.5008,-31.32837],[-52.61216,-31.5039],[-52.57932,-31.6817],[-52.37278,-31.79994],[-52.22334,-31.78902]],[[-52.35564,-31.36748],[-52.34993,-31.50572],[-52.43274,-31.47844],[-52.43607,-31.39567],[-52.35564,-31.36748]]]},"properties":{"cod_ibge":"431440","name":"Pelotas","uf":"RS"}},
{"type":"Feature","geometry":{"type":"Polygon","coordinates":[[[-53.31127,-28.19521],[-53.58539,-28.03923],[-53.62013,-28.14564],[-53.6406,-28.25751],[-53.40074,-28.2425],[-53.31127,-28.19521]]]},"properties":{"cod_ibge":"430570","name":"Condor","uf":"RS"}},
{"type":"Feature","geometry":{"type":"Polygon","coordinates":[[[-54.39872,-27.56994],[-54.25738,-27.499],[-54.28403,-27.44762],[-54.39872,-27.41169],[-54.47439,-27.48127],[-54.42394,-27.54721],[-54.39872,-27.56994]]]},"properties":{"cod_ibge":"430673","name":"Doutor Maurício Cardoso","uf":"RS"}},
{"type":"Feature","geometry":{"type":"Polygon","coordinates":[[[-50.89032,-29.28795],[-50.78847,-29.43892],[-50.68473,-29.40709],[-50.67521,-29.3357],[-50.85939,-29.24748],[-50.89032,-29.28795]]]},"properties":{"cod_ibge":"430440","name":"Canela","uf":"RS"}},
{"type":"Feature","geometry":{"type":"Polygon","coordinates":[[[-55.31865,-28.20885],[-55.31294,-28.30617],[-55.20158,-28.338],[-55.0569,-28.32163],[-55.14637,-28.18702],[-55.37624,-28.03514],[-55.43953,-28.08789],[-55.31865,-28.20885]]]},"properties":{"cod_ibge":"431920","name":"São Nicolau","uf":"RS"}},
{"type":"Feature","geometry":{"type":"Polygon","coordinates":[[[-51.91828,-28.11199],[-51.79074,-28.1943],[-51.69365,-28.15019],[-51.63369,-28.04742],[-51.92923,-27.99058],[-51.93446,-27.99967],[-51.91828,-28.11199]]]},"properties":{"cod_ibge":"430980","name":"Ibiaçá","uf":"RS"}},
{"type":"Feature","geometry":{"type":"Polygon","coordinates":[[[-54.54435,-28.11563],[-54.48724,-28.24614],[-54.40396,-28.13928],[-54.51579,-28.09289],[-54.54435,-28.11563]]]},"properties":{"cod_ibge":"432057","name":"Sete de Setembro","uf":"RS"}},
{"type":"Feature","geometry":{"type":"Polygon","coordinates":[[[-52.39086,-28.56901],[-52.51174,-28.47578],[-52.55219,-28.5299],[-52.54601,-28.54718],[-52.39086,-28.56901]]]},"properties":{"cod_ibge":"431267","name":"Nicolau Vergueiro","uf":"RS"}},
{"type":"Feature","geometry":{"type":"Polygon","coordinates":[[[-53.26177,-27.37395],[-53.25797,-27.33984],[-53.32745,-27.22116],[-53.34934,-27.2398],[-53.48783,-27.29028],[-53.4607,-27.35121],[-53.42549,-27.4217],[-53.28747,-27.39623],[-53.26177,-27.37395]]]},"properties":{"cod_ibge":"430850","name":"Frederico Westphalen","uf":"RS"}},
{"type":"Feature","geometry":{"type":"Polygon","coordinates":[[[-51.3015,-30.05373],[-51.27247,-30.03873],[-51.30484,-29.9496],[-51.43476,-29.98325],[-51.62036,-30.06101],[-51.68176,-30.18333],[-51.58277,-30.21289],[-51.43952,-30.09466],[-51.3015,-30.05373]]]},"properties":{"cod_ibge":"430676","name":"Eldorado do Sul","uf":"RS"}},
{"type":"Feature","geometry":{"type":"Polygon","coordinates":[[[-52.92055,-28.5399],[-52.76017,-28.54309],[-52.69259,-28.46896],[-52.77444,-28.37074],[-52.93958,-28.37983],[-52.92055,-28.5399]]]},"properties":{"cod_ibge":"431265","name":"Não-Me-Toque","uf":"RS"}},
{"type":"Feature","geometry":{"type":"Polygon","coordinates":[[[-51.66272,-29.5899],[-51.57563,-29.61309],[-51.588,-29.47667],[-51.6018,-29.47576],[-51.66938,-29.48076],[-51.6908,-29.50077],[-51.66272,-29.5899]]]},"properties":{"cod_ibge":"430265","name":"Brochier","uf":"RS"}},
{"type":"Feature","geometry":{"type":"Polygon","coordinates":[[[-51.53613,-30.41252],[-51.6808,-30.38388],[-51.75885,-30.50484],[-51.65748,-30.51848],[-51.52471,-30.50984],[-51.53613,-30.41252]]]},"properties":{"cod_ibge":"432055","name":"Sertão Santana","uf":"RS"}},
{"type":"Feature","geometry":{"type":"Polygon","coordinates":[[[-53.43929,-29.33843],[-53.51829,-29.47121],[-53.50734,-29.51714],[-53.38646,-29.48895],[-53.29414,-29.48576],[-53.26558,-29.44938],[-53.23845,-29.4121],[-53.3127,-29.43756],[-53.43929,-29.33843]]]},"properties":{"cod_ibge":"431310","name":"Nova Palma","uf":"RS"}},
{"type":"Feature","geometry":{"type":"Polygon","coordinates":[[[-53.23084,-27.57858],[-53.19515,-27.51992],[-53.24654,-27.49582],[-53.27415,-27.48127],[-53.27605,-27.5181],[-53.23084,-27.57858]]]},"properties":{"cod_ibge":"431445","name":"Pinhal","uf":"RS"}},
{"type":"Feature","geometry":{"type":"Polygon","coordinates":[[[-51.04261,-29.43938],[-51.1692,-29.43938],[-51.17777,-29.49395],[-51.11257,-29.51077],[-51.06355,-29.46757],[-51.04261,-29.43938]]]},"properties":{"cod_ibge":"431442","name":"Picada Café","uf":"RS"}},
{"type":"Feature","geometry":{"type":"Polygon","coordinates":[[[-54.19979,-27.59132],[-54.28498,-27.67544],[-54.42109,-27.70227],[-54.36921,-27.83506],[-54.33305,-27.82141],[-54.16029,-27.79777],[-54.12555,-27.76866],[-54.16886,-27.69136],[-54.14363,-27.62588],[-54.19979,-27.59132]]]},"properties":{"cod_ibge":"432180","name":"Três de Maio","uf":"RS"}},
{"type":"Feature","geometry":{"type":"Polygon","coordinates":[[[-52.86867,-27.67135],[-52.76017,-27.6909],[-52.74018,-27.62633],[-52.73399,-27.59086],[-52.76826,-27.58495],[-52.9629,-27.58131],[-52.94625,-27.58813],[-52.91864,-27.60905],[-52.86867,-27.67135]]]},"properties":{"cod_ibge":"432185","name":"Três Palmeiras","uf":"RS"}},
{"type":"Feature","geometry":{"type":"Polygon","coordinates":[[[-51.71221,-28.83548],[-51.71412,-28.7841],[-51.83357,-28.77819],[-51.79121,-28.88414],[-51.71221,-28.83548]]]},"properties":{"cod_ibge":"432360","name":"Vista Alegre do Prata","uf":"RS"}},
{"type":"Feature","geometry":{"type":"Polygon","coordinates":[[[-52.59265,-27.46763],[-52.52174,-27.47536],[-52.53649,-27.26026],[-52.54458,-27.24071],[-52.69163,-27.28437],[-52.68497,-27.29573],[-52.61834,-27.43216],[-52.59265,-27.46763]]]},"properties":{"cod_ibge":"430720","name":"Erval Grande","uf":"RS"}},
{"type":"Feature","geometry":{"type":"Polygon","coordinates":[[[-52.10436,-29.94551],[-52.17813,-29.82682],[-52.31424,-29.83546],[-52.47795,-29.87548],[-52.58122,-29.79362],[-52.70353,-29.79271],[-52.74113,-29.90458],[-52.64357,-29.99462],[-52.65737,-30.20925],[-52.53125,-30.27246],[-52.51983,-30.11831],[-52.41751,-30.08147],[-52.16338,-30.32203],[-52.15862,-30.19152],[-52.10436,-29.94551]]]},"properties":{"cod_ibge":"431570","name":"Rio Pardo","uf":"RS"}},
{"type":"Feature","geometry":{"type":"Polygon","coordinates":[[[-53.91758,-27.69227],[-53.82144,-27.76366],[-53.78004,-27.75457],[-53.74482,-27.65589],[-53.81097,-27.57631],[-53.89759,-27.59541],[-53.91758,-27.69227]]]},"properties":{"cod_ibge":"430400","name":"Campo Novo","uf":"RS"}},
{"type":"Feature","geometry":{"type":"Polygon","coordinates":[[[-53.70675,-27.19842],[-53.63965,-27.26117],[-53.5616,-27.24526],[-53.55398,-27.23753],[-53.59967,-27.18932],[-53.71769,-27.1825],[-53.70675,-27.19842]]]},"properties":{"cod_ibge":"431449","name":"Pinheirinho do Vale","uf":"RS"}},
{"type":"Feature","geometry":{"type":"Polygon","coordinates":[[[-50.00418,-29.53669],[-50.03226,-29.42255],[-50.02988,-29.34252],[-50.03416,-29.3498],[-50.04082,-29.35525],[-50.08413,-29.34934],[-50.18264,-29.39072],[-50.07509,-29.54533],[-50.00418,-29.53669]]]},"properties":{"cod_ibge":"432183","name":"Três Forquilhas","uf":"RS"}},
{"type":"Feature","geometry":{"type":"Polygon","coordinates":[[[-51.05356,-27.86871],[-51.27343,-27.73547],[-51.30864,-27.71955],[-51.3786,-27.8487],[-51.35909,-27.8628],[-51.24011,-27.97966],[-51.05689,-27.8869],[-51.05356,-27.86871]]]},"properties":{"cod_ibge":"431446","name":"Pinhal da Serra","uf":"RS"}},
{"type":"Feature","geometry":{"type":"Polygon","coordinates":[[[-53.23845,-29.4121],[-53.23084,-29.35025],[-53.26653,-29.19064],[-53.46118,-29.20655],[-53.43929,-29.33843],[-53.3127,-29.43756],[-53.23845,-29.4121]]]},"properties":{"cod_ibge":"431447","name":"Pinhal Grande","uf":"RS"}},
{"type":"Feature","geometry":{"type":"Polygon","coordinates":[[[-52.01013,-31.50072],[-51.91923,-31.31064],[-51.81168,-31.28563],[-51.78979,-31.12465],[-51.87831,-31.03825],[-52.08961,-31.14466],[-52.14196,-31.00641],[-52.24523,-30.98413],[-52.28902,-31.08872],[-52.4751,-31.24515],[-52.42275,-31.33656],[-52.27759,-31.39067],[-52.18146,-31.38294],[-52.01013,-31.50072]]]},"properties":{"cod_ibge":"431880","name":"São Lourenço do Sul","uf":"RS"}},
{"type":"Feature","geometry":{"type":"Polygon","coordinates":[[[-50.80656,-29.61764],[-50.85653,-29.58535],[-50.90602,-29.63128],[-50.92696,-29.67539],[-50.80656,-29.61764]]]},"properties":{"cod_ibge":"431405","name":"Parobé","uf":"RS"}},
{"type":"Feature","geometry":{"type":"Polygon","coordinates":[[[-53.85618,-29.59217],[-53.70151,-29.54943],[-53.68771,-29.46621],[-53.85618,-29.59217]]]},"properties":{"cod_ibge":"431053","name":"Itaara","uf":"RS"}},
{"type":"Feature","geometry":{"type":"Polygon","coordinates":[[[-51.12637,-29.95415],[-51.08639,-29.97097],[-51.07402,-29.96688],[-51.10067,-29.86865],[-51.10115,-29.86865],[-51.12304,-29.86638],[-51.12637,-29.95415]]]},"properties":{"cod_ibge":"430310","name":"Cachoeirinha","uf":"RS"}},
{"type":"Feature","geometry":{"type":"Polygon","coordinates":[[[-53.15945,-27.28255],[-52.95101,-27.30847],[-52.93387,-27.31256],[-52.97147,-27.21797],[-52.99241,-27.13976],[-53.01763,-27.09292],[-53.07665,-27.10793],[-53.18753,-27.19205],[-53.15945,-27.28255]]]},"properties":{"cod_ibge":"430050","name":"Alpestre","uf":"RS"}},
{"type":"Feature","geometry":{"type":"Polygon","coordinates":[[[-53.32745,-27.22116],[-53.25797,-27.33984],[-53.20229,-27.31165],[-53.15945,-27.28255],[-53.18753,-27.19205],[-53.32269,-27.20979],[-53.32745,-27.22116]]]},"properties":{"cod_ibge":"431050","name":"Iraí","uf":"RS"}},
{"type":"Feature","geometry":{"type":"Polygon","coordinates":[[[-51.92923,-27.99058],[-51.93827,-27.88462],[-52.08247,-27.90645],[-52.09151,-27.93601],[-52.08913,-27.97693],[-51.93446,-27.99967],[-51.92923,-27.99058]]]},"properties":{"cod_ibge":"430537","name":"Charrua","uf":"RS"}},
{"type":"Feature","geometry":{"type":"Polygon","coordinates":[[[-53.05808,-29.56944],[-53.18706,-29.63173],[-53.17468,-29.76952],[-53.10948,-29.85228],[-53.07855,-29.79362],[-53.0419,-29.67539],[-53.05808,-29.56944]]]},"properties":{"cod_ibge":"431402","name":"Paraíso do Sul","uf":"RS"}},
{"type":"Feature","geometry":{"type":"Polygon","coordinates":[[[-51.39145,-29.65311],[-51.38669,-29.58353],[-51.46189,-29.56898],[-51.46712,-29.62128],[-51.4281,-29.65311],[-51.39145,-29.65311]]]},"properties":{"cod_ibge":"431403","name":"Pareci Novo","uf":"RS"}},
{"type":"Feature","geometry":{"type":"Polygon","coordinates":[[[-54.51579,-28.09289],[-54.40396,-28.13928],[-54.18028,-28.13837],[-54.13983,-28.01877],[-54.33305,-27.82141],[-54.36921,-27.83506],[-54.47439,-27.9833],[-54.51579,-28.09289]]]},"properties":{"cod_ibge":"430900","name":"Giruá","uf":"RS"}},
{"type":"Feature","geometry":{"type":"Polygon","coordinates":[[[-50.44915,-29.67948],[-50.40394,-29.70586],[-50.31542,-29.67857],[-50.34778,-29.4944],[-50.43297,-29.53715],[-50.44915,-29.67948]]]},"properties":{"cod_ibge":"431575","name":"Riozinho","uf":"RS"}},
{"type":"Feature","geometry":{"type":"Polygon","coordinates":[[[-51.43476,-29.98325],[-51.62798,-29.94642],[-51.68176,-30.01053],[-51.62036,-30.06101],[-51.43476,-29.98325]]]},"properties":{"cod_ibge":"430535","name":"Charqueadas","uf":"RS"}},
{"type":"Feature","geometry":{"type":"Polygon","coordinates":[[[-54.44298,-27.70682],[-54.56672,-27.63088],[-54.59337,-27.59814],[-54.66761,-27.64588],[-54.66999,-27.6859],[-54.59384,-27.79322],[-54.44298,-27.70682]]]},"properties":{"cod_ibge":"432230","name":"Tuparendi","uf":"RS"}},
{"type":"Feature","geometry":{"type":"Polygon","coordinates":[[[-52.06343,-28.80956],[-52.07866,-28.74135],[-52.25713,-28.68042],[-52.32709,-28.81366],[-52.06343,-28.80956]]]},"properties":{"cod_ibge":"431057","name":"Itapuca","uf":"RS"}},
{"type":"Feature","geometry":{"type":"Polygon","coordinates":[[[-51.28009,-29.40482],[-51.26962,-29.31296],[-51.35243,-29.33297],[-51.35052,-29.35207],[-51.33244,-29.40937],[-51.33006,-29.4271],[-51.28009,-29.40482]]]},"properties":{"cod_ibge":"430057","name":"Alto Feliz","uf":"RS"}},
{"type":"Feature","geometry":{"type":"Polygon","coordinates":[[[-52.79824,-29.49531],[-52.77254,-29.44393],[-52.75779,-29.40482],[-52.75398,-29.36435],[-52.82441,-29.32751],[-52.93863,-29.39482],[-53.0143,-29.46394],[-52.96243,-29.51532],[-52.79824,-29.49531]]]},"properties":{"cod_ibge":"431406","name":"Passa Sete","uf":"RS"}},
{"type":"Feature","geometry":{"type":"Polygon","coordinates":[[[-52.12054,-29.72359],[-52.29901,-29.67448],[-52.31424,-29.83546],[-52.17813,-29.82682],[-52.12054,-29.72359]]]},"properties":{"cod_ibge":"431407","name":"Passo do Sobrado","uf":"RS"}},
{"type":"Feature","geometry":{"type":"Polygon","coordinates":[[[-53.06094,-28.82957],[-52.96433,-28.87004],[-52.95338,-28.73908],[-53.03429,-28.76364],[-53.06094,-28.82957]]]},"properties":{"cod_ibge":"430055","name":"Alto Alegre","uf":"RS"}},
{"type":"Feature","geometry":{"type":"Polygon","coordinates":[[[-50.69377,-29.78998],[-50.81227,-29.77361],[-50.8551,-29.87184],[-50.82084,-29.99871],[-50.71804,-29.97916],[-50.69377,-29.78998]]]},"properties":{"cod_ibge":"430905","name":"Glorinha","uf":"RS"}},
{"type":"Feature","geometry":{"type":"Polygon","coordinates":[[[-54.96077,-28.80865],[-55.223,-28.66905],[-55.3158,-28.65768],[-55.54994,-28.70725],[-55.32008,-28.95372],[-55.2268,-28.98509],[-55.07308,-28.93189],[-54.96077,-28.80865]]]},"properties":{"cod_ibge":"431055","name":"Itacurubi","uf":"RS"}},
{"type":"Feature","geometry":{"type":"Polygon","coordinates":[[[-51.62798,-29.94642],[-51.72649,-29.94687],[-51.78217,-29.9596],[-51.84737,-29.97006],[-51.85927,-30.17515],[-51.98491,-30.24882],[-52.03726,-30.39752],[-52.15862,-30.44254],[-51.98205,-30.57578],[-51.97254,-30.63808],[-51.90496,-30.57669],[-51.92352,-30.40616],[-51.84547,-30.2852],[-51.80311,-30.09239],[-51.68176,-30.01053],[-51.62798,-29.94642]]]},"properties":{"cod_ibge":"431840","name":"São Jerônimo","uf":"RS"}},
{"type":"Feature","geometry":{"type":"Polygon","coordinates":[[[-54.69664,-28.06743],[-54.5848,-28.0938],[-54.59527,-27.94374],[-54.61621,-27.93646],[-54.71758,-28.01013],[-54.73804,-28.05879],[-54.69664,-28.06743]]]},"properties":{"cod_ibge":"432234","name":"Ubiretama","uf":"RS"}},
{"type":"Feature","geometry":{"type":"Polygon","coordinates":[[[-52.76921,-28.64768],[-52.76302,-28.62676],[-52.91674,-28.59584],[-52.92578,-28.72998],[-52.76921,-28.64768]]]},"properties":{"cod_ibge":"432100","name":"Tapera","uf":"RS"}},
{"type":"Feature","geometry":{"type":"Polygon","coordinates":[[[-51.5623,-27.63179],[-51.46331,-27.89326],[-51.45855,-27.92919],[-51.3786,-27.8487],[-51.30864,-27.71955],[-51.45713,-27.60769],[-51.54755,-27.55903],[-51.57848,-27.57676],[-51.5623,-27.63179]]]},"properties":{"cod_ibge":"430180","name":"Barracão","uf":"RS"}},
{"type":"Feature","geometry":{"type":"Polygon","coordinates":[[[-52.06248,-28.47397],[-52.08295,-28.34482],[-52.21382,-28.35301],[-52.44369,-28.40394],[-52.51174,-28.47578],[-52.39086,-28.56901],[-52.31424,-28.64813],[-52.28806,-28.64222],[-52.23524,-28.54854],[-52.08866,-28.49579],[-52.06248,-28.47397]]]},"properties":{"cod_ibge":"431180","name":"Marau","uf":"RS"}},
{"type":"Feature","geometry":{"type":"Polygon","coordinates":[[[-52.07866,-28.74135],[-52.06343,-28.80956],[-52.0168,-28.84185],[-51.95873,-28.76136],[-51.98586,-28.70679],[-52.08152,-28.7118],[-52.07866,-28.74135]]]},"properties":{"cod_ibge":"432235","name":"União da Serra","uf":"RS"}},
{"type":"Feature","geometry":{"type":"Polygon","coordinates":[[[-52.27759,-31.39067],[-52.12007,-31.56484],[-52.01346,-31.59712],[-52.01013,-31.50072],[-52.18146,-31.38294],[-52.27759,-31.39067]]]},"properties":{"cod_ibge":"432232","name":"Turuçu","uf":"RS"}},
{"type":"Feature","geometry":{"type":"Polygon","coordinates":[[[-53.89759,-27.89508],[-53.85428,-27.76594],[-53.97897,-27.77958],[-53.96612,-27.82414],[-53.95327,-27.85143],[-53.89759,-27.89508]]]},"properties":{"cod_ibge":"431973","name":"São Valério do Sul","uf":"RS"}},
{"type":"Feature","geometry":{"type":"Polygon","coordinates":[[[-53.70675,-27.19842],[-53.71769,-27.1825],[-53.81954,-27.17568],[-53.77004,-27.26208],[-53.76338,-27.27891],[-53.70675,-27.19842]]]},"properties":{"cod_ibge":"430185","name":"Barra do Guarita","uf":"RS"}},
{"type":"Feature","geometry":{"type":"Polygon","coordinates":[[[-49.95087,-28.89369],[-50.19359,-28.83958],[-50.3573,-29.11697],[-50.28687,-29.29568],[-50.14457,-29.27022],[-49.95754,-29.06831],[-49.95563,-28.94871],[-49.95087,-28.89369]]]},"properties":{"cod_ibge":"430360","name":"Cambará do Sul","uf":"RS"}},
{"type":"Feature","geometry":{"type":"Polygon","coordinates":[[[-51.70079,-27.68999],[-51.75457,-27.6668],[-51.89211,-27.67908],[-51.88116,-27.7191],[-51.75171,-27.7814],[-51.70079,-27.68999]]]},"properties":{"cod_ibge":"431360","name":"Paim Filho","uf":"RS"}},
{"type":"Feature","geometry":{"type":"Polygon","coordinates":[[[-51.61941,-28.47988],[-51.76028,-28.44941],[-51.78265,-28.47169],[-51.7974,-28.53217],[-51.74029,-28.54854],[-51.62369,-28.51489],[-51.61941,-28.47988]]]},"properties":{"cod_ibge":"431844","name":"São Jorge","uf":"RS"}},
{"type":"Feature","geometry":{"type":"Polygon","coordinates":[[[-52.19431,-27.40851],[-52.06724,-27.48036],[-52.02965,-27.43579],[-52.04916,-27.34621],[-52.10722,-27.34348],[-52.19431,-27.40851]]]},"properties":{"cod_ibge":"432060","name":"Severiano de Almeida","uf":"RS"}},
{"type":"Feature","geometry":{"type":"Polygon","coordinates":[[[-54.36921,-28.34891],[-54.14411,-28.33663],[-54.10699,-28.24159],[-54.18028,-28.13837],[-54.40396,-28.13928],[-54.48724,-28.24614],[-54.5334,-28.27661],[-54.36921,-28.34891]]]},"properties":{"cod_ibge":"431750","name":"Santo Ângelo","uf":"RS"}},
{"type":"Feature","geometry":{"type":"Polygon","coordinates":[[[-51.77979,-29.09423],[-51.73934,-29.13698],[-51.71412,-29.09059],[-51.7598,-28.99646],[-51.81406,-29.01465],[-51.77979,-29.09423]]]},"properties":{"cod_ibge":"431971","name":"São Valentim do Sul","uf":"RS"}},
{"type":"Feature","geometry":{"type":"Polygon","coordinates":[[[-53.26082,-28.72998],[-53.12376,-28.84731],[-53.06094,-28.82957],[-53.03429,-28.76364],[-53.03048,-28.68997],[-53.24083,-28.68224],[-53.26082,-28.72998]]]},"properties":{"cod_ibge":"431535","name":"Quinze de Novembro","uf":"RS"}},
{"type":"Feature","geometry":{"type":"Polygon","coordinates":[[[-53.20276,-27.80368],[-53.11377,-27.83642],[-53.06903,-27.81368],[-53.05618,-27.79731],[-53.11234,-27.7582],[-53.17897,-27.7573],[-53.20276,-27.80368]]]},"properties":{"cod_ibge":"431845","name":"São José das Missões","uf":"RS"}},
{"type":"Feature","geometry":{"type":"Polygon","coordinates":[[[-51.89972,-29.29568],[-51.88592,-29.17154],[-51.89687,-29.14562],[-51.993,-29.1438],[-52.00157,-29.16608],[-51.96445,-29.23793],[-51.91923,-29.29159],[-51.89972,-29.29568]]]},"properties":{"cod_ibge":"430680","name":"Encantado","uf":"RS"}},
{"type":"Feature","geometry":{"type":"Polygon","coordinates":[[[-52.06629,-28.61448],[-51.99443,-28.67269],[-51.84832,-28.66359],[-51.83976,-28.65177],[-51.85356,-28.59038],[-51.91638,-28.51035],[-52.09009,-28.53581],[-52.09294,-28.61585],[-52.06629,-28.61448]]]},"properties":{"cod_ibge":"430490","name":"Casca","uf":"RS"}},
{"type":"Feature","geometry":{"type":"Polygon","coordinates":[[[-51.27247,-30.03873],[-51.22679,-30.18788],[-51.06307,-30.25973],[-51.08497,-30.046],[-51.08639,-29.97097],[-51.12637,-29.95415],[-51.23393,-29.93823],[-51.26724,-29.93505],[-51.30484,-29.9496],[-51.27247,-30.03873]]]},"properties":{"cod_ibge":"431490","name":"Porto Alegre","uf":"RS"}},
{"type":"Feature","geometry":{"type":"Polygon","coordinates":[[[-51.9397,-27.79095],[-51.76409,-27.84551],[-51.75171,-27.7814],[-51.88116,-27.7191],[-51.92495,-27.75093],[-51.9397,-27.79095]]]},"properties":{"cod_ibge":"431842","name":"São João da Urtiga","uf":"RS"}},
{"type":"Feature","geometry":{"type":"Polygon","coordinates":[[[-51.76028,-28.44941],[-51.61941,-28.47988],[-51.50329,-28.40303],[-51.63559,-28.25205],[-51.70508,-28.31253],[-51.71602,-28.36892],[-51.76028,-28.44941]]]},"properties":{"cod_ibge":"430990","name":"Ibiraiaras","uf":"RS"}},
{"type":"Feature","geometry":{"type":"Polygon","coordinates":[[[-53.40407,-29.61082],[-53.47736,-29.61218],[-53.52971,-29.69585],[-53.38456,-29.63173],[-53.40407,-29.61082]]]},"properties":{"cod_ibge":"431843","name":"São João do Polêsine","uf":"RS"}},
{"type":"Feature","geometry":{"type":"Polygon","coordinates":[[[-51.35052,-29.35207],[-51.39811,-29.35161],[-51.40002,-29.4171],[-51.33244,-29.40937],[-51.35052,-29.35207]]]},"properties":{"cod_ibge":"431975","name":"São Vendelino","uf":"RS"}},
{"type":"Feature","geometry":{"type":"Polygon","coordinates":[[[-55.07308,-28.93189],[-55.2268,-28.98509],[-55.32008,-28.95372],[-55.29295,-28.99146],[-55.31294,-29.20519],[-55.1321,-29.19837],[-54.98932,-29.05512],[-55.07308,-28.93189]]]},"properties":{"cod_ibge":"432237","name":"Unistalda","uf":"RS"}},
{"type":"Feature","geometry":{"type":"Polygon","coordinates":[[[-51.17777,-29.49395],[-51.26534,-29.50304],[-51.30293,-29.52305],[-51.27961,-29.58399],[-51.24487,-29.58353],[-51.22393,-29.54715],[-51.17777,-29.49395]]]},"properties":{"cod_ibge":"431848","name":"São José do Hortêncio","uf":"RS"}},
{"type":"Feature","geometry":{"type":"Polygon","coordinates":[[[-54.16886,-27.69136],[-54.12555,-27.76866],[-54.06749,-27.74365],[-54.07082,-27.73547],[-54.16886,-27.69136]]]},"properties":{"cod_ibge":"431849","name":"São José do Inhacorá","uf":"RS"}},
{"type":"Feature","geometry":{"type":"Polygon","coordinates":[[[-57.32794,-29.97188],[-57.5678,-30.25246],[-57.2042,-30.2852],[-57.11521,-30.11376],[-57.32794,-29.97188]]]},"properties":{"cod_ibge":"430187","name":"Barra do Quaraí","uf":"RS"}},
{"type":"Feature","geometry":{"type":"Polygon","coordinates":[[[-53.62727,-29.60491],[-53.54494,-29.70404],[-53.52971,-29.69585],[-53.47736,-29.61218],[-53.5497,-29.57444],[-53.58301,-29.57717],[-53.62727,-29.60491]]]},"properties":{"cod_ibge":"432065","name":"Silveira Martins","uf":"RS"}},
{"type":"Feature","geometry":{"type":"Polygon","coordinates":[[[-52.2262,-29.03784],[-52.29044,-29.1297],[-52.21239,-29.09469],[-52.2262,-29.03784]]]},"properties":{"cod_ibge":"431846","name":"São José do Herval","uf":"RS"}},
{"type":"Feature","geometry":{"type":"Polygon","coordinates":[[[-51.16064,-28.87414],[-51.12447,-28.87687],[-50.96266,-28.79456],[-50.95837,-28.79047],[-51.025,-28.62449],[-51.15255,-28.56491],[-51.25582,-28.58856],[-51.17682,-28.85777],[-51.16064,-28.87414]]]},"properties":{"cod_ibge":"430367","name":"Campestre da Serra","uf":"RS"}},
{"type":"Feature","geometry":{"type":"Polygon","coordinates":[[[-51.70508,-28.31253],[-51.63559,-28.25205],[-51.69365,-28.15019],[-51.79074,-28.1943],[-51.91352,-28.24114],[-51.85737,-28.25251],[-51.70508,-28.31253]]]},"properties":{"cod_ibge":"430495","name":"Caseiros","uf":"RS"}},
{"type":"Feature","geometry":{"type":"Polygon","coordinates":[[[-53.98135,-27.52401],[-53.90615,-27.52993],[-53.82715,-27.489],[-53.82573,-27.43898],[-53.90568,-27.33302],[-53.91853,-27.32347],[-54.02513,-27.40032],[-54.03751,-27.45216],[-53.98135,-27.52401]]]},"properties":{"cod_ibge":"432190","name":"Três Passos","uf":"RS"}},
{"type":"Feature","geometry":{"type":"Polygon","coordinates":[[[-50.33446,-30.50074],[-50.25213,-30.30475],[-50.35683,-30.19698],[-50.54243,-30.25246],[-50.57432,-30.48164],[-50.68663,-30.50074],[-50.33446,-30.50074]]]},"properties":{"cod_ibge":"431365","name":"Palmares do Sul","uf":"RS"}},
{"type":"Feature","geometry":{"type":"Polygon","coordinates":[[[-50.6043,-28.81002],[-50.43916,-28.78819],[-50.21072,-28.82321],[-50.10079,-28.63858],[-50.06842,-28.47942],[-50.24261,-28.43213],[-50.42488,-28.43349],[-50.66521,-28.338],[-50.69567,-28.26979],[-50.74897,-28.24841],[-50.709,-28.36255],[-50.72661,-28.59993],[-50.70519,-28.79501],[-50.6043,-28.81002]]]},"properties":{"cod_ibge":"430230","name":"Bom Jesus","uf":"RS"}},
{"type":"Feature","geometry":{"type":"Polygon","coordinates":[[[-53.40026,-27.62042],[-53.57064,-27.61724],[-53.57968,-27.6809],[-53.56064,-27.74365],[-53.3917,-27.6909],[-53.40026,-27.62042]]]},"properties":{"cod_ibge":"430642","name":"Dois Irmãos das Missões","uf":"RS"}},
{"type":"Feature","geometry":{"type":"Polygon","coordinates":[[[-53.68105,-27.54811],[-53.70009,-27.44671],[-53.82573,-27.43898],[-53.82715,-27.489],[-53.81145,-27.49855],[-53.68105,-27.54811]]]},"properties":{"cod_ibge":"431230","name":"Miraguaí","uf":"RS"}},
{"type":"Feature","geometry":{"type":"Polygon","coordinates":[[[-56.28998,-30.53212],[-55.98968,-30.85999],[-56.01872,-31.0437],[-55.87071,-31.07144],[-55.57945,-30.83998],[-55.37148,-31.02324],[-55.25012,-31.20605],[-55.03596,-31.28381],[-55.11544,-31.01096],[-55.01169,-30.72311],[-55.07689,-30.44072],[-55.23156,-30.51848],[-55.59849,-30.38478],[-55.67511,-30.27747],[-55.70081,-30.4007],[-56.06583,-30.43708],[-56.28998,-30.53212]]]},"properties":{"cod_ibge":"431710","name":"Sant'Ana do Livramento","uf":"RS"}},
{"type":"Feature","geometry":{"type":"Polygon","coordinates":[[[-51.1297,-29.63856],[-51.09782,-29.64356],[-51.05546,-29.61536],[-51.04642,-29.5608],[-51.1178,-29.55079],[-51.1297,-29.63856]]]},"properties":{"cod_ibge":"430640","name":"Dois Irmãos","uf":"RS"}},
{"type":"Feature","geometry":{"type":"Polygon","coordinates":[[[-52.75779,-29.40482],[-52.68021,-29.49986],[-52.62072,-29.5808],[-52.56409,-29.58399],[-52.43893,-29.54033],[-52.43512,-29.37799],[-52.46225,-29.37344],[-52.53506,-29.32842],[-52.70972,-29.30569],[-52.75398,-29.36435],[-52.75779,-29.40482]]]},"properties":{"cod_ibge":"432067","name":"Sinimbu","uf":"RS"}},
{"type":"Feature","geometry":{"type":"Polygon","coordinates":[[[-54.6343,-28.20749],[-54.58528,-28.29616],[-54.57386,-28.29889],[-54.5334,-28.27661],[-54.48724,-28.24614],[-54.54435,-28.11563],[-54.5848,-28.0938],[-54.69664,-28.06743],[-54.6343,-28.20749]]]},"properties":{"cod_ibge":"430950","name":"Guarani das Missões","uf":"RS"}},
{"type":"Feature","geometry":{"type":"Polygon","coordinates":[[[-51.11209,-29.03284],[-51.18538,-28.94235],[-51.27057,-28.96054],[-51.35719,-29.05831],[-51.37051,-29.06877],[-51.29341,-29.11333],[-51.11209,-29.03284]]]},"properties":{"cod_ibge":"430820","name":"Flores da Cunha","uf":"RS"}},
{"type":"Feature","geometry":{"type":"Polygon","coordinates":[[[-51.94969,-29.41573],[-51.90876,-29.35207],[-51.89972,-29.29568],[-51.91923,-29.29159],[-52.03345,-29.32888],[-52.06343,-29.35389],[-52.03488,-29.40118],[-51.95588,-29.42164],[-51.94969,-29.41573]]]},"properties":{"cod_ibge":"430100","name":"Arroio do Meio","uf":"RS"}},
{"type":"Feature","geometry":{"type":"Polygon","coordinates":[[[-53.67629,-32.23831],[-53.64393,-32.38473],[-53.2889,-32.6212],[-53.08378,-32.65667],[-52.96814,-32.49069],[-53.09996,-32.37746],[-53.24131,-32.34653],[-53.30556,-32.21784],[-53.58254,-32.14781],[-53.67629,-32.23831]]]},"properties":{"cod_ibge":"431100","name":"Jaguarão","uf":"RS"}},
{"type":"Feature","geometry":{"type":"Polygon","coordinates":[[[-51.33244,-29.40937],[-51.40002,-29.4171],[-51.40335,-29.43347],[-51.39621,-29.52533],[-51.37479,-29.55125],[-51.33482,-29.52396],[-51.33006,-29.4271],[-51.33244,-29.40937]]]},"properties":{"cod_ibge":"430235","name":"Bom Princípio","uf":"RS"}},
{"type":"Feature","geometry":{"type":"Polygon","coordinates":[[[-52.10008,-28.66905],[-52.08152,-28.7118],[-51.98586,-28.70679],[-52.06629,-28.61448],[-52.09294,-28.61585],[-52.10008,-28.66905]]]},"properties":{"cod_ibge":"431235","name":"Montauri","uf":"RS"}},
{"type":"Feature","geometry":{"type":"Polygon","coordinates":[[[-49.92232,-29.60718],[-49.80334,-29.44347],[-49.8357,-29.42437],[-49.98609,-29.60127],[-49.92232,-29.60718]]]},"properties":{"cod_ibge":"430105","name":"Arroio do Sal","uf":"RS"}},
{"type":"Feature","geometry":{"type":"Polygon","coordinates":[[[-51.95017,-27.82687],[-52.08485,-27.8005],[-52.09104,-27.79458],[-52.08247,-27.90645],[-51.93827,-27.88462],[-51.95017,-27.82687]]]},"properties":{"cod_ibge":"430825","name":"Floriano Peixoto","uf":"RS"}},
{"type":"Feature","geometry":{"type":"Polygon","coordinates":[[[-51.81406,-29.01465],[-51.7598,-28.99646],[-51.78074,-28.93735],[-51.78122,-28.93644],[-51.91352,-28.94781],[-51.91828,-29.02284],[-51.81406,-29.01465]]]},"properties":{"cod_ibge":"430645","name":"Dois Lajeados","uf":"RS"}},
{"type":"Feature","geometry":{"type":"Polygon","coordinates":[[[-51.08497,-30.046],[-50.94933,-29.96642],[-51.07402,-29.96688],[-51.08639,-29.97097],[-51.08497,-30.046]]]},"properties":{"cod_ibge":"430060","name":"Alvorada","uf":"RS"}},
{"type":"Feature","geometry":{"type":"Polygon","coordinates":[[[-56.66024,-29.42346],[-56.59742,-29.39345],[-56.29141,-29.4171],[-56.18195,-29.32206],[-55.99825,-29.33524],[-55.84977,-29.41164],[-55.60705,-29.22201],[-55.48046,-29.19837],[-55.53234,-29.07195],[-55.91259,-29.15653],[-56.17101,-29.16062],[-56.26857,-29.09514],[-56.08154,-28.85686],[-56.23192,-28.93735],[-56.3233,-28.92461],[-56.43038,-29.07968],[-56.58885,-29.1197],[-56.69974,-29.35662],[-56.78017,-29.41983],[-56.66024,-29.42346]]]},"properties":{"cod_ibge":"431060","name":"Itaqui","uf":"RS"}},
{"type":"Feature","geometry":{"type":"Polygon","coordinates":[[[-52.9629,-27.58131],[-52.76826,-27.58495],[-52.80014,-27.49627],[-52.8187,-27.50264],[-53.01668,-27.46171],[-53.03524,-27.45398],[-52.9629,-27.58131]]]},"properties":{"cod_ibge":"432195","name":"Trindade do Sul","uf":"RS"}},
{"type":"Feature","geometry":{"type":"Polygon","coordinates":[[[-53.76338,-27.27891],[-53.66249,-27.31574],[-53.63965,-27.26117],[-53.70675,-27.19842],[-53.76338,-27.27891]]]},"properties":{"cod_ibge":"432370","name":"Vista Gaúcha","uf":"RS"}},
{"type":"Feature","geometry":{"type":"Polygon","coordinates":[[[-51.66557,-29.18791],[-51.68176,-29.08877],[-51.69556,-29.09741],[-51.66557,-29.18791]]]},"properties":{"cod_ibge":"431238","name":"Monte Belo do Sul","uf":"RS"}},
{"type":"Feature","geometry":{"type":"Polygon","coordinates":[[[-54.03417,-27.98467],[-53.90996,-28.11518],[-53.8143,-28.0556],[-53.7491,-27.9924],[-53.89759,-27.89508],[-53.95327,-27.85143],[-54.03417,-27.98467]]]},"properties":{"cod_ibge":"430540","name":"Chiapetta","uf":"RS"}},
{"type":"Feature","geometry":{"type":"Polygon","coordinates":[[[-52.34232,-27.66089],[-52.44749,-27.66271],[-52.48271,-27.71955],[-52.46558,-27.73729],[-52.3328,-27.75047],[-52.34232,-27.66089]]]},"properties":{"cod_ibge":"431413","name":"Paulo Bento","uf":"RS"}},
{"type":"Feature","geometry":{"type":"Polygon","coordinates":[[[-52.68021,-29.49986],[-52.75779,-29.40482],[-52.77254,-29.44393],[-52.68021,-29.49986]]]},"properties":{"cod_ibge":"430957","name":"Herveiras","uf":"RS"}},
{"type":"Feature","geometry":{"type":"Polygon","coordinates":[[[-53.0162,-28.94644],[-52.96433,-28.87004],[-53.06094,-28.82957],[-53.12376,-28.84731],[-53.129,-28.98737],[-53.0162,-28.94644]]]},"properties":{"cod_ibge":"430410","name":"Campos Borges","uf":"RS"}},
{"type":"Feature","geometry":{"type":"Polygon","coordinates":[[[-52.21382,-28.35301],[-52.27712,-28.22841],[-52.48937,-28.12018],[-52.63167,-28.1702],[-52.67355,-28.27024],[-52.60074,-28.33254],[-52.44369,-28.40394],[-52.21382,-28.35301]]]},"properties":{"cod_ibge":"431410","name":"Passo Fundo","uf":"RS"}},
{"type":"Feature","geometry":{"type":"Polygon","coordinates":[[[-50.22405,-30.23608],[-50.17027,-30.09693],[-50.34873,-30.05328],[-50.36682,-30.07602],[-50.39442,-30.15787],[-50.22405,-30.23608]]]},"properties":{"cod_ibge":"430545","name":"Cidreira","uf":"RS"}},
{"type":"Feature","geometry":{"type":"Polygon","coordinates":[[[-54.36921,-28.34891],[-54.5334,-28.27661],[-54.57386,-28.29889],[-54.55196,-28.36346],[-54.53769,-28.40394],[-54.46344,-28.48852],[-54.36921,-28.34891]]]},"properties":{"cod_ibge":"432375","name":"Vitória das Missões","uf":"RS"}},
{"type":"Feature","geometry":{"type":"Polygon","coordinates":[[[-53.81097,-27.57631],[-53.81145,-27.49855],[-53.82715,-27.489],[-53.90615,-27.52993],[-53.89759,-27.59541],[-53.81097,-27.57631]]]},"properties":{"cod_ibge":"430237","name":"Bom Progresso","uf":"RS"}},
{"type":"Feature","geometry":{"type":"Polygon","coordinates":[[[-51.46189,-29.56898],[-51.38669,-29.58353],[-51.37479,-29.55125],[-51.39621,-29.52533],[-51.45332,-29.50168],[-51.46189,-29.56898]]]},"properties":{"cod_ibge":"430955","name":"Harmonia","uf":"RS"}},
{"type":"Feature","geometry":{"type":"Polygon","coordinates":[[[-50.70519,-28.79501],[-50.72661,-28.59993],[-50.82845,-28.55355],[-50.95837,-28.79047],[-50.96266,-28.79456],[-50.84987,-28.83276],[-50.70519,-28.79501]]]},"properties":{"cod_ibge":"431237","name":"Monte Alegre dos Campos","uf":"RS"}},
{"type":"Feature","geometry":{"type":"Polygon","coordinates":[[[-53.1428,-27.40578],[-53.20229,-27.31165],[-53.25797,-27.33984],[-53.26177,-27.37395],[-53.18325,-27.40896],[-53.1428,-27.40578]]]},"properties":{"cod_ibge":"430064","name":"Ametista do Sul","uf":"RS"}},
{"type":"Feature","geometry":{"type":"Polygon","coordinates":[[[-53.25559,-28.16429],[-53.31127,-28.19521],[-53.40074,-28.2425],[-53.37314,-28.38666],[-53.46023,-28.49125],[-53.46404,-28.55355],[-53.42073,-28.58992],[-53.26273,-28.56764],[-53.13756,-28.47988],[-53.11995,-28.29753],[-53.12233,-28.25524],[-53.25559,-28.16429]]]},"properties":{"cod_ibge":"431670","name":"Santa Bárbara do Sul","uf":"RS"}},
{"type":"Feature","geometry":{"type":"Polygon","coordinates":[[[-53.52257,-33.68938],[-53.42216,-33.74395],[-53.30032,-33.66164],[-53.41406,-33.56069],[-53.52257,-33.68938]]]},"properties":{"cod_ibge":"430543","name":"Chuí","uf":"RS"}},
{"type":"Feature","geometry":{"type":"Polygon","coordinates":[[[-52.35564,-31.36748],[-52.43607,-31.39567],[-52.43274,-31.47844],[-52.34993,-31.50572],[-52.35564,-31.36748]]]},"properties":{"cod_ibge":"430107","name":"Arroio do Padre","uf":"RS"}},
{"type":"Feature","geometry":{"type":"Polygon","coordinates":[[[-53.62299,-31.60485],[-53.77195,-31.65078],[-53.77052,-31.74719],[-53.91377,-31.85496],[-53.94756,-31.95455],[-53.72579,-32.09825],[-53.65345,-31.9882],[-53.44262,-31.83859],[-53.51781,-31.6526],[-53.62299,-31.60485]]]},"properties":{"cod_ibge":"431417","name":"Pedras Altas","uf":"RS"}},
{"type":"Feature","geometry":{"type":"Polygon","coordinates":[[[-52.09818,-30.84043],[-51.93589,-30.84771],[-51.9792,-30.66036],[-52.09818,-30.84043]]]},"properties":{"cod_ibge":"430544","name":"Chuvisca","uf":"RS"}},
{"type":"Feature","geometry":{"type":"Polygon","coordinates":[[[-50.16789,-29.53533],[-50.15171,-29.60036],[-50.07509,-29.54533],[-50.18264,-29.39072],[-50.08413,-29.34934],[-50.24879,-29.34525],[-50.16789,-29.53533]]]},"properties":{"cod_ibge":"431065","name":"Itati","uf":"RS"}},
{"type":"Feature","geometry":{"type":"Polygon","coordinates":[[[-52.42703,-30.91501],[-52.24904,-30.88363],[-52.0996,-30.9091],[-52.12007,-30.88409],[-52.18955,-30.76404],[-52.33613,-30.69219],[-52.45701,-30.79723],[-52.42703,-30.91501]]]},"properties":{"cod_ibge":"430063","name":"Amaral Ferrador","uf":"RS"}},
{"type":"Feature","geometry":{"type":"Polygon","coordinates":[[[-51.66272,-29.5899],[-51.6908,-29.50077],[-51.81691,-29.52942],[-51.79883,-29.614],[-51.76076,-29.64901],[-51.65891,-29.64447],[-51.64178,-29.63583],[-51.66272,-29.5899]]]},"properties":{"cod_ibge":"431415","name":"Paverama","uf":"RS"}},
{"type":"Feature","geometry":{"type":"Polygon","coordinates":[[[-51.44904,-30.87227],[-51.38098,-30.64353],[-51.30246,-30.63444],[-51.26534,-30.47983],[-51.49139,-30.50256],[-51.63036,-30.74494],[-51.44904,-30.87227]]]},"properties":{"cod_ibge":"432110","name":"Tapes","uf":"RS"}},
{"type":"Feature","geometry":{"type":"Polygon","coordinates":[[[-51.26534,-30.47983],[-51.20727,-30.34067],[-51.32816,-30.22654],[-51.51566,-30.27292],[-51.53613,-30.41252],[-51.52471,-30.50984],[-51.49139,-30.50256],[-51.26534,-30.47983]]]},"properties":{"cod_ibge":"430190","name":"Barra do Ribeiro","uf":"RS"}},
{"type":"Feature","geometry":{"type":"Polygon","coordinates":[[[-52.02965,-27.43579],[-51.89211,-27.57904],[-51.83833,-27.5231],[-51.85832,-27.4749],[-51.98348,-27.37486],[-52.04916,-27.34621],[-52.02965,-27.43579]]]},"properties":{"cod_ibge":"431190","name":"Marcelino Ramos","uf":"RS"}},
{"type":"Feature","geometry":{"type":"Polygon","coordinates":[[[-51.78265,-29.38799],[-51.69127,-29.41437],[-51.72839,-29.36253],[-51.78265,-29.38799]]]},"properties":{"cod_ibge":"432377","name":"Westfália","uf":"RS"}},
{"type":"Feature","geometry":{"type":"Polygon","coordinates":[[[-53.73388,-27.6618],[-53.57968,-27.6809],[-53.57064,-27.61724],[-53.57254,-27.48172],[-53.64821,-27.41942],[-53.70009,-27.44671],[-53.68105,-27.54811],[-53.73388,-27.6618]]]},"properties":{"cod_ibge":"431540","name":"Redentora","uf":"RS"}},
{"type":"Feature","geometry":{"type":"Polygon","coordinates":[[[-52.04773,-29.46939],[-52.12768,-29.42437],[-52.20145,-29.42528],[-52.21858,-29.4553],[-52.15576,-29.47712],[-52.14244,-29.48394],[-52.04773,-29.46939]]]},"properties":{"cod_ibge":"431675","name":"Santa Clara do Sul","uf":"RS"}},
{"type":"Feature","geometry":{"type":"Polygon","coordinates":[[[-51.39621,-28.5399],[-51.59895,-28.53672],[-51.59609,-28.66905],[-51.56183,-28.6927],[-51.44523,-28.6736],[-51.39859,-28.63858],[-51.39621,-28.5399]]]},"properties":{"cod_ibge":"430066","name":"André da Rocha","uf":"RS"}},
{"type":"Feature","geometry":{"type":"Polygon","coordinates":[[[-57.32794,-29.97188],[-57.11521,-30.11376],[-56.8506,-30.08875],[-56.65834,-30.20107],[-56.32044,-30.12013],[-56.15007,-30.0551],[-56.37232,-29.80999],[-56.3785,-29.58944],[-56.46988,-29.4703],[-56.66024,-29.42346],[-56.78017,-29.41983],[-56.97101,-29.64356],[-57.13187,-29.76998],[-57.23561,-29.78089],[-57.32794,-29.97188]]]},"properties":{"cod_ibge":"432240","name":"Uruguaiana","uf":"RS"}},
{"type":"Feature","geometry":{"type":"Polygon","coordinates":[[[-51.993,-29.1438],[-52.04583,-29.05785],[-52.15148,-29.08787],[-52.01822,-29.16744],[-52.00157,-29.16608],[-51.993,-29.1438]]]},"properties":{"cod_ibge":"431545","name":"Relvado","uf":"RS"}},
{"type":"Feature","geometry":{"type":"Polygon","coordinates":[[[-51.91828,-28.11199],[-51.98967,-28.12927],[-51.96825,-28.27843],[-51.91352,-28.24114],[-51.79074,-28.1943],[-51.91828,-28.11199]]]},"properties":{"cod_ibge":"431673","name":"Santa Cecília do Sul","uf":"RS"}},
{"type":"Feature","geometry":{"type":"Polygon","coordinates":[[[-54.492,-29.74269],[-54.47772,-29.64765],[-54.56957,-29.53078],[-54.80039,-29.62309],[-55.00931,-29.71086],[-55.13162,-29.69494],[-55.12163,-29.76679],[-54.95791,-29.77771],[-54.83227,-29.85592],[-54.60003,-29.82136],[-54.492,-29.74269]]]},"properties":{"cod_ibge":"431980","name":"São Vicente do Sul","uf":"RS"}},
{"type":"Feature","geometry":{"type":"Polygon","coordinates":[[[-52.43702,-27.49446],[-52.36373,-27.50082],[-52.398,-27.29255],[-52.41941,-27.28255],[-52.43702,-27.49446]]]},"properties":{"cod_ibge":"430192","name":"Barra do Rio Azul","uf":"RS"}},
{"type":"Feature","geometry":{"type":"Polygon","coordinates":[[[-52.08295,-32.16009],[-51.92066,-31.98774],[-51.50234,-31.74309],[-51.18586,-31.50436],[-51.23773,-31.45752],[-51.4281,-31.49208],[-51.65891,-31.76674],[-51.92304,-31.8636],[-52.07866,-31.8686],[-52.08295,-32.16009]]]},"properties":{"cod_ibge":"431850","name":"São José do Norte","uf":"RS"}},
{"type":"Feature","geometry":{"type":"Polygon","coordinates":[[[-51.6808,-30.38388],[-51.53613,-30.41252],[-51.51566,-30.27292],[-51.58277,-30.21289],[-51.68176,-30.18333],[-51.67795,-30.28883],[-51.6808,-30.38388]]]},"properties":{"cod_ibge":"431198","name":"Mariana Pimentel","uf":"RS"}},
{"type":"Feature","geometry":{"type":"Polygon","coordinates":[[[-53.04904,-27.88189],[-53.05761,-27.94147],[-53.03239,-27.96193],[-52.97623,-27.95329],[-53.04904,-27.88189]]]},"properties":{"cod_ibge":"430195","name":"Barra Funda","uf":"RS"}},
{"type":"Feature","geometry":{"type":"Polygon","coordinates":[[[-54.87035,-28.01468],[-54.808,-28.04651],[-54.73804,-28.05879],[-54.71758,-28.01013],[-54.82847,-27.87053],[-54.93983,-27.9301],[-54.87035,-28.01468]]]},"properties":{"cod_ibge":"430370","name":"Campina das Missões","uf":"RS"}},
{"type":"Feature","geometry":{"type":"Polygon","coordinates":[[[-53.19277,-27.99376],[-53.11377,-27.83642],[-53.20276,-27.80368],[-53.29223,-27.75457],[-53.3917,-27.6909],[-53.56064,-27.74365],[-53.5121,-27.81732],[-53.62394,-27.94556],[-53.58539,-28.03923],[-53.31127,-28.19521],[-53.25559,-28.16429],[-53.19277,-27.99376]]]},"properties":{"cod_ibge":"431370","name":"Palmeira das Missões","uf":"RS"}},
{"type":"Feature","geometry":{"type":"Polygon","coordinates":[[[-51.8726,-29.54397],[-51.84214,-29.42392],[-51.94969,-29.41573],[-51.95588,-29.42164],[-51.9692,-29.49668],[-51.9516,-29.609],[-51.88259,-29.56034],[-51.8726,-29.54397]]]},"properties":{"cod_ibge":"430780","name":"Estrela","uf":"RS"}},
{"type":"Feature","geometry":{"type":"Polygon","coordinates":[[[-54.47439,-27.9833],[-54.36921,-27.83506],[-54.42109,-27.70227],[-54.44298,-27.70682],[-54.59384,-27.79322],[-54.68522,-27.88917],[-54.61621,-27.93646],[-54.59527,-27.94374],[-54.47439,-27.9833]]]},"properties":{"cod_ibge":"431720","name":"Santa Rosa","uf":"RS"}},
{"type":"Feature","geometry":{"type":"Polygon","coordinates":[[[-51.97254,-30.63808],[-51.98205,-30.57578],[-52.15862,-30.44254],[-52.34279,-30.35886],[-52.45273,-30.57623],[-52.33613,-30.69219],[-52.18955,-30.76404],[-52.12007,-30.88409],[-52.09818,-30.84043],[-51.9792,-30.66036],[-51.97254,-30.63808]]]},"properties":{"cod_ibge":"430650","name":"Dom Feliciano","uf":"RS"}},
{"type":"Feature","geometry":{"type":"Polygon","coordinates":[[[-54.1284,-28.55491],[-54.12793,-28.49034],[-54.13887,-28.46578],[-54.27308,-28.48397],[-54.37826,-28.6595],[-54.37778,-28.69497],[-54.19598,-28.66041],[-54.1284,-28.55491]]]},"properties":{"cod_ibge":"430783","name":"Eugênio de Castro","uf":"RS"}},
{"type":"Feature","geometry":{"type":"Polygon","coordinates":[[[-51.68176,-30.01053],[-51.80311,-30.09239],[-51.84547,-30.2852],[-51.67795,-30.28883],[-51.68176,-30.18333],[-51.62036,-30.06101],[-51.68176,-30.01053]]]},"properties":{"cod_ibge":"430110","name":"Arroio dos Ratos","uf":"RS"}},
{"type":"Feature","geometry":{"type":"Polygon","coordinates":[[[-54.50199,-29.32751],[-54.75089,-29.39163],[-54.83465,-29.50577],[-54.80039,-29.62309],[-54.56957,-29.53078],[-54.51008,-29.44393],[-54.39491,-29.45211],[-54.39444,-29.45211],[-54.50199,-29.32751]]]},"properties":{"cod_ibge":"431110","name":"Jaguari","uf":"RS"}},
{"type":"Feature","geometry":{"type":"Polygon","coordinates":[[[-54.5848,-28.0938],[-54.54435,-28.11563],[-54.51579,-28.09289],[-54.47439,-27.9833],[-54.59527,-27.94374],[-54.5848,-28.0938]]]},"properties":{"cod_ibge":"432032","name":"Senador Salgado Filho","uf":"RS"}},
{"type":"Feature","geometry":{"type":"Polygon","coordinates":[[[-52.6607,-28.61175],[-52.72828,-28.68542],[-52.72447,-28.73499],[-52.61501,-28.63676],[-52.6607,-28.61175]]]},"properties":{"cod_ibge":"431242","name":"Mormaço","uf":"RS"}},
{"type":"Feature","geometry":{"type":"Polygon","coordinates":[[[-53.16802,-29.34161],[-53.0638,-29.182],[-53.2613,-29.14425],[-53.26653,-29.19064],[-53.23084,-29.35025],[-53.16802,-29.34161]]]},"properties":{"cod_ibge":"430781","name":"Estrela Velha","uf":"RS"}},
{"type":"Feature","geometry":{"type":"Polygon","coordinates":[[[-52.92578,-28.72998],[-52.91674,-28.59584],[-52.92673,-28.58447],[-53.01763,-28.58902],[-53.03048,-28.68997],[-53.03429,-28.76364],[-52.95338,-28.73908],[-52.92578,-28.72998]]]},"properties":{"cod_ibge":"432030","name":"Selbach","uf":"RS"}},
{"type":"Feature","geometry":{"type":"Polygon","coordinates":[[[-49.8357,-29.42437],[-49.88853,-29.31251],[-49.89091,-29.37208],[-49.8357,-29.42437]]]},"properties":{"cod_ibge":"430655","name":"Dom Pedro de Alcântara","uf":"RS"}},
{"type":"Feature","geometry":{"type":"Polygon","coordinates":[[[-51.9516,-29.609],[-51.96968,-29.63355],[-51.95398,-29.71268],[-51.87355,-29.64265],[-51.88259,-29.56034],[-51.9516,-29.609]]]},"properties":{"cod_ibge":"430240","name":"Bom Retiro do Sul","uf":"RS"}},
{"type":"Feature","geometry":{"type":"Polygon","coordinates":[[[-51.64178,-29.63583],[-51.49234,-29.82318],[-51.3667,-29.83728],[-51.36528,-29.78817],[-51.4281,-29.65311],[-51.46712,-29.62128],[-51.50329,-29.57717],[-51.57563,-29.61309],[-51.66272,-29.5899],[-51.64178,-29.63583]]]},"properties":{"cod_ibge":"431240","name":"Montenegro","uf":"RS"}},
{"type":"Feature","geometry":{"type":"Polygon","coordinates":[[[-54.06987,-29.19882],[-54.29402,-29.10742],[-54.36683,-29.18745],[-54.50199,-29.32751],[-54.39444,-29.45211],[-54.20883,-29.42619],[-54.06987,-29.19882]]]},"properties":{"cod_ibge":"431113","name":"Jari","uf":"RS"}},
{"type":"Feature","geometry":{"type":"Polygon","coordinates":[[[-51.85737,-28.25251],[-51.91352,-28.24114],[-51.96825,-28.27843],[-52.02013,-28.30253],[-51.9911,-28.43941],[-51.92019,-28.49397],[-51.91257,-28.48443],[-51.90591,-28.46714],[-51.83357,-28.3571],[-51.85737,-28.25251]]]},"properties":{"cod_ibge":"430550","name":"Ciríaco","uf":"RS"}},
{"type":"Feature","geometry":{"type":"Polygon","coordinates":[[[-53.12424,-32.00275],[-52.78158,-32.06369],[-52.6626,-31.90089],[-52.66546,-31.89998],[-52.82537,-31.85814],[-52.91817,-31.8877],[-53.04619,-31.91544],[-53.12424,-32.00275]]]},"properties":{"cod_ibge":"431420","name":"Pedro Osório","uf":"RS"}},
{"type":"Feature","geometry":{"type":"Polygon","coordinates":[[[-52.59931,-29.73814],[-52.69211,-29.71313],[-52.79824,-29.49531],[-52.96243,-29.51532],[-52.97956,-29.5567],[-52.92959,-29.71904],[-52.89961,-29.84592],[-52.74113,-29.90458],[-52.70353,-29.79271],[-52.58122,-29.79362],[-52.59931,-29.73814]]]},"properties":{"cod_ibge":"430420","name":"Candelária","uf":"RS"}},
{"type":"Feature","geometry":{"type":"Polygon","coordinates":[[[-51.66557,-29.18791],[-51.69556,-29.09741],[-51.71412,-29.09059],[-51.73934,-29.13698],[-51.7579,-29.18518],[-51.74981,-29.20792],[-51.68461,-29.21246],[-51.65415,-29.19837],[-51.66557,-29.18791]]]},"properties":{"cod_ibge":"431725","name":"Santa Tereza","uf":"RS"}},
{"type":"Feature","geometry":{"type":"Polygon","coordinates":[[[-51.11209,-29.03284],[-50.95742,-28.96099],[-51.12447,-28.87687],[-51.16064,-28.87414],[-51.18538,-28.94235],[-51.11209,-29.03284]]]},"properties":{"cod_ibge":"431900","name":"São Marcos","uf":"RS"}},
{"type":"Feature","geometry":{"type":"Polygon","coordinates":[[[-52.04107,-27.64543],[-52.00109,-27.69454],[-51.98158,-27.72046],[-51.89591,-27.65225],[-51.89211,-27.57904],[-52.02965,-27.43579],[-52.06724,-27.48036],[-52.08866,-27.50764],[-52.04107,-27.64543]]]},"properties":{"cod_ibge":"432290","name":"Viadutos","uf":"RS"}},
{"type":"Feature","geometry":{"type":"Polygon","coordinates":[[[-54.28498,-27.67544],[-54.19979,-27.59132],[-54.19884,-27.55903],[-54.25738,-27.499],[-54.39872,-27.56994],[-54.28498,-27.67544]]]},"properties":{"cod_ibge":"430960","name":"Horizontina","uf":"RS"}},
{"type":"Feature","geometry":{"type":"Polygon","coordinates":[[[-52.42751,-29.15699],[-52.29235,-29.16381],[-52.29044,-29.1297],[-52.2262,-29.03784],[-52.2281,-28.97009],[-52.29949,-28.8755],[-52.48747,-28.9087],[-52.49508,-29.03421],[-52.42751,-29.15699]]]},"properties":{"cod_ibge":"430830","name":"Fontoura Xavier","uf":"RS"}},
{"type":"Feature","geometry":{"type":"Polygon","coordinates":[[[-53.90568,-31.80812],[-53.91425,-31.76037],[-53.78099,-31.43842],[-53.76529,-31.312],[-53.8619,-31.2206],[-54.01276,-31.31427],[-53.95755,-31.49299],[-53.97992,-31.74901],[-53.90568,-31.80812]]]},"properties":{"cod_ibge":"430965","name":"Hulha Negra","uf":"RS"}},
{"type":"Feature","geometry":{"type":"Polygon","coordinates":[[[-50.3573,-29.11697],[-50.19359,-28.83958],[-50.21072,-28.82321],[-50.43916,-28.78819],[-50.6043,-28.81002],[-50.46343,-28.95963],[-50.44439,-29.1156],[-50.3573,-29.11697]]]},"properties":{"cod_ibge":"431112","name":"Jaquirana","uf":"RS"}},
{"type":"Feature","geometry":{"type":"Polygon","coordinates":[[[-51.04642,-29.5608],[-50.94695,-29.55216],[-50.94362,-29.54715],[-51.06355,-29.46757],[-51.11257,-29.51077],[-51.11638,-29.54397],[-51.1178,-29.55079],[-51.04642,-29.5608]]]},"properties":{"cod_ibge":"431247","name":"Morro Reuter","uf":"RS"}},
{"type":"Feature","geometry":{"type":"Polygon","coordinates":[[[-51.71221,-28.83548],[-51.79121,-28.88414],[-51.78122,-28.93644],[-51.78074,-28.93735],[-51.69365,-28.93189],[-51.62084,-28.88642],[-51.667,-28.83503],[-51.71221,-28.83548]]]},"properties":{"cod_ibge":"430786","name":"Fagundes Varela","uf":"RS"}},
{"type":"Feature","geometry":{"type":"Polygon","coordinates":[[[-49.88663,-29.25839],[-50.02988,-29.34252],[-50.03226,-29.42255],[-49.89091,-29.37208],[-49.88853,-29.31251],[-49.88663,-29.25839]]]},"properties":{"cod_ibge":"431244","name":"Morrinhos do Sul","uf":"RS"}},
{"type":"Feature","geometry":{"type":"Polygon","coordinates":[[[-52.16623,-29.22656],[-52.06343,-29.35389],[-52.03345,-29.32888],[-52.03678,-29.26749],[-52.11341,-29.23293],[-52.15862,-29.21383],[-52.16623,-29.22656]]]},"properties":{"cod_ibge":"432162","name":"Travesseiro","uf":"RS"}},
{"type":"Feature","geometry":{"type":"Polygon","coordinates":[[[-51.63036,-30.74494],[-51.49139,-30.50256],[-51.52471,-30.50984],[-51.65748,-30.51848],[-51.69698,-30.69037],[-51.63464,-30.74994],[-51.63036,-30.74494]]]},"properties":{"cod_ibge":"432035","name":"Sentinela do Sul","uf":"RS"}},
{"type":"Feature","geometry":{"type":"Polygon","coordinates":[[[-52.46225,-29.37344],[-52.34517,-29.37753],[-52.29663,-29.35025],[-52.28949,-29.28795],[-52.43655,-29.21383],[-52.5008,-29.24748],[-52.53506,-29.32842],[-52.46225,-29.37344]]]},"properties":{"cod_ibge":"430245","name":"Boqueirão do Leão","uf":"RS"}},
{"type":"Feature","geometry":{"type":"Polygon","coordinates":[[[-52.57932,-31.6817],[-52.61216,-31.5039],[-52.70972,-31.61122],[-52.73637,-31.74037],[-52.57932,-31.6817]]]},"properties":{"cod_ibge":"431245","name":"Morro Redondo","uf":"RS"}},
{"type":"Feature","geometry":{"type":"Polygon","coordinates":[[[-53.90615,-28.81138],[-53.97469,-28.64768],[-54.1284,-28.55491],[-54.19598,-28.66041],[-54.37778,-28.69497],[-54.33114,-28.93098],[-54.13507,-28.88278],[-53.95279,-28.89824],[-53.90615,-28.81138]]]},"properties":{"cod_ibge":"431115","name":"Jóia","uf":"RS"}},
{"type":"Feature","geometry":{"type":"Polygon","coordinates":[[[-50.17027,-30.09693],[-50.11935,-29.97597],[-50.15504,-29.98643],[-50.34873,-30.05328],[-50.17027,-30.09693]]]},"properties":{"cod_ibge":"432160","name":"Tramandaí","uf":"RS"}},
{"type":"Feature","geometry":{"type":"Polygon","coordinates":[[[-52.23524,-28.54854],[-52.15576,-28.65177],[-52.10008,-28.66905],[-52.09294,-28.61585],[-52.09009,-28.53581],[-52.08866,-28.49579],[-52.23524,-28.54854]]]},"properties":{"cod_ibge":"432340","name":"Vila Maria","uf":"RS"}},
{"type":"Feature","geometry":{"type":"Polygon","coordinates":[[[-49.8357,-29.42437],[-49.89091,-29.37208],[-50.03226,-29.42255],[-50.00418,-29.53669],[-49.98609,-29.60127],[-49.8357,-29.42437]]]},"properties":{"cod_ibge":"432166","name":"Três Cachoeiras","uf":"RS"}},
{"type":"Feature","geometry":{"type":"Polygon","coordinates":[[[-52.32804,-27.74911],[-52.23667,-27.78458],[-52.14862,-27.7341],[-52.15529,-27.66908],[-52.18574,-27.56812],[-52.23857,-27.48218],[-52.34422,-27.50946],[-52.34232,-27.66089],[-52.3328,-27.75047],[-52.32804,-27.74911]]]},"properties":{"cod_ibge":"430700","name":"Erechim","uf":"RS"}},
{"type":"Feature","geometry":{"type":"Polygon","coordinates":[[[-51.11209,-29.03284],[-51.29341,-29.11333],[-51.26676,-29.29523],[-51.21251,-29.35844],[-51.08877,-29.29113],[-50.9855,-29.32069],[-50.89032,-29.28795],[-50.85939,-29.24748],[-50.78276,-29.0001],[-50.84987,-28.83276],[-50.96266,-28.79456],[-51.12447,-28.87687],[-50.95742,-28.96099],[-51.11209,-29.03284]]]},"properties":{"cod_ibge":"430510","name":"Caxias do Sul","uf":"RS"}},
{"type":"Feature","geometry":{"type":"Polygon","coordinates":[[[-53.54922,-29.86729],[-53.25416,-29.95778],[-53.12566,-29.96824],[-53.10948,-29.85228],[-53.17468,-29.76952],[-53.36171,-29.63674],[-53.38456,-29.63173],[-53.52971,-29.69585],[-53.54494,-29.70404],[-53.54922,-29.86729]]]},"properties":{"cod_ibge":"431550","name":"Restinga Sêca","uf":"RS"}},
{"type":"Feature","geometry":{"type":"Polygon","coordinates":[[[-52.18574,-27.56812],[-52.08866,-27.50764],[-52.06724,-27.48036],[-52.19431,-27.40851],[-52.22905,-27.40805],[-52.23857,-27.48218],[-52.18574,-27.56812]]]},"properties":{"cod_ibge":"432163","name":"Três Arroios","uf":"RS"}},
{"type":"Feature","geometry":{"type":"Polygon","coordinates":[[[-52.43512,-29.37799],[-52.43893,-29.54033],[-52.56409,-29.58399],[-52.47176,-29.69403],[-52.47795,-29.87548],[-52.31424,-29.83546],[-52.29901,-29.67448],[-52.35279,-29.42892],[-52.43512,-29.37799]]]},"properties":{"cod_ibge":"431680","name":"Santa Cruz do Sul","uf":"RS"}},
{"type":"Feature","geometry":{"type":"Polygon","coordinates":[[[-53.0419,-29.67539],[-52.92959,-29.71904],[-52.97956,-29.5567],[-53.02905,-29.55306],[-53.05808,-29.56944],[-53.0419,-29.67539]]]},"properties":{"cod_ibge":"430513","name":"Cerro Branco","uf":"RS"}},
{"type":"Feature","geometry":{"type":"Polygon","coordinates":[[[-51.05546,-29.61536],[-50.99645,-29.70631],[-50.94695,-29.69312],[-50.94172,-29.69131],[-50.94743,-29.59536],[-50.94695,-29.55216],[-51.04642,-29.5608],[-51.05546,-29.61536]]]},"properties":{"cod_ibge":"431990","name":"Sapiranga","uf":"RS"}},
{"type":"Feature","geometry":{"type":"Polygon","coordinates":[[[-51.69461,-27.7],[-51.60085,-27.78685],[-51.60799,-27.88189],[-51.588,-27.89826],[-51.46331,-27.89326],[-51.5623,-27.63179],[-51.69461,-27.7]]]},"properties":{"cod_ibge":"431860","name":"São José do Ouro","uf":"RS"}},
{"type":"Feature","geometry":{"type":"Polygon","coordinates":[[[-52.66308,-27.53402],[-52.59265,-27.46763],[-52.61834,-27.43216],[-52.7259,-27.43216],[-52.72685,-27.43625],[-52.66308,-27.53402]]]},"properties":{"cod_ibge":"430205","name":"Benjamin Constant do Sul","uf":"RS"}},
{"type":"Feature","geometry":{"type":"Polygon","coordinates":[[[-51.92495,-27.75093],[-51.98158,-27.72046],[-52.00109,-27.69454],[-52.08485,-27.8005],[-51.95017,-27.82687],[-51.9397,-27.79095],[-51.92495,-27.75093]]]},"properties":{"cod_ibge":"430511","name":"Centenário","uf":"RS"}},
{"type":"Feature","geometry":{"type":"Polygon","coordinates":[[[-51.50329,-29.57717],[-51.46712,-29.62128],[-51.46189,-29.56898],[-51.45332,-29.50168],[-51.4576,-29.49577],[-51.52185,-29.51168],[-51.50329,-29.57717]]]},"properties":{"cod_ibge":"431861","name":"São José do Sul","uf":"RS"}},
{"type":"Feature","geometry":{"type":"Polygon","coordinates":[[[-50.11935,-29.97597],[-50.07509,-29.88457],[-50.15504,-29.98643],[-50.11935,-29.97597]]]},"properties":{"cod_ibge":"431033","name":"Imbé","uf":"RS"}},
{"type":"Feature","geometry":{"type":"Polygon","coordinates":[[[-52.82537,-31.85814],[-52.66546,-31.89998],[-52.73637,-31.74037],[-52.70972,-31.61122],[-52.85344,-31.59621],[-52.90341,-31.67215],[-52.82537,-31.85814]]]},"properties":{"cod_ibge":"430512","name":"Cerrito","uf":"RS"}},
{"type":"Feature","geometry":{"type":"Polygon","coordinates":[[[-52.2281,-28.97009],[-52.09199,-28.98055],[-52.07914,-28.87778],[-52.2281,-28.97009]]]},"properties":{"cod_ibge":"431030","name":"Ilópolis","uf":"RS"}},
{"type":"Feature","geometry":{"type":"Polygon","coordinates":[[[-54.72329,-27.56358],[-54.90318,-27.63633],[-54.90271,-27.69863],[-54.82228,-27.73956],[-54.66999,-27.6859],[-54.66761,-27.64588],[-54.72329,-27.56358]]]},"properties":{"cod_ibge":"430030","name":"Alecrim","uf":"RS"}},
{"type":"Feature","geometry":{"type":"Polygon","coordinates":[[[-51.89829,-30.57168],[-51.69698,-30.69037],[-51.65748,-30.51848],[-51.75885,-30.50484],[-51.89829,-30.57168]]]},"properties":{"cod_ibge":"430517","name":"Cerro Grande do Sul","uf":"RS"}},
{"type":"Feature","geometry":{"type":"Polygon","coordinates":[[[-53.84524,-30.48301],[-53.73435,-30.35568],[-53.75957,-30.27838],[-53.9547,-30.20744],[-54.00038,-30.24745],[-53.88712,-30.49711],[-53.84524,-30.48301]]]},"properties":{"cod_ibge":"432345","name":"Vila Nova do Sul","uf":"RS"}},
{"type":"Feature","geometry":{"type":"Polygon","coordinates":[[[-52.61787,-28.51808],[-52.55219,-28.5299],[-52.51174,-28.47578],[-52.44369,-28.40394],[-52.60074,-28.33254],[-52.62596,-28.41076],[-52.61787,-28.51808]]]},"properties":{"cod_ibge":"430705","name":"Ernestina","uf":"RS"}},
{"type":"Feature","geometry":{"type":"Polygon","coordinates":[[[-54.56672,-27.63088],[-54.44298,-27.70682],[-54.42109,-27.70227],[-54.28498,-27.67544],[-54.39872,-27.56994],[-54.42394,-27.54721],[-54.56672,-27.63088]]]},"properties":{"cod_ibge":"432210","name":"Tucunduva","uf":"RS"}},
{"type":"Feature","geometry":{"type":"Polygon","coordinates":[[[-51.72839,-29.36253],[-51.70079,-29.30432],[-51.77979,-29.29886],[-51.83928,-29.34388],[-51.79835,-29.38981],[-51.78265,-29.38799],[-51.72839,-29.36253]]]},"properties":{"cod_ibge":"431036","name":"Imigrante","uf":"RS"}},
{"type":"Feature","geometry":{"type":"Polygon","coordinates":[[[-53.10044,-27.64634],[-53.11853,-27.58859],[-53.20609,-27.59996],[-53.21989,-27.65271],[-53.15517,-27.6618],[-53.11329,-27.64998],[-53.10044,-27.64634]]]},"properties":{"cod_ibge":"430515","name":"Cerro Grande","uf":"RS"}},
{"type":"Feature","geometry":{"type":"Polygon","coordinates":[[[-52.93387,-27.31256],[-52.80109,-27.20342],[-52.85106,-27.17023],[-52.97147,-27.21797],[-52.93387,-27.31256]]]},"properties":{"cod_ibge":"431555","name":"Rio dos Índios","uf":"RS"}},
{"type":"Feature","geometry":{"type":"Polygon","coordinates":[[[-51.71412,-28.7841],[-51.66891,-28.65768],[-51.83643,-28.67951],[-51.85594,-28.755],[-51.83357,-28.77819],[-51.71412,-28.7841]]]},"properties":{"cod_ibge":"431290","name":"Nova Bassano","uf":"RS"}},
{"type":"Feature","geometry":{"type":"Polygon","coordinates":[[[-54.32924,-29.92732],[-54.26499,-29.81545],[-54.30497,-29.73678],[-54.492,-29.74269],[-54.60003,-29.82136],[-54.83227,-29.85592],[-54.95791,-29.77771],[-55.12163,-29.76679],[-55.31294,-30.08147],[-55.10116,-30.05373],[-54.78944,-30.09421],[-54.70283,-30.02918],[-54.58575,-29.96233],[-54.32924,-29.92732]]]},"properties":{"cod_ibge":"430290","name":"Cacequi","uf":"RS"}},
{"type":"Feature","geometry":{"type":"Polygon","coordinates":[[[-52.15862,-29.21383],[-52.19526,-29.11697],[-52.21239,-29.09469],[-52.29044,-29.1297],[-52.29235,-29.16381],[-52.24856,-29.19746],[-52.16623,-29.22656],[-52.15862,-29.21383]]]},"properties":{"cod_ibge":"431513","name":"Pouso Novo","uf":"RS"}},
{"type":"Feature","geometry":{"type":"Polygon","coordinates":[[[-51.39145,-29.65311],[-51.27676,-29.65584],[-51.27961,-29.58399],[-51.30293,-29.52305],[-51.33482,-29.52396],[-51.37479,-29.55125],[-51.38669,-29.58353],[-51.39145,-29.65311]]]},"properties":{"cod_ibge":"431950","name":"São Sebastião do Caí","uf":"RS"}},
{"type":"Feature","geometry":{"type":"Polygon","coordinates":[[[-51.19633,-29.61627],[-51.20537,-29.55716],[-51.22393,-29.54715],[-51.24487,-29.58353],[-51.23107,-29.61673],[-51.19633,-29.61627]]]},"properties":{"cod_ibge":"431162","name":"Lindolfo Collor","uf":"RS"}},
{"type":"Feature","geometry":{"type":"Polygon","coordinates":[[[-51.11257,-29.51077],[-51.17777,-29.49395],[-51.22393,-29.54715],[-51.20537,-29.55716],[-51.11638,-29.54397],[-51.11257,-29.51077]]]},"properties":{"cod_ibge":"431514","name":"Presidente Lucena","uf":"RS"}},
{"type":"Feature","geometry":{"type":"Polygon","coordinates":[[[-50.43297,-29.53715],[-50.34778,-29.4944],[-50.16789,-29.53533],[-50.24879,-29.34525],[-50.08413,-29.34934],[-50.04082,-29.35525],[-50.14457,-29.27022],[-50.28687,-29.29568],[-50.3573,-29.11697],[-50.44439,-29.1156],[-50.46343,-28.95963],[-50.6043,-28.81002],[-50.70519,-28.79501],[-50.84987,-28.83276],[-50.78276,-29.0001],[-50.85939,-29.24748],[-50.67521,-29.3357],[-50.68473,-29.40709],[-50.68806,-29.48349],[-50.59002,-29.55306],[-50.43297,-29.53715]]]},"properties":{"cod_ibge":"431820","name":"São Francisco de Paula","uf":"RS"}},
{"type":"Feature","geometry":{"type":"Polygon","coordinates":[[[-52.99955,-29.1388],[-52.91722,-29.18563],[-52.8839,-29.20564],[-52.7911,-29.11697],[-52.80443,-29.0433],[-52.85535,-29.04239],[-52.99955,-29.1388]]]},"properties":{"cod_ibge":"432215","name":"Tunas","uf":"RS"}},
{"type":"Feature","geometry":{"type":"Polygon","coordinates":[[[-52.9629,-27.58131],[-53.03524,-27.45398],[-53.13233,-27.44398],[-53.14422,-27.52265],[-53.11853,-27.58859],[-53.10044,-27.64634],[-52.94625,-27.58813],[-52.9629,-27.58131]]]},"properties":{"cod_ibge":"431160","name":"Liberato Salzano","uf":"RS"}},
{"type":"Feature","geometry":{"type":"Polygon","coordinates":[[[-53.01668,-28.03742],[-52.94434,-28.04424],[-52.97623,-27.95329],[-53.03239,-27.96193],[-53.01668,-28.03742]]]},"properties":{"cod_ibge":"431295","name":"Nova Boa Vista","uf":"RS"}},
{"type":"Feature","geometry":{"type":"Polygon","coordinates":[[[-54.85655,-28.1611],[-54.79515,-28.17702],[-54.808,-28.04651],[-54.87035,-28.01468],[-54.86654,-28.0456],[-54.85655,-28.1611]]]},"properties":{"cod_ibge":"431647","name":"Salvador das Missões","uf":"RS"}},
{"type":"Feature","geometry":{"type":"Polygon","coordinates":[[[-53.95755,-31.49299],[-54.01276,-31.31427],[-53.8619,-31.2206],[-53.76529,-31.312],[-53.65059,-31.33792],[-53.53019,-31.24197],[-53.4431,-30.96412],[-53.55731,-30.9423],[-53.66725,-30.84271],[-53.88712,-30.91683],[-53.94185,-30.98095],[-53.95993,-31.03552],[-54.40538,-31.23242],[-54.42537,-31.30245],[-54.63096,-31.35747],[-54.7014,-31.43569],[-54.5867,-31.45661],[-54.45488,-31.65306],[-54.07082,-31.45615],[-53.95755,-31.49299]]]},"properties":{"cod_ibge":"430160","name":"Bagé","uf":"RS"}},
{"type":"Feature","geometry":{"type":"Polygon","coordinates":[[[-51.56183,-28.6927],[-51.49377,-28.82366],[-51.46284,-28.85595],[-51.43809,-28.80593],[-51.44523,-28.6736],[-51.56183,-28.6927]]]},"properties":{"cod_ibge":"431517","name":"Protásio Alves","uf":"RS"}},
{"type":"Feature","geometry":{"type":"Polygon","coordinates":[[[-51.17729,-29.67221],[-51.06831,-29.81136],[-51.08116,-29.82955],[-50.9579,-29.78907],[-50.94695,-29.69312],[-50.99645,-29.70631],[-51.09782,-29.64356],[-51.1297,-29.63856],[-51.13446,-29.6381],[-51.17729,-29.67221]]]},"properties":{"cod_ibge":"431340","name":"Novo Hamburgo","uf":"RS"}},
{"type":"Feature","geometry":{"type":"Polygon","coordinates":[[[-51.84832,-28.66359],[-51.99443,-28.67269],[-52.06629,-28.61448],[-51.98586,-28.70679],[-51.95873,-28.76136],[-51.85594,-28.755],[-51.83643,-28.67951],[-51.84832,-28.66359]]]},"properties":{"cod_ibge":"432040","name":"Serafina Corrêa","uf":"RS"}},
{"type":"Feature","geometry":{"type":"Polygon","coordinates":[[[-53.2613,-29.14425],[-53.0638,-29.182],[-53.01668,-29.15562],[-53.15136,-29.02466],[-53.23512,-28.95599],[-53.40645,-29.00192],[-53.44595,-29.0865],[-53.2613,-29.14425]]]},"properties":{"cod_ibge":"431645","name":"Salto do Jacuí","uf":"RS"}},
{"type":"Feature","geometry":{"type":"Polygon","coordinates":[[[-51.59228,-29.40846],[-51.43476,-29.43165],[-51.40335,-29.43347],[-51.40002,-29.4171],[-51.39811,-29.35161],[-51.61703,-29.37799],[-51.61037,-29.40073],[-51.60799,-29.41119],[-51.59228,-29.40846]]]},"properties":{"cod_ibge":"430165","name":"Barão","uf":"RS"}},
{"type":"Feature","geometry":{"type":"Polygon","coordinates":[[[-53.55398,-27.23753],[-53.48783,-27.29028],[-53.34934,-27.2398],[-53.48831,-27.19387],[-53.5478,-27.17659],[-53.59967,-27.18932],[-53.55398,-27.23753]]]},"properties":{"cod_ibge":"430340","name":"Caiçara","uf":"RS"}},
{"type":"Feature","geometry":{"type":"Polygon","coordinates":[[[-51.46331,-27.89326],[-51.588,-27.89826],[-51.61465,-27.96875],[-51.45855,-27.92919],[-51.46331,-27.89326]]]},"properties":{"cod_ibge":"432218","name":"Tupanci do Sul","uf":"RS"}},
{"type":"Feature","geometry":{"type":"Polygon","coordinates":[[[-52.43655,-29.21383],[-52.28949,-29.28795],[-52.18765,-29.28659],[-52.24856,-29.19746],[-52.29235,-29.16381],[-52.42751,-29.15699],[-52.43655,-29.21383]]]},"properties":{"cod_ibge":"431515","name":"Progresso","uf":"RS"}},
{"type":"Feature","geometry":{"type":"Polygon","coordinates":[[[-50.22405,-30.23608],[-50.39442,-30.15787],[-50.35683,-30.19698],[-50.25213,-30.30475],[-50.22405,-30.23608]]]},"properties":{"cod_ibge":"430163","name":"Balneário Pinhal","uf":"RS"}},
{"type":"Feature","geometry":{"type":"Polygon","coordinates":[[[-51.49092,-29.26021],[-51.35243,-29.33297],[-51.26962,-29.31296],[-51.26676,-29.29523],[-51.29341,-29.11333],[-51.37051,-29.06877],[-51.42191,-29.05967],[-51.42334,-29.15608],[-51.49139,-29.19791],[-51.49092,-29.26021]]]},"properties":{"cod_ibge":"430790","name":"Farroupilha","uf":"RS"}},
{"type":"Feature","geometry":{"type":"Polygon","coordinates":[[[-52.08295,-28.34482],[-52.06248,-28.47397],[-51.9911,-28.43941],[-52.02013,-28.30253],[-52.07343,-28.30526],[-52.08295,-28.34482]]]},"properties":{"cod_ibge":"430885","name":"Gentil","uf":"RS"}},
{"type":"Feature","geometry":{"type":"Polygon","coordinates":[[[-53.12424,-27.43443],[-52.95101,-27.30847],[-53.15945,-27.28255],[-53.20229,-27.31165],[-53.1428,-27.40578],[-53.12424,-27.43443]]]},"properties":{"cod_ibge":"431470","name":"Planalto","uf":"RS"}},
{"type":"Feature","geometry":{"type":"Polygon","coordinates":[[[-51.1968,-29.40937],[-51.26534,-29.50304],[-51.17777,-29.49395],[-51.1692,-29.43938],[-51.1968,-29.40937]]]},"properties":{"cod_ibge":"431164","name":"Linha Nova","uf":"RS"}},
{"type":"Feature","geometry":{"type":"Polygon","coordinates":[[[-52.65451,-28.16929],[-52.82489,-28.19566],[-52.96338,-28.17748],[-53.12233,-28.25524],[-53.11995,-28.29753],[-53.00193,-28.36801],[-52.93958,-28.37983],[-52.77444,-28.37074],[-52.67355,-28.27024],[-52.63167,-28.1702],[-52.65451,-28.16929]]]},"properties":{"cod_ibge":"430470","name":"Carazinho","uf":"RS"}},
{"type":"Feature","geometry":{"type":"Polygon","coordinates":[[[-53.94185,-30.98095],[-54.13554,-30.98049],[-54.34732,-30.89046],[-54.50294,-30.87818],[-54.68569,-30.75176],[-54.6895,-30.62853],[-54.72472,-30.59897],[-54.84845,-30.73493],[-55.01169,-30.72311],[-55.11544,-31.01096],[-55.03596,-31.28381],[-54.83656,-31.44206],[-54.7014,-31.43569],[-54.63096,-31.35747],[-54.42537,-31.30245],[-54.40538,-31.23242],[-53.95993,-31.03552],[-53.94185,-30.98095]]]},"properties":{"cod_ibge":"430660","name":"Dom Pedrito","uf":"RS"}},
{"type":"Feature","geometry":{"type":"Polygon","coordinates":[[[-53.20609,-27.59996],[-53.11853,-27.58859],[-53.14422,-27.52265],[-53.19515,-27.51992],[-53.23084,-27.57858],[-53.20609,-27.59996]]]},"properties":{"cod_ibge":"431344","name":"Novo Tiradentes","uf":"RS"}},
{"type":"Feature","geometry":{"type":"Polygon","coordinates":[[[-50.40394,-29.70586],[-50.37253,-29.8582],[-50.22357,-29.72587],[-50.31542,-29.67857],[-50.40394,-29.70586]]]},"properties":{"cod_ibge":"430471","name":"Caraá","uf":"RS"}},
{"type":"Feature","geometry":{"type":"Polygon","coordinates":[[[-52.82822,-28.02923],[-52.65451,-28.16929],[-52.63167,-28.1702],[-52.48937,-28.12018],[-52.50698,-28.03605],[-52.58027,-27.94556],[-52.6093,-27.93692],[-52.74494,-27.9451],[-52.82822,-28.02923]]]},"properties":{"cod_ibge":"431477","name":"Pontão","uf":"RS"}},
{"type":"Feature","geometry":{"type":"Polygon","coordinates":[[[-52.20145,-29.42528],[-52.19193,-29.36071],[-52.29663,-29.35025],[-52.34517,-29.37753],[-52.21858,-29.4553],[-52.20145,-29.42528]]]},"properties":{"cod_ibge":"432045","name":"Sério","uf":"RS"}},
{"type":"Feature","geometry":{"type":"Polygon","coordinates":[[[-54.47439,-27.48127],[-54.63192,-27.54584],[-54.59337,-27.59814],[-54.56672,-27.63088],[-54.42394,-27.54721],[-54.47439,-27.48127]]]},"properties":{"cod_ibge":"431342","name":"Novo Machado","uf":"RS"}},
{"type":"Feature","geometry":{"type":"Polygon","coordinates":[[[-50.90793,-29.51623],[-50.71566,-29.51669],[-50.68806,-29.48349],[-50.68473,-29.40709],[-50.78847,-29.43892],[-50.90745,-29.50031],[-50.90793,-29.51623]]]},"properties":{"cod_ibge":"432170","name":"Três Coroas","uf":"RS"}},
{"type":"Feature","geometry":{"type":"Polygon","coordinates":[[[-51.66938,-29.48076],[-51.6018,-29.47576],[-51.60799,-29.41119],[-51.61037,-29.40073],[-51.69127,-29.42346],[-51.66938,-29.48076]]]},"properties":{"cod_ibge":"431475","name":"Poço das Antas","uf":"RS"}},
{"type":"Feature","geometry":{"type":"Polygon","coordinates":[[[-54.39491,-29.45211],[-54.51008,-29.44393],[-54.56957,-29.53078],[-54.47772,-29.64765],[-54.34209,-29.54943],[-54.39491,-29.45211]]]},"properties":{"cod_ibge":"431210","name":"Mata","uf":"RS"}},
{"type":"Feature","geometry":{"type":"Polygon","coordinates":[[[-51.65415,-29.19837],[-51.49139,-29.19791],[-51.42334,-29.15608],[-51.50377,-29.08195],[-51.62941,-29.02056],[-51.68176,-29.08877],[-51.66557,-29.18791],[-51.65415,-29.19837]]]},"properties":{"cod_ibge":"430210","name":"Bento Gonçalves","uf":"RS"}},
{"type":"Feature","geometry":{"type":"Polygon","coordinates":[[[-53.11234,-27.7582],[-53.05618,-27.79731],[-53.01906,-27.80459],[-52.98432,-27.79049],[-53.07522,-27.67499],[-53.11234,-27.7582]]]},"properties":{"cod_ibge":"431346","name":"Novo Xingu","uf":"RS"}},
{"type":"Feature","geometry":{"type":"Polygon","coordinates":[[[-52.85535,-29.04239],[-52.80443,-29.0433],[-52.71829,-29.0101],[-52.72447,-28.73499],[-52.72828,-28.68542],[-52.76921,-28.64768],[-52.92578,-28.72998],[-52.95338,-28.73908],[-52.96433,-28.87004],[-53.0162,-28.94644],[-52.85535,-29.04239]]]},"properties":{"cod_ibge":"430750","name":"Espumoso","uf":"RS"}},
{"type":"Feature","geometry":{"type":"Polygon","coordinates":[[[-52.56362,-27.68908],[-52.48271,-27.71955],[-52.44749,-27.66271],[-52.477,-27.60359],[-52.55743,-27.60268],[-52.57361,-27.6809],[-52.56362,-27.68908]]]},"properties":{"cod_ibge":"431478","name":"Ponte Preta","uf":"RS"}},
{"type":"Feature","geometry":{"type":"Polygon","coordinates":[[[-53.89759,-27.89508],[-53.7491,-27.9924],[-53.58539,-28.03923],[-53.62394,-27.94556],[-53.68771,-27.92964],[-53.78004,-27.75457],[-53.82144,-27.76366],[-53.85428,-27.76594],[-53.89759,-27.89508]]]},"properties":{"cod_ibge":"431780","name":"Santo Augusto","uf":"RS"}},
{"type":"Feature","geometry":{"type":"Polygon","coordinates":[[[-52.10103,-29.54852],[-51.96968,-29.63355],[-51.9516,-29.609],[-51.9692,-29.49668],[-52.04773,-29.46939],[-52.14244,-29.48394],[-52.10103,-29.54852]]]},"properties":{"cod_ibge":"430620","name":"Cruzeiro do Sul","uf":"RS"}},
{"type":"Feature","geometry":{"type":"Polygon","coordinates":[[[-52.22762,-27.97239],[-52.27807,-27.87598],[-52.35041,-27.89826],[-52.3347,-27.97648],[-52.22762,-27.97239]]]},"properties":{"cod_ibge":"430755","name":"Estação","uf":"RS"}},
{"type":"Feature","geometry":{"type":"Polygon","coordinates":[[[-51.32816,-30.22654],[-51.3015,-30.05373],[-51.43952,-30.09466],[-51.58277,-30.21289],[-51.51566,-30.27292],[-51.32816,-30.22654]]]},"properties":{"cod_ibge":"430930","name":"Guaíba","uf":"RS"}},
{"type":"Feature","geometry":{"type":"Polygon","coordinates":[[[-53.38646,-29.48895],[-53.50734,-29.51714],[-53.5497,-29.57444],[-53.47736,-29.61218],[-53.40407,-29.61082],[-53.38646,-29.48895]]]},"properties":{"cod_ibge":"430800","name":"Faxinal do Soturno","uf":"RS"}},
{"type":"Feature","geometry":{"type":"Polygon","coordinates":[[[-53.06903,-27.81368],[-53.11377,-27.83642],[-53.19277,-27.99376],[-53.05761,-27.94147],[-53.04904,-27.88189],[-53.06903,-27.81368]]]},"properties":{"cod_ibge":"431349","name":"Novo Barreiro","uf":"RS"}},
{"type":"Feature","geometry":{"type":"Polygon","coordinates":[[[-52.10103,-29.54852],[-52.14244,-29.48394],[-52.15576,-29.47712],[-52.10103,-29.54852]]]},"properties":{"cod_ibge":"431215","name":"Mato Leitão","uf":"RS"}},
{"type":"Feature","geometry":{"type":"Polygon","coordinates":[[[-53.25939,-27.71182],[-53.31841,-27.60041],[-53.38123,-27.61041],[-53.40026,-27.62042],[-53.3917,-27.6909],[-53.29223,-27.75457],[-53.25701,-27.72683],[-53.25939,-27.71182]]]},"properties":{"cod_ibge":"430215","name":"Boa Vista das Missões","uf":"RS"}},
{"type":"Feature","geometry":{"type":"Polygon","coordinates":[[[-52.61834,-27.43216],[-52.68497,-27.29573],[-52.7259,-27.43216],[-52.61834,-27.43216]]]},"properties":{"cod_ibge":"430805","name":"Faxinalzinho","uf":"RS"}},
{"type":"Feature","geometry":{"type":"Polygon","coordinates":[[[-52.07343,-28.30526],[-52.14386,-28.24296],[-52.20383,-28.17657],[-52.27712,-28.22841],[-52.21382,-28.35301],[-52.08295,-28.34482],[-52.07343,-28.30526]]]},"properties":{"cod_ibge":"431213","name":"Mato Castelhano","uf":"RS"}},
{"type":"Feature","geometry":{"type":"Polygon","coordinates":[[[-54.33305,-27.82141],[-54.13983,-28.01877],[-54.07796,-28.00649],[-54.1146,-27.8828],[-54.16029,-27.79777],[-54.33305,-27.82141]]]},"properties":{"cod_ibge":"431040","name":"Independência","uf":"RS"}},
{"type":"Feature","geometry":{"type":"Polygon","coordinates":[[[-53.5616,-27.24526],[-53.53209,-27.38759],[-53.4607,-27.35121],[-53.48783,-27.29028],[-53.55398,-27.23753],[-53.5616,-27.24526]]]},"properties":{"cod_ibge":"432350","name":"Vista Alegre","uf":"RS"}},
{"type":"Feature","geometry":{"type":"Polygon","coordinates":[[[-56.15007,-30.0551],[-55.87785,-30.08784],[-55.67558,-30.22654],[-55.47142,-30.07874],[-55.31294,-30.08147],[-55.12163,-29.76679],[-55.13162,-29.69494],[-55.37671,-29.614],[-55.53995,-29.65402],[-55.77933,-29.42028],[-55.84977,-29.41164],[-55.99825,-29.33524],[-56.18195,-29.32206],[-56.29141,-29.4171],[-56.59742,-29.39345],[-56.66024,-29.42346],[-56.46988,-29.4703],[-56.3785,-29.58944],[-56.37232,-29.80999],[-56.15007,-30.0551]]]},"properties":{"cod_ibge":"430040","name":"Alegrete","uf":"RS"}},
{"type":"Feature","geometry":{"type":"Polygon","coordinates":[[[-53.96612,-27.82414],[-54.1146,-27.8828],[-54.07796,-28.00649],[-54.03417,-27.98467],[-53.95327,-27.85143],[-53.96612,-27.82414]]]},"properties":{"cod_ibge":"431041","name":"Inhacorá","uf":"RS"}},
{"type":"Feature","geometry":{"type":"Polygon","coordinates":[[[-54.79515,-28.17702],[-54.74566,-28.20794],[-54.6343,-28.20749],[-54.69664,-28.06743],[-54.73804,-28.05879],[-54.808,-28.04651],[-54.79515,-28.17702]]]},"properties":{"cod_ibge":"430520","name":"Cerro Largo","uf":"RS"}},
{"type":"Feature","geometry":{"type":"Polygon","coordinates":[[[-54.58528,-28.29616],[-54.6343,-28.20749],[-54.74566,-28.20794],[-54.75994,-28.24751],[-54.58528,-28.29616]]]},"properties":{"cod_ibge":"431217","name":"Mato Queimado","uf":"RS"}},
{"type":"Feature","geometry":{"type":"Polygon","coordinates":[[[-51.47283,-29.43847],[-51.59228,-29.40846],[-51.60799,-29.41119],[-51.6018,-29.47576],[-51.588,-29.47667],[-51.52185,-29.51168],[-51.4576,-29.49577],[-51.47283,-29.43847]]]},"properties":{"cod_ibge":"431650","name":"Salvador do Sul","uf":"RS"}},
{"type":"Feature","geometry":{"type":"Polygon","coordinates":[[[-54.06749,-27.74365],[-54.12555,-27.76866],[-54.16029,-27.79777],[-54.1146,-27.8828],[-53.96612,-27.82414],[-53.97897,-27.77958],[-54.06749,-27.74365]]]},"properties":{"cod_ibge":"430045","name":"Alegria","uf":"RS"}},
{"type":"Feature","geometry":{"type":"Polygon","coordinates":[[[-51.87355,-29.64265],[-51.79883,-29.614],[-51.81691,-29.52942],[-51.8726,-29.54397],[-51.88259,-29.56034],[-51.87355,-29.64265]]]},"properties":{"cod_ibge":"430807","name":"Fazenda Vilanova","uf":"RS"}},
{"type":"Feature","geometry":{"type":"Polygon","coordinates":[[[-51.43809,-28.80593],[-51.17682,-28.85777],[-51.25582,-28.58856],[-51.39859,-28.63858],[-51.44523,-28.6736],[-51.43809,-28.80593]]]},"properties":{"cod_ibge":"431043","name":"Ipê","uf":"RS"}},
{"type":"Feature","geometry":{"type":"Polygon","coordinates":[[[-51.75457,-27.6668],[-51.70079,-27.68999],[-51.69461,-27.7],[-51.5623,-27.63179],[-51.57848,-27.57676],[-51.63274,-27.48854],[-51.70127,-27.4799],[-51.78788,-27.51492],[-51.75457,-27.6668]]]},"properties":{"cod_ibge":"431170","name":"Machadinho","uf":"RS"}},
{"type":"Feature","geometry":{"type":"Polygon","coordinates":[[[-52.477,-27.60359],[-52.44749,-27.66271],[-52.34232,-27.66089],[-52.34422,-27.50946],[-52.36373,-27.50082],[-52.43702,-27.49446],[-52.51174,-27.48672],[-52.477,-27.60359]]]},"properties":{"cod_ibge":"430170","name":"Barão de Cotegipe","uf":"RS"}},
{"type":"Feature","geometry":{"type":"Polygon","coordinates":[[[-52.09199,-28.98055],[-52.2281,-28.97009],[-52.2262,-29.03784],[-52.21239,-29.09469],[-52.19526,-29.11697],[-52.15148,-29.08787],[-52.04583,-29.05785],[-52.04868,-29.02056],[-52.09199,-28.98055]]]},"properties":{"cod_ibge":"431520","name":"Putinga","uf":"RS"}},
{"type":"Feature","geometry":{"type":"Polygon","coordinates":[[[-53.07522,-27.67499],[-52.98432,-27.79049],[-52.91198,-27.7382],[-52.91864,-27.60905],[-52.94625,-27.58813],[-53.10044,-27.64634],[-53.11329,-27.64998],[-53.07522,-27.67499]]]},"properties":{"cod_ibge":"430580","name":"Constantina","uf":"RS"}},
{"type":"Feature","geometry":{"type":"Polygon","coordinates":[[[-53.91996,-29.22065],[-53.75767,-29.16381],[-53.56731,-28.96236],[-53.56826,-28.95417],[-53.66772,-28.9378],[-53.79574,-28.80274],[-53.90615,-28.81138],[-53.95279,-28.89824],[-54.13507,-28.88278],[-54.33114,-28.93098],[-54.37778,-29.00465],[-54.43299,-29.09014],[-54.36683,-29.18745],[-54.29402,-29.10742],[-54.06987,-29.19882],[-53.91996,-29.22065]]]},"properties":{"cod_ibge":"432220","name":"Tupanciretã","uf":"RS"}},
{"type":"Feature","geometry":{"type":"Polygon","coordinates":[[[-49.90138,-29.21519],[-49.95754,-29.19973],[-50.11554,-29.26249],[-50.03416,-29.3498],[-50.02988,-29.34252],[-49.88663,-29.25839],[-49.90138,-29.21519]]]},"properties":{"cod_ibge":"431173","name":"Mampituba","uf":"RS"}},
{"type":"Feature","geometry":{"type":"Polygon","coordinates":[[[-52.52411,-27.94192],[-52.3347,-27.97648],[-52.35041,-27.89826],[-52.40894,-27.85779],[-52.52411,-27.94192]]]},"properties":{"cod_ibge":"431046","name":"Ipiranga do Sul","uf":"RS"}},
{"type":"Feature","geometry":{"type":"Polygon","coordinates":[[[-52.82489,-28.19566],[-52.65451,-28.16929],[-52.82822,-28.02923],[-52.86629,-28.06925],[-52.82489,-28.19566]]]},"properties":{"cod_ibge":"430585","name":"Coqueiros do Sul","uf":"RS"}},
{"type":"Feature","geometry":{"type":"Polygon","coordinates":[[[-51.30722,-29.77589],[-51.19252,-29.80363],[-51.19062,-29.77771],[-51.19347,-29.68039],[-51.23107,-29.61673],[-51.24487,-29.58353],[-51.27961,-29.58399],[-51.27676,-29.65584],[-51.30722,-29.77589]]]},"properties":{"cod_ibge":"431480","name":"Portão","uf":"RS"}},
{"type":"Feature","geometry":{"type":"Polygon","coordinates":[[[-53.01668,-28.03742],[-52.96338,-28.17748],[-52.82489,-28.19566],[-52.86629,-28.06925],[-52.94434,-28.04424],[-53.01668,-28.03742]]]},"properties":{"cod_ibge":"430047","name":"Almirante Tamandaré do Sul","uf":"RS"}},
{"type":"Feature","geometry":{"type":"Polygon","coordinates":[[[-51.35243,-29.33297],[-51.49092,-29.26021],[-51.63179,-29.29341],[-51.61703,-29.37799],[-51.39811,-29.35161],[-51.35052,-29.35207],[-51.35243,-29.33297]]]},"properties":{"cod_ibge":"430480","name":"Carlos Barbosa","uf":"RS"}},
{"type":"Feature","geometry":{"type":"Polygon","coordinates":[[[-55.31294,-29.20519],[-55.29295,-28.99146],[-55.68225,-29.01647],[-55.9954,-28.94462],[-56.08154,-28.85686],[-56.26857,-29.09514],[-56.17101,-29.16062],[-55.91259,-29.15653],[-55.53234,-29.07195],[-55.48046,-29.19837],[-55.45905,-29.21474],[-55.31294,-29.20519]]]},"properties":{"cod_ibge":"431171","name":"Maçambará","uf":"RS"}},
{"type":"Feature","geometry":{"type":"Polygon","coordinates":[[[-52.15862,-29.21383],[-52.11341,-29.23293],[-52.01822,-29.16744],[-52.15148,-29.08787],[-52.19526,-29.11697],[-52.15862,-29.21383]]]},"properties":{"cod_ibge":"430583","name":"Coqueiro Baixo","uf":"RS"}},
{"type":"Feature","geometry":{"type":"Polygon","coordinates":[[[-53.7453,-30.51393],[-53.61395,-30.37796],[-53.30318,-30.13877],[-53.12566,-29.96824],[-53.25416,-29.95778],[-53.59253,-30.0983],[-53.67106,-30.05101],[-53.65202,-29.89276],[-53.78385,-30.00235],[-53.86903,-29.99416],[-53.9547,-30.20744],[-53.75957,-30.27838],[-53.73435,-30.35568],[-53.84524,-30.48301],[-53.7453,-30.51393]]]},"properties":{"cod_ibge":"431960","name":"São Sepé","uf":"RS"}},
{"type":"Feature","geometry":{"type":"Polygon","coordinates":[[[-54.6895,-30.62853],[-54.43917,-30.62307],[-54.34637,-30.73721],[-54.14268,-30.76176],[-54.01799,-30.69355],[-53.93423,-30.57441],[-54.13983,-30.52075],[-54.27118,-30.39706],[-54.25262,-30.2229],[-54.16362,-30.1756],[-54.00038,-30.24745],[-53.9547,-30.20744],[-53.86903,-29.99416],[-54.04036,-29.91731],[-54.32924,-29.92732],[-54.58575,-29.96233],[-54.70283,-30.02918],[-54.63049,-30.12331],[-54.76136,-30.28247],[-54.72472,-30.59897],[-54.6895,-30.62853]]]},"properties":{"cod_ibge":"431830","name":"São Gabriel","uf":"RS"}},
{"type":"Feature","geometry":{"type":"Polygon","coordinates":[[[-52.27807,-27.87598],[-52.22762,-27.97239],[-52.09151,-27.93601],[-52.08247,-27.90645],[-52.09104,-27.79458],[-52.14862,-27.7341],[-52.23667,-27.78458],[-52.27807,-27.87598]]]},"properties":{"cod_ibge":"430890","name":"Getúlio Vargas","uf":"RS"}},
{"type":"Feature","geometry":{"type":"Polygon","coordinates":[[[-50.31542,-29.67857],[-50.22357,-29.72587],[-50.11602,-29.78817],[-50.0551,-29.76179],[-50.04891,-29.65356],[-50.15171,-29.60036],[-50.16789,-29.53533],[-50.34778,-29.4944],[-50.31542,-29.67857]]]},"properties":{"cod_ibge":"431177","name":"Maquiné","uf":"RS"}},
{"type":"Feature","geometry":{"type":"Polygon","coordinates":[[[-51.45332,-29.50168],[-51.39621,-29.52533],[-51.40335,-29.43347],[-51.43476,-29.43165],[-51.47283,-29.43847],[-51.4576,-29.49577],[-51.45332,-29.50168]]]},"properties":{"cod_ibge":"432225","name":"Tupandi","uf":"RS"}},
{"type":"Feature","geometry":{"type":"Polygon","coordinates":[[[-55.84977,-29.41164],[-55.77933,-29.42028],[-55.53995,-29.65402],[-55.37671,-29.614],[-55.32722,-29.52305],[-55.41003,-29.40255],[-55.45905,-29.21474],[-55.48046,-29.19837],[-55.60705,-29.22201],[-55.84977,-29.41164]]]},"properties":{"cod_ibge":"431175","name":"Manoel Viana","uf":"RS"}},
{"type":"Feature","geometry":{"type":"Polygon","coordinates":[[[-50.15504,-29.98643],[-50.07509,-29.88457],[-50.06367,-29.86001],[-50.11602,-29.78817],[-50.22357,-29.72587],[-50.37253,-29.8582],[-50.45677,-30.05191],[-50.36682,-30.07602],[-50.34873,-30.05328],[-50.15504,-29.98643]]]},"properties":{"cod_ibge":"431350","name":"Osório","uf":"RS"}},
{"type":"Feature","geometry":{"type":"Polygon","coordinates":[[[-53.9823,-28.44168],[-54.06654,-28.34209],[-54.13316,-28.35528],[-54.13887,-28.46578],[-54.12793,-28.49034],[-53.9823,-28.44168]]]},"properties":{"cod_ibge":"430587","name":"Coronel Barros","uf":"RS"}},
{"type":"Feature","geometry":{"type":"Polygon","coordinates":[[[-52.0996,-30.9091],[-51.88211,-30.91183],[-51.78979,-31.12465],[-51.81168,-31.28563],[-51.63892,-31.27062],[-51.53756,-31.1151],[-51.60038,-30.95321],[-51.7441,-30.83907],[-51.63464,-30.74994],[-51.69698,-30.69037],[-51.89829,-30.57168],[-51.90496,-30.57669],[-51.97254,-30.63808],[-51.9792,-30.66036],[-51.93589,-30.84771],[-52.09818,-30.84043],[-52.12007,-30.88409],[-52.0996,-30.9091]]]},"properties":{"cod_ibge":"430350","name":"Camaquã","uf":"RS"}},
{"type":"Feature","geometry":{"type":"Polygon","coordinates":[[[-51.6808,-30.38388],[-51.67795,-30.28883],[-51.84547,-30.2852],[-51.92352,-30.40616],[-51.90496,-30.57669],[-51.89829,-30.57168],[-51.75885,-30.50484],[-51.6808,-30.38388]]]},"properties":{"cod_ibge":"430175","name":"Barão do Triunfo","uf":"RS"}},
{"type":"Feature","geometry":{"type":"Polygon","coordinates":[[[-51.98158,-27.72046],[-51.92495,-27.75093],[-51.88116,-27.7191],[-51.89211,-27.67908],[-51.89591,-27.65225],[-51.98158,-27.72046]]]},"properties":{"cod_ibge":"430485","name":"Carlos Gomes","uf":"RS"}},
{"type":"Feature","geometry":{"type":"Polygon","coordinates":[[[-52.24952,-28.66223],[-52.15576,-28.65177],[-52.23524,-28.54854],[-52.28806,-28.64222],[-52.24952,-28.66223]]]},"properties":{"cod_ibge":"430355","name":"Camargo","uf":"RS"}},
{"type":"Feature","geometry":{"type":"Polygon","coordinates":[[[-51.13446,-29.6381],[-51.19633,-29.61627],[-51.23107,-29.61673],[-51.19347,-29.68039],[-51.17729,-29.67221],[-51.13446,-29.6381]]]},"properties":{"cod_ibge":"430760","name":"Estância Velha","uf":"RS"}},
{"type":"Feature","geometry":{"type":"Polygon","coordinates":[[[-52.9886,-30.67764],[-53.08949,-30.63535],[-53.21371,-30.45072],[-53.2475,-30.57987],[-53.21656,-30.76904],[-53.41359,-30.80496],[-53.4174,-30.96458],[-53.16564,-31.02415],[-53.02049,-30.92001],[-52.961,-30.85862],[-52.9886,-30.67764]]]},"properties":{"cod_ibge":"431700","name":"Santana da Boa Vista","uf":"RS"}},
{"type":"Feature","geometry":{"type":"Polygon","coordinates":[[[-51.90591,-28.46714],[-51.78265,-28.47169],[-51.76028,-28.44941],[-51.71602,-28.36892],[-51.83357,-28.3571],[-51.90591,-28.46714]]]},"properties":{"cod_ibge":"430630","name":"David Canabarro","uf":"RS"}},
{"type":"Feature","geometry":{"type":"Polygon","coordinates":[[[-51.50329,-29.57717],[-51.52185,-29.51168],[-51.588,-29.47667],[-51.57563,-29.61309],[-51.50329,-29.57717]]]},"properties":{"cod_ibge":"431179","name":"Maratá","uf":"RS"}},
{"type":"Feature","geometry":{"type":"Polygon","coordinates":[[[-52.97623,-27.95329],[-52.94434,-28.04424],[-52.86629,-28.06925],[-52.82822,-28.02923],[-52.74494,-27.9451],[-52.77206,-27.91554],[-52.99051,-27.86416],[-53.01906,-27.80459],[-53.05618,-27.79731],[-53.06903,-27.81368],[-53.04904,-27.88189],[-52.97623,-27.95329]]]},"properties":{"cod_ibge":"432010","name":"Sarandi","uf":"RS"}},
{"type":"Feature","geometry":{"type":"Polygon","coordinates":[[[-53.79574,-28.80274],[-53.71722,-28.63767],[-53.70532,-28.48079],[-53.7591,-28.43713],[-53.77766,-28.43668],[-53.88141,-28.52308],[-53.97469,-28.64768],[-53.90615,-28.81138],[-53.79574,-28.80274]]]},"properties":{"cod_ibge":"430222","name":"Boa Vista do Cadeado","uf":"RS"}},
{"type":"Feature","geometry":{"type":"Polygon","coordinates":[[[-55.14637,-28.18702],[-55.0569,-28.32163],[-55.02407,-28.17566],[-55.11163,-28.07652],[-55.14637,-28.18702]]]},"properties":{"cod_ibge":"430635","name":"Dezesseis de Novembro","uf":"RS"}},
{"type":"Feature","geometry":{"type":"Polygon","coordinates":[[[-52.56362,-27.68908],[-52.64547,-27.85279],[-52.5974,-27.88417],[-52.46558,-27.73729],[-52.48271,-27.71955],[-52.56362,-27.68908]]]},"properties":{"cod_ibge":"431090","name":"Jacutinga","uf":"RS"}},
{"type":"Feature","geometry":{"type":"Polygon","coordinates":[[[-53.33078,-28.78592],[-53.46404,-28.73726],[-53.58539,-28.79274],[-53.56826,-28.95417],[-53.56731,-28.96236],[-53.51115,-29.03693],[-53.39693,-28.96918],[-53.41549,-28.87687],[-53.33078,-28.78592]]]},"properties":{"cod_ibge":"430223","name":"Boa Vista do Incra","uf":"RS"}},
{"type":"Feature","geometry":{"type":"Polygon","coordinates":[[[-54.05511,-27.2639],[-53.91853,-27.32347],[-53.90568,-27.33302],[-53.77004,-27.26208],[-53.81954,-27.17568],[-53.83715,-27.16841],[-53.94661,-27.15113],[-54.05511,-27.2639]]]},"properties":{"cod_ibge":"430632","name":"Derrubadas","uf":"RS"}},
{"type":"Feature","geometry":{"type":"Polygon","coordinates":[[[-51.75457,-27.6668],[-51.78788,-27.51492],[-51.83833,-27.5231],[-51.89211,-27.57904],[-51.89591,-27.65225],[-51.89211,-27.67908],[-51.75457,-27.6668]]]},"properties":{"cod_ibge":"431220","name":"Maximiliano de Almeida","uf":"RS"}},
{"type":"Feature","geometry":{"type":"Polygon","coordinates":[[[-52.34422,-27.50946],[-52.23857,-27.48218],[-52.22905,-27.40805],[-52.22477,-27.33075],[-52.26141,-27.25708],[-52.398,-27.29255],[-52.36373,-27.50082],[-52.34422,-27.50946]]]},"properties":{"cod_ibge":"430090","name":"Aratiba","uf":"RS"}},
{"type":"Feature","geometry":{"type":"Polygon","coordinates":[[[-54.16886,-27.69136],[-54.07082,-27.73547],[-54.02799,-27.6668],[-54.03703,-27.65498],[-54.04607,-27.65225],[-54.14363,-27.62588],[-54.16886,-27.69136]]]},"properties":{"cod_ibge":"430220","name":"Boa Vista do Buricá","uf":"RS"}},
{"type":"Feature","geometry":{"type":"Polygon","coordinates":[[[-52.96338,-28.17748],[-53.01668,-28.03742],[-53.03239,-27.96193],[-53.05761,-27.94147],[-53.19277,-27.99376],[-53.25559,-28.16429],[-53.12233,-28.25524],[-52.96338,-28.17748]]]},"properties":{"cod_ibge":"430530","name":"Chapada","uf":"RS"}},
{"type":"Feature","geometry":{"type":"Polygon","coordinates":[[[-51.83976,-28.65177],[-51.7065,-28.60948],[-51.74029,-28.54854],[-51.7974,-28.53217],[-51.80264,-28.53763],[-51.85356,-28.59038],[-51.83976,-28.65177]]]},"properties":{"cod_ibge":"431400","name":"Paraí","uf":"RS"}},
{"type":"Feature","geometry":{"type":"Polygon","coordinates":[[[-52.58122,-29.79362],[-52.47795,-29.87548],[-52.47176,-29.69403],[-52.56409,-29.58399],[-52.62072,-29.5808],[-52.59931,-29.73814],[-52.58122,-29.79362]]]},"properties":{"cod_ibge":"432270","name":"Vera Cruz","uf":"RS"}},
{"type":"Feature","geometry":{"type":"Polygon","coordinates":[[[-54.68522,-27.88917],[-54.59384,-27.79322],[-54.66999,-27.6859],[-54.82228,-27.73956],[-54.85274,-27.78276],[-54.83132,-27.84142],[-54.68522,-27.88917]]]},"properties":{"cod_ibge":"431790","name":"Santo Cristo","uf":"RS"}},
{"type":"Feature","geometry":{"type":"Polygon","coordinates":[[[-51.79121,-28.88414],[-51.83357,-28.77819],[-51.85594,-28.755],[-51.95873,-28.76136],[-52.0168,-28.84185],[-52.00966,-28.87687],[-51.91352,-28.94781],[-51.78122,-28.93644],[-51.79121,-28.88414]]]},"properties":{"cod_ibge":"430940","name":"Guaporé","uf":"RS"}},
{"type":"Feature","geometry":{"type":"Polygon","coordinates":[[[-51.22631,-29.38981],[-51.28009,-29.40482],[-51.33006,-29.4271],[-51.33482,-29.52396],[-51.30293,-29.52305],[-51.26534,-29.50304],[-51.1968,-29.40937],[-51.22631,-29.38981]]]},"properties":{"cod_ibge":"430810","name":"Feliz","uf":"RS"}},
{"type":"Feature","geometry":{"type":"Polygon","coordinates":[[[-51.588,-27.89826],[-51.60799,-27.88189],[-51.73173,-27.88962],[-51.67652,-27.98285],[-51.61465,-27.96875],[-51.588,-27.89826]]]},"properties":{"cod_ibge":"431795","name":"Santo Expedito do Sul","uf":"RS"}},
{"type":"Feature","geometry":{"type":"Polygon","coordinates":[[[-54.04036,-29.91731],[-53.9685,-29.79635],[-54.13221,-29.6863],[-54.30497,-29.73678],[-54.26499,-29.81545],[-54.32924,-29.92732],[-54.04036,-29.91731]]]},"properties":{"cod_ibge":"430637","name":"Dilermando de Aguiar","uf":"RS"}},
{"type":"Feature","geometry":{"type":"Polygon","coordinates":[[[-52.01775,-29.93777],[-52.10436,-29.94551],[-52.15862,-30.19152],[-52.01727,-30.13922],[-52.0068,-29.9496],[-52.01775,-29.93777]]]},"properties":{"cod_ibge":"431225","name":"Minas do Leão","uf":"RS"}},
{"type":"Feature","geometry":{"type":"Polygon","coordinates":[[[-51.61703,-29.37799],[-51.63179,-29.29341],[-51.64987,-29.29386],[-51.70079,-29.30432],[-51.72839,-29.36253],[-51.69127,-29.41437],[-51.69127,-29.42346],[-51.61037,-29.40073],[-51.61703,-29.37799]]]},"properties":{"cod_ibge":"430225","name":"Boa Vista do Sul","uf":"RS"}},
{"type":"Feature","geometry":{"type":"Polygon","coordinates":[[[-53.64155,-27.34257],[-53.66249,-27.31574],[-53.76338,-27.27891],[-53.77004,-27.26208],[-53.90568,-27.33302],[-53.82573,-27.43898],[-53.70009,-27.44671],[-53.64821,-27.41942],[-53.64155,-27.34257]]]},"properties":{"cod_ibge":"432140","name":"Tenente Portela","uf":"RS"}},
{"type":"Feature","geometry":{"type":"Polygon","coordinates":[[[-51.79835,-29.38981],[-51.84214,-29.42392],[-51.8726,-29.54397],[-51.81691,-29.52942],[-51.6908,-29.50077],[-51.66938,-29.48076],[-51.69127,-29.42346],[-51.69127,-29.41437],[-51.78265,-29.38799],[-51.79835,-29.38981]]]},"properties":{"cod_ibge":"432145","name":"Teutônia","uf":"RS"}},
{"type":"Feature","geometry":{"type":"Polygon","coordinates":[[[-52.62596,-28.41076],[-52.69259,-28.46896],[-52.76017,-28.54309],[-52.76302,-28.62676],[-52.76921,-28.64768],[-52.72828,-28.68542],[-52.6607,-28.61175],[-52.61787,-28.51808],[-52.62596,-28.41076]]]},"properties":{"cod_ibge":"432320","name":"Victor Graeff","uf":"RS"}},
{"type":"Feature","geometry":{"type":"Polygon","coordinates":[[[-52.61501,-28.63676],[-52.56457,-28.65404],[-52.54601,-28.54718],[-52.55219,-28.5299],[-52.61787,-28.51808],[-52.6607,-28.61175],[-52.61501,-28.63676]]]},"properties":{"cod_ibge":"432146","name":"Tio Hugo","uf":"RS"}},
{"type":"Feature","geometry":{"type":"Polygon","coordinates":[[[-56.65834,-30.20107],[-56.38564,-30.49574],[-56.28998,-30.53212],[-56.06583,-30.43708],[-55.70081,-30.4007],[-55.67511,-30.27747],[-55.67558,-30.22654],[-55.87785,-30.08784],[-56.15007,-30.0551],[-56.32044,-30.12013],[-56.65834,-30.20107]]]},"properties":{"cod_ibge":"431530","name":"Quaraí","uf":"RS"}},
{"type":"Feature","geometry":{"type":"Polygon","coordinates":[[[-50.15171,-29.60036],[-50.04891,-29.65356],[-49.93374,-29.62491],[-49.92232,-29.60718],[-49.98609,-29.60127],[-50.00418,-29.53669],[-50.07509,-29.54533],[-50.15171,-29.60036]]]},"properties":{"cod_ibge":"432143","name":"Terra de Areia","uf":"RS"}},
{"type":"Feature","geometry":{"type":"Polygon","coordinates":[[[-53.78004,-27.75457],[-53.68771,-27.92964],[-53.62394,-27.94556],[-53.5121,-27.81732],[-53.56064,-27.74365],[-53.57968,-27.6809],[-53.73388,-27.6618],[-53.74482,-27.65589],[-53.78004,-27.75457]]]},"properties":{"cod_ibge":"430590","name":"Coronel Bicaco","uf":"RS"}},
{"type":"Feature","geometry":{"type":"Polygon","coordinates":[[[-51.92923,-27.99058],[-51.63369,-28.04742],[-51.67652,-27.98285],[-51.73173,-27.88962],[-51.76409,-27.84551],[-51.9397,-27.79095],[-51.95017,-27.82687],[-51.93827,-27.88462],[-51.92923,-27.99058]]]},"properties":{"cod_ibge":"431660","name":"Sananduva","uf":"RS"}},
{"type":"Feature","geometry":{"type":"Polygon","coordinates":[[[-54.34209,-29.54943],[-54.19122,-29.48258],[-54.20883,-29.42619],[-54.39444,-29.45211],[-54.39491,-29.45211],[-54.34209,-29.54943]]]},"properties":{"cod_ibge":"432149","name":"Toropi","uf":"RS"}},
{"type":"Feature","geometry":{"type":"Polygon","coordinates":[[[-51.77979,-29.29886],[-51.70079,-29.30432],[-51.64987,-29.29386],[-51.68461,-29.21246],[-51.74981,-29.20792],[-51.77979,-29.29886]]]},"properties":{"cod_ibge":"430593","name":"Coronel Pilar","uf":"RS"}},
{"type":"Feature","geometry":{"type":"Polygon","coordinates":[[[-52.67022,-27.57949],[-52.55743,-27.60268],[-52.477,-27.60359],[-52.51174,-27.48672],[-52.52174,-27.47536],[-52.59265,-27.46763],[-52.66308,-27.53402],[-52.67022,-27.57949]]]},"properties":{"cod_ibge":"431970","name":"São Valentim","uf":"RS"}},
{"type":"Feature","geometry":{"type":"Polygon","coordinates":[[[-54.2174,-27.38486],[-54.03751,-27.45216],[-54.02513,-27.40032],[-54.11127,-27.30256],[-54.2174,-27.38486]]]},"properties":{"cod_ibge":"432147","name":"Tiradentes do Sul","uf":"RS"}},
{"type":"Feature","geometry":{"type":"Polygon","coordinates":[[[-52.40894,-27.85779],[-52.32804,-27.74911],[-52.3328,-27.75047],[-52.46558,-27.73729],[-52.5974,-27.88417],[-52.6093,-27.93692],[-52.58027,-27.94556],[-52.52411,-27.94192],[-52.40894,-27.85779]]]},"properties":{"cod_ibge":"431531","name":"Quatro Irmãos","uf":"RS"}},
{"type":"Feature","geometry":{"type":"Polygon","coordinates":[[[-50.80656,-29.61764],[-50.71566,-29.51669],[-50.90793,-29.51623],[-50.89984,-29.55034],[-50.85653,-29.58535],[-50.80656,-29.61764]]]},"properties":{"cod_ibge":"431010","name":"Igrejinha","uf":"RS"}},
{"type":"Feature","geometry":{"type":"Polygon","coordinates":[[[-53.91996,-29.22065],[-54.06987,-29.19882],[-54.20883,-29.42619],[-54.19122,-29.48258],[-54.09985,-29.46121],[-54.02704,-29.40482],[-53.91996,-29.22065]]]},"properties":{"cod_ibge":"431532","name":"Quevedos","uf":"RS"}},
{"type":"Feature","geometry":{"type":"Polygon","coordinates":[[[-53.36171,-29.63674],[-53.17468,-29.76952],[-53.18706,-29.63173],[-53.05808,-29.56944],[-53.02905,-29.55306],[-53.13709,-29.49486],[-53.26558,-29.44938],[-53.29414,-29.48576],[-53.36171,-29.63674]]]},"properties":{"cod_ibge":"430010","name":"Agudo","uf":"RS"}},
{"type":"Feature","geometry":{"type":"Polygon","coordinates":[[[-52.48937,-28.12018],[-52.27712,-28.22841],[-52.20383,-28.17657],[-52.1648,-28.07379],[-52.38182,-28.08107],[-52.50698,-28.03605],[-52.48937,-28.12018]]]},"properties":{"cod_ibge":"430597","name":"Coxilha","uf":"RS"}},
{"type":"Feature","geometry":{"type":"Polygon","coordinates":[[[-53.01668,-27.46171],[-52.89199,-27.38668],[-52.8187,-27.50264],[-52.80014,-27.49627],[-52.72685,-27.43625],[-52.7259,-27.43216],[-52.68497,-27.29573],[-52.69163,-27.28437],[-52.78539,-27.20615],[-52.80109,-27.20342],[-52.93387,-27.31256],[-52.95101,-27.30847],[-53.12424,-27.43443],[-53.13233,-27.44398],[-53.03524,-27.45398],[-53.01668,-27.46171]]]},"properties":{"cod_ibge":"431270","name":"Nonoai","uf":"RS"}},
{"type":"Feature","geometry":{"type":"Polygon","coordinates":[[[-51.68176,-29.08877],[-51.62941,-29.02056],[-51.69365,-28.93189],[-51.78074,-28.93735],[-51.7598,-28.99646],[-51.71412,-29.09059],[-51.69556,-29.09741],[-51.68176,-29.08877]]]},"properties":{"cod_ibge":"430595","name":"Cotiporã","uf":"RS"}},
{"type":"Feature","geometry":{"type":"Polygon","coordinates":[[[-52.0068,-29.9496],[-52.01727,-30.13922],[-52.15862,-30.19152],[-52.16338,-30.32203],[-52.15862,-30.44254],[-52.03726,-30.39752],[-51.98491,-30.24882],[-51.85927,-30.17515],[-51.84737,-29.97006],[-51.78217,-29.9596],[-52.0068,-29.9496]]]},"properties":{"cod_ibge":"430270","name":"Butiá","uf":"RS"}}
]}