{"type":"FeatureCollection", "features": [
{"type":"Feature","geometry":{"type":"Polygon","coordinates":[[[-61.428849,-10.987383],[-61.550206,-10.986019],[-61.632062,-10.986474],[-61.632538,-11.118349],[-61.667279,-11.118349],[-61.665852,-11.240219],[-61.670611,-11.25568],[-61.703449,-11.270687],[-61.707256,-11.295243],[-61.744377,-11.323437],[-61.742473,-11.333441],[-61.501187,-11.333441],[-61.500711,-11.114256],[-61.426945,-11.113801],[-61.428849,-10.987383]]]},"properties":{"cod_ibge":"110120","name":"Ministro Andreazza","uf":"RO"}},
{"type":"Feature","geometry":{"type":"Polygon","coordinates":[[[-62.691436,-11.129717],[-62.584356,-11.224758],[-62.445391,-11.176555],[-62.265021,-11.172463],[-62.238846,-11.10789],[-62.214099,-11.091519],[-62.21743,-11.076513],[-62.195063,-11.057868],[-62.173171,-11.071965],[-62.159369,-11.067872],[-62.144616,-11.030584],[-62.156038,-11.026036],[-62.211719,-11.005118],[-62.408746,-11.015577],[-62.490126,-11.030584],[-62.494409,-11.026491],[-62.549139,-11.066054],[-62.572934,-11.084698],[-62.587688,-11.062416],[-62.618146,-11.089245],[-62.643369,-11.075148],[-62.666688,-11.086062],[-62.661929,-11.109254],[-62.691436,-11.129717]]]},"properties":{"cod_ibge":"110170","name":"Urupá","uf":"RO"}},
{"type":"Feature","geometry":{"type":"Polygon","coordinates":[[[-63.101669,-9.752764],[-63.112615,-9.75049],[-63.12023,-9.722751],[-63.098814,-9.668182],[-63.075494,-9.649538],[-63.071687,-9.614977],[-63.076922,-9.524939],[-63.077874,-9.508113],[-63.099766,-9.480829],[-63.101193,-9.452635],[-63.326774,-9.433081],[-63.325822,-9.428534],[-63.49715,-9.414437],[-63.756996,-9.395338],[-63.736532,-9.414437],[-63.737008,-9.44354],[-63.711309,-9.448542],[-63.686086,-9.418984],[-63.659911,-9.441721],[-63.614223,-9.41853],[-63.59947,-9.422622],[-63.582813,-9.410799],[-63.576627,-9.438083],[-63.561397,-9.456728],[-63.547596,-9.50584],[-63.561873,-9.517208],[-63.548072,-9.550859],[-63.573295,-9.579053],[-63.614223,-9.615432],[-63.621362,-9.629074],[-63.618507,-9.652266],[-63.662766,-9.718658],[-63.66229,-9.7323],[-63.680375,-9.766861],[-63.675616,-9.793236],[-63.687037,-9.800057],[-63.685134,-9.832798],[-63.686086,-9.852806],[-63.701791,-9.859628],[-63.707502,-9.883274],[-63.731297,-9.940571],[-63.73796,-9.965582],[-63.764611,-9.98741],[-63.762231,-10.000142],[-63.597091,-10.000597],[-63.615651,-9.966037],[-63.616127,-9.932841],[-63.579006,-9.876453],[-63.589,-9.851897],[-63.582337,-9.840983],[-63.580434,-9.790962],[-63.562825,-9.744578],[-63.567108,-9.71593],[-63.499053,-9.714565],[-63.499053,-9.833253],[-63.292033,-9.833253],[-63.288702,-9.79369],[-63.232544,-9.787324],[-63.090248,-9.782322],[-63.101669,-9.752764]]]},"properties":{"cod_ibge":"110040","name":"Alto Paraíso","uf":"RO"}},
{"type":"Feature","geometry":{"type":"Polygon","coordinates":[[[-64.20911,-10.19659],[-64.166754,-10.203866],[-64.15438,-10.215234],[-64.137247,-10.208868],[-64.110597,-10.243428],[-64.092036,-10.251159],[-64.061578,-10.250704],[-64.037782,-10.178401],[-64.022553,-10.155664],[-64.005421,-10.16976],[-64.002089,-10.193862],[-63.984481,-10.204775],[-63.964017,-10.233424],[-63.930227,-10.260254],[-63.932131,-10.27617],[-63.896437,-10.295269],[-63.900245,-10.361206],[-63.823623,-10.351657],[-63.813153,-10.329829],[-63.779364,-10.330739],[-63.760803,-10.323008],[-63.762231,-10.296633],[-63.729869,-10.277989],[-63.728917,-10.245247],[-63.697983,-10.248885],[-63.524277,-10.249795],[-63.538554,-10.237971],[-63.565205,-10.2407],[-63.583765,-10.198864],[-63.585193,-10.160211],[-63.576627,-10.112463],[-63.584717,-10.107006],[-63.589476,-10.058804],[-63.583289,-10.030155],[-63.597091,-10.000597],[-63.762231,-10.000142],[-63.764611,-9.98741],[-63.73796,-9.965582],[-63.731297,-9.940571],[-63.707502,-9.883274],[-63.701791,-9.859628],[-63.686086,-9.852806],[-63.685134,-9.832798],[-64.13582,-9.833707],[-64.158663,-9.822339],[-64.187218,-9.841893],[-64.201971,-9.833707],[-64.226242,-9.847804],[-64.260032,-9.831888],[-64.275261,-9.842347],[-64.312382,-9.850988],[-64.327135,-9.883729],[-64.323328,-9.92602],[-64.344268,-9.961035],[-64.340936,-10.000597],[-64.264791,-10.000597],[-64.256701,-10.036067],[-64.243851,-10.049254],[-64.244327,-10.068808],[-64.231953,-10.081086],[-64.242423,-10.097002],[-64.228622,-10.148842],[-64.235285,-10.167941],[-64.20911,-10.19659]]]},"properties":{"cod_ibge":"110045","name":"Buritis","uf":"RO"}},
{"type":"Feature","geometry":{"type":"Polygon","coordinates":[[[-62.423023,-9.805968],[-62.421119,-9.833253],[-62.405414,-9.86463],[-62.400655,-9.910558],[-62.359727,-9.905556],[-62.3326,-9.912377],[-62.292148,-9.930112],[-62.249792,-9.972403],[-62.244081,-10.000597],[-62.211719,-10.031065],[-62.160321,-10.054256],[-62.107971,-10.042433],[-62.067519,-9.988319],[-62.028019,-9.972403],[-62.016121,-9.948757],[-61.954253,-9.949666],[-61.93712,-9.947847],[-61.909041,-9.989229],[-61.900951,-9.979224],[-61.872396,-9.987864],[-61.858119,-9.971948],[-61.876679,-9.904647],[-61.850504,-9.878272],[-61.837179,-9.852806],[-61.844318,-9.824613],[-61.838131,-9.810061],[-61.810528,-9.802785],[-61.807673,-9.780048],[-61.794347,-9.75913],[-61.791968,-9.719568],[-61.774359,-9.717294],[-61.760558,-9.728662],[-61.733907,-9.725934],[-61.711539,-9.731391],[-61.690123,-9.719568],[-61.644436,-9.706835],[-61.61017,-9.684553],[-61.574477,-9.717749],[-61.553061,-9.70729],[-61.532597,-9.711837],[-61.502139,-9.682734],[-61.495,-9.659997],[-61.476916,-9.629984],[-61.496904,-9.624072],[-61.501187,-9.609066],[-61.496428,-9.574505],[-61.510229,-9.564956],[-61.50785,-9.5404],[-61.527362,-9.533124],[-61.549254,-9.512661],[-61.52641,-9.501292],[-61.562579,-9.485831],[-61.581616,-9.459001],[-61.556869,-9.43581],[-61.550682,-9.414892],[-61.558772,-9.385333],[-61.579236,-9.368508],[-61.594465,-9.368508],[-61.627779,-9.351683],[-61.616357,-9.326672],[-61.633014,-9.3294],[-61.658713,-9.390336],[-61.68346,-9.386243],[-61.68346,-9.439448],[-61.694406,-9.447178],[-61.701069,-9.475827],[-61.720581,-9.483103],[-61.732479,-9.500383],[-61.83004,-9.500383],[-61.860023,-9.567684],[-61.918559,-9.551768],[-61.946162,-9.659997],[-61.920939,-9.690464],[-61.974717,-9.786414],[-62.000416,-9.786869],[-62.014693,-9.77641],[-62.007554,-9.745033],[-61.988042,-9.724115],[-62.0185,-9.705471],[-62.024687,-9.686826],[-62.017549,-9.67182],[-61.992801,-9.676822],[-61.981855,-9.658632],[-61.983283,-9.622708],[-62.006127,-9.60179],[-62.006127,-9.574051],[-62.016597,-9.53949],[-62.042296,-9.540855],[-62.048483,-9.565411],[-62.065615,-9.586783],[-62.067043,-9.604064],[-62.099881,-9.619979],[-62.116538,-9.644535],[-62.114158,-9.661816],[-62.124628,-9.68046],[-62.153659,-9.704561],[-62.190304,-9.709109],[-62.202677,-9.740031],[-62.246461,-9.75822],[-62.263594,-9.745033],[-62.291672,-9.735938],[-62.316895,-9.735938],[-62.349257,-9.759585],[-62.367342,-9.760039],[-62.388282,-9.782776],[-62.422547,-9.804604],[-62.423023,-9.805968]]]},"properties":{"cod_ibge":"110175","name":"Vale do Anari","uf":"RO"}},
{"type":"Feature","geometry":{"type":"Polygon","coordinates":[[[-62.259786,-10.47671],[-62.216003,-10.524913],[-62.241702,-10.611313],[-62.240274,-10.615406],[-62.100833,-10.659516],[-62.039916,-10.449426],[-61.957584,-10.163849],[-61.910469,-10.117011],[-61.923319,-10.095183],[-61.972813,-10.067444],[-61.978524,-10.093364],[-61.998036,-10.105642],[-61.989946,-10.130198],[-62.018024,-10.123377],[-62.038489,-10.15339],[-62.063236,-10.174308],[-62.110827,-10.193862],[-62.134622,-10.224784],[-62.146044,-10.265711],[-62.139381,-10.28481],[-62.140333,-10.327555],[-62.121773,-10.35484],[-62.259786,-10.47671]]]},"properties":{"cod_ibge":"110180","name":"Vale do Paraíso","uf":"RO"}},
{"type":"Feature","geometry":{"type":"Polygon","coordinates":[[[-62.050386,-11.867306],[-62.037537,-11.850026],[-62.038013,-11.82547],[-61.994705,-11.769537],[-61.972813,-11.729065],[-61.979476,-11.710875],[-61.980428,-11.677679],[-61.959488,-11.65949],[-61.962343,-11.631296],[-61.927126,-11.615835],[-61.9138,-11.584912],[-62.001368,-11.585367],[-62.000416,-11.50033],[-62.086079,-11.50033],[-62.120345,-11.52716],[-62.140333,-11.522613],[-62.172695,-11.547169],[-62.163653,-11.565358],[-62.176026,-11.585822],[-62.171743,-11.613561],[-62.190779,-11.651759],[-62.203629,-11.666311],[-62.194111,-11.679498],[-62.213147,-11.716787],[-62.205057,-11.727246],[-62.189828,-11.775903],[-62.187924,-11.812282],[-62.206484,-11.831836],[-62.189352,-11.827743],[-62.174123,-11.854573],[-62.149375,-11.86003],[-62.119869,-11.84275],[-62.092266,-11.839567],[-62.087031,-11.870944],[-62.073706,-11.87731],[-62.050386,-11.867306]]]},"properties":{"cod_ibge":"110050","name":"Novo Horizonte do Oeste","uf":"RO"}},
{"type":"Feature","geometry":{"type":"Polygon","coordinates":[[[-63.684658,-12.453011],[-63.621362,-12.473475],[-63.613747,-12.485298],[-63.550452,-12.50849],[-63.527132,-12.545778],[-63.501909,-12.567151],[-63.47383,-12.561694],[-63.437185,-12.564423],[-63.429571,-12.591252],[-63.411962,-12.610352],[-63.383883,-12.653097],[-63.348666,-12.65628],[-63.299172,-12.681746],[-63.242538,-12.690841],[-63.240159,-12.671287],[-63.213032,-12.654916],[-63.163062,-12.635362],[-63.090723,-12.635817],[-63.094531,-12.684019],[-63.062645,-12.684929],[-63.082633,-12.711759],[-63.078826,-12.728129],[-63.054554,-12.731312],[-63.041705,-12.749957],[-63.033614,-12.780879],[-63.021241,-12.788155],[-63.008867,-12.814985],[-63.006963,-12.839541],[-62.943192,-12.854547],[-62.9213,-12.840905],[-62.892269,-12.85864],[-62.865618,-12.879103],[-62.842775,-12.863642],[-62.788997,-12.873646],[-62.767581,-12.88365],[-62.759491,-12.873191],[-62.734268,-12.891836],[-62.729033,-12.925941],[-62.703333,-12.920939],[-62.694291,-12.902295],[-62.665261,-12.906387],[-62.64908,-12.899566],[-62.644797,-12.882286],[-62.622905,-12.871827],[-62.594826,-12.838176],[-62.578169,-12.809982],[-62.560085,-12.810437],[-62.547711,-12.796795],[-62.522012,-12.809528],[-62.517729,-12.782698],[-62.499644,-12.754504],[-62.462999,-12.746774],[-62.452053,-12.727675],[-62.42683,-12.710394],[-62.399703,-12.660373],[-62.367818,-12.621265],[-62.360203,-12.598528],[-62.326414,-12.573518],[-62.267877,-12.509854],[-62.275015,-12.47302],[-62.258834,-12.450738],[-62.264069,-12.427546],[-62.252172,-12.422544],[-62.255027,-12.390257],[-62.291196,-12.318863],[-62.300714,-12.316589],[-62.363534,-12.338872],[-62.394468,-12.343419],[-62.417788,-12.32432],[-62.468234,-12.299309],[-62.485367,-12.302038],[-62.519157,-12.282939],[-62.576266,-12.267477],[-62.592923,-12.249288],[-62.620525,-12.254745],[-62.642417,-12.23701],[-62.731412,-12.109682],[-62.736171,-12.128327],[-62.757587,-12.142424],[-62.766153,-12.17471],[-62.798991,-12.186079],[-62.813744,-12.201995],[-62.855624,-12.194719],[-62.915113,-12.196993],[-62.953662,-12.206542],[-63.031711,-12.195174],[-63.105953,-12.204723],[-63.128796,-12.201995],[-63.14926,-12.217001],[-63.158303,-12.235646],[-63.173532,-12.240193],[-63.20161,-12.229734],[-63.2354,-12.252016],[-63.230165,-12.276572],[-63.243014,-12.299764],[-63.267286,-12.292943],[-63.275852,-12.28112],[-63.299647,-12.309313],[-63.309166,-12.293852],[-63.328678,-12.286122],[-63.33772,-12.269296],[-63.329154,-12.252471],[-63.329154,-12.21882],[-63.310593,-12.178803],[-63.307738,-12.149245],[-63.292985,-12.126508],[-63.288226,-12.073303],[-63.266334,-12.052385],[-63.25634,-12.028739],[-63.269189,-11.975534],[-63.278232,-11.95598],[-63.298696,-11.944157],[-63.331533,-11.936426],[-63.377697,-11.886405],[-63.384835,-11.868215],[-63.366751,-11.839567],[-63.58091,-11.839112],[-63.78793,-11.838657],[-63.818388,-11.8332],[-63.825051,-11.870944],[-63.848371,-11.871853],[-63.863124,-11.893681],[-63.858365,-11.920965],[-63.873118,-11.942793],[-63.900245,-11.966439],[-63.946408,-11.980991],[-63.964492,-12.011459],[-63.991143,-12.026465],[-64.000186,-12.060571],[-63.994951,-12.08831],[-64.034451,-12.151973],[-64.058722,-12.160613],[-64.059674,-12.175165],[-64.085373,-12.185624],[-64.051584,-12.21882],[-64.03112,-12.224732],[-63.969252,-12.215182],[-63.937366,-12.217911],[-63.905004,-12.185624],[-63.851226,-12.18426],[-63.847419,-12.1929],[-63.798876,-12.198357],[-63.786027,-12.192445],[-63.768418,-12.228824],[-63.749857,-12.239738],[-63.743195,-12.292033],[-63.714164,-12.334324],[-63.648013,-12.334324],[-63.651344,-12.350695],[-63.623742,-12.403445],[-63.628501,-12.425272],[-63.650392,-12.444371],[-63.684658,-12.453011]]]},"properties":{"cod_ibge":"110149","name":"São Francisco do Guaporé","uf":"RO"}},
{"type":"Feature","geometry":{"type":"Polygon","coordinates":[[[-62.206484,-11.831836],[-62.187924,-11.812282],[-62.189828,-11.775903],[-62.205057,-11.727246],[-62.213147,-11.716787],[-62.194111,-11.679498],[-62.203629,-11.666311],[-62.190779,-11.651759],[-62.171743,-11.613561],[-62.176026,-11.585822],[-62.163653,-11.565358],[-62.172695,-11.547169],[-62.140333,-11.522613],[-62.120345,-11.52716],[-62.086079,-11.50033],[-62.078465,-11.458949],[-62.040868,-11.43121],[-62.021356,-11.39665],[-62.019928,-11.373458],[-61.997084,-11.347993],[-61.993753,-11.333896],[-61.952349,-11.29024],[-61.968054,-11.29979],[-62.001368,-11.288876],[-62.019452,-11.304792],[-62.038013,-11.297971],[-62.054194,-11.306156],[-62.08132,-11.291605],[-62.093218,-11.295697],[-62.105116,-11.303883],[-62.119869,-11.368456],[-62.140809,-11.392557],[-62.173171,-11.418477],[-62.183641,-11.432574],[-62.21743,-11.434848],[-62.239798,-11.428936],[-62.275967,-11.438031],[-62.29072,-11.448035],[-62.321654,-11.496693],[-62.346402,-11.523977],[-62.369721,-11.537619],[-62.381143,-11.560811],[-62.411125,-11.566268],[-62.4373,-11.610832],[-62.464903,-11.599919],[-62.477753,-11.574908],[-62.475849,-11.655397],[-62.480132,-11.742252],[-62.478704,-11.86003],[-62.465379,-11.864577],[-62.464903,-11.958709],[-62.453005,-11.968713],[-62.435397,-11.940519],[-62.408746,-11.926422],[-62.399228,-11.910506],[-62.325462,-11.900502],[-62.291672,-11.899138],[-62.267877,-11.905959],[-62.24884,-11.900502],[-62.232659,-11.908687],[-62.206484,-11.831836]]]},"properties":{"cod_ibge":"110014","name":"Nova Brasilândia D'Oeste","uf":"RO"}},
{"type":"Feature","geometry":{"type":"Polygon","coordinates":[[[-62.352588,-10.894162],[-62.305474,-10.834591],[-62.122724,-10.899164],[-62.019928,-10.646783],[-61.960439,-10.498083],[-61.926174,-10.484441],[-61.912373,-10.453973],[-61.914752,-10.42487],[-61.898571,-10.381215],[-61.906186,-10.369391],[-61.904282,-10.339833],[-61.889529,-10.323008],[-61.856215,-10.304818],[-61.827661,-10.302999],[-61.866209,-10.20614],[-61.890957,-10.193862],[-61.91618,-10.166123],[-61.909993,-10.155209],[-61.910469,-10.117011],[-61.957584,-10.163849],[-62.039916,-10.449426],[-62.100833,-10.659516],[-62.240274,-10.615406],[-62.241702,-10.611313],[-62.216003,-10.524913],[-62.259786,-10.47671],[-62.525343,-10.709537],[-62.352588,-10.894162]]]},"properties":{"cod_ibge":"110015","name":"Ouro Preto do Oeste","uf":"RO"}},
{"type":"Feature","geometry":{"type":"Polygon","coordinates":[[[-61.189943,-12.000545],[-61.207551,-11.988722],[-61.219925,-11.956435],[-61.226112,-11.907778],[-61.244196,-11.88595],[-61.238485,-11.841386],[-61.220877,-11.818194],[-61.212786,-11.786362],[-61.194702,-11.771356],[-61.193274,-11.7468],[-61.269895,-11.747254],[-61.264185,-11.729974],[-61.425042,-11.729974],[-61.415048,-11.744071],[-61.391728,-11.744071],[-61.391252,-11.888679],[-61.377927,-11.90323],[-61.38221,-11.927332],[-61.399819,-11.922784],[-61.417427,-11.941429],[-61.416951,-12.086491],[-61.398391,-12.052385],[-61.366029,-12.036469],[-61.332715,-12.000545],[-61.189943,-12.000545]]]},"properties":{"cod_ibge":"110147","name":"Primavera de Rondônia","uf":"RO"}},
{"type":"Feature","geometry":{"type":"Polygon","coordinates":[[[-61.564483,-11.856392],[-61.530694,-11.856392],[-61.530694,-12.089219],[-61.472633,-12.087855],[-61.437891,-12.075577],[-61.416951,-12.086491],[-61.417427,-11.941429],[-61.399819,-11.922784],[-61.38221,-11.927332],[-61.377927,-11.90323],[-61.391252,-11.888679],[-61.391728,-11.744071],[-61.415048,-11.744071],[-61.534501,-11.743162],[-61.521175,-11.759532],[-61.525459,-11.786817],[-61.539736,-11.808644],[-61.553537,-11.845933],[-61.564483,-11.856392]]]},"properties":{"cod_ibge":"110148","name":"São Felipe D'Oeste","uf":"RO"}},
{"type":"Feature","geometry":{"type":"Polygon","coordinates":[[[-61.415048,-11.744071],[-61.425042,-11.729974],[-61.264185,-11.729974],[-61.269895,-11.747254],[-61.193274,-11.7468],[-61.194702,-11.771356],[-61.212786,-11.786362],[-61.220877,-11.818194],[-61.238485,-11.841386],[-61.244196,-11.88595],[-61.226112,-11.907778],[-61.219925,-11.956435],[-61.207551,-11.988722],[-61.189943,-12.000545],[-61.181852,-12.000545],[-61.161864,-12.032377],[-61.151394,-12.032831],[-61.141876,-12.071939],[-61.142828,-12.099678],[-61.155201,-12.13151],[-61.1809,-12.16698],[-60.713082,-12.16607],[-60.709275,-12.182896],[-60.67263,-12.252926],[-60.649786,-12.261566],[-60.543658,-12.259747],[-60.302372,-12.258383],[-60.308083,-12.243831],[-60.305228,-12.206542],[-60.315698,-12.16698],[-60.311415,-12.150154],[-60.325692,-12.128327],[-60.334258,-12.100133],[-60.365192,-12.071484],[-60.387084,-11.988722],[-60.368524,-11.977353],[-60.353295,-11.946885],[-60.374711,-11.932788],[-60.376614,-11.897319],[-60.386132,-11.86958],[-60.426109,-11.811373],[-60.46323,-11.781815],[-60.45276,-11.7468],[-60.432296,-11.710421],[-60.449904,-11.691321],[-60.446097,-11.671313],[-60.454663,-11.654033],[-60.454187,-11.627203],[-60.437055,-11.610832],[-60.43991,-11.573089],[-60.448952,-11.559901],[-60.438958,-11.495783],[-60.469416,-11.486688],[-60.46323,-11.464861],[-60.491308,-11.48305],[-60.511772,-11.478958],[-60.522242,-11.494419],[-60.542706,-11.550352],[-60.564122,-11.560811],[-60.576972,-11.584457],[-60.592677,-11.589005],[-60.590297,-11.620837],[-60.639792,-11.64994],[-60.671678,-11.694959],[-60.733546,-11.694959],[-60.761149,-11.708602],[-60.78304,-11.699961],[-60.822065,-11.698143],[-60.843481,-11.721789],[-60.894403,-11.721334],[-60.918675,-11.726336],[-60.925337,-11.747254],[-61.211835,-11.528979],[-61.240389,-11.528524],[-61.293691,-11.498057],[-61.315107,-11.508061],[-61.355083,-11.504423],[-61.371264,-11.510335],[-61.36936,-11.582638],[-61.350324,-11.604921],[-61.352704,-11.617653],[-61.548778,-11.619018],[-61.559248,-11.656761],[-61.574477,-11.664946],[-61.564007,-11.69405],[-61.534501,-11.743162],[-61.415048,-11.744071]]]},"properties":{"cod_ibge":"110018","name":"Pimenta Bueno","uf":"RO"}},
{"type":"Feature","geometry":{"type":"Polygon","coordinates":[[[-63.128796,-12.201995],[-63.117374,-12.161068],[-63.127368,-12.119232],[-63.117374,-12.07967],[-63.104049,-12.056023],[-63.085013,-12.037834],[-63.058838,-12.027829],[-63.013626,-11.989176],[-63.008867,-11.970532],[-62.952234,-11.947795],[-62.904643,-11.941429],[-62.892269,-11.953707],[-62.843251,-11.907323],[-62.824214,-11.871853],[-62.810413,-11.856847],[-62.818028,-11.826834],[-62.807082,-11.79955],[-62.825166,-11.766354],[-62.80613,-11.721789],[-62.82469,-11.663582],[-62.841347,-11.641755],[-62.870378,-11.589005],[-62.895601,-11.569451],[-62.922728,-11.52807],[-62.920348,-11.506242],[-62.944619,-11.486688],[-62.995066,-11.469863],[-63.00506,-11.473501],[-63.023144,-11.4494],[-63.043133,-11.448945],[-63.064548,-11.459859],[-63.087868,-11.489417],[-63.116898,-11.492145],[-63.144025,-11.483505],[-63.157351,-11.445307],[-63.178291,-11.463042],[-63.185905,-11.485779],[-63.233496,-11.485779],[-63.272521,-11.498512],[-63.28537,-11.517156],[-63.335341,-11.533072],[-63.375317,-11.533527],[-63.403872,-11.542167],[-63.422908,-11.555809],[-63.463836,-11.556264],[-63.480017,-11.538074],[-63.494294,-11.542167],[-63.519993,-11.577182],[-63.540457,-11.591733],[-63.589476,-11.608559],[-63.604705,-11.602192],[-63.657531,-11.609013],[-63.679899,-11.644483],[-63.652296,-11.689957],[-63.576151,-11.713149],[-63.546644,-11.727246],[-63.549976,-11.757713],[-63.585193,-11.773629],[-63.606609,-11.800459],[-63.58091,-11.839112],[-63.366751,-11.839567],[-63.384835,-11.868215],[-63.377697,-11.886405],[-63.331533,-11.936426],[-63.298696,-11.944157],[-63.278232,-11.95598],[-63.269189,-11.975534],[-63.25634,-12.028739],[-63.266334,-12.052385],[-63.288226,-12.073303],[-63.292985,-12.126508],[-63.307738,-12.149245],[-63.310593,-12.178803],[-63.329154,-12.21882],[-63.329154,-12.252471],[-63.33772,-12.269296],[-63.328678,-12.286122],[-63.309166,-12.293852],[-63.299647,-12.309313],[-63.275852,-12.28112],[-63.267286,-12.292943],[-63.243014,-12.299764],[-63.230165,-12.276572],[-63.2354,-12.252016],[-63.20161,-12.229734],[-63.173532,-12.240193],[-63.158303,-12.235646],[-63.14926,-12.217001],[-63.128796,-12.201995]]]},"properties":{"cod_ibge":"110150","name":"Seringueiras","uf":"RO"}},
{"type":"Feature","geometry":{"type":"Polygon","coordinates":[[[-63.756996,-9.395338],[-63.775557,-9.377603],[-63.784599,-9.333948],[-63.781267,-9.309392],[-63.766514,-9.279379],[-63.780792,-9.248002],[-63.771749,-9.202983],[-63.786027,-9.179336],[-63.776984,-9.139319],[-63.794593,-9.12886],[-63.792689,-9.106123],[-63.776984,-9.062468],[-63.796972,-9.047007],[-63.786978,-9.012446],[-63.755568,-8.982434],[-63.748906,-8.959697],[-63.744147,-8.895578],[-63.751285,-8.872386],[-63.744147,-8.834188],[-63.70655,-8.820546],[-63.699411,-8.804175],[-63.720827,-8.776436],[-63.687037,-8.731417],[-63.69608,-8.715956],[-63.650392,-8.706406],[-63.59138,-8.684579],[-63.560446,-8.658659],[-63.564729,-8.627281],[-63.533319,-8.645471],[-63.511903,-8.608637],[-63.459077,-8.595904],[-63.452414,-8.570439],[-63.472878,-8.569984],[-63.482397,-8.558616],[-63.451938,-8.514961],[-63.450511,-8.500409],[-63.194948,-8.500409],[-62.822311,-8.500409],[-62.843727,-8.507685],[-62.820407,-8.539517],[-62.81422,-8.561799],[-62.795184,-8.578624],[-62.783286,-8.558161],[-62.769009,-8.564073],[-62.773768,-8.588174],[-62.744738,-8.61273],[-62.745689,-8.628191],[-62.73284,-8.657749],[-62.735695,-8.675029],[-62.755683,-8.684579],[-62.757587,-8.724141],[-62.768057,-8.733691],[-62.753304,-8.75279],[-62.767581,-8.76052],[-62.756159,-8.780074],[-62.76425,-8.798264],[-62.726653,-8.800083],[-62.703809,-8.81327],[-62.663357,-8.796445],[-62.655267,-8.776436],[-62.630995,-8.777346],[-62.62576,-8.757792],[-62.588639,-8.755063],[-62.559609,-8.740967],[-62.536289,-8.751426],[-62.502976,-8.731872],[-62.484891,-8.737329],[-62.485843,-8.758247],[-62.472042,-8.771889],[-62.451102,-8.76916],[-62.43968,-8.740512],[-62.420643,-8.7346],[-62.369245,-8.743695],[-62.377812,-8.728234],[-62.367818,-8.709589],[-62.365914,-8.672301],[-62.347829,-8.676393],[-62.34307,-8.702768],[-62.330697,-8.709135],[-62.289769,-8.70004],[-62.277395,-8.702314],[-62.245509,-8.680486],[-62.23837,-8.621825],[-62.246937,-8.592721],[-62.268829,-8.575896],[-62.289293,-8.589083],[-62.294528,-8.605454],[-62.279299,-8.6291],[-62.289293,-8.639105],[-62.335932,-8.609547],[-62.339263,-8.58681],[-62.325938,-8.563618],[-62.337359,-8.51678],[-62.354016,-8.511777],[-62.365914,-8.493588],[-62.369245,-8.446295],[-62.360679,-8.398547],[-62.383998,-8.377629],[-62.424451,-8.374901],[-62.43968,-8.368079],[-62.465379,-8.339886],[-62.478704,-8.345797],[-62.518681,-8.384905],[-62.539621,-8.358075],[-62.561037,-8.313965],[-62.555802,-8.30669],[-62.585308,-8.271675],[-62.600061,-8.272129],[-62.654791,-8.228929],[-62.660026,-8.199826],[-62.686677,-8.173905],[-62.672875,-8.145257],[-62.692388,-8.092962],[-62.724749,-8.069315],[-62.743786,-8.045214],[-62.786142,-8.02657],[-62.809937,-8.025205],[-62.832781,-7.994283],[-62.86657,-7.976093],[-63.118326,-7.977003],[-63.32725,-7.976548],[-63.621362,-7.976548],[-63.626597,-8.016111],[-63.621838,-8.029753],[-63.667049,-8.081593],[-63.66229,-8.101147],[-63.669905,-8.12161],[-63.693224,-8.158444],[-63.741767,-8.190276],[-63.74843,-8.208011],[-63.722731,-8.249392],[-63.746526,-8.27031],[-63.773653,-8.320786],[-63.791262,-8.333064],[-63.825527,-8.306235],[-63.870738,-8.288955],[-63.89501,-8.302142],[-63.910715,-8.328517],[-63.944028,-8.331246],[-63.945456,-8.387633],[-63.976866,-8.409916],[-63.953547,-8.428105],[-63.940697,-8.452206],[-63.973059,-8.478581],[-63.970679,-8.499499],[-63.943552,-8.526784],[-63.945456,-8.55043],[-63.923088,-8.55907],[-63.924516,-8.575441],[-63.945932,-8.609547],[-63.986384,-8.585445],[-63.991143,-8.617277],[-64.004945,-8.625917],[-64.016367,-8.667753],[-64.035403,-8.693674],[-64.027788,-8.715501],[-64.058722,-8.710044],[-64.094892,-8.728234],[-64.124398,-8.716865],[-64.142958,-8.74324],[-64.144862,-8.776436],[-64.129633,-8.805085],[-64.158187,-8.843283],[-64.148669,-8.873296],[-64.151049,-8.905128],[-64.141531,-8.945145],[-64.149621,-8.958787],[-64.174844,-8.960606],[-64.233381,-8.992438],[-64.256701,-8.988345],[-64.31143,-8.996531],[-64.326183,-8.979705],[-64.309526,-8.934686],[-64.323328,-8.928774],[-64.379961,-8.946509],[-64.446588,-8.976977],[-64.471336,-8.973794],[-64.496559,-8.97925],[-64.550336,-8.978341],[-64.578891,-8.988345],[-64.587933,-9.009718],[-64.611253,-9.016539],[-64.641711,-9.006535],[-64.671217,-9.01472],[-64.683115,-8.993802],[-64.713573,-8.993802],[-64.730706,-9.012446],[-64.761164,-9.020632],[-64.777821,-8.994712],[-64.807803,-8.985617],[-64.839213,-8.994257],[-64.870623,-9.011992],[-64.893943,-9.043824],[-64.917262,-9.042914],[-64.915835,-9.074746],[-64.940106,-9.124767],[-64.919642,-9.220263],[-64.936299,-9.255732],[-64.96295,-9.292566],[-64.986269,-9.292112],[-65.000546,-9.30439],[-65.021962,-9.346226],[-65.039095,-9.359413],[-65.035764,-9.374874],[-65.053372,-9.402159],[-65.07812,-9.400795],[-65.089066,-9.424896],[-65.142843,-9.446723],[-65.185675,-9.42717],[-65.173777,-9.385333],[-65.196145,-9.375329],[-65.18853,-9.344862],[-65.208995,-9.309847],[-65.21185,-9.278924],[-65.246591,-9.257551],[-65.270387,-9.263463],[-65.307508,-9.291657],[-65.342725,-9.309392],[-65.351291,-9.323034],[-65.377466,-9.324398],[-65.393647,-9.339405],[-65.409828,-9.322579],[-65.440286,-9.311666],[-65.447901,-9.345771],[-65.447425,-9.379422],[-65.456467,-9.401249],[-65.443142,-9.420348],[-65.432196,-9.458547],[-65.456467,-9.47037],[-65.503106,-9.469915],[-65.506438,-9.447633],[-65.522619,-9.446723],[-65.548318,-9.42626],[-65.588294,-9.413982],[-65.641596,-9.433536],[-65.649686,-9.447178],[-65.679669,-9.451271],[-65.681096,-9.500383],[-65.69585,-9.507659],[-65.713934,-9.544947],[-65.730115,-9.563137],[-65.750103,-9.553587],[-65.756766,-9.569049],[-65.800074,-9.584964],[-65.818158,-9.562227],[-65.825297,-9.529941],[-65.84814,-9.532215],[-65.880978,-9.48765],[-65.905725,-9.488105],[-65.918099,-9.4781],[-65.9319,-9.447633],[-65.951413,-9.436264],[-65.970449,-9.413073],[-66.002811,-9.404433],[-66.042311,-9.402159],[-66.05992,-9.418075],[-66.123692,-9.40898],[-66.173662,-9.434445],[-66.204596,-9.425805],[-66.243621,-9.429443],[-66.259802,-9.410799],[-66.29026,-9.412618],[-66.284073,-9.432172],[-66.307393,-9.436719],[-66.318814,-9.419894],[-66.341658,-9.42717],[-66.35308,-9.416711],[-66.374972,-9.42626],[-66.408761,-9.407161],[-66.414948,-9.422167],[-66.395912,-9.437629],[-66.388773,-9.464458],[-66.39258,-9.500383],[-66.428749,-9.533124],[-66.438744,-9.554497],[-66.467298,-9.582236],[-66.494901,-9.60179],[-66.500612,-9.633622],[-66.536781,-9.643626],[-66.551534,-9.658178],[-66.586275,-9.673639],[-66.609595,-9.664999],[-66.624348,-9.680915],[-66.684789,-9.714565],[-66.691927,-9.733665],[-66.725241,-9.755947],[-66.758554,-9.760494],[-66.775211,-9.753218],[-66.780446,-9.791417],[-66.810429,-9.818246],[-66.626728,-9.897826],[-66.587703,-9.900099],[-66.558673,-9.881],[-66.533925,-9.885093],[-66.473009,-9.868268],[-66.464919,-9.875998],[-66.431129,-9.867358],[-66.413044,-9.882365],[-66.40305,-9.86372],[-66.358315,-9.864175],[-66.355459,-9.848259],[-66.313579,-9.832798],[-66.285977,-9.844621],[-66.252663,-9.831888],[-66.237434,-9.814608],[-66.215542,-9.832798],[-66.194602,-9.828705],[-66.195078,-9.806423],[-66.152246,-9.785505],[-66.12274,-9.790962],[-66.100372,-9.784595],[-66.090378,-9.812789],[-66.071342,-9.784141],[-66.033269,-9.789143],[-66.02613,-9.81097],[-66.002335,-9.795054],[-65.985202,-9.806423],[-65.973305,-9.77732],[-65.944274,-9.760494],[-65.919051,-9.752764],[-65.903822,-9.766861],[-65.885737,-9.752309],[-65.87146,-9.753218],[-65.87146,-9.790962],[-65.853375,-9.794145],[-65.822441,-9.767315],[-65.805785,-9.788233],[-65.783893,-9.786414],[-65.772471,-9.75822],[-65.74582,-9.781412],[-65.733446,-9.763223],[-65.684904,-9.749126],[-65.689187,-9.76868],[-65.710603,-9.807332],[-65.695374,-9.812335],[-65.671102,-9.780958],[-65.647307,-9.815973],[-65.623511,-9.835981],[-65.605903,-9.824613],[-65.59686,-9.841893],[-65.56783,-9.83871],[-65.553077,-9.804149],[-65.513576,-9.793236],[-65.504058,-9.76777],[-65.501203,-9.730027],[-65.489781,-9.713201],[-65.471696,-9.713656],[-65.443618,-9.692738],[-65.443618,-9.669546],[-65.391744,-9.687736],[-65.357002,-9.720022],[-65.32702,-9.784141],[-65.321785,-9.811425],[-65.28752,-9.840074],[-65.288471,-9.865539],[-65.312267,-9.893278],[-65.328448,-9.921472],[-65.333207,-9.944209],[-65.317502,-9.936933],[-65.275622,-9.963308],[-65.248971,-9.961489],[-65.229935,-9.968765],[-65.194241,-9.961944],[-65.166639,-10.000142],[-64.907744,-10.000597],[-64.57318,-10.000597],[-64.340936,-10.000597],[-64.344268,-9.961035],[-64.323328,-9.92602],[-64.327135,-9.883729],[-64.312382,-9.850988],[-64.275261,-9.842347],[-64.260032,-9.831888],[-64.226242,-9.847804],[-64.201971,-9.833707],[-64.187218,-9.841893],[-64.158663,-9.822339],[-64.13582,-9.833707],[-63.685134,-9.832798],[-63.687037,-9.800057],[-63.675616,-9.793236],[-63.680375,-9.766861],[-63.66229,-9.7323],[-63.662766,-9.718658],[-63.618507,-9.652266],[-63.621362,-9.629074],[-63.614223,-9.615432],[-63.573295,-9.579053],[-63.548072,-9.550859],[-63.561873,-9.517208],[-63.547596,-9.50584],[-63.561397,-9.456728],[-63.576627,-9.438083],[-63.582813,-9.410799],[-63.59947,-9.422622],[-63.614223,-9.41853],[-63.659911,-9.441721],[-63.686086,-9.418984],[-63.711309,-9.448542],[-63.737008,-9.44354],[-63.736532,-9.414437],[-63.756996,-9.395338]]]},"properties":{"cod_ibge":"110020","name":"Porto Velho","uf":"RO"}},
{"type":"Feature","geometry":{"type":"Polygon","coordinates":[[[-61.952349,-11.29024],[-61.918084,-11.292514],[-61.894764,-11.327984],[-61.883342,-11.332986],[-61.860023,-11.368911],[-61.834799,-11.384372],[-61.822426,-11.381643],[-61.795775,-11.398014],[-61.787209,-11.402561],[-61.755323,-11.37846],[-61.740569,-11.346174],[-61.742473,-11.333441],[-61.744377,-11.323437],[-61.707256,-11.295243],[-61.703449,-11.270687],[-61.670611,-11.25568],[-61.665852,-11.240219],[-61.667279,-11.118349],[-61.632538,-11.118349],[-61.632062,-10.986474],[-61.942355,-10.986929],[-61.95806,-11.016032],[-61.944734,-11.057868],[-61.951397,-11.086517],[-62.014693,-11.127898],[-62.026115,-11.151999],[-62.020404,-11.174282],[-62.038013,-11.213389],[-62.050862,-11.166096],[-62.043248,-11.133355],[-62.056097,-11.106071],[-62.07323,-11.086972],[-62.096074,-11.045135],[-62.092742,-11.007392],[-62.117965,-11.001935],[-62.122249,-11.015123],[-62.144616,-11.030584],[-62.159369,-11.067872],[-62.164129,-11.09834],[-62.146044,-11.115165],[-62.149851,-11.151545],[-62.120821,-11.197928],[-62.139381,-11.207932],[-62.148899,-11.229305],[-62.164604,-11.2384],[-62.182689,-11.282965],[-62.143664,-11.280691],[-62.137954,-11.297516],[-62.110351,-11.28251],[-62.093218,-11.295697],[-62.08132,-11.291605],[-62.054194,-11.306156],[-62.038013,-11.297971],[-62.019452,-11.304792],[-62.001368,-11.288876],[-61.968054,-11.29979],[-61.952349,-11.29024]]]},"properties":{"cod_ibge":"110025","name":"Presidente Médici","uf":"RO"}},
{"type":"Feature","geometry":{"type":"Polygon","coordinates":[[[-62.122724,-10.899164],[-62.305474,-10.834591],[-62.352588,-10.894162],[-62.390185,-10.941455],[-62.494409,-11.026491],[-62.490126,-11.030584],[-62.408746,-11.015577],[-62.211719,-11.005118],[-62.156038,-11.026036],[-62.163653,-11.000571],[-62.122724,-10.899164]]]},"properties":{"cod_ibge":"110155","name":"Teixeirópolis","uf":"RO"}},
{"type":"Feature","geometry":{"type":"Polygon","coordinates":[[[-61.614454,-11.584003],[-61.9138,-11.584912],[-61.927126,-11.615835],[-61.962343,-11.631296],[-61.959488,-11.65949],[-61.980428,-11.677679],[-61.979476,-11.710875],[-61.972813,-11.729065],[-61.994705,-11.769537],[-62.038013,-11.82547],[-62.037537,-11.850026],[-62.050386,-11.867306],[-62.015645,-11.858666],[-62.007079,-11.868215],[-61.932837,-11.862758],[-61.920939,-11.866851],[-61.919035,-11.890498],[-61.900475,-11.891862],[-61.890481,-11.906868],[-61.883342,-11.885041],[-61.839083,-11.86867],[-61.831944,-11.856847],[-61.564483,-11.856392],[-61.553537,-11.845933],[-61.539736,-11.808644],[-61.525459,-11.786817],[-61.521175,-11.759532],[-61.534501,-11.743162],[-61.564007,-11.69405],[-61.574477,-11.664946],[-61.559248,-11.656761],[-61.548778,-11.619018],[-61.566863,-11.603102],[-61.614454,-11.584003]]]},"properties":{"cod_ibge":"110028","name":"Rolim de Moura","uf":"RO"}},
{"type":"Feature","geometry":{"type":"Polygon","coordinates":[[[-61.888577,-11.96553],[-61.870017,-11.984629],[-61.842414,-11.990541],[-61.83242,-12.021463],[-61.835751,-12.070575],[-61.804817,-12.097859],[-61.800058,-12.119687],[-61.774359,-12.150609],[-61.747708,-12.199266],[-61.740569,-12.251561],[-61.753419,-12.274753],[-61.725816,-12.331596],[-61.726292,-12.35979],[-61.716774,-12.381162],[-61.691075,-12.399352],[-61.675846,-12.429365],[-61.677749,-12.264294],[-61.678701,-12.089674],[-61.530694,-12.089219],[-61.530694,-11.856392],[-61.564483,-11.856392],[-61.831944,-11.856847],[-61.839083,-11.86867],[-61.883342,-11.885041],[-61.890481,-11.906868],[-61.888577,-11.96553]]]},"properties":{"cod_ibge":"110029","name":"Santa Luzia D'Oeste","uf":"RO"}},
{"type":"Feature","geometry":{"type":"Polygon","coordinates":[[[-63.101669,-9.752764],[-62.837064,-9.750945],[-62.807082,-9.779593],[-62.796136,-9.800511],[-62.748069,-9.809606],[-62.730936,-9.822794],[-62.677158,-9.843257],[-62.660978,-9.811425],[-62.656694,-9.784141],[-62.630043,-9.769134],[-62.610055,-9.735938],[-62.582928,-9.722751],[-62.584356,-9.703652],[-62.569603,-9.69865],[-62.55485,-9.67091],[-62.519633,-9.672729],[-62.5025,-9.630893],[-62.459192,-9.597697],[-62.455385,-9.56632],[-62.425403,-9.5404],[-62.422547,-9.524939],[-62.754256,-9.525848],[-63.000777,-9.526303],[-63.076922,-9.524939],[-63.071687,-9.614977],[-63.075494,-9.649538],[-63.098814,-9.668182],[-63.12023,-9.722751],[-63.112615,-9.75049],[-63.101669,-9.752764]]]},"properties":{"cod_ibge":"110026","name":"Rio Crespo","uf":"RO"}},
{"type":"Feature","geometry":{"type":"Polygon","coordinates":[[[-63.128796,-12.201995],[-63.105953,-12.204723],[-63.031711,-12.195174],[-62.953662,-12.206542],[-62.915113,-12.196993],[-62.855624,-12.194719],[-62.813744,-12.201995],[-62.798991,-12.186079],[-62.766153,-12.17471],[-62.757587,-12.142424],[-62.736171,-12.128327],[-62.731412,-12.109682],[-62.642417,-12.23701],[-62.625284,-12.207906],[-62.609103,-12.194264],[-62.602917,-12.150154],[-62.614814,-12.119687],[-62.611007,-12.086036],[-62.59673,-12.072394],[-62.577693,-12.07012],[-62.545332,-12.047838],[-62.512494,-12.008275],[-62.496313,-12.007366],[-62.480608,-11.987812],[-62.453005,-11.968713],[-62.464903,-11.958709],[-62.465379,-11.864577],[-62.478704,-11.86003],[-62.480132,-11.742252],[-62.475849,-11.655397],[-62.477753,-11.574908],[-62.48965,-11.5358],[-62.505831,-11.51943],[-62.508687,-11.50033],[-62.527247,-11.477139],[-62.555326,-11.468499],[-62.599585,-11.484869],[-62.640038,-11.443488],[-62.669068,-11.433938],[-62.694767,-11.432574],[-62.712852,-11.447126],[-62.745213,-11.448035],[-62.754732,-11.43985],[-62.728081,-11.412566],[-62.73284,-11.394376],[-62.775672,-11.386191],[-62.798515,-11.355268],[-62.802798,-11.337079],[-62.82469,-11.334805],[-62.838016,-11.303428],[-62.902263,-11.320253],[-62.93986,-11.354814],[-62.959848,-11.357087],[-62.972222,-11.345719],[-63.007915,-11.345264],[-63.045512,-11.337988],[-63.085013,-11.356633],[-63.102145,-11.332986],[-63.095958,-11.312523],[-63.105477,-11.275689],[-63.118326,-11.257044],[-63.110712,-11.235672],[-63.114043,-11.212935],[-63.14117,-11.197019],[-63.149736,-11.160185],[-63.139266,-11.129262],[-63.153543,-11.113347],[-63.171628,-11.11653],[-63.195423,-11.103342],[-63.233496,-11.127443],[-63.254912,-11.151999],[-63.287274,-11.153364],[-63.335341,-11.089245],[-63.341527,-11.06378],[-63.364371,-11.074694],[-63.384359,-11.057413],[-63.412914,-11.049683],[-63.432902,-11.030129],[-63.480969,-11.027401],[-63.500481,-11.042862],[-63.528084,-11.04559],[-63.554735,-11.039224],[-63.582337,-11.010575],[-63.627073,-11.005118],[-63.596615,-11.017851],[-63.580434,-11.031039],[-63.582337,-11.069237],[-63.593283,-11.095157],[-63.602802,-11.142905],[-63.588524,-11.181558],[-63.584717,-11.227486],[-63.594235,-11.259318],[-63.586145,-11.273415],[-63.552831,-11.307066],[-63.529512,-11.337988],[-63.521421,-11.357997],[-63.565681,-11.412566],[-63.593759,-11.416204],[-63.609464,-11.482596],[-63.594711,-11.504423],[-63.612796,-11.521249],[-63.616127,-11.542167],[-63.604705,-11.602192],[-63.589476,-11.608559],[-63.540457,-11.591733],[-63.519993,-11.577182],[-63.494294,-11.542167],[-63.480017,-11.538074],[-63.463836,-11.556264],[-63.422908,-11.555809],[-63.403872,-11.542167],[-63.375317,-11.533527],[-63.335341,-11.533072],[-63.28537,-11.517156],[-63.272521,-11.498512],[-63.233496,-11.485779],[-63.185905,-11.485779],[-63.178291,-11.463042],[-63.157351,-11.445307],[-63.144025,-11.483505],[-63.116898,-11.492145],[-63.087868,-11.489417],[-63.064548,-11.459859],[-63.043133,-11.448945],[-63.023144,-11.4494],[-63.00506,-11.473501],[-62.995066,-11.469863],[-62.944619,-11.486688],[-62.920348,-11.506242],[-62.922728,-11.52807],[-62.895601,-11.569451],[-62.870378,-11.589005],[-62.841347,-11.641755],[-62.82469,-11.663582],[-62.80613,-11.721789],[-62.825166,-11.766354],[-62.807082,-11.79955],[-62.818028,-11.826834],[-62.810413,-11.856847],[-62.824214,-11.871853],[-62.843251,-11.907323],[-62.892269,-11.953707],[-62.904643,-11.941429],[-62.952234,-11.947795],[-63.008867,-11.970532],[-63.013626,-11.989176],[-63.058838,-12.027829],[-63.085013,-12.037834],[-63.104049,-12.056023],[-63.117374,-12.07967],[-63.127368,-12.119232],[-63.117374,-12.161068],[-63.128796,-12.201995]]]},"properties":{"cod_ibge":"110032","name":"São Miguel do Guaporé","uf":"RO"}},
{"type":"Feature","geometry":{"type":"Polygon","coordinates":[[[-62.134622,-10.224784],[-62.110827,-10.193862],[-62.063236,-10.174308],[-62.038489,-10.15339],[-62.018024,-10.123377],[-61.989946,-10.130198],[-61.998036,-10.105642],[-61.978524,-10.093364],[-61.972813,-10.067444],[-61.972337,-10.049709],[-61.993277,-10.02197],[-61.963295,-9.984681],[-61.954253,-9.949666],[-62.016121,-9.948757],[-62.028019,-9.972403],[-62.067519,-9.988319],[-62.107971,-10.042433],[-62.160321,-10.054256],[-62.211719,-10.031065],[-62.244081,-10.000597],[-62.249792,-9.972403],[-62.292148,-9.930112],[-62.3326,-9.912377],[-62.359727,-9.905556],[-62.400655,-9.910558],[-62.405414,-9.86463],[-62.421119,-9.833253],[-62.423023,-9.805968],[-62.445391,-9.81961],[-62.453005,-9.857809],[-62.453481,-9.906011],[-62.468234,-9.938298],[-62.504403,-9.965127],[-62.509638,-9.99514],[-62.52106,-10.007418],[-62.534386,-10.051983],[-62.561513,-10.055166],[-62.571507,-10.066534],[-62.580073,-10.119284],[-62.59673,-10.189314],[-62.61767,-10.195226],[-62.67002,-10.287993],[-62.558181,-10.372575],[-62.467758,-10.282081],[-62.456337,-10.298452],[-62.417788,-10.300726],[-62.362583,-10.325282],[-62.310709,-10.281627],[-62.269304,-10.266165],[-62.246937,-10.247976],[-62.202201,-10.241609],[-62.197918,-10.230241],[-62.171267,-10.22342],[-62.134622,-10.224784]]]},"properties":{"cod_ibge":"110160","name":"Theobroma","uf":"RO"}},
{"type":"Feature","geometry":{"type":"Polygon","coordinates":[[[-65.381274,-10.428962],[-65.354623,-10.432146],[-65.338918,-10.448516],[-65.330827,-10.47762],[-65.315122,-10.488079],[-65.302749,-10.513544],[-65.29799,-10.541738],[-65.276098,-10.551288],[-65.21994,-10.553107],[-65.205663,-10.563566],[-65.183296,-10.53901],[-65.137608,-10.539464],[-65.12809,-10.532188],[-65.08859,-10.525367],[-65.062415,-10.528551],[-65.033384,-10.52082],[-65.004354,-10.522639],[-64.972944,-10.512635],[-64.934871,-10.523094],[-64.924401,-10.540374],[-64.901081,-10.542647],[-64.882997,-10.529005],[-64.825412,-10.501721],[-64.810659,-10.510361],[-64.790671,-10.478529],[-64.773538,-10.478074],[-64.74308,-10.456702],[-64.65932,-10.761378],[-64.639807,-10.788207],[-64.593644,-10.80958],[-64.567945,-10.808671],[-64.545101,-10.7923],[-64.525113,-10.816856],[-64.509408,-10.814582],[-64.494179,-10.831408],[-64.462769,-10.827315],[-64.448492,-10.8355],[-64.409467,-10.823677],[-64.409467,-10.792755],[-64.375202,-10.769563],[-64.364256,-10.77502],[-64.344268,-10.75774],[-64.299532,-10.760013],[-64.252893,-10.753192],[-64.221483,-10.760013],[-64.179603,-10.816401],[-64.156284,-10.830953],[-64.137247,-10.860511],[-64.083946,-10.860511],[-64.048252,-10.871879],[-64.013987,-10.86142],[-64.008752,-10.838229],[-63.985908,-10.83641],[-63.930703,-10.873244],[-63.70655,-10.840048],[-63.767942,-10.817311],[-63.786978,-10.796393],[-63.812677,-10.801395],[-63.853606,-10.781841],[-63.898817,-10.750919],[-63.896437,-10.729091],[-63.905956,-10.690893],[-63.933082,-10.65997],[-63.934986,-10.632231],[-63.954974,-10.624046],[-63.977342,-10.62541],[-63.990667,-10.607221],[-64.015891,-10.587212],[-64.015415,-10.565384],[-63.984957,-10.536736],[-63.977818,-10.513089],[-64.004469,-10.494445],[-64.008752,-10.474436],[-64.031596,-10.464887],[-64.063006,-10.473072],[-64.092988,-10.462158],[-64.101078,-10.448061],[-64.133916,-10.440331],[-64.183887,-10.393038],[-64.194832,-10.373484],[-64.222911,-10.348473],[-64.224815,-10.317551],[-64.200067,-10.292995],[-64.191025,-10.271168],[-64.201971,-10.238881],[-64.20911,-10.19659],[-64.235285,-10.167941],[-64.228622,-10.148842],[-64.242423,-10.097002],[-64.231953,-10.081086],[-64.244327,-10.068808],[-64.243851,-10.049254],[-64.256701,-10.036067],[-64.264791,-10.000597],[-64.340936,-10.000597],[-64.57318,-10.000597],[-64.907744,-10.000597],[-65.166639,-10.000142],[-65.194241,-9.961944],[-65.229935,-9.968765],[-65.248971,-9.961489],[-65.275622,-9.963308],[-65.317502,-9.936933],[-65.333207,-9.944209],[-65.322261,-9.97786],[-65.320833,-10.002871],[-65.3294,-10.043343],[-65.319881,-10.079722],[-65.300369,-10.101095],[-65.300369,-10.139293],[-65.307032,-10.165213],[-65.288947,-10.219782],[-65.306556,-10.249795],[-65.327496,-10.305273],[-65.347484,-10.321644],[-65.391744,-10.374394],[-65.378894,-10.408954],[-65.381274,-10.428962]]]},"properties":{"cod_ibge":"110033","name":"Nova Mamoré","uf":"RO"}},
{"type":"Feature","geometry":{"type":"Polygon","coordinates":[[[-60.333306,-13.257902],[-60.329975,-13.235619],[-60.308083,-13.199695],[-60.3038,-13.178322],[-60.268583,-13.145126],[-60.280481,-13.135577],[-60.277149,-13.11284],[-60.284288,-13.084646],[-60.268583,-13.076006],[-60.241456,-13.038262],[-60.215281,-13.026894],[-60.213853,-13.006885],[-60.183395,-12.967777],[-60.150557,-12.964139],[-60.139611,-12.970051],[-60.117244,-12.959592],[-60.101539,-12.913209],[-60.079171,-12.880922],[-60.082978,-12.852728],[-60.065846,-12.810892],[-60.068225,-12.789974],[-60.062514,-12.757233],[-60.074888,-12.734496],[-60.055851,-12.704937],[-60.065846,-12.694024],[-60.059659,-12.664011],[-60.028725,-12.618537],[-59.98161,-12.592162],[-59.972567,-12.609897],[-59.94782,-12.599438],[-59.895946,-12.536229],[-59.898326,-12.501669],[-59.844072,-12.467108],[-59.842644,-12.424817],[-59.819325,-12.378889],[-59.79315,-12.345693],[-59.779348,-12.3416],[-59.886904,-12.245195],[-59.901657,-12.223822],[-59.910699,-12.186534],[-59.899753,-12.166525],[-59.899753,-12.117413],[-59.923073,-12.094676],[-59.92926,-12.078305],[-59.962097,-12.056478],[-59.969712,-12.032377],[-59.967332,-12.002819],[-59.97114,-11.970077],[-59.986845,-11.960073],[-59.980182,-11.941429],[-59.983989,-11.914599],[-60.006833,-11.89459],[-60.024917,-11.897319],[-60.065846,-11.890952],[-60.088689,-11.862758],[-60.103442,-11.819103],[-60.09678,-11.795457],[-60.112485,-11.759078],[-60.10725,-11.749073],[-60.121527,-11.712239],[-60.122479,-11.682227],[-60.110105,-11.61538],[-60.114864,-11.591279],[-60.093924,-11.56263],[-60.057279,-11.542167],[-60.031104,-11.497147],[-60.017779,-11.496238],[-59.985417,-11.469408],[-59.976375,-11.439395],[-59.952579,-11.436212],[-59.934495,-11.423479],[-59.920693,-11.398014],[-59.925452,-11.361635],[-59.917362,-11.338443],[-59.92688,-11.311159],[-59.959242,-11.294788],[-59.967808,-11.252952],[-59.979706,-11.23931],[-59.981134,-11.20384],[-59.964001,-11.189288],[-59.987796,-11.171099],[-59.994935,-11.148362],[-59.979706,-11.139721],[-59.976851,-11.122441],[-60.032056,-11.127898],[-60.066321,-11.121077],[-60.074888,-11.105161],[-60.096304,-11.110618],[-60.112485,-11.102433],[-60.146274,-11.104252],[-60.176256,-11.098795],[-60.191486,-11.114256],[-60.241456,-11.096976],[-60.280956,-11.091519],[-60.282384,-11.064235],[-60.301421,-11.056959],[-60.341873,-11.082424],[-60.349963,-11.108344],[-60.373283,-11.094247],[-60.391367,-11.093793],[-60.411356,-11.046954],[-60.429916,-11.037405],[-60.459898,-10.989657],[-60.475127,-11.046045],[-60.512724,-11.066508],[-60.514152,-11.091519],[-60.527953,-11.11653],[-60.520339,-11.130172],[-60.519863,-11.168825],[-60.532236,-11.182922],[-60.527953,-11.254316],[-60.500826,-11.283419],[-60.483694,-11.292969],[-60.496543,-11.344355],[-60.487501,-11.36118],[-60.462278,-11.370275],[-60.442766,-11.407109],[-60.438006,-11.446671],[-60.46323,-11.464861],[-60.469416,-11.486688],[-60.438958,-11.495783],[-60.448952,-11.559901],[-60.43991,-11.573089],[-60.437055,-11.610832],[-60.454187,-11.627203],[-60.454663,-11.654033],[-60.446097,-11.671313],[-60.449904,-11.691321],[-60.432296,-11.710421],[-60.45276,-11.7468],[-60.46323,-11.781815],[-60.426109,-11.811373],[-60.386132,-11.86958],[-60.376614,-11.897319],[-60.374711,-11.932788],[-60.353295,-11.946885],[-60.368524,-11.977353],[-60.387084,-11.988722],[-60.365192,-12.071484],[-60.334258,-12.100133],[-60.325692,-12.128327],[-60.311415,-12.150154],[-60.315698,-12.16698],[-60.305228,-12.206542],[-60.308083,-12.243831],[-60.302372,-12.258383],[-60.543658,-12.259747],[-60.649786,-12.261566],[-60.685479,-12.261566],[-60.684527,-12.296581],[-60.720696,-12.334324],[-60.755438,-12.342964],[-60.78542,-12.36752],[-60.809215,-12.375706],[-60.810167,-12.448009],[-60.629798,-12.444826],[-60.635509,-12.490755],[-60.634557,-12.538957],[-60.448476,-12.538957],[-60.448476,-12.611261],[-60.443717,-12.839086],[-60.517007,-12.792702],[-60.535092,-12.793612],[-60.561743,-12.77133],[-60.57364,-12.792702],[-60.586014,-12.849545],[-60.581731,-12.865461],[-60.596484,-12.917756],[-60.589821,-12.935036],[-60.612665,-12.992333],[-60.591725,-12.968232],[-60.571261,-12.986422],[-60.552225,-12.959137],[-60.504634,-12.967777],[-60.473224,-12.9987],[-60.437055,-13.002792],[-60.420398,-13.01507],[-60.416115,-13.045993],[-60.379946,-13.089648],[-60.370427,-13.092376],[-60.346156,-13.122844],[-60.347108,-13.151947],[-60.356626,-13.197876],[-60.333306,-13.257902]]]},"properties":{"cod_ibge":"110030","name":"Vilhena","uf":"RO"}},
{"type":"Feature","geometry":{"type":"Polygon","coordinates":[[[-61.675846,-12.429365],[-61.691075,-12.399352],[-61.716774,-12.381162],[-61.726292,-12.35979],[-61.725816,-12.331596],[-61.753419,-12.274753],[-61.740569,-12.251561],[-61.747708,-12.199266],[-61.774359,-12.150609],[-61.800058,-12.119687],[-61.804817,-12.097859],[-61.835751,-12.070575],[-61.83242,-12.021463],[-61.842414,-11.990541],[-61.870017,-11.984629],[-61.888577,-11.96553],[-61.901903,-11.96553],[-61.929981,-11.985538],[-61.929505,-12.087855],[-61.968054,-12.0874],[-61.96853,-12.134238],[-62.00803,-12.133784],[-62.00803,-12.269296],[-62.000416,-12.269296],[-62.000416,-12.456195],[-62.000416,-12.792248],[-62.019452,-12.820896],[-62.027543,-12.889107],[-62.040392,-12.907752],[-62.071326,-12.907297],[-62.092266,-12.914573],[-62.104164,-12.947769],[-62.160797,-12.980055],[-62.165556,-13.004157],[-62.193635,-13.028713],[-62.237894,-13.045538],[-62.251696,-13.078279],[-62.320703,-13.101926],[-62.319751,-13.080553],[-62.356872,-13.083281],[-62.387806,-13.106928],[-62.410649,-13.107383],[-62.417788,-13.118751],[-62.397324,-13.13012],[-62.352113,-13.143307],[-62.316895,-13.134667],[-62.299287,-13.150583],[-62.284534,-13.141943],[-62.267877,-13.149219],[-62.245985,-13.145126],[-62.245033,-13.121025],[-62.214575,-13.111475],[-62.201249,-13.124663],[-62.190779,-13.153766],[-62.169364,-13.134212],[-62.142713,-13.161042],[-62.11511,-13.16377],[-62.108447,-13.181505],[-62.081796,-13.156495],[-62.057525,-13.148764],[-62.020404,-13.109656],[-62.011362,-13.081462],[-61.988518,-13.040536],[-61.959012,-12.996426],[-61.927126,-12.981874],[-61.915704,-12.969142],[-61.915228,-12.940948],[-61.899999,-12.930943],[-61.893336,-12.905933],[-61.896668,-12.882741],[-61.881439,-12.859549],[-61.855739,-12.862278],[-61.825281,-12.846362],[-61.814811,-12.827263],[-61.762937,-12.808164],[-61.755799,-12.796795],[-61.719154,-12.774967],[-61.680605,-12.7445],[-61.63349,-12.728584],[-61.596369,-12.705847],[-61.562579,-12.693569],[-61.537832,-12.661282],[-61.541639,-12.650369],[-61.52641,-12.617173],[-61.534025,-12.568061],[-61.527838,-12.537593],[-61.549254,-12.507125],[-61.554965,-12.478477],[-61.565911,-12.467563],[-61.588279,-12.47211],[-61.612074,-12.459832],[-61.631586,-12.461651],[-61.639677,-12.448464],[-61.675846,-12.429365]]]},"properties":{"cod_ibge":"110037","name":"Alto Alegre dos Parecis","uf":"RO"}},
{"type":"Feature","geometry":{"type":"Polygon","coordinates":[[[-62.477753,-11.574908],[-62.464903,-11.599919],[-62.4373,-11.610832],[-62.411125,-11.566268],[-62.381143,-11.560811],[-62.369721,-11.537619],[-62.346402,-11.523977],[-62.321654,-11.496693],[-62.29072,-11.448035],[-62.275967,-11.438031],[-62.239798,-11.428936],[-62.21743,-11.434848],[-62.183641,-11.432574],[-62.173171,-11.418477],[-62.140809,-11.392557],[-62.119869,-11.368456],[-62.105116,-11.303883],[-62.093218,-11.295697],[-62.110351,-11.28251],[-62.137954,-11.297516],[-62.143664,-11.280691],[-62.182689,-11.282965],[-62.164604,-11.2384],[-62.148899,-11.229305],[-62.139381,-11.207932],[-62.120821,-11.197928],[-62.149851,-11.151545],[-62.146044,-11.115165],[-62.164129,-11.09834],[-62.159369,-11.067872],[-62.173171,-11.071965],[-62.195063,-11.057868],[-62.21743,-11.076513],[-62.214099,-11.091519],[-62.238846,-11.10789],[-62.265021,-11.172463],[-62.445391,-11.176555],[-62.584356,-11.224758],[-62.691436,-11.129717],[-62.72237,-11.141086],[-62.736171,-11.165642],[-62.77234,-11.192471],[-62.796612,-11.196564],[-62.81422,-11.187469],[-62.836588,-11.201111],[-62.858956,-11.192926],[-62.887986,-11.211116],[-62.906071,-11.20384],[-62.938908,-11.208387],[-62.968415,-11.199747],[-63.000301,-11.201111],[-63.022193,-11.183377],[-63.051223,-11.181103],[-63.112615,-11.194745],[-63.118326,-11.162004],[-63.129748,-11.145178],[-63.155447,-11.086972],[-63.196375,-11.082424],[-63.195423,-11.103342],[-63.171628,-11.11653],[-63.153543,-11.113347],[-63.139266,-11.129262],[-63.149736,-11.160185],[-63.14117,-11.197019],[-63.114043,-11.212935],[-63.110712,-11.235672],[-63.118326,-11.257044],[-63.105477,-11.275689],[-63.095958,-11.312523],[-63.102145,-11.332986],[-63.085013,-11.356633],[-63.045512,-11.337988],[-63.007915,-11.345264],[-62.972222,-11.345719],[-62.959848,-11.357087],[-62.93986,-11.354814],[-62.902263,-11.320253],[-62.838016,-11.303428],[-62.82469,-11.334805],[-62.802798,-11.337079],[-62.798515,-11.355268],[-62.775672,-11.386191],[-62.73284,-11.394376],[-62.728081,-11.412566],[-62.754732,-11.43985],[-62.745213,-11.448035],[-62.712852,-11.447126],[-62.694767,-11.432574],[-62.669068,-11.433938],[-62.640038,-11.443488],[-62.599585,-11.484869],[-62.555326,-11.468499],[-62.527247,-11.477139],[-62.508687,-11.50033],[-62.505831,-11.51943],[-62.48965,-11.5358],[-62.477753,-11.574908]]]},"properties":{"cod_ibge":"110034","name":"Alvorada D'Oeste","uf":"RO"}},
{"type":"Feature","geometry":{"type":"Polygon","coordinates":[[[-63.756996,-9.395338],[-63.49715,-9.414437],[-63.325822,-9.428534],[-63.306786,-9.401249],[-63.307738,-9.371237],[-63.293937,-9.368508],[-63.309642,-9.340314],[-63.30869,-9.318032],[-63.320587,-9.289838],[-63.354853,-9.272558],[-63.395781,-9.275286],[-63.404347,-9.253914],[-63.40292,-9.218899],[-63.394829,-9.197526],[-63.433378,-9.189795],[-63.458125,-9.191614],[-63.450987,-9.156144],[-63.490963,-9.13841],[-63.513807,-9.133862],[-63.513807,-9.111125],[-63.529987,-9.080657],[-63.512379,-9.068834],[-63.479541,-9.019722],[-63.449559,-9.005171],[-63.427191,-9.058375],[-63.445752,-9.089298],[-63.395781,-9.094754],[-63.355805,-9.064287],[-63.36104,-9.045188],[-63.324871,-8.991074],[-63.331057,-8.936505],[-63.302503,-8.910585],[-63.318208,-8.895578],[-63.317256,-8.867839],[-63.297744,-8.871477],[-63.268713,-8.89285],[-63.263478,-8.930593],[-63.244442,-8.939233],[-63.232068,-8.957423],[-63.21208,-8.967427],[-63.202086,-8.985162],[-63.209701,-9.000623],[-62.990783,-9.000168],[-62.981264,-8.981979],[-62.95271,-8.969701],[-62.926059,-8.921498],[-62.901788,-8.931048],[-62.888462,-8.921498],[-62.864667,-8.931048],[-62.849438,-8.90922],[-62.821835,-8.891486],[-62.811365,-8.839645],[-62.790425,-8.825548],[-62.792804,-8.794171],[-62.76425,-8.798264],[-62.756159,-8.780074],[-62.767581,-8.76052],[-62.753304,-8.75279],[-62.768057,-8.733691],[-62.757587,-8.724141],[-62.755683,-8.684579],[-62.735695,-8.675029],[-62.73284,-8.657749],[-62.745689,-8.628191],[-62.744738,-8.61273],[-62.773768,-8.588174],[-62.769009,-8.564073],[-62.783286,-8.558161],[-62.795184,-8.578624],[-62.81422,-8.561799],[-62.820407,-8.539517],[-62.843727,-8.507685],[-62.822311,-8.500409],[-63.194948,-8.500409],[-63.450511,-8.500409],[-63.451938,-8.514961],[-63.482397,-8.558616],[-63.472878,-8.569984],[-63.452414,-8.570439],[-63.459077,-8.595904],[-63.511903,-8.608637],[-63.533319,-8.645471],[-63.564729,-8.627281],[-63.560446,-8.658659],[-63.59138,-8.684579],[-63.650392,-8.706406],[-63.69608,-8.715956],[-63.687037,-8.731417],[-63.720827,-8.776436],[-63.699411,-8.804175],[-63.70655,-8.820546],[-63.744147,-8.834188],[-63.751285,-8.872386],[-63.744147,-8.895578],[-63.748906,-8.959697],[-63.755568,-8.982434],[-63.786978,-9.012446],[-63.796972,-9.047007],[-63.776984,-9.062468],[-63.792689,-9.106123],[-63.794593,-9.12886],[-63.776984,-9.139319],[-63.786027,-9.179336],[-63.771749,-9.202983],[-63.780792,-9.248002],[-63.766514,-9.279379],[-63.781267,-9.309392],[-63.784599,-9.333948],[-63.775557,-9.377603],[-63.756996,-9.395338]]]},"properties":{"cod_ibge":"110080","name":"Candeias do Jamari","uf":"RO"}},
{"type":"Feature","geometry":{"type":"Polygon","coordinates":[[[-62.549139,-11.066054],[-62.602917,-11.000571],[-62.717135,-10.878246],[-62.891318,-11.030584],[-62.93177,-11.033767],[-62.969367,-11.030584],[-63.006963,-11.040133],[-63.043133,-11.038314],[-63.066452,-11.059687],[-63.092627,-11.053776],[-63.11785,-11.070601],[-63.142598,-11.07151],[-63.180194,-11.066054],[-63.196375,-11.082424],[-63.155447,-11.086972],[-63.129748,-11.145178],[-63.118326,-11.162004],[-63.112615,-11.194745],[-63.051223,-11.181103],[-63.022193,-11.183377],[-63.000301,-11.201111],[-62.968415,-11.199747],[-62.938908,-11.208387],[-62.906071,-11.20384],[-62.887986,-11.211116],[-62.858956,-11.192926],[-62.836588,-11.201111],[-62.81422,-11.187469],[-62.796612,-11.196564],[-62.77234,-11.192471],[-62.736171,-11.165642],[-62.72237,-11.141086],[-62.691436,-11.129717],[-62.661929,-11.109254],[-62.666688,-11.086062],[-62.643369,-11.075148],[-62.618146,-11.089245],[-62.587688,-11.062416],[-62.572934,-11.084698],[-62.549139,-11.066054]]]},"properties":{"cod_ibge":"110130","name":"Mirante da Serra","uf":"RO"}},
{"type":"Feature","geometry":{"type":"Polygon","coordinates":[[[-62.417788,-13.118751],[-62.410649,-13.107383],[-62.387806,-13.106928],[-62.356872,-13.083281],[-62.319751,-13.080553],[-62.320703,-13.101926],[-62.251696,-13.078279],[-62.237894,-13.045538],[-62.193635,-13.028713],[-62.165556,-13.004157],[-62.160797,-12.980055],[-62.104164,-12.947769],[-62.092266,-12.914573],[-62.071326,-12.907297],[-62.040392,-12.907752],[-62.027543,-12.889107],[-62.019452,-12.820896],[-62.000416,-12.792248],[-62.000416,-12.456195],[-62.000416,-12.269296],[-62.00803,-12.269296],[-62.00803,-12.133784],[-61.96853,-12.134238],[-61.968054,-12.0874],[-61.929505,-12.087855],[-61.929981,-11.985538],[-61.901903,-11.96553],[-61.888577,-11.96553],[-61.890481,-11.906868],[-61.900475,-11.891862],[-61.919035,-11.890498],[-61.920939,-11.866851],[-61.932837,-11.862758],[-62.007079,-11.868215],[-62.015645,-11.858666],[-62.050386,-11.867306],[-62.073706,-11.87731],[-62.087031,-11.870944],[-62.092266,-11.839567],[-62.119869,-11.84275],[-62.149375,-11.86003],[-62.174123,-11.854573],[-62.189352,-11.827743],[-62.206484,-11.831836],[-62.232659,-11.908687],[-62.24884,-11.900502],[-62.267877,-11.905959],[-62.291672,-11.899138],[-62.325462,-11.900502],[-62.399228,-11.910506],[-62.408746,-11.926422],[-62.435397,-11.940519],[-62.453005,-11.968713],[-62.480608,-11.987812],[-62.496313,-12.007366],[-62.512494,-12.008275],[-62.545332,-12.047838],[-62.577693,-12.07012],[-62.59673,-12.072394],[-62.611007,-12.086036],[-62.614814,-12.119687],[-62.602917,-12.150154],[-62.609103,-12.194264],[-62.625284,-12.207906],[-62.642417,-12.23701],[-62.620525,-12.254745],[-62.592923,-12.249288],[-62.576266,-12.267477],[-62.519157,-12.282939],[-62.485367,-12.302038],[-62.468234,-12.299309],[-62.417788,-12.32432],[-62.394468,-12.343419],[-62.363534,-12.338872],[-62.300714,-12.316589],[-62.291196,-12.318863],[-62.255027,-12.390257],[-62.252172,-12.422544],[-62.264069,-12.427546],[-62.258834,-12.450738],[-62.275015,-12.47302],[-62.267877,-12.509854],[-62.326414,-12.573518],[-62.360203,-12.598528],[-62.367818,-12.621265],[-62.399703,-12.660373],[-62.42683,-12.710394],[-62.452053,-12.727675],[-62.462999,-12.746774],[-62.499644,-12.754504],[-62.517729,-12.782698],[-62.522012,-12.809528],[-62.547711,-12.796795],[-62.560085,-12.810437],[-62.578169,-12.809982],[-62.594826,-12.838176],[-62.622905,-12.871827],[-62.644797,-12.882286],[-62.64908,-12.899566],[-62.665261,-12.906387],[-62.694291,-12.902295],[-62.703333,-12.920939],[-62.729033,-12.925941],[-62.734268,-12.891836],[-62.759491,-12.873191],[-62.767581,-12.88365],[-62.788997,-12.873646],[-62.842775,-12.863642],[-62.865618,-12.879103],[-62.892269,-12.85864],[-62.894173,-12.873191],[-62.870378,-12.91048],[-62.803274,-12.94504],[-62.808985,-12.96232],[-62.794232,-12.995062],[-62.779003,-13.009613],[-62.733792,-13.021891],[-62.725225,-13.001428],[-62.698574,-13.002792],[-62.674779,-12.990969],[-62.660502,-12.969596],[-62.645273,-12.974598],[-62.629092,-12.995971],[-62.632899,-13.010523],[-62.614338,-13.026439],[-62.612435,-13.041445],[-62.547235,-13.074187],[-62.523916,-13.065547],[-62.5025,-13.083281],[-62.486319,-13.077825],[-62.443011,-13.080098],[-62.417788,-13.118751]]]},"properties":{"cod_ibge":"110001","name":"Alta Floresta D'Oeste","uf":"RO"}},
{"type":"Feature","geometry":{"type":"Polygon","coordinates":[[[-61.211835,-11.528979],[-61.189943,-11.510335],[-61.172334,-11.51079],[-61.153774,-11.498057],[-61.127123,-11.493509],[-61.10999,-11.462587],[-61.082863,-11.438031],[-61.067158,-11.447581],[-61.056688,-11.424844],[-61.037652,-11.415294],[-61.018615,-11.418023],[-61.001007,-11.398469],[-61.000531,-10.992386],[-61.428849,-10.987383],[-61.426945,-11.113801],[-61.500711,-11.114256],[-61.501187,-11.333441],[-61.742473,-11.333441],[-61.740569,-11.346174],[-61.755323,-11.37846],[-61.787209,-11.402561],[-61.795775,-11.398014],[-61.785305,-11.408473],[-61.738666,-11.41302],[-61.727244,-11.466225],[-61.716298,-11.463042],[-61.716774,-11.511699],[-61.687744,-11.532617],[-61.68346,-11.546259],[-61.649195,-11.560811],[-61.630634,-11.560811],[-61.614454,-11.584003],[-61.566863,-11.603102],[-61.548778,-11.619018],[-61.352704,-11.617653],[-61.350324,-11.604921],[-61.36936,-11.582638],[-61.371264,-11.510335],[-61.355083,-11.504423],[-61.315107,-11.508061],[-61.293691,-11.498057],[-61.240389,-11.528524],[-61.211835,-11.528979]]]},"properties":{"cod_ibge":"110004","name":"Cacoal","uf":"RO"}},
{"type":"Feature","geometry":{"type":"Polygon","coordinates":[[[-60.743064,-13.122389],[-60.762576,-13.131029],[-60.80398,-13.118751],[-60.851571,-13.096924],[-60.874891,-13.111475],[-60.932952,-13.121934],[-60.96341,-13.135577],[-61.001483,-13.105109],[-61.0367,-13.121934],[-61.064303,-13.123753],[-61.113321,-13.115568],[-61.140448,-13.116932],[-61.181376,-13.110111],[-61.205648,-13.087829],[-61.254666,-13.081917],[-61.271799,-13.06873],[-61.29845,-13.06873],[-61.316535,-13.055542],[-61.359842,-13.040991],[-61.378403,-13.044628],[-61.43456,-13.011887],[-61.479771,-13.011432],[-61.501187,-13.004157],[-61.504519,-13.020072],[-61.524507,-13.038262],[-61.575429,-13.023256],[-61.600176,-13.040081],[-61.640153,-13.058271],[-61.624448,-13.09465],[-61.635869,-13.151947],[-61.668231,-13.182415],[-61.700117,-13.194238],[-61.720105,-13.20879],[-61.755323,-13.209244],[-61.785781,-13.196966],[-61.830992,-13.204697],[-61.906186,-13.266996],[-61.887625,-13.293371],[-61.853836,-13.289279],[-61.801962,-13.299283],[-61.771979,-13.287915],[-61.755799,-13.262449],[-61.69631,-13.271089],[-61.671087,-13.293371],[-61.643008,-13.300647],[-61.608743,-13.293371],[-61.592086,-13.302921],[-61.540212,-13.281548],[-61.496428,-13.285186],[-61.486434,-13.262449],[-61.473584,-13.256537],[-61.436939,-13.261085],[-61.407433,-13.232436],[-61.36127,-13.228344],[-61.367457,-13.294736],[-61.35889,-13.354307],[-61.353655,-13.363856],[-61.03908,-13.361582],[-61.038604,-13.245169],[-60.95056,-13.247897],[-60.95056,-13.326567],[-60.809215,-13.326113],[-60.774474,-13.33066],[-60.741636,-13.324748],[-60.718317,-13.315654],[-60.72022,-13.284731],[-60.729739,-13.263359],[-60.725455,-13.248352],[-60.739257,-13.214247],[-60.738781,-13.190145],[-60.725931,-13.140579],[-60.743064,-13.122389]]]},"properties":{"cod_ibge":"110005","name":"Cerejeiras","uf":"RO"}},
{"type":"Feature","geometry":{"type":"Polygon","coordinates":[[[-63.597091,-10.000597],[-63.355329,-10.000597],[-63.113091,-10.000597],[-63.114519,-10.020151],[-63.12832,-10.051983],[-63.145929,-10.072901],[-63.146405,-10.096093],[-63.158303,-10.112008],[-63.19114,-10.133836],[-63.209225,-10.167032],[-62.832305,-10.167487],[-62.830877,-10.174763],[-62.769009,-10.220691],[-62.741406,-10.244793],[-62.71999,-10.250249],[-62.670496,-10.287538],[-62.67002,-10.287993],[-62.61767,-10.195226],[-62.59673,-10.189314],[-62.580073,-10.119284],[-62.571507,-10.066534],[-62.561513,-10.055166],[-62.534386,-10.051983],[-62.52106,-10.007418],[-62.509638,-9.99514],[-62.504403,-9.965127],[-62.468234,-9.938298],[-62.453481,-9.906011],[-62.453005,-9.857809],[-62.445391,-9.81961],[-62.423023,-9.805968],[-62.422547,-9.804604],[-62.435873,-9.780503],[-62.495361,-9.771863],[-62.536289,-9.7323],[-62.55485,-9.67091],[-62.569603,-9.69865],[-62.584356,-9.703652],[-62.582928,-9.722751],[-62.610055,-9.735938],[-62.630043,-9.769134],[-62.656694,-9.784141],[-62.660978,-9.811425],[-62.677158,-9.843257],[-62.730936,-9.822794],[-62.748069,-9.809606],[-62.796136,-9.800511],[-62.807082,-9.779593],[-62.837064,-9.750945],[-63.101669,-9.752764],[-63.090248,-9.782322],[-63.232544,-9.787324],[-63.288702,-9.79369],[-63.292033,-9.833253],[-63.499053,-9.833253],[-63.499053,-9.714565],[-63.567108,-9.71593],[-63.562825,-9.744578],[-63.580434,-9.790962],[-63.582337,-9.840983],[-63.589,-9.851897],[-63.579006,-9.876453],[-63.616127,-9.932841],[-63.615651,-9.966037],[-63.597091,-10.000597]]]},"properties":{"cod_ibge":"110002","name":"Ariquemes","uf":"RO"}},
{"type":"Feature","geometry":{"type":"Polygon","coordinates":[[[-60.371855,-13.318382],[-60.704991,-13.324748],[-60.718793,-13.39205],[-60.768763,-13.39296],[-60.801601,-13.446619],[-60.833011,-13.482998],[-60.846812,-13.516194],[-60.871084,-13.546662],[-60.893451,-13.557576],[-60.91915,-13.548481],[-60.924861,-13.557121],[-60.909156,-13.58486],[-60.893927,-13.593955],[-60.87965,-13.617601],[-60.844909,-13.631698],[-60.828728,-13.629424],[-60.810167,-13.655345],[-60.770667,-13.664894],[-60.769715,-13.683993],[-60.709275,-13.693088],[-60.714034,-13.675808],[-60.686431,-13.638974],[-60.685955,-13.625332],[-60.645503,-13.593045],[-60.624087,-13.568944],[-60.600291,-13.572582],[-60.577448,-13.565306],[-60.535568,-13.537112],[-60.53176,-13.518013],[-60.51082,-13.503461],[-60.465609,-13.48891],[-60.451332,-13.493002],[-60.430392,-13.482089],[-60.411356,-13.461625],[-60.388036,-13.454804],[-60.373283,-13.412513],[-60.37947,-13.375225],[-60.371379,-13.367494],[-60.366144,-13.332024],[-60.371855,-13.318382]]]},"properties":{"cod_ibge":"110003","name":"Cabixi","uf":"RO"}},
{"type":"Feature","geometry":{"type":"Polygon","coordinates":[[[-64.594596,-12.215637],[-64.568421,-12.21973],[-64.55224,-12.242012],[-64.51274,-12.222913],[-64.503221,-12.235191],[-64.492751,-12.291124],[-64.501318,-12.331596],[-64.513216,-12.343874],[-64.499414,-12.36752],[-64.461817,-12.38571],[-64.449444,-12.407083],[-64.406136,-12.4471],[-64.34522,-12.459832],[-64.294773,-12.458014],[-64.299056,-12.490755],[-64.284303,-12.503033],[-64.234333,-12.455285],[-64.171513,-12.470292],[-64.173892,-12.500759],[-64.164374,-12.514401],[-64.146766,-12.501669],[-64.130109,-12.477113],[-64.115356,-12.503942],[-64.095843,-12.484388],[-64.082042,-12.501214],[-64.056819,-12.492119],[-64.040162,-12.515311],[-63.991143,-12.505307],[-63.963541,-12.529862],[-63.939745,-12.526679],[-63.897865,-12.49985],[-63.900721,-12.483024],[-63.873118,-12.4471],[-63.834093,-12.46347],[-63.805063,-12.448464],[-63.786502,-12.428001],[-63.76699,-12.441188],[-63.733677,-12.43846],[-63.684658,-12.453011],[-63.650392,-12.444371],[-63.628501,-12.425272],[-63.623742,-12.403445],[-63.651344,-12.350695],[-63.648013,-12.334324],[-63.714164,-12.334324],[-63.743195,-12.292033],[-63.749857,-12.239738],[-63.768418,-12.228824],[-63.786027,-12.192445],[-63.798876,-12.198357],[-63.847419,-12.1929],[-63.851226,-12.18426],[-63.905004,-12.185624],[-63.937366,-12.217911],[-63.969252,-12.215182],[-64.03112,-12.224732],[-64.051584,-12.21882],[-64.085373,-12.185624],[-64.059674,-12.175165],[-64.058722,-12.160613],[-64.034451,-12.151973],[-63.994951,-12.08831],[-64.000186,-12.060571],[-63.991143,-12.026465],[-63.964492,-12.011459],[-63.946408,-11.980991],[-63.900245,-11.966439],[-63.873118,-11.942793],[-63.858365,-11.920965],[-63.863124,-11.893681],[-63.848371,-11.871853],[-63.825051,-11.870944],[-63.818388,-11.8332],[-63.78793,-11.838657],[-63.58091,-11.839112],[-63.606609,-11.800459],[-63.585193,-11.773629],[-63.549976,-11.757713],[-63.546644,-11.727246],[-63.576151,-11.713149],[-63.652296,-11.689957],[-63.679899,-11.644483],[-63.706074,-11.65085],[-63.723207,-11.640845],[-63.762231,-11.665856],[-63.776508,-11.661309],[-63.820768,-11.674041],[-63.849322,-11.693595],[-63.880732,-11.72861],[-63.905004,-11.719515],[-63.925944,-11.730429],[-63.954498,-11.730884],[-64.019222,-11.763625],[-64.024933,-11.74589],[-64.064909,-11.770901],[-64.077283,-11.770446],[-64.110121,-11.807735],[-64.122018,-11.848662],[-64.134868,-11.863668],[-64.144862,-11.895955],[-64.160091,-11.912325],[-64.203875,-11.909597],[-64.225767,-11.932788],[-64.257652,-11.954616],[-64.239568,-11.973715],[-64.258604,-11.99145],[-64.285731,-11.996452],[-64.305243,-12.016915],[-64.319521,-12.008275],[-64.373298,-12.056478],[-64.383292,-12.108773],[-64.398046,-12.105135],[-64.422793,-12.115139],[-64.448968,-12.150154],[-64.447064,-12.172437],[-64.487516,-12.208361],[-64.500842,-12.194719],[-64.516071,-12.212454],[-64.539391,-12.215182],[-64.553192,-12.181077],[-64.586981,-12.185169],[-64.594596,-12.215637]]]},"properties":{"cod_ibge":"110008","name":"Costa Marques","uf":"RO"}},
{"type":"Feature","geometry":{"type":"Polygon","coordinates":[[[-61.211835,-11.528979],[-60.925337,-11.747254],[-60.918675,-11.726336],[-60.894403,-11.721334],[-60.843481,-11.721789],[-60.822065,-11.698143],[-60.78304,-11.699961],[-60.761149,-11.708602],[-60.733546,-11.694959],[-60.671678,-11.694959],[-60.639792,-11.64994],[-60.590297,-11.620837],[-60.592677,-11.589005],[-60.576972,-11.584457],[-60.564122,-11.560811],[-60.542706,-11.550352],[-60.522242,-11.494419],[-60.511772,-11.478958],[-60.491308,-11.48305],[-60.46323,-11.464861],[-60.438006,-11.446671],[-60.442766,-11.407109],[-60.462278,-11.370275],[-60.487501,-11.36118],[-60.496543,-11.344355],[-60.483694,-11.292969],[-60.500826,-11.283419],[-60.527953,-11.254316],[-60.532236,-11.182922],[-60.519863,-11.168825],[-60.520339,-11.130172],[-60.527953,-11.11653],[-60.514152,-11.091519],[-60.512724,-11.066508],[-60.475127,-11.046045],[-60.459898,-10.989657],[-60.795414,-10.989202],[-61.000531,-10.988293],[-61.000531,-10.992386],[-61.001007,-11.398469],[-61.018615,-11.418023],[-61.037652,-11.415294],[-61.056688,-11.424844],[-61.067158,-11.447581],[-61.082863,-11.438031],[-61.10999,-11.462587],[-61.127123,-11.493509],[-61.153774,-11.498057],[-61.172334,-11.51079],[-61.189943,-11.510335],[-61.211835,-11.528979]]]},"properties":{"cod_ibge":"110009","name":"Espigão D'Oeste","uf":"RO"}},
{"type":"Feature","geometry":{"type":"Polygon","coordinates":[[[-60.333306,-13.257902],[-60.356626,-13.197876],[-60.347108,-13.151947],[-60.346156,-13.122844],[-60.370427,-13.092376],[-60.379946,-13.089648],[-60.416115,-13.045993],[-60.420398,-13.01507],[-60.437055,-13.002792],[-60.473224,-12.9987],[-60.504634,-12.967777],[-60.552225,-12.959137],[-60.571261,-12.986422],[-60.591725,-12.968232],[-60.612665,-12.992333],[-60.628846,-12.972325],[-60.652165,-12.98142],[-60.670726,-12.994152],[-60.703564,-12.994607],[-60.710226,-13.026894],[-60.737829,-13.043264],[-60.741636,-13.062363],[-60.728787,-13.080553],[-60.743064,-13.122389],[-60.725931,-13.140579],[-60.738781,-13.190145],[-60.739257,-13.214247],[-60.725455,-13.248352],[-60.729739,-13.263359],[-60.72022,-13.284731],[-60.718317,-13.315654],[-60.741636,-13.324748],[-60.704991,-13.324748],[-60.371855,-13.318382],[-60.351867,-13.291552],[-60.351867,-13.272908],[-60.333306,-13.257902]]]},"properties":{"cod_ibge":"110006","name":"Colorado do Oeste","uf":"RO"}},
{"type":"Feature","geometry":{"type":"Polygon","coordinates":[[[-61.501187,-13.004157],[-61.479771,-13.011432],[-61.43456,-13.011887],[-61.378403,-13.044628],[-61.359842,-13.040991],[-61.316535,-13.055542],[-61.29845,-13.06873],[-61.271799,-13.06873],[-61.254666,-13.081917],[-61.205648,-13.087829],[-61.181376,-13.110111],[-61.140448,-13.116932],[-61.113321,-13.115568],[-61.064303,-13.123753],[-61.0367,-13.121934],[-61.001483,-13.105109],[-60.96341,-13.135577],[-60.932952,-13.121934],[-60.874891,-13.111475],[-60.851571,-13.096924],[-60.80398,-13.118751],[-60.762576,-13.131029],[-60.743064,-13.122389],[-60.728787,-13.080553],[-60.741636,-13.062363],[-60.737829,-13.043264],[-60.710226,-13.026894],[-60.703564,-12.994607],[-60.670726,-12.994152],[-60.652165,-12.98142],[-60.643123,-12.947314],[-60.649786,-12.930943],[-60.645503,-12.903204],[-60.65978,-12.856821],[-60.690714,-12.831355],[-60.705467,-12.832265],[-60.73069,-12.812711],[-60.760673,-12.826353],[-60.78542,-12.847271],[-60.790655,-12.815439],[-60.815402,-12.819987],[-60.828252,-12.806799],[-60.873463,-12.837267],[-60.899638,-12.846362],[-60.930572,-12.890017],[-60.937235,-12.916392],[-60.970549,-12.938219],[-60.972928,-12.908206],[-60.985302,-12.888653],[-60.972928,-12.855457],[-60.980067,-12.844088],[-60.967217,-12.823625],[-60.966741,-12.784062],[-60.98435,-12.750412],[-61.017664,-12.766782],[-61.043839,-12.747683],[-61.056212,-12.705847],[-61.079056,-12.702209],[-61.093333,-12.715397],[-61.124743,-12.727675],[-61.167575,-12.732222],[-61.167575,-12.75314],[-61.19137,-12.763144],[-61.199937,-12.748593],[-61.231347,-12.745864],[-61.234678,-12.732677],[-61.297498,-12.720853],[-61.344613,-12.692205],[-61.348896,-12.670377],[-61.336523,-12.65719],[-61.33795,-12.626722],[-61.35889,-12.64764],[-61.367933,-12.670832],[-61.386017,-12.677198],[-61.372216,-12.714942],[-61.38221,-12.721763],[-61.425518,-12.730403],[-61.442174,-12.767237],[-61.442174,-12.795431],[-61.469301,-12.843633],[-61.460735,-12.861823],[-61.470253,-12.896838],[-61.488814,-12.916846],[-61.492145,-12.940038],[-61.507374,-12.96323],[-61.515464,-12.993243],[-61.501187,-13.004157]]]},"properties":{"cod_ibge":"110007","name":"Corumbiara","uf":"RO"}},
{"type":"Feature","geometry":{"type":"Polygon","coordinates":[[[-61.33795,-12.626722],[-61.336523,-12.65719],[-61.348896,-12.670377],[-61.344613,-12.692205],[-61.297498,-12.720853],[-61.234678,-12.732677],[-61.231347,-12.745864],[-61.199937,-12.748593],[-61.19137,-12.763144],[-61.167575,-12.75314],[-61.167575,-12.732222],[-61.124743,-12.727675],[-61.093333,-12.715397],[-61.079056,-12.702209],[-61.056212,-12.705847],[-61.043839,-12.747683],[-61.017664,-12.766782],[-60.98435,-12.750412],[-60.966741,-12.784062],[-60.967217,-12.823625],[-60.980067,-12.844088],[-60.972928,-12.855457],[-60.985302,-12.888653],[-60.972928,-12.908206],[-60.970549,-12.938219],[-60.937235,-12.916392],[-60.930572,-12.890017],[-60.899638,-12.846362],[-60.873463,-12.837267],[-60.828252,-12.806799],[-60.815402,-12.819987],[-60.790655,-12.815439],[-60.78542,-12.847271],[-60.760673,-12.826353],[-60.73069,-12.812711],[-60.705467,-12.832265],[-60.690714,-12.831355],[-60.65978,-12.856821],[-60.645503,-12.903204],[-60.649786,-12.930943],[-60.643123,-12.947314],[-60.652165,-12.98142],[-60.628846,-12.972325],[-60.612665,-12.992333],[-60.589821,-12.935036],[-60.596484,-12.917756],[-60.581731,-12.865461],[-60.586014,-12.849545],[-60.57364,-12.792702],[-60.561743,-12.77133],[-60.535092,-12.793612],[-60.517007,-12.792702],[-60.443717,-12.839086],[-60.448476,-12.611261],[-60.448476,-12.538957],[-60.634557,-12.538957],[-60.635509,-12.490755],[-60.629798,-12.444826],[-60.810167,-12.448009],[-60.809215,-12.375706],[-60.78542,-12.36752],[-60.755438,-12.342964],[-60.720696,-12.334324],[-60.684527,-12.296581],[-60.685479,-12.261566],[-60.649786,-12.261566],[-60.67263,-12.252926],[-60.709275,-12.182896],[-60.713082,-12.16607],[-61.1809,-12.16698],[-61.198509,-12.21973],[-61.185184,-12.273844],[-61.189467,-12.286122],[-61.1809,-12.312042],[-61.193274,-12.344328],[-61.21469,-12.35888],[-61.253715,-12.443462],[-61.277986,-12.477113],[-61.294167,-12.520313],[-61.304637,-12.526225],[-61.315583,-12.565332],[-61.328908,-12.580339],[-61.342234,-12.626267],[-61.33795,-12.626722]]]},"properties":{"cod_ibge":"110092","name":"Chupinguaia","uf":"RO"}},
{"type":"Feature","geometry":{"type":"Polygon","coordinates":[[[-61.9138,-11.584912],[-61.614454,-11.584003],[-61.630634,-11.560811],[-61.649195,-11.560811],[-61.68346,-11.546259],[-61.687744,-11.532617],[-61.716774,-11.511699],[-61.716298,-11.463042],[-61.727244,-11.466225],[-61.738666,-11.41302],[-61.785305,-11.408473],[-61.795775,-11.398014],[-61.822426,-11.381643],[-61.834799,-11.384372],[-61.860023,-11.368911],[-61.883342,-11.332986],[-61.894764,-11.327984],[-61.918084,-11.292514],[-61.952349,-11.29024],[-61.993753,-11.333896],[-61.997084,-11.347993],[-62.019928,-11.373458],[-62.021356,-11.39665],[-62.040868,-11.43121],[-62.078465,-11.458949],[-62.086079,-11.50033],[-62.000416,-11.50033],[-62.001368,-11.585367],[-61.9138,-11.584912]]]},"properties":{"cod_ibge":"110090","name":"Castanheiras","uf":"RO"}},
{"type":"Feature","geometry":{"type":"Polygon","coordinates":[[[-63.076922,-9.524939],[-63.000777,-9.526303],[-62.754256,-9.525848],[-62.422547,-9.524939],[-62.42683,-9.492652],[-62.407794,-9.414892],[-62.385426,-9.393519],[-62.388282,-9.369872],[-62.372577,-9.366234],[-62.359727,-9.3485],[-62.335456,-9.350773],[-62.307377,-9.305299],[-62.314992,-9.298933],[-62.335932,-9.216625],[-62.327841,-9.154325],[-62.327841,-9.112489],[-62.337359,-9.067925],[-62.3326,-9.056102],[-62.337835,-9.019268],[-62.349733,-8.991983],[-62.330221,-8.977431],[-62.324034,-8.944235],[-62.344974,-8.932867],[-62.328793,-8.90149],[-62.322606,-8.871477],[-62.296431,-8.854652],[-62.290244,-8.828277],[-62.31166,-8.803721],[-62.34307,-8.785986],[-62.345926,-8.756428],[-62.369245,-8.743695],[-62.420643,-8.7346],[-62.43968,-8.740512],[-62.451102,-8.76916],[-62.472042,-8.771889],[-62.485843,-8.758247],[-62.484891,-8.737329],[-62.502976,-8.731872],[-62.536289,-8.751426],[-62.559609,-8.740967],[-62.588639,-8.755063],[-62.62576,-8.757792],[-62.630995,-8.777346],[-62.655267,-8.776436],[-62.663357,-8.796445],[-62.703809,-8.81327],[-62.726653,-8.800083],[-62.76425,-8.798264],[-62.753304,-8.817363],[-62.729508,-8.824639],[-62.709996,-8.854197],[-62.688104,-8.856016],[-62.666688,-8.887848],[-62.671923,-8.905128],[-62.660978,-8.925136],[-62.638134,-8.933776],[-62.641465,-8.961516],[-62.636706,-8.992893],[-62.627664,-9.000623],[-62.735695,-9.000623],[-62.733316,-9.389426],[-63.099766,-9.480829],[-63.077874,-9.508113],[-63.076922,-9.524939]]]},"properties":{"cod_ibge":"110094","name":"Cujubim","uf":"RO"}},
{"type":"Feature","geometry":{"type":"Polygon","coordinates":[[[-61.972813,-10.067444],[-61.923319,-10.095183],[-61.910469,-10.117011],[-61.909993,-10.155209],[-61.91618,-10.166123],[-61.890957,-10.193862],[-61.866209,-10.20614],[-61.827661,-10.302999],[-61.856215,-10.304818],[-61.889529,-10.323008],[-61.904282,-10.339833],[-61.906186,-10.369391],[-61.898571,-10.381215],[-61.914752,-10.42487],[-61.912373,-10.453973],[-61.926174,-10.484441],[-61.960439,-10.498083],[-62.019928,-10.646783],[-62.122724,-10.899164],[-62.163653,-11.000571],[-62.156038,-11.026036],[-62.144616,-11.030584],[-62.122249,-11.015123],[-62.117965,-11.001935],[-62.092742,-11.007392],[-62.096074,-11.045135],[-62.07323,-11.086972],[-62.056097,-11.106071],[-62.043248,-11.133355],[-62.050862,-11.166096],[-62.038013,-11.213389],[-62.020404,-11.174282],[-62.026115,-11.151999],[-62.014693,-11.127898],[-61.951397,-11.086517],[-61.944734,-11.057868],[-61.95806,-11.016032],[-61.942355,-10.986929],[-61.632062,-10.986474],[-61.550206,-10.986019],[-61.530218,-10.979198],[-61.520699,-10.919627],[-61.524983,-10.855964],[-61.508802,-10.832317],[-61.50547,-10.784569],[-61.479771,-10.787752],[-61.480723,-10.744097],[-61.47644,-10.722725],[-61.499284,-10.698623],[-61.48453,-10.673613],[-61.478819,-10.643145],[-61.489765,-10.630867],[-61.47644,-10.607675],[-61.479771,-10.569022],[-61.466446,-10.541283],[-61.477868,-10.531734],[-61.480723,-10.487624],[-61.473584,-10.474891],[-61.461687,-10.419868],[-61.476916,-10.410773],[-61.503091,-10.375758],[-61.501663,-10.35393],[-61.530218,-10.333467],[-61.553537,-10.307092],[-61.545447,-10.298452],[-61.576857,-10.248431],[-61.574001,-10.208868],[-61.55782,-10.182493],[-61.601128,-10.150207],[-61.583519,-10.095638],[-61.571622,-10.046526],[-61.555917,-10.038795],[-61.540212,-10.000142],[-61.522603,-9.946483],[-61.524983,-9.906466],[-61.511181,-9.895552],[-61.50785,-9.860992],[-61.524983,-9.795509],[-61.546399,-9.784595],[-61.532597,-9.757766],[-61.531645,-9.740031],[-61.574477,-9.717749],[-61.61017,-9.684553],[-61.644436,-9.706835],[-61.690123,-9.719568],[-61.711539,-9.731391],[-61.733907,-9.725934],[-61.760558,-9.728662],[-61.774359,-9.717294],[-61.791968,-9.719568],[-61.794347,-9.75913],[-61.807673,-9.780048],[-61.810528,-9.802785],[-61.838131,-9.810061],[-61.844318,-9.824613],[-61.837179,-9.852806],[-61.850504,-9.878272],[-61.876679,-9.904647],[-61.858119,-9.971948],[-61.872396,-9.987864],[-61.900951,-9.979224],[-61.909041,-9.989229],[-61.93712,-9.947847],[-61.954253,-9.949666],[-61.963295,-9.984681],[-61.993277,-10.02197],[-61.972337,-10.049709],[-61.972813,-10.067444]]]},"properties":{"cod_ibge":"110012","name":"Ji-Paraná","uf":"RO"}},
{"type":"Feature","geometry":{"type":"Polygon","coordinates":[[[-62.422547,-9.804604],[-62.388282,-9.782776],[-62.367342,-9.760039],[-62.349257,-9.759585],[-62.316895,-9.735938],[-62.291672,-9.735938],[-62.263594,-9.745033],[-62.246461,-9.75822],[-62.202677,-9.740031],[-62.190304,-9.709109],[-62.153659,-9.704561],[-62.124628,-9.68046],[-62.114158,-9.661816],[-62.116538,-9.644535],[-62.099881,-9.619979],[-62.067043,-9.604064],[-62.065615,-9.586783],[-62.048483,-9.565411],[-62.042296,-9.540855],[-62.016597,-9.53949],[-62.006127,-9.574051],[-62.006127,-9.60179],[-61.983283,-9.622708],[-61.981855,-9.658632],[-61.992801,-9.676822],[-62.017549,-9.67182],[-62.024687,-9.686826],[-62.0185,-9.705471],[-61.988042,-9.724115],[-62.007554,-9.745033],[-62.014693,-9.77641],[-62.000416,-9.786869],[-61.974717,-9.786414],[-61.920939,-9.690464],[-61.946162,-9.659997],[-61.918559,-9.551768],[-61.860023,-9.567684],[-61.83004,-9.500383],[-61.732479,-9.500383],[-61.720581,-9.483103],[-61.701069,-9.475827],[-61.694406,-9.447178],[-61.68346,-9.439448],[-61.68346,-9.386243],[-61.658713,-9.390336],[-61.633014,-9.3294],[-61.616357,-9.326672],[-61.612074,-9.280743],[-61.63349,-9.274377],[-61.628255,-9.257097],[-61.5997,-9.256187],[-61.56829,-9.237088],[-61.524983,-9.243],[-61.519748,-9.197526],[-61.523555,-9.178881],[-61.555441,-9.131588],[-61.555917,-9.092481],[-61.505946,-8.966063],[-61.489765,-8.937414],[-61.469301,-8.920134],[-61.48453,-8.906037],[-61.492145,-8.884664],[-61.512609,-8.860563],[-61.513561,-8.836917],[-61.527362,-8.816908],[-61.543067,-8.819182],[-61.583044,-8.798719],[-61.605887,-8.794626],[-61.629683,-8.75279],[-61.626351,-8.728689],[-61.673466,-8.705042],[-61.705352,-8.707316],[-61.713443,-8.687762],[-61.741997,-8.695038],[-61.74866,-8.723686],[-61.774835,-8.748242],[-61.806245,-8.747788],[-61.828137,-8.732781],[-61.841462,-8.739602],[-61.843366,-8.779619],[-61.860974,-8.803721],[-61.859547,-8.852833],[-61.879535,-8.862382],[-61.902854,-8.862837],[-61.90571,-8.87466],[-61.938072,-8.881481],[-61.979,-8.873296],[-62.003747,-8.830096],[-62.021356,-8.823729],[-62.030874,-8.799628],[-62.074182,-8.798719],[-62.097977,-8.808723],[-62.125104,-8.801447],[-62.155086,-8.739602],[-62.148899,-8.718229],[-62.171743,-8.695038],[-62.16508,-8.679577],[-62.200298,-8.644107],[-62.174599,-8.628191],[-62.183641,-8.599088],[-62.228376,-8.590447],[-62.268829,-8.575896],[-62.246937,-8.592721],[-62.23837,-8.621825],[-62.245509,-8.680486],[-62.277395,-8.702314],[-62.289769,-8.70004],[-62.330697,-8.709135],[-62.34307,-8.702768],[-62.347829,-8.676393],[-62.365914,-8.672301],[-62.367818,-8.709589],[-62.377812,-8.728234],[-62.369245,-8.743695],[-62.345926,-8.756428],[-62.34307,-8.785986],[-62.31166,-8.803721],[-62.290244,-8.828277],[-62.296431,-8.854652],[-62.322606,-8.871477],[-62.328793,-8.90149],[-62.344974,-8.932867],[-62.324034,-8.944235],[-62.330221,-8.977431],[-62.349733,-8.991983],[-62.337835,-9.019268],[-62.3326,-9.056102],[-62.337359,-9.067925],[-62.327841,-9.112489],[-62.327841,-9.154325],[-62.335932,-9.216625],[-62.314992,-9.298933],[-62.307377,-9.305299],[-62.335456,-9.350773],[-62.359727,-9.3485],[-62.372577,-9.366234],[-62.388282,-9.369872],[-62.385426,-9.393519],[-62.407794,-9.414892],[-62.42683,-9.492652],[-62.422547,-9.524939],[-62.425403,-9.5404],[-62.455385,-9.56632],[-62.459192,-9.597697],[-62.5025,-9.630893],[-62.519633,-9.672729],[-62.55485,-9.67091],[-62.536289,-9.7323],[-62.495361,-9.771863],[-62.435873,-9.780503],[-62.422547,-9.804604]]]},"properties":{"cod_ibge":"110013","name":"Machadinho D'Oeste","uf":"RO"}},
{"type":"Feature","geometry":{"type":"Polygon","coordinates":[[[-63.213508,-10.492171],[-63.2354,-10.483076],[-63.239683,-10.457611],[-63.23302,-10.438967],[-63.25396,-10.422141],[-63.246346,-10.399859],[-63.261099,-10.373029],[-63.259195,-10.338014],[-63.246346,-10.33756],[-63.231117,-10.284355],[-63.238255,-10.262982],[-63.233972,-10.23115],[-63.218743,-10.212961],[-63.224454,-10.201592],[-63.209225,-10.167032],[-63.19114,-10.133836],[-63.158303,-10.112008],[-63.146405,-10.096093],[-63.145929,-10.072901],[-63.12832,-10.051983],[-63.114519,-10.020151],[-63.113091,-10.000597],[-63.355329,-10.000597],[-63.597091,-10.000597],[-63.583289,-10.030155],[-63.589476,-10.058804],[-63.584717,-10.107006],[-63.576627,-10.112463],[-63.585193,-10.160211],[-63.583765,-10.198864],[-63.565205,-10.2407],[-63.538554,-10.237971],[-63.524277,-10.249795],[-63.485728,-10.270258],[-63.460981,-10.308001],[-63.477162,-10.33756],[-63.459553,-10.375758],[-63.459077,-10.397585],[-63.494294,-10.414865],[-63.49715,-10.444424],[-63.489059,-10.469889],[-63.516662,-10.460339],[-63.532843,-10.464887],[-63.529987,-10.492626],[-63.213508,-10.492171]]]},"properties":{"cod_ibge":"110140","name":"Monte Negro","uf":"RO"}},
{"type":"Feature","geometry":{"type":"Polygon","coordinates":[[[-65.381274,-10.428962],[-65.404593,-10.463977],[-65.424581,-10.465796],[-65.429816,-10.480803],[-65.41078,-10.513089],[-65.418395,-10.539919],[-65.404593,-10.553561],[-65.397455,-10.580846],[-65.416015,-10.61677],[-65.405069,-10.640417],[-65.35843,-10.657242],[-65.343677,-10.699533],[-65.349388,-10.743643],[-65.34796,-10.778658],[-65.365569,-10.780022],[-65.362713,-10.801395],[-65.339394,-10.808216],[-65.317026,-10.825496],[-65.275622,-10.87097],[-65.26658,-10.921901],[-65.286092,-10.92281],[-65.26658,-10.964646],[-65.250875,-10.984655],[-65.297038,-11.026036],[-65.300369,-11.039224],[-65.28276,-11.058778],[-65.279905,-11.079241],[-65.288947,-11.094247],[-65.325116,-11.103797],[-65.351291,-11.121532],[-65.363665,-11.147452],[-65.350815,-11.18656],[-65.325592,-11.18656],[-65.325592,-11.21157],[-65.34558,-11.210661],[-65.36081,-11.223394],[-65.359858,-11.257954],[-65.347008,-11.302973],[-65.33987,-11.312523],[-65.300845,-11.315706],[-65.297514,-11.33526],[-65.324165,-11.338443],[-65.335586,-11.357087],[-65.326068,-11.390738],[-65.31893,-11.447581],[-65.305128,-11.501695],[-65.257537,-11.514427],[-65.228983,-11.515792],[-65.21185,-11.530343],[-65.217561,-11.552626],[-65.23517,-11.576727],[-65.2247,-11.600828],[-65.229935,-11.62311],[-65.218037,-11.652214],[-65.231362,-11.673587],[-65.257061,-11.696324],[-65.250399,-11.721334],[-65.204711,-11.749528],[-65.173777,-11.753166],[-65.18282,-11.721789],[-65.12809,-11.720425],[-65.090493,-11.707692],[-65.059559,-11.790455],[-65.060987,-11.820013],[-65.070981,-11.856392],[-65.060035,-11.882767],[-65.018631,-11.891862],[-65.014824,-11.90414],[-65.027673,-11.945976],[-65.039571,-11.958254],[-65.02577,-11.971441],[-65.029101,-11.997816],[-65.000546,-11.993269],[-64.981034,-12.016915],[-64.948196,-11.993269],[-64.930112,-12.020553],[-64.917262,-12.028284],[-64.883473,-12.013732],[-64.839689,-12.010549],[-64.812562,-12.044655],[-64.810183,-12.064663],[-64.832075,-12.081034],[-64.842069,-12.107409],[-64.823508,-12.120596],[-64.809707,-12.093767],[-64.788291,-12.085581],[-64.759736,-12.102407],[-64.768779,-12.146062],[-64.741652,-12.151064],[-64.733561,-12.118323],[-64.738321,-12.100133],[-64.706435,-12.08831],[-64.698344,-12.103771],[-64.717856,-12.142424],[-64.713097,-12.173801],[-64.697868,-12.187898],[-64.671693,-12.1929],[-64.616012,-12.214727],[-64.594596,-12.215637],[-64.586981,-12.185169],[-64.553192,-12.181077],[-64.539391,-12.215182],[-64.516071,-12.212454],[-64.500842,-12.194719],[-64.487516,-12.208361],[-64.447064,-12.172437],[-64.448968,-12.150154],[-64.422793,-12.115139],[-64.398046,-12.105135],[-64.383292,-12.108773],[-64.373298,-12.056478],[-64.319521,-12.008275],[-64.305243,-12.016915],[-64.285731,-11.996452],[-64.258604,-11.99145],[-64.239568,-11.973715],[-64.257652,-11.954616],[-64.225767,-11.932788],[-64.203875,-11.909597],[-64.160091,-11.912325],[-64.144862,-11.895955],[-64.134868,-11.863668],[-64.122018,-11.848662],[-64.110121,-11.807735],[-64.077283,-11.770446],[-64.064909,-11.770901],[-64.024933,-11.74589],[-64.019222,-11.763625],[-63.954498,-11.730884],[-63.925944,-11.730429],[-63.905004,-11.719515],[-63.880732,-11.72861],[-63.849322,-11.693595],[-63.820768,-11.674041],[-63.776508,-11.661309],[-63.762231,-11.665856],[-63.723207,-11.640845],[-63.706074,-11.65085],[-63.679899,-11.644483],[-63.657531,-11.609013],[-63.604705,-11.602192],[-63.616127,-11.542167],[-63.612796,-11.521249],[-63.594711,-11.504423],[-63.609464,-11.482596],[-63.593759,-11.416204],[-63.565681,-11.412566],[-63.521421,-11.357997],[-63.529512,-11.337988],[-63.552831,-11.307066],[-63.586145,-11.273415],[-63.594235,-11.259318],[-63.584717,-11.227486],[-63.588524,-11.181558],[-63.602802,-11.142905],[-63.593283,-11.095157],[-63.582337,-11.069237],[-63.580434,-11.031039],[-63.596615,-11.017851],[-63.627073,-11.005118],[-63.587097,-11.003299],[-63.577102,-10.994659],[-63.582813,-10.972832],[-63.602326,-10.94009],[-63.608988,-10.913261],[-63.603753,-10.886431],[-63.571392,-10.875517],[-63.577102,-10.831408],[-63.608988,-10.826405],[-63.624217,-10.841867],[-63.684658,-10.832772],[-63.70655,-10.840048],[-63.930703,-10.873244],[-63.985908,-10.83641],[-64.008752,-10.838229],[-64.013987,-10.86142],[-64.048252,-10.871879],[-64.083946,-10.860511],[-64.137247,-10.860511],[-64.156284,-10.830953],[-64.179603,-10.816401],[-64.221483,-10.760013],[-64.252893,-10.753192],[-64.299532,-10.760013],[-64.344268,-10.75774],[-64.364256,-10.77502],[-64.375202,-10.769563],[-64.409467,-10.792755],[-64.409467,-10.823677],[-64.448492,-10.8355],[-64.462769,-10.827315],[-64.494179,-10.831408],[-64.509408,-10.814582],[-64.525113,-10.816856],[-64.545101,-10.7923],[-64.567945,-10.808671],[-64.593644,-10.80958],[-64.639807,-10.788207],[-64.65932,-10.761378],[-64.74308,-10.456702],[-64.773538,-10.478074],[-64.790671,-10.478529],[-64.810659,-10.510361],[-64.825412,-10.501721],[-64.882997,-10.529005],[-64.901081,-10.542647],[-64.924401,-10.540374],[-64.934871,-10.523094],[-64.972944,-10.512635],[-65.004354,-10.522639],[-65.033384,-10.52082],[-65.062415,-10.528551],[-65.08859,-10.525367],[-65.12809,-10.532188],[-65.137608,-10.539464],[-65.183296,-10.53901],[-65.205663,-10.563566],[-65.21994,-10.553107],[-65.276098,-10.551288],[-65.29799,-10.541738],[-65.302749,-10.513544],[-65.315122,-10.488079],[-65.330827,-10.47762],[-65.338918,-10.448516],[-65.354623,-10.432146],[-65.381274,-10.428962]]]},"properties":{"cod_ibge":"110010","name":"Guajará-Mirim","uf":"RO"}},
{"type":"Feature","geometry":{"type":"Polygon","coordinates":[[[-61.565911,-12.467563],[-61.52641,-12.469382],[-61.475964,-12.46438],[-61.437415,-12.501669],[-61.422186,-12.50849],[-61.400294,-12.487117],[-61.386017,-12.487117],[-61.381734,-12.523041],[-61.368885,-12.533046],[-61.36936,-12.568515],[-61.355083,-12.574882],[-61.355083,-12.596255],[-61.342234,-12.626267],[-61.328908,-12.580339],[-61.315583,-12.565332],[-61.304637,-12.526225],[-61.294167,-12.520313],[-61.277986,-12.477113],[-61.253715,-12.443462],[-61.21469,-12.35888],[-61.193274,-12.344328],[-61.1809,-12.312042],[-61.189467,-12.286122],[-61.185184,-12.273844],[-61.198509,-12.21973],[-61.1809,-12.16698],[-61.155201,-12.13151],[-61.142828,-12.099678],[-61.141876,-12.071939],[-61.151394,-12.032831],[-61.161864,-12.032377],[-61.181852,-12.000545],[-61.189943,-12.000545],[-61.332715,-12.000545],[-61.366029,-12.036469],[-61.398391,-12.052385],[-61.416951,-12.086491],[-61.437891,-12.075577],[-61.472633,-12.087855],[-61.530694,-12.089219],[-61.678701,-12.089674],[-61.677749,-12.264294],[-61.675846,-12.429365],[-61.639677,-12.448464],[-61.631586,-12.461651],[-61.612074,-12.459832],[-61.588279,-12.47211],[-61.565911,-12.467563]]]},"properties":{"cod_ibge":"110145","name":"Parecis","uf":"RO"}},
{"type":"Feature","geometry":{"type":"Polygon","coordinates":[[[-62.259786,-10.47671],[-62.121773,-10.35484],[-62.140333,-10.327555],[-62.139381,-10.28481],[-62.146044,-10.265711],[-62.134622,-10.224784],[-62.171267,-10.22342],[-62.197918,-10.230241],[-62.202201,-10.241609],[-62.246937,-10.247976],[-62.269304,-10.266165],[-62.310709,-10.281627],[-62.362583,-10.325282],[-62.417788,-10.300726],[-62.456337,-10.298452],[-62.467758,-10.282081],[-62.558181,-10.372575],[-62.67002,-10.287993],[-62.670496,-10.287538],[-62.788521,-10.491262],[-62.788045,-10.492626],[-62.777575,-10.504904],[-62.734743,-10.529005],[-62.699526,-10.523094],[-62.663833,-10.533553],[-62.630043,-10.517182],[-62.613863,-10.519456],[-62.588163,-10.498538],[-62.571507,-10.516273],[-62.581025,-10.546285],[-62.619573,-10.55629],[-62.625284,-10.594033],[-62.649556,-10.611768],[-62.643845,-10.629958],[-62.671448,-10.670884],[-62.710472,-10.670884],[-62.736171,-10.700442],[-62.789473,-10.723634],[-62.791377,-10.778203],[-62.820883,-10.799576],[-62.828973,-10.813673],[-62.865143,-10.838229],[-62.911782,-10.827315],[-62.932722,-10.87097],[-62.978409,-10.892343],[-63.000301,-10.912806],[-63.000777,-10.940545],[-63.029331,-10.952823],[-63.049319,-10.950095],[-63.054078,-10.965101],[-63.083109,-10.97647],[-63.115947,-10.998297],[-63.143073,-11.029674],[-63.142598,-11.07151],[-63.11785,-11.070601],[-63.092627,-11.053776],[-63.066452,-11.059687],[-63.043133,-11.038314],[-63.006963,-11.040133],[-62.969367,-11.030584],[-62.93177,-11.033767],[-62.891318,-11.030584],[-62.717135,-10.878246],[-62.525343,-10.709537],[-62.259786,-10.47671]]]},"properties":{"cod_ibge":"110011","name":"Jaru","uf":"RO"}},
{"type":"Feature","geometry":{"type":"Polygon","coordinates":[[[-62.11511,-13.16377],[-62.11511,-13.203788],[-62.108923,-13.219249],[-62.115586,-13.258356],[-62.084176,-13.290188],[-62.068947,-13.295645],[-62.003271,-13.36522],[-61.980428,-13.365675],[-61.962343,-13.391141],[-61.914276,-13.433886],[-61.899047,-13.42661],[-61.887625,-13.440707],[-61.883342,-13.497095],[-61.869065,-13.528017],[-61.833848,-13.539386],[-61.817191,-13.527563],[-61.790064,-13.538022],[-61.757226,-13.54075],[-61.751515,-13.520287],[-61.731051,-13.526653],[-61.69393,-13.508009],[-61.668707,-13.50528],[-61.651574,-13.518923],[-61.607791,-13.511647],[-61.585423,-13.500733],[-61.572574,-13.518468],[-61.556393,-13.518013],[-61.508326,-13.548026],[-61.469777,-13.555302],[-61.402674,-13.538022],[-61.389825,-13.519832],[-61.350324,-13.521196],[-61.328908,-13.503461],[-61.304161,-13.501642],[-61.288456,-13.482998],[-61.27513,-13.50619],[-61.24848,-13.496186],[-61.24372,-13.513011],[-61.221829,-13.530291],[-61.171382,-13.510737],[-61.153298,-13.527108],[-61.103327,-13.515739],[-61.087622,-13.492093],[-61.040983,-13.507554],[-61.014808,-13.487546],[-61.012429,-13.531201],[-61.005766,-13.5503],[-60.967217,-13.537112],[-60.951036,-13.551664],[-60.933904,-13.54075],[-60.91915,-13.548481],[-60.893451,-13.557576],[-60.871084,-13.546662],[-60.846812,-13.516194],[-60.833011,-13.482998],[-60.801601,-13.446619],[-60.768763,-13.39296],[-60.718793,-13.39205],[-60.704991,-13.324748],[-60.741636,-13.324748],[-60.774474,-13.33066],[-60.809215,-13.326113],[-60.95056,-13.326567],[-60.95056,-13.247897],[-61.038604,-13.245169],[-61.03908,-13.361582],[-61.353655,-13.363856],[-61.35889,-13.354307],[-61.367457,-13.294736],[-61.36127,-13.228344],[-61.407433,-13.232436],[-61.436939,-13.261085],[-61.473584,-13.256537],[-61.486434,-13.262449],[-61.496428,-13.285186],[-61.540212,-13.281548],[-61.592086,-13.302921],[-61.608743,-13.293371],[-61.643008,-13.300647],[-61.671087,-13.293371],[-61.69631,-13.271089],[-61.755799,-13.262449],[-61.771979,-13.287915],[-61.801962,-13.299283],[-61.853836,-13.289279],[-61.887625,-13.293371],[-61.906186,-13.266996],[-61.830992,-13.204697],[-61.785781,-13.196966],[-61.755323,-13.209244],[-61.720105,-13.20879],[-61.700117,-13.194238],[-61.668231,-13.182415],[-61.635869,-13.151947],[-61.624448,-13.09465],[-61.640153,-13.058271],[-61.600176,-13.040081],[-61.575429,-13.023256],[-61.524507,-13.038262],[-61.504519,-13.020072],[-61.501187,-13.004157],[-61.515464,-12.993243],[-61.507374,-12.96323],[-61.492145,-12.940038],[-61.488814,-12.916846],[-61.470253,-12.896838],[-61.460735,-12.861823],[-61.469301,-12.843633],[-61.442174,-12.795431],[-61.442174,-12.767237],[-61.425518,-12.730403],[-61.38221,-12.721763],[-61.372216,-12.714942],[-61.386017,-12.677198],[-61.367933,-12.670832],[-61.35889,-12.64764],[-61.33795,-12.626722],[-61.342234,-12.626267],[-61.355083,-12.596255],[-61.355083,-12.574882],[-61.36936,-12.568515],[-61.368885,-12.533046],[-61.381734,-12.523041],[-61.386017,-12.487117],[-61.400294,-12.487117],[-61.422186,-12.50849],[-61.437415,-12.501669],[-61.475964,-12.46438],[-61.52641,-12.469382],[-61.565911,-12.467563],[-61.554965,-12.478477],[-61.549254,-12.507125],[-61.527838,-12.537593],[-61.534025,-12.568061],[-61.52641,-12.617173],[-61.541639,-12.650369],[-61.537832,-12.661282],[-61.562579,-12.693569],[-61.596369,-12.705847],[-61.63349,-12.728584],[-61.680605,-12.7445],[-61.719154,-12.774967],[-61.755799,-12.796795],[-61.762937,-12.808164],[-61.814811,-12.827263],[-61.825281,-12.846362],[-61.855739,-12.862278],[-61.881439,-12.859549],[-61.896668,-12.882741],[-61.893336,-12.905933],[-61.899999,-12.930943],[-61.915228,-12.940948],[-61.915704,-12.969142],[-61.927126,-12.981874],[-61.959012,-12.996426],[-61.988518,-13.040536],[-62.011362,-13.081462],[-62.020404,-13.109656],[-62.057525,-13.148764],[-62.081796,-13.156495],[-62.108447,-13.181505],[-62.11511,-13.16377]]]},"properties":{"cod_ibge":"110146","name":"Pimenteiras do Oeste","uf":"RO"}},
{"type":"Feature","geometry":{"type":"Polygon","coordinates":[[[-62.494409,-11.026491],[-62.390185,-10.941455],[-62.352588,-10.894162],[-62.525343,-10.709537],[-62.717135,-10.878246],[-62.602917,-11.000571],[-62.549139,-11.066054],[-62.494409,-11.026491]]]},"properties":{"cod_ibge":"110143","name":"Nova União","uf":"RO"}},
{"type":"Feature","geometry":{"type":"Polygon","coordinates":[[[-63.142598,-11.07151],[-63.143073,-11.029674],[-63.115947,-10.998297],[-63.083109,-10.97647],[-63.054078,-10.965101],[-63.049319,-10.950095],[-63.029331,-10.952823],[-63.000777,-10.940545],[-63.000301,-10.912806],[-62.978409,-10.892343],[-62.932722,-10.87097],[-62.911782,-10.827315],[-62.865143,-10.838229],[-62.828973,-10.813673],[-62.820883,-10.799576],[-62.791377,-10.778203],[-62.789473,-10.723634],[-62.736171,-10.700442],[-62.710472,-10.670884],[-62.671448,-10.670884],[-62.643845,-10.629958],[-62.649556,-10.611768],[-62.625284,-10.594033],[-62.619573,-10.55629],[-62.581025,-10.546285],[-62.571507,-10.516273],[-62.588163,-10.498538],[-62.613863,-10.519456],[-62.630043,-10.517182],[-62.663833,-10.533553],[-62.699526,-10.523094],[-62.734743,-10.529005],[-62.777575,-10.504904],[-62.788045,-10.492626],[-62.999825,-10.491262],[-63.213508,-10.492171],[-63.529987,-10.492626],[-63.535222,-10.530369],[-63.55759,-10.558109],[-63.531891,-10.596307],[-63.543789,-10.62541],[-63.561397,-10.641781],[-63.558066,-10.680434],[-63.550452,-10.699078],[-63.555211,-10.73091],[-63.577578,-10.731819],[-63.582813,-10.780931],[-63.567108,-10.802304],[-63.577102,-10.831408],[-63.571392,-10.875517],[-63.603753,-10.886431],[-63.608988,-10.913261],[-63.602326,-10.94009],[-63.582813,-10.972832],[-63.577102,-10.994659],[-63.587097,-11.003299],[-63.627073,-11.005118],[-63.582337,-11.010575],[-63.554735,-11.039224],[-63.528084,-11.04559],[-63.500481,-11.042862],[-63.480969,-11.027401],[-63.432902,-11.030129],[-63.412914,-11.049683],[-63.384359,-11.057413],[-63.364371,-11.074694],[-63.341527,-11.06378],[-63.335341,-11.089245],[-63.287274,-11.153364],[-63.254912,-11.151999],[-63.233496,-11.127443],[-63.195423,-11.103342],[-63.196375,-11.082424],[-63.180194,-11.066054],[-63.142598,-11.07151]]]},"properties":{"cod_ibge":"110100","name":"Governador Jorge Teixeira","uf":"RO"}},
{"type":"Feature","geometry":{"type":"Polygon","coordinates":[[[-63.213508,-10.492171],[-62.999825,-10.491262],[-62.788045,-10.492626],[-62.788521,-10.491262],[-62.670496,-10.287538],[-62.71999,-10.250249],[-62.741406,-10.244793],[-62.769009,-10.220691],[-62.830877,-10.174763],[-62.832305,-10.167487],[-63.209225,-10.167032],[-63.224454,-10.201592],[-63.218743,-10.212961],[-63.233972,-10.23115],[-63.238255,-10.262982],[-63.231117,-10.284355],[-63.246346,-10.33756],[-63.259195,-10.338014],[-63.261099,-10.373029],[-63.246346,-10.399859],[-63.25396,-10.422141],[-63.23302,-10.438967],[-63.239683,-10.457611],[-63.2354,-10.483076],[-63.213508,-10.492171]]]},"properties":{"cod_ibge":"110060","name":"Cacaulândia","uf":"RO"}},
{"type":"Feature","geometry":{"type":"Polygon","coordinates":[[[-63.099766,-9.480829],[-62.733316,-9.389426],[-62.735695,-9.000623],[-62.627664,-9.000623],[-62.636706,-8.992893],[-62.641465,-8.961516],[-62.638134,-8.933776],[-62.660978,-8.925136],[-62.671923,-8.905128],[-62.666688,-8.887848],[-62.688104,-8.856016],[-62.709996,-8.854197],[-62.729508,-8.824639],[-62.753304,-8.817363],[-62.76425,-8.798264],[-62.792804,-8.794171],[-62.790425,-8.825548],[-62.811365,-8.839645],[-62.821835,-8.891486],[-62.849438,-8.90922],[-62.864667,-8.931048],[-62.888462,-8.921498],[-62.901788,-8.931048],[-62.926059,-8.921498],[-62.95271,-8.969701],[-62.981264,-8.981979],[-62.990783,-9.000168],[-63.209701,-9.000623],[-63.202086,-8.985162],[-63.21208,-8.967427],[-63.232068,-8.957423],[-63.244442,-8.939233],[-63.263478,-8.930593],[-63.268713,-8.89285],[-63.297744,-8.871477],[-63.317256,-8.867839],[-63.318208,-8.895578],[-63.302503,-8.910585],[-63.331057,-8.936505],[-63.324871,-8.991074],[-63.36104,-9.045188],[-63.355805,-9.064287],[-63.395781,-9.094754],[-63.445752,-9.089298],[-63.427191,-9.058375],[-63.449559,-9.005171],[-63.479541,-9.019722],[-63.512379,-9.068834],[-63.529987,-9.080657],[-63.513807,-9.111125],[-63.513807,-9.133862],[-63.490963,-9.13841],[-63.450987,-9.156144],[-63.458125,-9.191614],[-63.433378,-9.189795],[-63.394829,-9.197526],[-63.40292,-9.218899],[-63.404347,-9.253914],[-63.395781,-9.275286],[-63.354853,-9.272558],[-63.320587,-9.289838],[-63.30869,-9.318032],[-63.309642,-9.340314],[-63.293937,-9.368508],[-63.307738,-9.371237],[-63.306786,-9.401249],[-63.325822,-9.428534],[-63.326774,-9.433081],[-63.101193,-9.452635],[-63.099766,-9.480829]]]},"properties":{"cod_ibge":"110110","name":"Itapuã do Oeste","uf":"RO"}},
{"type":"Feature","geometry":{"type":"Polygon","coordinates":[[[-63.577102,-10.831408],[-63.567108,-10.802304],[-63.582813,-10.780931],[-63.577578,-10.731819],[-63.555211,-10.73091],[-63.550452,-10.699078],[-63.558066,-10.680434],[-63.561397,-10.641781],[-63.543789,-10.62541],[-63.531891,-10.596307],[-63.55759,-10.558109],[-63.535222,-10.530369],[-63.529987,-10.492626],[-63.532843,-10.464887],[-63.516662,-10.460339],[-63.489059,-10.469889],[-63.49715,-10.444424],[-63.494294,-10.414865],[-63.459077,-10.397585],[-63.459553,-10.375758],[-63.477162,-10.33756],[-63.460981,-10.308001],[-63.485728,-10.270258],[-63.524277,-10.249795],[-63.697983,-10.248885],[-63.728917,-10.245247],[-63.729869,-10.277989],[-63.762231,-10.296633],[-63.760803,-10.323008],[-63.779364,-10.330739],[-63.813153,-10.329829],[-63.823623,-10.351657],[-63.900245,-10.361206],[-63.896437,-10.295269],[-63.932131,-10.27617],[-63.930227,-10.260254],[-63.964017,-10.233424],[-63.984481,-10.204775],[-64.002089,-10.193862],[-64.005421,-10.16976],[-64.022553,-10.155664],[-64.037782,-10.178401],[-64.061578,-10.250704],[-64.092036,-10.251159],[-64.110597,-10.243428],[-64.137247,-10.208868],[-64.15438,-10.215234],[-64.166754,-10.203866],[-64.20911,-10.19659],[-64.201971,-10.238881],[-64.191025,-10.271168],[-64.200067,-10.292995],[-64.224815,-10.317551],[-64.222911,-10.348473],[-64.194832,-10.373484],[-64.183887,-10.393038],[-64.133916,-10.440331],[-64.101078,-10.448061],[-64.092988,-10.462158],[-64.063006,-10.473072],[-64.031596,-10.464887],[-64.008752,-10.474436],[-64.004469,-10.494445],[-63.977818,-10.513089],[-63.984957,-10.536736],[-64.015415,-10.565384],[-64.015891,-10.587212],[-63.990667,-10.607221],[-63.977342,-10.62541],[-63.954974,-10.624046],[-63.934986,-10.632231],[-63.933082,-10.65997],[-63.905956,-10.690893],[-63.896437,-10.729091],[-63.898817,-10.750919],[-63.853606,-10.781841],[-63.812677,-10.801395],[-63.786978,-10.796393],[-63.767942,-10.817311],[-63.70655,-10.840048],[-63.684658,-10.832772],[-63.624217,-10.841867],[-63.608988,-10.826405],[-63.577102,-10.831408]]]},"properties":{"cod_ibge":"110070","name":"Campo Novo de Rondônia","uf":"RO"}}
]}