{"type":"FeatureCollection", "features": [
{"type":"Feature","geometry":{"type":"Polygon","coordinates":[[[-46.99643,-21.35728],[-46.88459,-21.4073],[-46.87841,-21.29089],[-46.99643,-21.35728]]]},"properties":{"cod_ibge":"310410","name":"Arceburgo","uf":"MG"}},
{"type":"Feature","geometry":{"type":"Polygon","coordinates":[[[-46.12885,-20.71746],[-46.02558,-20.69427],[-45.96752,-20.58831],[-46.22213,-20.50555],[-46.33682,-20.5533],[-46.27543,-20.66016],[-46.12885,-20.71746]]]},"properties":{"cod_ibge":"311280","name":"Capitólio","uf":"MG"}},
{"type":"Feature","geometry":{"type":"Polygon","coordinates":[[[-41.88041,-15.74851],[-41.91705,-15.90631],[-41.83091,-15.97816],[-41.61961,-15.93678],[-41.69671,-15.80081],[-41.88041,-15.74851]]]},"properties":{"cod_ibge":"312087","name":"Curral de Dentro","uf":"MG"}},
{"type":"Feature","geometry":{"type":"Polygon","coordinates":[[[-45.37073,-22.08214],[-45.50779,-22.19173],[-45.39357,-22.16808],[-45.33408,-22.11897],[-45.33646,-22.10305],[-45.37073,-22.08214]]]},"properties":{"cod_ibge":"311720","name":"Conceição das Pedras","uf":"MG"}},
{"type":"Feature","geometry":{"type":"Polygon","coordinates":[[[-47.61035,-18.79755],[-47.67032,-18.9417],[-47.57323,-19.01309],[-47.49328,-18.96307],[-47.45378,-18.82983],[-47.61035,-18.79755]]]},"properties":{"cod_ibge":"315640","name":"Romaria","uf":"MG"}},
{"type":"Feature","geometry":{"type":"Polygon","coordinates":[[[-42.3706,-19.85982],[-42.23591,-19.92576],[-42.24067,-19.72704],[-42.28065,-19.6511],[-42.39867,-19.60426],[-42.50385,-19.51513],[-42.52384,-19.55651],[-42.48386,-19.72658],[-42.36346,-19.76023],[-42.3706,-19.85982]]]},"properties":{"cod_ibge":"310780","name":"Bom Jesus do Galho","uf":"MG"}},
{"type":"Feature","geometry":{"type":"Polygon","coordinates":[[[-43.03972,-15.11824],[-42.90361,-15.04003],[-42.98404,-14.93999],[-43.03972,-15.11824]]]},"properties":{"cod_ibge":"313925","name":"Mamonas","uf":"MG"}},
{"type":"Feature","geometry":{"type":"Polygon","coordinates":[[[-42.55192,-16.94585],[-42.43104,-17.09091],[-42.39106,-16.91401],[-42.46863,-16.67255],[-42.60046,-16.73212],[-42.64186,-16.77032],[-42.55192,-16.94585]]]},"properties":{"cod_ibge":"310650","name":"Berilo","uf":"MG"}},
{"type":"Feature","geometry":{"type":"Polygon","coordinates":[[[-46.76466,-21.36001],[-46.7304,-21.18721],[-46.78227,-21.15765],[-46.78513,-21.15174],[-46.87841,-21.29089],[-46.88459,-21.4073],[-46.78132,-21.37092],[-46.76466,-21.36001]]]},"properties":{"cod_ibge":"312830","name":"Guaranésia","uf":"MG"}},
{"type":"Feature","geometry":{"type":"Polygon","coordinates":[[[-44.60213,-21.34637],[-44.6383,-21.44914],[-44.76347,-21.47779],[-44.79154,-21.59647],[-44.67637,-21.64013],[-44.49648,-21.57647],[-44.4565,-21.51826],[-44.48173,-21.40821],[-44.57501,-21.30908],[-44.60213,-21.34637]]]},"properties":{"cod_ibge":"311460","name":"Carrancas","uf":"MG"}},
{"type":"Feature","geometry":{"type":"Polygon","coordinates":[[[-41.15798,-18.52789],[-41.02568,-18.52743],[-41.18177,-18.43967],[-41.1832,-18.4424],[-41.15798,-18.52789]]]},"properties":{"cod_ibge":"314467","name":"Nova Belém","uf":"MG"}},
{"type":"Feature","geometry":{"type":"Polygon","coordinates":[[[-42.7242,-20.5201],[-42.80129,-20.60605],[-42.76893,-20.66744],[-42.69754,-20.65744],[-42.64139,-20.58331],[-42.7242,-20.5201]]]},"properties":{"cod_ibge":"314880","name":"Pedra do Anta","uf":"MG"}},
{"type":"Feature","geometry":{"type":"Polygon","coordinates":[[[-42.66709,-19.52832],[-42.57381,-19.51513],[-42.69517,-19.41781],[-42.68517,-19.36825],[-42.69754,-19.3537],[-42.74228,-19.35506],[-42.79225,-19.40781],[-42.66709,-19.52832]]]},"properties":{"cod_ibge":"311940","name":"Coronel Fabriciano","uf":"MG"}},
{"type":"Feature","geometry":{"type":"Polygon","coordinates":[[[-42.3844,-18.37328],[-42.20308,-18.41102],[-42.12407,-18.39374],[-42.20879,-18.24413],[-42.41533,-18.09998],[-42.42057,-18.00539],[-42.46387,-18.17774],[-42.39725,-18.35463],[-42.3844,-18.37328]]]},"properties":{"cod_ibge":"315820","name":"Santa Maria do Suaçuí","uf":"MG"}},
{"type":"Feature","geometry":{"type":"Polygon","coordinates":[[[-46.31112,-19.86255],[-46.11648,-19.95986],[-45.98893,-19.91303],[-46.13266,-19.80161],[-46.22546,-19.79661],[-46.31112,-19.86255]]]},"properties":{"cod_ibge":"316820","name":"Tapiraí","uf":"MG"}},
{"type":"Feature","geometry":{"type":"Polygon","coordinates":[[[-45.50493,-19.84936],[-45.47685,-19.75705],[-45.51017,-19.69839],[-45.63628,-19.66292],[-45.92564,-19.70066],[-45.79762,-19.91484],[-45.75954,-19.9726],[-45.63248,-20.07309],[-45.62391,-20.07355],[-45.60345,-20.07218],[-45.61344,-19.99715],[-45.50493,-19.84936]]]},"properties":{"cod_ibge":"313880","name":"Luz","uf":"MG"}},
{"type":"Feature","geometry":{"type":"Polygon","coordinates":[[[-43.0521,-21.48097],[-42.9098,-21.51599],[-42.88553,-21.4837],[-42.8941,-21.37274],[-42.93788,-21.36774],[-43.06019,-21.43049],[-43.0521,-21.48097]]]},"properties":{"cod_ibge":"312130","name":"Descoberto","uf":"MG"}},
{"type":"Feature","geometry":{"type":"Polygon","coordinates":[[[-43.62224,-19.07676],[-43.68125,-18.94306],[-43.60843,-18.8985],[-43.61224,-18.75298],[-43.79594,-18.76708],[-43.71837,-18.95944],[-43.73836,-19.0181],[-43.62224,-19.07676]]]},"properties":{"cod_ibge":"311810","name":"Congonhas do Norte","uf":"MG"}},
{"type":"Feature","geometry":{"type":"Polygon","coordinates":[[[-48.7354,-20.01216],[-48.72969,-20.1504],[-48.64688,-20.16723],[-48.53742,-20.13357],[-48.55646,-19.99988],[-48.7354,-20.01216]]]},"properties":{"cod_ibge":"315160","name":"Planura","uf":"MG"}},
{"type":"Feature","geometry":{"type":"Polygon","coordinates":[[[-42.27732,-18.97217],[-42.32681,-18.81847],[-42.36203,-18.92578],[-42.27732,-18.97217]]]},"properties":{"cod_ibge":"316160","name":"São Geraldo da Piedade","uf":"MG"}},
{"type":"Feature","geometry":{"type":"Polygon","coordinates":[[[-44.21094,-16.39061],[-44.0615,-16.38197],[-43.99011,-16.16324],[-44.10052,-16.19098],[-44.23568,-16.09184],[-44.29279,-16.17233],[-44.25424,-16.27783],[-44.30945,-16.3615],[-44.21094,-16.39061]]]},"properties":{"cod_ibge":"314200","name":"Mirabela","uf":"MG"}},
{"type":"Feature","geometry":{"type":"Polygon","coordinates":[[[-41.36072,-18.82529],[-41.45828,-18.95216],[-41.4026,-19.02355],[-41.26363,-18.86667],[-41.36072,-18.82529]]]},"properties":{"cod_ibge":"316165","name":"São Geraldo do Baixio","uf":"MG"}},
{"type":"Feature","geometry":{"type":"Polygon","coordinates":[[[-44.22093,-21.56692],[-44.16334,-21.5892],[-44.0853,-21.54418],[-44.05484,-21.51735],[-44.0891,-21.4355],[-44.19856,-21.39093],[-44.22093,-21.56692]]]},"properties":{"cod_ibge":"315030","name":"Piedade do Rio Grande","uf":"MG"}},
{"type":"Feature","geometry":{"type":"Polygon","coordinates":[[[-40.31324,-16.67846],[-40.27564,-16.57341],[-40.17285,-16.57751],[-40.11003,-16.44927],[-40.15476,-16.41744],[-40.41937,-16.4279],[-40.35227,-16.50156],[-40.35607,-16.65254],[-40.31324,-16.67846]]]},"properties":{"cod_ibge":"316030","name":"Santo Antônio do Jacinto","uf":"MG"}},
{"type":"Feature","geometry":{"type":"Polygon","coordinates":[[[-45.65008,-19.2009],[-45.33456,-19.31686],[-45.13943,-19.21045],[-45.09565,-19.15088],[-45.12325,-18.89259],[-45.18465,-18.87576],[-45.41451,-19.01355],[-45.64485,-18.95762],[-45.6596,-19.01037],[-45.65008,-19.2009]]]},"properties":{"cod_ibge":"310020","name":"Abaeté","uf":"MG"}},
{"type":"Feature","geometry":{"type":"Polygon","coordinates":[[[-46.76086,-18.3087],[-46.65425,-18.40511],[-46.30827,-18.55654],[-46.10791,-18.51515],[-46.00987,-18.32598],[-46.00702,-18.3228],[-46.00416,-18.21321],[-46.09125,-18.08679],[-46.24212,-18.05814],[-46.26306,-17.89171],[-46.32921,-17.73618],[-46.38822,-17.91035],[-46.59476,-18.01039],[-46.54575,-18.17637],[-46.6395,-18.2987],[-46.76086,-18.3087]]]},"properties":{"cod_ibge":"315340","name":"Presidente Olegário","uf":"MG"}},
{"type":"Feature","geometry":{"type":"Polygon","coordinates":[[[-42.55144,-19.88574],[-42.78178,-19.8721],[-42.72895,-20.00807],[-42.65329,-19.98624],[-42.55144,-19.8862],[-42.55144,-19.88574]]]},"properties":{"cod_ibge":"316340","name":"São José do Goiabal","uf":"MG"}},
{"type":"Feature","geometry":{"type":"Polygon","coordinates":[[[-43.15585,-18.9708],[-43.19963,-18.8603],[-43.24674,-18.77208],[-43.30766,-18.86758],[-43.29481,-19.09768],[-43.15585,-18.9708]]]},"properties":{"cod_ibge":"312260","name":"Dom Joaquim","uf":"MG"}},
{"type":"Feature","geometry":{"type":"Polygon","coordinates":[[[-43.03639,-20.44871],[-42.8822,-20.56876],[-42.86982,-20.56058],[-42.84079,-20.48782],[-42.78749,-20.36549],[-42.807,-20.31774],[-42.91456,-20.27636],[-42.95311,-20.27273],[-43.02402,-20.41006],[-43.03639,-20.44871]]]},"properties":{"cod_ibge":"315210","name":"Ponte Nova","uf":"MG"}},
{"type":"Feature","geometry":{"type":"Polygon","coordinates":[[[-46.10981,-19.19681],[-46.1555,-19.41008],[-46.12742,-19.54241],[-46.04223,-19.55424],[-45.90232,-19.46511],[-45.90089,-19.43782],[-45.85187,-19.3255],[-45.8038,-19.1959],[-45.83379,-19.17953],[-45.93087,-19.28867],[-46.10981,-19.19681]]]},"properties":{"cod_ibge":"316210","name":"São Gotardo","uf":"MG"}},
{"type":"Feature","geometry":{"type":"Polygon","coordinates":[[[-41.96798,-20.73247],[-41.95751,-20.69518],[-42.07744,-20.59968],[-42.21592,-20.66608],[-42.24733,-20.73701],[-42.20117,-20.81614],[-42.17214,-20.78567],[-41.96798,-20.73247]]]},"properties":{"cod_ibge":"311330","name":"Carangola","uf":"MG"}},
{"type":"Feature","geometry":{"type":"Polygon","coordinates":[[[-42.04888,-19.57152],[-41.99986,-19.45874],[-41.90183,-19.56515],[-41.90325,-19.62108],[-41.81473,-19.59425],[-41.75144,-19.59471],[-41.66339,-19.45465],[-41.82282,-19.42736],[-41.95941,-19.34733],[-42.02842,-19.37689],[-42.13597,-19.41508],[-42.15263,-19.43782],[-42.244,-19.54696],[-42.16167,-19.61563],[-42.04603,-19.59971],[-42.04888,-19.57152]]]},"properties":{"cod_ibge":"313090","name":"Inhapim","uf":"MG"}},
{"type":"Feature","geometry":{"type":"Polygon","coordinates":[[[-42.54668,-21.04396],[-42.56619,-20.92209],[-42.5819,-20.95302],[-42.54668,-21.04396]]]},"properties":{"cod_ibge":"315645","name":"Rosário da Limeira","uf":"MG"}},
{"type":"Feature","geometry":{"type":"Polygon","coordinates":[[[-43.98964,-19.40417],[-43.94681,-19.43146],[-43.82069,-19.3878],[-43.74883,-19.23637],[-43.7731,-19.0613],[-43.8502,-19.14406],[-43.84258,-19.21227],[-43.99202,-19.26457],[-44.00629,-19.33323],[-43.98964,-19.40417]]]},"properties":{"cod_ibge":"310500","name":"Baldim","uf":"MG"}},
{"type":"Feature","geometry":{"type":"Polygon","coordinates":[[[-42.96263,-15.32697],[-42.83128,-15.32379],[-42.75513,-15.39836],[-42.75561,-15.397],[-42.81034,-15.24102],[-42.77797,-15.15963],[-42.90361,-15.04003],[-43.03972,-15.11824],[-43.11206,-15.17691],[-43.11254,-15.17691],[-43.26959,-15.15008],[-43.24674,-15.25694],[-43.19535,-15.23375],[-42.96263,-15.32697]]]},"properties":{"cod_ibge":"314290","name":"Monte Azul","uf":"MG"}},
{"type":"Feature","geometry":{"type":"Polygon","coordinates":[[[-43.19392,-19.38689],[-43.10254,-19.38189],[-43.13966,-19.3346],[-43.24389,-19.32505],[-43.19392,-19.38689]]]},"properties":{"cod_ibge":"314750","name":"Passabém","uf":"MG"}},
{"type":"Feature","geometry":{"type":"Polygon","coordinates":[[[-46.0508,-22.03575],[-45.9599,-22.12716],[-45.90374,-22.11033],[-45.90612,-22.02257],[-46.03224,-21.88614],[-46.06127,-21.87568],[-46.0508,-22.03575]]]},"properties":{"cod_ibge":"312440","name":"Espírito Santo do Dourado","uf":"MG"}},
{"type":"Feature","geometry":{"type":"Polygon","coordinates":[[[-46.40297,-18.88077],[-46.17882,-18.83984],[-46.0627,-18.71933],[-46.27924,-18.71888],[-46.39821,-18.6252],[-46.49387,-18.69432],[-46.52861,-18.80892],[-46.40297,-18.88077]]]},"properties":{"cod_ibge":"313750","name":"Lagoa Formosa","uf":"MG"}},
{"type":"Feature","geometry":{"type":"Polygon","coordinates":[[[-45.02046,-16.75394],[-44.93384,-16.80624],[-44.84104,-16.99177],[-44.60832,-16.88082],[-44.67447,-16.68028],[-44.85389,-16.69847],[-45.02046,-16.75394]]]},"properties":{"cod_ibge":"312960","name":"Ibiaí","uf":"MG"}},
{"type":"Feature","geometry":{"type":"Polygon","coordinates":[[[-43.29481,-21.6615],[-43.18773,-21.7429],[-43.133,-21.6947],[-43.16917,-21.61739],[-43.22628,-21.63149],[-43.29481,-21.6615]]]},"properties":{"cod_ibge":"311590","name":"Chácara","uf":"MG"}},
{"type":"Feature","geometry":{"type":"Polygon","coordinates":[[[-41.70527,-19.09495],[-41.63389,-19.17726],[-41.53204,-19.03765],[-41.71337,-18.91032],[-41.89231,-18.93352],[-41.93752,-18.98308],[-41.74049,-18.99991],[-41.70527,-19.09495]]]},"properties":{"cod_ibge":"316950","name":"Tumiritinga","uf":"MG"}},
{"type":"Feature","geometry":{"type":"Polygon","coordinates":[[[-43.37476,-21.89615],[-43.48089,-21.88023],[-43.58512,-21.99892],[-43.5913,-22.05576],[-43.43711,-22.05985],[-43.34668,-22.00392],[-43.3267,-22.00801],[-43.34573,-21.91616],[-43.37476,-21.89615]]]},"properties":{"cod_ibge":"310610","name":"Belmiro Braga","uf":"MG"}},
{"type":"Feature","geometry":{"type":"Polygon","coordinates":[[[-44.00011,-22.02211],[-44.07958,-21.99528],[-44.20713,-22.07031],[-44.17953,-22.22856],[-43.97726,-22.14626],[-44.00011,-22.02211]]]},"properties":{"cod_ibge":"315930","name":"Santa Rita de Jacutinga","uf":"MG"}},
{"type":"Feature","geometry":{"type":"Polygon","coordinates":[[[-44.02961,-15.48749],[-44.11766,-15.61528],[-44.27804,-15.74397],[-44.20285,-15.82855],[-44.06245,-15.77125],[-44.08006,-15.65302],[-44.02961,-15.48749]]]},"properties":{"cod_ibge":"312965","name":"Ibiracatu","uf":"MG"}},
{"type":"Feature","geometry":{"type":"Polygon","coordinates":[[[-46.59476,-18.01039],[-46.38822,-17.91035],[-46.32921,-17.73618],[-46.38441,-17.61022],[-46.55098,-17.48881],[-46.58525,-17.51518],[-46.61142,-17.67388],[-46.5743,-17.7471],[-46.66996,-17.94673],[-46.59476,-18.01039]]]},"properties":{"cod_ibge":"313753","name":"Lagoa Grande","uf":"MG"}},
{"type":"Feature","geometry":{"type":"Polygon","coordinates":[[[-43.07827,-19.05993],[-42.94692,-19.15179],[-42.74752,-19.14997],[-42.80034,-19.09631],[-42.98452,-18.93033],[-43.08351,-19.02446],[-43.07827,-19.05993]]]},"properties":{"cod_ibge":"312310","name":"Dores de Guanhães","uf":"MG"}},
{"type":"Feature","geometry":{"type":"Polygon","coordinates":[[[-42.9098,-21.99073],[-42.66518,-21.87341],[-42.60617,-21.84658],[-42.62283,-21.70197],[-42.72895,-21.66469],[-42.78035,-21.8384],[-42.88172,-21.83203],[-42.88458,-21.85158],[-42.9098,-21.99073]]]},"properties":{"cod_ibge":"310150","name":"Além Paraíba","uf":"MG"}},
{"type":"Feature","geometry":{"type":"Polygon","coordinates":[[[-45.10469,-16.56523],[-45.02046,-16.75394],[-44.85389,-16.69847],[-44.81106,-16.64935],[-44.97191,-16.5484],[-45.0671,-16.47246],[-45.11707,-16.51293],[-45.10469,-16.56523]]]},"properties":{"cod_ibge":"315213","name":"Ponto Chique","uf":"MG"}},
{"type":"Feature","geometry":{"type":"Polygon","coordinates":[[[-44.822,-18.6584],[-44.84961,-18.54608],[-45.04425,-18.50197],[-45.23747,-18.59337],[-45.18607,-18.80937],[-44.77965,-18.87349],[-44.66876,-18.73661],[-44.822,-18.6584]]]},"properties":{"cod_ibge":"312570","name":"Felixlândia","uf":"MG"}},
{"type":"Feature","geometry":{"type":"Polygon","coordinates":[[[-47.22582,-16.72029],[-47.02403,-16.59706],[-46.93504,-16.69801],[-46.91933,-16.84398],[-46.85318,-16.9031],[-46.679,-16.79533],[-46.56193,-16.88173],[-46.23736,-16.98359],[-46.20499,-16.96267],[-46.20499,-16.93948],[-46.39012,-16.81897],[-46.46722,-16.7012],[-46.56621,-16.56386],[-46.51338,-16.38242],[-46.45865,-16.28693],[-46.3116,-16.2983],[-46.43343,-16.04046],[-46.44723,-15.87539],[-46.4577,-15.85174],[-46.63712,-15.78944],[-46.80607,-15.87084],[-46.95265,-15.91677],[-46.88983,-16.11594],[-47.11446,-16.19552],[-47.32243,-16.20917],[-47.45949,-16.50429],[-47.22582,-16.72029]]]},"properties":{"cod_ibge":"317040","name":"Unaí","uf":"MG"}},
{"type":"Feature","geometry":{"type":"Polygon","coordinates":[[[-41.57107,-18.01903],[-41.6653,-17.91353],[-41.79903,-17.93945],[-41.91467,-18.1168],[-42.04983,-18.1459],[-42.06601,-18.26141],[-42.05316,-18.41829],[-42.02746,-18.45467],[-41.92562,-18.37964],[-41.87517,-18.35236],[-41.65721,-18.14045],[-41.57107,-18.01903]]]},"properties":{"cod_ibge":"313270","name":"Itambacuri","uf":"MG"}},
{"type":"Feature","geometry":{"type":"Polygon","coordinates":[[[-44.22093,-21.56692],[-44.38655,-21.58602],[-44.38464,-21.71425],[-44.49267,-21.78974],[-44.4408,-21.87296],[-44.39844,-21.86659],[-44.28565,-21.92843],[-44.17429,-21.82748],[-44.09101,-21.79701],[-44.07149,-21.73062],[-44.16334,-21.5892],[-44.22093,-21.56692]]]},"properties":{"cod_ibge":"310280","name":"Andrelândia","uf":"MG"}},
{"type":"Feature","geometry":{"type":"Polygon","coordinates":[[[-45.26032,-20.65107],[-45.51207,-20.69654],[-45.38976,-20.84752],[-45.07043,-20.83933],[-45.05663,-20.81705],[-45.08518,-20.74429],[-45.26032,-20.65107]]]},"properties":{"cod_ibge":"311200","name":"Candeias","uf":"MG"}},
{"type":"Feature","geometry":{"type":"Polygon","coordinates":[[[-41.25221,-17.954],[-41.36928,-18.03177],[-41.37166,-18.06178],[-41.21699,-18.07724],[-41.25221,-17.954]]]},"properties":{"cod_ibge":"314620","name":"Ouro Verde de Minas","uf":"MG"}},
{"type":"Feature","geometry":{"type":"Polygon","coordinates":[[[-43.22295,-19.78388],[-43.19297,-19.86755],[-43.08922,-19.858],[-43.19725,-19.79025],[-43.22295,-19.78388]]]},"properties":{"cod_ibge":"313620","name":"João Monlevade","uf":"MG"}},
{"type":"Feature","geometry":{"type":"Polygon","coordinates":[[[-45.12896,-21.16856],[-45.04473,-21.14537],[-45.10279,-21.129],[-45.12896,-21.16856]]]},"properties":{"cod_ibge":"315470","name":"Ribeirão Vermelho","uf":"MG"}},
{"type":"Feature","geometry":{"type":"Polygon","coordinates":[[[-47.14777,-21.03532],[-46.93551,-21.0617],[-46.89173,-21.06534],[-46.79798,-20.97575],[-46.8746,-20.88572],[-46.96312,-20.7934],[-47.02832,-20.73156],[-47.08447,-20.83615],[-47.22677,-20.8557],[-47.22725,-20.85661],[-47.18108,-20.95393],[-47.14777,-21.03532]]]},"properties":{"cod_ibge":"316470","name":"São Sebastião do Paraíso","uf":"MG"}},
{"type":"Feature","geometry":{"type":"Polygon","coordinates":[[[-45.45877,-22.08214],[-45.47685,-21.98982],[-45.61867,-22.01893],[-45.59773,-22.10305],[-45.45877,-22.08214]]]},"properties":{"cod_ibge":"312920","name":"Heliodora","uf":"MG"}},
{"type":"Feature","geometry":{"type":"Polygon","coordinates":[[[-43.94585,-19.77706],[-43.86209,-19.82799],[-43.77024,-19.72567],[-43.78214,-19.61108],[-43.79832,-19.6129],[-43.89731,-19.69884],[-43.94585,-19.77706]]]},"properties":{"cod_ibge":"315780","name":"Santa Luzia","uf":"MG"}},
{"type":"Feature","geometry":{"type":"Polygon","coordinates":[[[-45.07471,-22.09669],[-45.00713,-22.11169],[-44.94003,-22.07668],[-44.99666,-21.9489],[-45.12658,-21.98209],[-45.07471,-22.09669]]]},"properties":{"cod_ibge":"316780","name":"Soledade de Minas","uf":"MG"}},
{"type":"Feature","geometry":{"type":"Polygon","coordinates":[[[-42.8941,-21.37274],[-42.83032,-21.3882],[-42.81367,-21.26088],[-42.86126,-21.24178],[-42.95501,-21.26451],[-42.92646,-21.30271],[-42.93788,-21.36774],[-42.8941,-21.37274]]]},"properties":{"cod_ibge":"310460","name":"Astolfo Dutra","uf":"MG"}},
{"type":"Feature","geometry":{"type":"Polygon","coordinates":[[[-41.62723,-16.94494],[-41.45495,-16.9463],[-41.38451,-17.04998],[-41.32407,-17.05999],[-41.27743,-17.0327],[-41.27648,-17.00587],[-41.37023,-16.88355],[-41.29219,-16.74849],[-41.35453,-16.62389],[-41.55727,-16.7303],[-41.60438,-16.69938],[-41.75715,-16.8649],[-41.62723,-16.94494]]]},"properties":{"cod_ibge":"315217","name":"Ponto dos Volantes","uf":"MG"}},
{"type":"Feature","geometry":{"type":"Polygon","coordinates":[[[-43.33621,-18.39419],[-43.16774,-18.48196],[-43.11254,-18.42966],[-43.2634,-18.30597],[-43.33621,-18.39419]]]},"properties":{"cod_ibge":"316650","name":"Serra Azul de Minas","uf":"MG"}},
{"type":"Feature","geometry":{"type":"Polygon","coordinates":[[[-44.40463,-18.01949],[-44.20903,-18.01903],[-44.1524,-17.97629],[-43.97917,-17.99175],[-43.95585,-18.1409],[-43.76358,-17.92445],[-43.84068,-17.8335],[-43.95632,-17.5552],[-43.99678,-17.7189],[-44.07387,-17.83395],[-44.29803,-17.81076],[-44.30231,-17.90944],[-44.40463,-18.01949]]]},"properties":{"cod_ibge":"310920","name":"Buenópolis","uf":"MG"}},
{"type":"Feature","geometry":{"type":"Polygon","coordinates":[[[-46.40297,-18.88077],[-46.52861,-18.80892],[-46.49387,-18.69432],[-46.39821,-18.6252],[-46.27924,-18.71888],[-46.0627,-18.71933],[-45.86234,-18.63975],[-45.82903,-18.587],[-46.10791,-18.51515],[-46.30827,-18.55654],[-46.65425,-18.40511],[-46.76086,-18.3087],[-46.92029,-18.26368],[-46.96121,-18.40647],[-46.84414,-18.5247],[-46.81035,-18.65067],[-46.64426,-18.87394],[-46.56764,-18.98808],[-46.50767,-18.91714],[-46.40297,-18.88077]]]},"properties":{"cod_ibge":"314800","name":"Patos de Minas","uf":"MG"}},
{"type":"Feature","geometry":{"type":"Polygon","coordinates":[[[-45.12658,-21.98209],[-44.99666,-21.9489],[-44.99809,-21.90433],[-44.9762,-21.85158],[-45.0433,-21.77792],[-45.14181,-21.8675],[-45.21558,-21.90979],[-45.20035,-21.98528],[-45.12658,-21.98209]]]},"properties":{"cod_ibge":"311770","name":"Conceição do Rio Verde","uf":"MG"}},
{"type":"Feature","geometry":{"type":"Polygon","coordinates":[[[-42.52336,-21.40048],[-42.45245,-21.43822],[-42.39201,-21.4455],[-42.39915,-21.30044],[-42.46292,-21.26952],[-42.50242,-21.31181],[-42.52336,-21.40048]]]},"properties":{"cod_ibge":"313800","name":"Laranjal","uf":"MG"}},
{"type":"Feature","geometry":{"type":"Polygon","coordinates":[[[-42.38678,-19.32823],[-42.27827,-19.44373],[-42.27494,-19.44737],[-42.25352,-19.35597],[-42.33585,-19.2682],[-42.38678,-19.32823]]]},"properties":{"cod_ibge":"310925","name":"Bugre","uf":"MG"}},
{"type":"Feature","geometry":{"type":"Polygon","coordinates":[[[-42.86173,-21.15674],[-42.81367,-21.26088],[-42.79511,-21.27133],[-42.75275,-21.20312],[-42.70659,-21.14173],[-42.79035,-21.09581],[-42.84555,-21.10717],[-42.86173,-21.15674]]]},"properties":{"cod_ibge":"312880","name":"Guidoval","uf":"MG"}},
{"type":"Feature","geometry":{"type":"Polygon","coordinates":[[[-42.15644,-19.91348],[-42.07506,-19.88529],[-42.07648,-19.84572],[-42.17024,-19.83299],[-42.15644,-19.91348]]]},"properties":{"cod_ibge":"315935","name":"Santa Rita de Minas","uf":"MG"}},
{"type":"Feature","geometry":{"type":"Polygon","coordinates":[[[-45.09803,-22.45957],[-45.01522,-22.33997],[-45.01475,-22.27586],[-45.07376,-22.23675],[-45.17418,-22.28813],[-45.22319,-22.36999],[-45.16989,-22.40045],[-45.09803,-22.45957]]]},"properties":{"cod_ibge":"317170","name":"Virgínia","uf":"MG"}},
{"type":"Feature","geometry":{"type":"Polygon","coordinates":[[[-43.37191,-21.28452],[-43.32432,-21.29635],[-43.26816,-21.27816],[-43.24484,-21.21085],[-43.23961,-21.08762],[-43.24341,-21.08353],[-43.41712,-21.1581],[-43.45138,-21.19403],[-43.44139,-21.25087],[-43.37191,-21.28452]]]},"properties":{"cod_ibge":"314160","name":"Mercês","uf":"MG"}},
{"type":"Feature","geometry":{"type":"Polygon","coordinates":[[[-49.87235,-18.80164],[-49.79478,-18.64385],[-50.02892,-18.60155],[-50.07985,-18.67204],[-49.96801,-18.78618],[-49.87235,-18.80164]]]},"properties":{"cod_ibge":"313140","name":"Ipiaçu","uf":"MG"}},
{"type":"Feature","geometry":{"type":"Polygon","coordinates":[[[-42.68565,-18.587],[-42.59522,-18.56518],[-42.61474,-18.41648],[-42.70421,-18.50833],[-42.68565,-18.587]]]},"properties":{"cod_ibge":"311205","name":"Cantagalo","uf":"MG"}},
{"type":"Feature","geometry":{"type":"Polygon","coordinates":[[[-42.7775,-19.79479],[-42.72134,-19.75841],[-42.53002,-19.80889],[-42.4791,-19.75205],[-42.48386,-19.72658],[-42.52384,-19.55651],[-42.63806,-19.59198],[-42.66185,-19.67611],[-42.79749,-19.71294],[-42.7775,-19.79479]]]},"properties":{"cod_ibge":"314030","name":"Marliéria","uf":"MG"}},
{"type":"Feature","geometry":{"type":"Polygon","coordinates":[[[-46.61618,-22.43865],[-46.55003,-22.46958],[-46.45627,-22.52187],[-46.42296,-22.39955],[-46.50625,-22.34088],[-46.66092,-22.36589],[-46.61618,-22.43865]]]},"properties":{"cod_ibge":"314340","name":"Monte Sião","uf":"MG"}},
{"type":"Feature","geometry":{"type":"Polygon","coordinates":[[[-42.28826,-17.59567],[-42.36917,-17.68025],[-42.32253,-17.78439],[-42.26685,-17.78848],[-42.2145,-17.7712],[-42.28826,-17.59567]]]},"properties":{"cod_ibge":"310285","name":"Angelândia","uf":"MG"}},
{"type":"Feature","geometry":{"type":"Polygon","coordinates":[[[-41.96702,-19.13997],[-41.88755,-19.21864],[-41.70385,-19.27321],[-41.63389,-19.17726],[-41.70527,-19.09495],[-41.84376,-19.12405],[-41.94561,-19.02264],[-41.96702,-19.13997]]]},"properties":{"cod_ibge":"313320","name":"Itanhomi","uf":"MG"}},
{"type":"Feature","geometry":{"type":"Polygon","coordinates":[[[-43.37191,-21.28452],[-43.42378,-21.33682],[-43.46995,-21.37138],[-43.35287,-21.35819],[-43.32432,-21.29635],[-43.37191,-21.28452]]]},"properties":{"cod_ibge":"310330","name":"Aracitaba","uf":"MG"}},
{"type":"Feature","geometry":{"type":"Polygon","coordinates":[[[-50.45486,-19.58107],[-50.21453,-19.55924],[-50.17312,-19.30504],[-50.23642,-19.28139],[-50.32113,-19.23364],[-50.51483,-19.27366],[-50.51673,-19.43055],[-50.45486,-19.58107]]]},"properties":{"cod_ibge":"317043","name":"União de Minas","uf":"MG"}},
{"type":"Feature","geometry":{"type":"Polygon","coordinates":[[[-42.63139,-16.41653],[-42.4772,-16.43926],[-42.4929,-16.30784],[-42.5443,-16.21008],[-42.69992,-16.17233],[-42.60046,-16.27465],[-42.63139,-16.41653]]]},"properties":{"cod_ibge":"314625","name":"Padre Carvalho","uf":"MG"}},
{"type":"Feature","geometry":{"type":"Polygon","coordinates":[[[-44.15763,-18.76663],[-44.31088,-18.88531],[-44.38893,-18.80255],[-44.37322,-18.62338],[-44.2195,-18.582],[-44.17953,-18.50606],[-44.18714,-18.42148],[-44.31516,-18.27642],[-44.40606,-18.38328],[-44.51695,-18.61702],[-44.66876,-18.73661],[-44.77965,-18.87349],[-44.78726,-18.98899],[-44.68304,-19.05766],[-44.69446,-19.2059],[-44.65163,-19.22682],[-44.40939,-19.12996],[-44.21712,-18.9517],[-44.12051,-18.94534],[-44.07435,-18.91442],[-44.15763,-18.76663]]]},"properties":{"cod_ibge":"312090","name":"Curvelo","uf":"MG"}},
{"type":"Feature","geometry":{"type":"Polygon","coordinates":[[[-46.13028,-21.87432],[-46.21213,-21.79156],[-46.39679,-21.75973],[-46.39869,-21.75927],[-46.56526,-21.93344],[-46.43629,-22.03757],[-46.39488,-22.01347],[-46.34158,-21.94799],[-46.13028,-21.87432]]]},"properties":{"cod_ibge":"311030","name":"Caldas","uf":"MG"}},
{"type":"Feature","geometry":{"type":"Polygon","coordinates":[[[-45.3593,-22.4673],[-45.43021,-22.53961],[-45.48019,-22.59054],[-45.42022,-22.621],[-45.3593,-22.4673]]]},"properties":{"cod_ibge":"317220","name":"Wenceslau Braz","uf":"MG"}},
{"type":"Feature","geometry":{"type":"Polygon","coordinates":[[[-43.11016,-19.72658],[-43.00927,-19.82753],[-42.90837,-19.74977],[-43.04448,-19.56469],[-43.05733,-19.57788],[-43.11016,-19.72658]]]},"properties":{"cod_ibge":"314470","name":"Nova Era","uf":"MG"}},
{"type":"Feature","geometry":{"type":"Polygon","coordinates":[[[-42.95739,-20.20406],[-43.05971,-20.18951],[-43.16298,-20.17723],[-43.133,-20.34048],[-43.02402,-20.41006],[-42.95311,-20.27273],[-42.95739,-20.20406]]]},"properties":{"cod_ibge":"310570","name":"Barra Longa","uf":"MG"}},
{"type":"Feature","geometry":{"type":"Polygon","coordinates":[[[-42.5562,-18.93943],[-42.39058,-18.9276],[-42.45578,-18.81437],[-42.50433,-18.78709],[-42.57524,-18.83666],[-42.55572,-18.9367],[-42.5562,-18.93943]]]},"properties":{"cod_ibge":"312750","name":"Gonzaga","uf":"MG"}},
{"type":"Feature","geometry":{"type":"Polygon","coordinates":[[[-47.06782,-20.52783],[-46.93742,-20.75793],[-46.84128,-20.68108],[-46.83177,-20.63061],[-46.81987,-20.4619],[-46.97882,-20.37322],[-47.06782,-20.52783]]]},"properties":{"cod_ibge":"311510","name":"Cássia","uf":"MG"}},
{"type":"Feature","geometry":{"type":"Polygon","coordinates":[[[-44.60213,-21.34637],[-44.73301,-21.21176],[-44.75966,-21.23496],[-44.81772,-21.39321],[-44.81344,-21.46915],[-44.76347,-21.47779],[-44.6383,-21.44914],[-44.60213,-21.34637]]]},"properties":{"cod_ibge":"313450","name":"Itutinga","uf":"MG"}},
{"type":"Feature","geometry":{"type":"Polygon","coordinates":[[[-44.13336,-19.7093],[-44.00582,-19.73704],[-44.00772,-19.72203],[-44.00534,-19.65564],[-43.97203,-19.59789],[-43.92206,-19.53559],[-43.95014,-19.48693],[-44.19475,-19.66292],[-44.13336,-19.7093]]]},"properties":{"cod_ibge":"314930","name":"Pedro Leopoldo","uf":"MG"}},
{"type":"Feature","geometry":{"type":"Polygon","coordinates":[[[-42.31491,-20.20179],[-42.21307,-20.28318],[-42.20974,-20.08946],[-42.24781,-20.08355],[-42.31063,-20.14267],[-42.31491,-20.20179]]]},"properties":{"cod_ibge":"311290","name":"Caputira","uf":"MG"}},
{"type":"Feature","geometry":{"type":"Polygon","coordinates":[[[-46.23069,-16.23781],[-46.18786,-16.03136],[-46.44723,-15.87539],[-46.43343,-16.04046],[-46.3116,-16.2983],[-46.27638,-16.32012],[-46.23069,-16.23781]]]},"properties":{"cod_ibge":"317047","name":"Uruana de Minas","uf":"MG"}},
{"type":"Feature","geometry":{"type":"Polygon","coordinates":[[[-42.10551,-16.43699],[-41.89754,-16.33695],[-41.91039,-16.32149],[-42.09028,-16.23236],[-42.20355,-16.30057],[-42.34204,-16.29557],[-42.4929,-16.30784],[-42.4772,-16.43926],[-42.46768,-16.48838],[-42.37773,-16.47382],[-42.18166,-16.47883],[-42.10551,-16.43699]]]},"properties":{"cod_ibge":"315650","name":"Rubelita","uf":"MG"}},
{"type":"Feature","geometry":{"type":"Polygon","coordinates":[[[-43.81831,-14.38748],[-43.91873,-14.51389],[-44.01153,-14.53572],[-44.0596,-14.37202],[-44.19095,-14.40885],[-44.32039,-14.54845],[-44.39797,-14.59302],[-44.338,-14.6444],[-44.29565,-14.81993],[-44.21284,-14.76628],[-44.09339,-14.82767],[-44.00677,-14.97864],[-43.99725,-14.97682],[-43.92063,-14.84358],[-43.88113,-14.56255],[-43.81831,-14.38748]]]},"properties":{"cod_ibge":"313930","name":"Manga","uf":"MG"}},
{"type":"Feature","geometry":{"type":"Polygon","coordinates":[[[-47.2934,-20.4187],[-47.22344,-20.491],[-47.23248,-20.22771],[-47.27674,-20.29182],[-47.2934,-20.4187]]]},"properties":{"cod_ibge":"311640","name":"Claraval","uf":"MG"}},
{"type":"Feature","geometry":{"type":"Polygon","coordinates":[[[-42.37773,-16.47382],[-42.28921,-16.55295],[-42.30968,-16.65845],[-42.17404,-16.76759],[-42.09457,-16.72757],[-42.04317,-16.58342],[-42.10551,-16.43699],[-42.18166,-16.47883],[-42.37773,-16.47382]]]},"properties":{"cod_ibge":"311950","name":"Coronel Murta","uf":"MG"}},
{"type":"Feature","geometry":{"type":"Polygon","coordinates":[[[-47.60369,-19.66974],[-47.68602,-19.85664],[-47.75741,-19.90302],[-47.76264,-19.98624],[-47.63986,-20.04717],[-47.54944,-19.99397],[-47.48947,-19.96941],[-47.54658,-19.89393],[-47.52421,-19.77615],[-47.60369,-19.66974]]]},"properties":{"cod_ibge":"311820","name":"Conquista","uf":"MG"}},
{"type":"Feature","geometry":{"type":"Polygon","coordinates":[[[-43.40808,-17.94718],[-43.49945,-17.84896],[-43.5518,-18.04541],[-43.38381,-18.25686],[-43.40237,-18.29324],[-43.26292,-18.30325],[-43.27292,-18.25231],[-43.32051,-18.23776],[-43.37381,-18.23367],[-43.40808,-17.94718]]]},"properties":{"cod_ibge":"312010","name":"Couto de Magalhães de Minas","uf":"MG"}},
{"type":"Feature","geometry":{"type":"Polygon","coordinates":[[[-42.61664,-18.99036],[-42.70421,-18.91805],[-42.80034,-19.09631],[-42.74752,-19.14997],[-42.74847,-19.15225],[-42.66423,-19.09768],[-42.61664,-18.99036]]]},"properties":{"cod_ibge":"310880","name":"Braúnas","uf":"MG"}},
{"type":"Feature","geometry":{"type":"Polygon","coordinates":[[[-46.03224,-21.88614],[-45.85901,-21.89387],[-45.84901,-21.80884],[-45.89708,-21.77746],[-45.98608,-21.69652],[-46.10791,-21.70516],[-46.08031,-21.8584],[-46.06127,-21.87568],[-46.03224,-21.88614]]]},"properties":{"cod_ibge":"315170","name":"Poço Fundo","uf":"MG"}},
{"type":"Feature","geometry":{"type":"Polygon","coordinates":[[[-45.45639,-17.84714],[-45.63343,-18.01312],[-45.69006,-18.13999],[-45.80618,-18.17865],[-45.90803,-18.31052],[-46.00702,-18.3228],[-46.00987,-18.32598],[-45.77335,-18.46695],[-45.64485,-18.48196],[-45.50826,-18.31643],[-45.4069,-18.31734],[-45.26745,-18.22094],[-45.19845,-17.98766],[-45.46781,-17.90535],[-45.45639,-17.84714]]]},"properties":{"cod_ibge":"316170","name":"São Gonçalo do Abaeté","uf":"MG"}},
{"type":"Feature","geometry":{"type":"Polygon","coordinates":[[[-42.25971,-20.84206],[-42.36155,-20.77749],[-42.47101,-20.7502],[-42.4791,-20.76021],[-42.51384,-20.86707],[-42.34823,-20.95893],[-42.25971,-20.84206]]]},"properties":{"cod_ibge":"314210","name":"Miradouro","uf":"MG"}},
{"type":"Feature","geometry":{"type":"Polygon","coordinates":[[[-45.60059,-21.31544],[-45.60392,-21.23132],[-45.67816,-21.13673],[-45.948,-21.16493],[-45.95467,-21.2345],[-45.8257,-21.32136],[-45.83141,-21.39366],[-45.7643,-21.42276],[-45.6953,-21.43686],[-45.60059,-21.31544]]]},"properties":{"cod_ibge":"311160","name":"Campos Gerais","uf":"MG"}},
{"type":"Feature","geometry":{"type":"Polygon","coordinates":[[[-42.65662,-15.03685],[-42.65614,-15.16781],[-42.52003,-15.32197],[-42.5167,-15.42883],[-42.40676,-15.38927],[-42.27256,-15.19237],[-42.26542,-15.12507],[-42.27779,-15.1137],[-42.4791,-15.01411],[-42.51575,-14.98273],[-42.65662,-15.03685]]]},"properties":{"cod_ibge":"314345","name":"Montezuma","uf":"MG"}},
{"type":"Feature","geometry":{"type":"Polygon","coordinates":[[[-44.15859,-20.51101],[-44.15145,-20.42188],[-44.27756,-20.4237],[-44.348,-20.49737],[-44.31564,-20.58559],[-44.18,-20.52283],[-44.15859,-20.51101]]]},"properties":{"cod_ibge":"315040","name":"Piedade dos Gerais","uf":"MG"}},
{"type":"Feature","geometry":{"type":"Polygon","coordinates":[[[-45.09708,-20.12266],[-45.04711,-20.0117],[-45.14324,-19.97805],[-45.2665,-19.90666],[-45.28982,-19.91394],[-45.50303,-19.85391],[-45.38453,-20.03035],[-45.4602,-20.12539],[-45.45639,-20.20679],[-45.38596,-20.31911],[-45.33694,-20.33366],[-45.35121,-20.26863],[-45.15419,-20.18087],[-45.09708,-20.12266]]]},"properties":{"cod_ibge":"316040","name":"Santo Antônio do Monte","uf":"MG"}},
{"type":"Feature","geometry":{"type":"Polygon","coordinates":[[[-43.52277,-20.93756],[-43.47042,-20.93937],[-43.37286,-20.86707],[-43.42521,-20.82387],[-43.55275,-20.77885],[-43.6189,-20.85707],[-43.52277,-20.93756]]]},"properties":{"cod_ibge":"315520","name":"Rio Espera","uf":"MG"}},
{"type":"Feature","geometry":{"type":"Polygon","coordinates":[[[-44.88482,-21.83658],[-44.87816,-21.62785],[-45.03664,-21.63194],[-45.0433,-21.77792],[-44.9762,-21.85158],[-44.88482,-21.83658]]]},"properties":{"cod_ibge":"316520","name":"São Tomé das Letras","uf":"MG"}},
{"type":"Feature","geometry":{"type":"Polygon","coordinates":[[[-44.7806,-19.7716],[-44.63735,-19.72886],[-44.64116,-19.71158],[-44.72539,-19.61381],[-44.75442,-19.60608],[-44.83866,-19.73522],[-44.7806,-19.7716]]]},"properties":{"cod_ibge":"314580","name":"Onça de Pitangui","uf":"MG"}},
{"type":"Feature","geometry":{"type":"Polygon","coordinates":[[[-42.92741,-20.0349],[-43.05971,-20.18951],[-42.95739,-20.20406],[-42.86982,-20.14494],[-42.87363,-20.03671],[-42.92741,-20.0349]]]},"properties":{"cod_ibge":"312270","name":"Dom Silvério","uf":"MG"}},
{"type":"Feature","geometry":{"type":"Polygon","coordinates":[[[-46.24069,-21.25678],[-46.05556,-21.30771],[-46.04366,-21.19221],[-46.07031,-21.14719],[-46.29209,-21.1531],[-46.3492,-21.17948],[-46.24069,-21.25678]]]},"properties":{"cod_ibge":"310200","name":"Alterosa","uf":"MG"}},
{"type":"Feature","geometry":{"type":"Polygon","coordinates":[[[-42.00843,-19.73295],[-42.096,-19.73931],[-42.16167,-19.61563],[-42.244,-19.54696],[-42.27494,-19.44737],[-42.27827,-19.44373],[-42.43199,-19.43964],[-42.50242,-19.49194],[-42.51432,-19.49239],[-42.50385,-19.51513],[-42.39867,-19.60426],[-42.26352,-19.58288],[-42.24067,-19.72704],[-42.23591,-19.92576],[-42.16929,-19.93849],[-42.15644,-19.91348],[-42.17024,-19.83299],[-42.07648,-19.84572],[-42.07506,-19.88529],[-42.02033,-19.91757],[-41.80188,-19.83208],[-41.81473,-19.59425],[-41.90325,-19.62108],[-42.00843,-19.73295]]]},"properties":{"cod_ibge":"311340","name":"Caratinga","uf":"MG"}},
{"type":"Feature","geometry":{"type":"Polygon","coordinates":[[[-40.66446,-16.51384],[-40.67255,-16.45427],[-40.70729,-16.2701],[-40.98903,-16.2128],[-40.97,-16.08548],[-41.21794,-16.07229],[-41.29694,-16.17097],[-41.30266,-16.33286],[-41.45114,-16.45382],[-41.4578,-16.56705],[-41.35453,-16.62389],[-41.29219,-16.74849],[-40.96619,-16.54658],[-40.89099,-16.62162],[-40.7901,-16.51521],[-40.66446,-16.51384]]]},"properties":{"cod_ibge":"313580","name":"Jequitinhonha","uf":"MG"}},
{"type":"Feature","geometry":{"type":"Polygon","coordinates":[[[-45.89042,-20.21725],[-45.75954,-19.9726],[-45.79762,-19.91484],[-45.98893,-19.91303],[-46.11648,-19.95986],[-46.11267,-20.06264],[-46.22546,-20.18451],[-46.08031,-20.33866],[-45.97608,-20.33821],[-45.89042,-20.21725]]]},"properties":{"cod_ibge":"310510","name":"Bambuí","uf":"MG"}},
{"type":"Feature","geometry":{"type":"Polygon","coordinates":[[[-42.34204,-16.29557],[-42.20355,-16.30057],[-42.09028,-16.23236],[-41.91039,-16.32149],[-41.86851,-16.18279],[-41.90849,-16.01636],[-42.22497,-15.95087],[-42.32776,-15.84947],[-42.3982,-15.90176],[-42.42437,-16.07957],[-42.34204,-16.29557]]]},"properties":{"cod_ibge":"315700","name":"Salinas","uf":"MG"}},
{"type":"Feature","geometry":{"type":"Polygon","coordinates":[[[-44.64592,-21.77428],[-44.55787,-21.90433],[-44.4408,-21.87296],[-44.49267,-21.78974],[-44.58119,-21.75154],[-44.64592,-21.77428]]]},"properties":{"cod_ibge":"316700","name":"Serranos","uf":"MG"}},
{"type":"Feature","geometry":{"type":"Polygon","coordinates":[[[-42.84079,-20.48782],[-42.75751,-20.45553],[-42.74561,-20.39732],[-42.78749,-20.36549],[-42.84079,-20.48782]]]},"properties":{"cod_ibge":"314585","name":"Oratórios","uf":"MG"}},
{"type":"Feature","geometry":{"type":"Polygon","coordinates":[[[-46.03938,-14.87541],[-46.08792,-14.93635],[-46.28685,-14.92816],[-46.32207,-14.81448],[-46.50339,-14.70398],[-46.5605,-14.81493],[-46.50291,-15.05094],[-46.2878,-15.41201],[-45.98941,-15.38154],[-45.81808,-15.40519],[-45.71005,-15.34061],[-45.74003,-15.12052],[-45.87233,-15.15872],[-46.04366,-15.11824],[-45.96609,-14.96545],[-46.03747,-14.8745],[-46.03938,-14.87541]]]},"properties":{"cod_ibge":"312620","name":"Formoso","uf":"MG"}},
{"type":"Feature","geometry":{"type":"Polygon","coordinates":[[[-45.01522,-22.33997],[-45.09803,-22.45957],[-45.10279,-22.49004],[-44.96573,-22.47503],[-44.84389,-22.42774],[-44.80963,-22.40546],[-44.80963,-22.40455],[-45.01522,-22.33997]]]},"properties":{"cod_ibge":"314760","name":"Passa Quatro","uf":"MG"}},
{"type":"Feature","geometry":{"type":"Polygon","coordinates":[[[-43.89731,-19.69884],[-43.79832,-19.6129],[-43.92206,-19.53559],[-43.97203,-19.59789],[-43.9449,-19.67156],[-43.89731,-19.69884]]]},"properties":{"cod_ibge":"313760","name":"Lagoa Santa","uf":"MG"}},
{"type":"Feature","geometry":{"type":"Polygon","coordinates":[[[-41.07136,-17.34693],[-40.95239,-17.33283],[-40.74775,-17.34647],[-40.75917,-17.16003],[-40.79867,-17.13638],[-40.9719,-17.17412],[-41.12609,-17.12501],[-41.20509,-17.22369],[-41.07136,-17.34693]]]},"properties":{"cod_ibge":"312015","name":"Crisólita","uf":"MG"}},
{"type":"Feature","geometry":{"type":"Polygon","coordinates":[[[-45.84901,-21.80884],[-45.78762,-21.82293],[-45.89708,-21.77746],[-45.84901,-21.80884]]]},"properties":{"cod_ibge":"311470","name":"Carvalhópolis","uf":"MG"}},
{"type":"Feature","geometry":{"type":"Polygon","coordinates":[[[-42.98452,-18.93033],[-42.80034,-19.09631],[-42.70421,-18.91805],[-42.61664,-18.99036],[-42.5562,-18.93943],[-42.55572,-18.9367],[-42.76322,-18.84348],[-42.77702,-18.70751],[-42.71801,-18.65476],[-42.72039,-18.64748],[-42.85126,-18.67477],[-42.97167,-18.6543],[-43.06257,-18.78982],[-42.98452,-18.93033]]]},"properties":{"cod_ibge":"312800","name":"Guanhães","uf":"MG"}},
{"type":"Feature","geometry":{"type":"Polygon","coordinates":[[[-43.6289,-19.69475],[-43.58226,-19.51376],[-43.78214,-19.61108],[-43.77024,-19.72567],[-43.70838,-19.74659],[-43.6289,-19.69475]]]},"properties":{"cod_ibge":"316830","name":"Taquaraçu de Minas","uf":"MG"}},
{"type":"Feature","geometry":{"type":"Polygon","coordinates":[[[-42.75561,-15.397],[-42.5167,-15.42883],[-42.52003,-15.32197],[-42.65614,-15.16781],[-42.65662,-15.03685],[-42.77797,-15.15963],[-42.81034,-15.24102],[-42.75561,-15.397]]]},"properties":{"cod_ibge":"316045","name":"Santo Antônio do Retiro","uf":"MG"}},
{"type":"Feature","geometry":{"type":"Polygon","coordinates":[[[-45.15419,-20.18087],[-45.35121,-20.26863],[-45.33694,-20.33366],[-45.32076,-20.35049],[-45.12849,-20.33321],[-45.15419,-20.18087]]]},"properties":{"cod_ibge":"314890","name":"Pedra do Indaiá","uf":"MG"}},
{"type":"Feature","geometry":{"type":"Polygon","coordinates":[[[-45.51731,-21.21858],[-45.60392,-21.23132],[-45.60059,-21.31544],[-45.37786,-21.31044],[-45.39309,-21.29134],[-45.51731,-21.21858]]]},"properties":{"cod_ibge":"315830","name":"Santana da Vargem","uf":"MG"}},
{"type":"Feature","geometry":{"type":"Polygon","coordinates":[[[-40.80485,-16.97449],[-40.79867,-17.13638],[-40.75917,-17.16003],[-40.61402,-17.1864],[-40.66494,-17.03497],[-40.71967,-16.95858],[-40.80485,-16.97449]]]},"properties":{"cod_ibge":"313890","name":"Machacalis","uf":"MG"}},
{"type":"Feature","geometry":{"type":"Polygon","coordinates":[[[-41.83663,-20.40915],[-41.96274,-20.50464],[-41.85043,-20.49828],[-41.8252,-20.48327],[-41.7995,-20.4769],[-41.80331,-20.42233],[-41.83663,-20.40915]]]},"properties":{"cod_ibge":"310205","name":"Alto Caparaó","uf":"MG"}},
{"type":"Feature","geometry":{"type":"Polygon","coordinates":[[[-44.31564,-20.58559],[-44.35704,-20.60787],[-44.42129,-20.71246],[-44.26519,-20.72337],[-44.13669,-20.6015],[-44.18,-20.52283],[-44.31564,-20.58559]]]},"properties":{"cod_ibge":"312140","name":"Desterro de Entre Rios","uf":"MG"}},
{"type":"Feature","geometry":{"type":"Polygon","coordinates":[[[-45.74479,-19.49194],[-45.63628,-19.66292],[-45.51017,-19.69839],[-45.39071,-19.50149],[-45.33884,-19.3446],[-45.46591,-19.32232],[-45.62343,-19.35551],[-45.7129,-19.31413],[-45.67769,-19.39962],[-45.74479,-19.49194]]]},"properties":{"cod_ibge":"312320","name":"Dores do Indaiá","uf":"MG"}},
{"type":"Feature","geometry":{"type":"Polygon","coordinates":[[[-42.27684,-20.54784],[-42.15644,-20.46781],[-42.18832,-20.4337],[-42.27684,-20.54784]]]},"properties":{"cod_ibge":"314587","name":"Orizânia","uf":"MG"}},
{"type":"Feature","geometry":{"type":"Polygon","coordinates":[[[-42.55525,-20.26772],[-42.54287,-20.35958],[-42.52669,-20.42506],[-42.43437,-20.43552],[-42.41533,-20.35003],[-42.31491,-20.20179],[-42.31063,-20.14267],[-42.49671,-20.19496],[-42.55192,-20.26136],[-42.55525,-20.26772]]]},"properties":{"cod_ibge":"310030","name":"Abre Campo","uf":"MG"}},
{"type":"Feature","geometry":{"type":"Polygon","coordinates":[[[-41.85947,-20.37277],[-42.01271,-20.41051],[-42.0584,-20.49919],[-41.96274,-20.50464],[-41.83663,-20.40915],[-41.85947,-20.37277]]]},"properties":{"cod_ibge":"315350","name":"Alto Jequitibá","uf":"MG"}},
{"type":"Feature","geometry":{"type":"Polygon","coordinates":[[[-42.7123,-18.366],[-42.55334,-18.23458],[-42.5819,-18.1841],[-42.68374,-18.10452],[-42.76132,-18.21412],[-42.72848,-18.31734],[-42.7123,-18.366]]]},"properties":{"cod_ibge":"316350","name":"São José do Jacuri","uf":"MG"}},
{"type":"Feature","geometry":{"type":"Polygon","coordinates":[[[-46.59476,-20.56694],[-46.5862,-20.63925],[-46.39917,-20.67381],[-46.35776,-20.68654],[-46.27543,-20.66016],[-46.33682,-20.5533],[-46.47388,-20.39096],[-46.49958,-20.37777],[-46.46437,-20.44325],[-46.59476,-20.56694]]]},"properties":{"cod_ibge":"316220","name":"São João Batista do Glória","uf":"MG"}},
{"type":"Feature","geometry":{"type":"Polygon","coordinates":[[[-42.06601,-20.51692],[-41.89897,-20.58058],[-41.85043,-20.49828],[-41.96274,-20.50464],[-42.0584,-20.49919],[-42.06887,-20.50964],[-42.06601,-20.51692]]]},"properties":{"cod_ibge":"311210","name":"Caparaó","uf":"MG"}},
{"type":"Feature","geometry":{"type":"Polygon","coordinates":[[[-43.82355,-21.50916],[-43.8145,-21.52599],[-43.706,-21.58511],[-43.63128,-21.37547],[-43.71028,-21.30453],[-43.88018,-21.35319],[-43.82355,-21.50916]]]},"properties":{"cod_ibge":"310290","name":"Antônio Carlos","uf":"MG"}},
{"type":"Feature","geometry":{"type":"Polygon","coordinates":[[[-46.11552,-22.49413],[-45.95609,-22.53551],[-45.92373,-22.4723],[-45.91945,-22.40819],[-46.03843,-22.36044],[-46.05461,-22.37272],[-46.09744,-22.395],[-46.11552,-22.49413]]]},"properties":{"cod_ibge":"312450","name":"Estiva","uf":"MG"}},
{"type":"Feature","geometry":{"type":"Polygon","coordinates":[[[-44.06245,-15.77125],[-43.87923,-15.7476],[-43.7612,-15.77989],[-43.84068,-15.64529],[-43.77358,-15.55798],[-43.90921,-15.49477],[-44.00201,-15.50523],[-44.02961,-15.48749],[-44.08006,-15.65302],[-44.06245,-15.77125]]]},"properties":{"cod_ibge":"317090","name":"Varzelândia","uf":"MG"}},
{"type":"Feature","geometry":{"type":"Polygon","coordinates":[[[-41.38451,-17.04998],[-41.45495,-16.9463],[-41.62723,-16.94494],[-41.67386,-16.98723],[-41.65007,-17.1905],[-41.38451,-17.04998]]]},"properties":{"cod_ibge":"314630","name":"Padre Paraíso","uf":"MG"}},
{"type":"Feature","geometry":{"type":"Polygon","coordinates":[[[-46.05413,-22.6874],[-45.95895,-22.69058],[-45.95134,-22.58781],[-45.94848,-22.55234],[-46.05413,-22.6874]]]},"properties":{"cod_ibge":"311990","name":"Córrego do Bom Jesus","uf":"MG"}},
{"type":"Feature","geometry":{"type":"Polygon","coordinates":[[[-44.17429,-21.82748],[-44.25662,-21.97527],[-44.22854,-22.07532],[-44.20713,-22.07031],[-44.07958,-21.99528],[-44.00011,-22.02211],[-43.97679,-21.95663],[-44.08672,-21.88523],[-44.09101,-21.79701],[-44.17429,-21.82748]]]},"properties":{"cod_ibge":"310750","name":"Bom Jardim de Minas","uf":"MG"}},
{"type":"Feature","geometry":{"type":"Polygon","coordinates":[[[-46.32921,-17.73618],[-46.26306,-17.89171],[-46.24212,-18.05814],[-46.09125,-18.08679],[-46.00416,-18.21321],[-46.00702,-18.3228],[-45.90803,-18.31052],[-45.80618,-18.17865],[-45.69006,-18.13999],[-45.63343,-18.01312],[-45.45639,-17.84714],[-45.38453,-17.52155],[-45.56204,-17.38194],[-45.48637,-17.1814],[-45.56109,-17.04452],[-45.61439,-17.09682],[-46.06032,-17.18731],[-46.20499,-16.96267],[-46.23736,-16.98359],[-46.33682,-17.18549],[-46.48864,-17.2919],[-46.55098,-17.48881],[-46.38441,-17.61022],[-46.32921,-17.73618]]]},"properties":{"cod_ibge":"313630","name":"João Pinheiro","uf":"MG"}},
{"type":"Feature","geometry":{"type":"Polygon","coordinates":[[[-43.78309,-20.02898],[-43.854,-20.19769],[-43.66031,-20.11857],[-43.68982,-20.07582],[-43.73407,-20.00125],[-43.78309,-20.02898]]]},"properties":{"cod_ibge":"315480","name":"Rio Acima","uf":"MG"}},
{"type":"Feature","geometry":{"type":"Polygon","coordinates":[[[-42.15263,-19.43782],[-42.18023,-19.26366],[-42.23258,-19.15588],[-42.25352,-19.18726],[-42.31634,-19.23819],[-42.33585,-19.2682],[-42.25352,-19.35597],[-42.27494,-19.44737],[-42.244,-19.54696],[-42.15263,-19.43782]]]},"properties":{"cod_ibge":"312930","name":"Iapu","uf":"MG"}},
{"type":"Feature","geometry":{"type":"Polygon","coordinates":[[[-43.19106,-19.24228],[-43.29862,-19.28639],[-43.35097,-19.32596],[-43.24389,-19.32505],[-43.13966,-19.3346],[-43.12539,-19.23728],[-43.19106,-19.24228]]]},"properties":{"cod_ibge":"316480","name":"São Sebastião do Rio Preto","uf":"MG"}},
{"type":"Feature","geometry":{"type":"Polygon","coordinates":[[[-49.00477,-18.53698],[-48.82916,-18.6061],[-48.80441,-18.68796],[-48.6012,-18.83938],[-48.51791,-18.77799],[-48.51744,-18.59473],[-48.65402,-18.34281],[-48.91768,-18.30597],[-48.95956,-18.32325],[-49.05379,-18.40238],[-49.00477,-18.53698]]]},"properties":{"cod_ibge":"316960","name":"Tupaciguara","uf":"MG"}},
{"type":"Feature","geometry":{"type":"Polygon","coordinates":[[[-43.87018,-19.92803],[-43.86209,-19.82799],[-43.94585,-19.77706],[-43.97536,-19.78206],[-44.01676,-19.83072],[-44.06293,-19.97669],[-44.01867,-20.05445],[-44.00106,-20.05672],[-43.87018,-19.92803]]]},"properties":{"cod_ibge":"310620","name":"Belo Horizonte","uf":"MG"}},
{"type":"Feature","geometry":{"type":"Polygon","coordinates":[[[-43.95728,-21.63513],[-43.87304,-21.67878],[-43.8145,-21.52599],[-43.82355,-21.50916],[-44.05484,-21.51735],[-44.0853,-21.54418],[-43.95728,-21.63513]]]},"properties":{"cod_ibge":"315940","name":"Santa Rita de Ibitipoca","uf":"MG"}},
{"type":"Feature","geometry":{"type":"Polygon","coordinates":[[[-46.4577,-15.85174],[-46.25497,-15.79535],[-46.2483,-15.60664],[-46.2878,-15.41201],[-46.50291,-15.05094],[-46.52623,-15.0564],[-46.62522,-15.0896],[-46.78608,-15.0182],[-46.92504,-15.05731],[-46.93742,-15.2051],[-46.87365,-15.28559],[-46.93028,-15.44293],[-46.88269,-15.61027],[-46.80607,-15.87084],[-46.63712,-15.78944],[-46.4577,-15.85174]]]},"properties":{"cod_ibge":"310930","name":"Buritis","uf":"MG"}},
{"type":"Feature","geometry":{"type":"Polygon","coordinates":[[[-45.67912,-22.37453],[-45.88566,-22.4673],[-45.88328,-22.5005],[-45.70006,-22.49959],[-45.67912,-22.37453]]]},"properties":{"cod_ibge":"311780","name":"Conceição dos Ouros","uf":"MG"}},
{"type":"Feature","geometry":{"type":"Polygon","coordinates":[[[-44.62117,-21.09581],[-44.65924,-20.89845],[-44.70921,-20.84888],[-44.80487,-20.89754],[-44.9762,-21.02805],[-44.94955,-21.10899],[-44.87768,-21.15538],[-44.71064,-21.13673],[-44.62117,-21.09581]]]},"properties":{"cod_ibge":"310800","name":"Bom Sucesso","uf":"MG"}},
{"type":"Feature","geometry":{"type":"Polygon","coordinates":[[[-42.62283,-19.11859],[-42.69754,-19.3537],[-42.68517,-19.36825],[-42.67756,-19.38189],[-42.55477,-19.2964],[-42.51908,-19.15725],[-42.62283,-19.11859]]]},"properties":{"cod_ibge":"314170","name":"Mesquita","uf":"MG"}},
{"type":"Feature","geometry":{"type":"Polygon","coordinates":[[[-46.09173,-21.87659],[-46.25497,-22.1458],[-46.25211,-22.14535],[-46.19928,-22.13762],[-46.09982,-22.10078],[-46.0508,-22.03575],[-46.06127,-21.87568],[-46.08031,-21.8584],[-46.09173,-21.87659]]]},"properties":{"cod_ibge":"313150","name":"Ipuiúna","uf":"MG"}},
{"type":"Feature","geometry":{"type":"Polygon","coordinates":[[[-45.98084,-21.53145],[-45.8533,-21.58647],[-45.85568,-21.51826],[-45.83141,-21.39366],[-45.8257,-21.32136],[-45.95467,-21.2345],[-45.948,-21.16493],[-45.97323,-21.13991],[-46.04366,-21.19221],[-46.05556,-21.30771],[-46.037,-21.39093],[-46.18501,-21.44095],[-46.14075,-21.50371],[-45.98084,-21.53145]]]},"properties":{"cod_ibge":"310160","name":"Alfenas","uf":"MG"}},
{"type":"Feature","geometry":{"type":"Polygon","coordinates":[[[-44.86341,-21.16674],[-44.75966,-21.23496],[-44.73301,-21.21176],[-44.71064,-21.13673],[-44.87768,-21.15538],[-44.86341,-21.16674]]]},"properties":{"cod_ibge":"313000","name":"Ibituruna","uf":"MG"}},
{"type":"Feature","geometry":{"type":"Polygon","coordinates":[[[-44.62688,-15.3397],[-44.49363,-15.26831],[-44.57881,-15.08005],[-44.48696,-14.96454],[-44.48363,-14.90724],[-44.52837,-14.70352],[-44.68875,-14.62576],[-44.80915,-14.71716],[-44.674,-14.88041],[-44.73253,-14.94908],[-44.63259,-15.07914],[-44.68827,-15.20828],[-44.62688,-15.3397]]]},"properties":{"cod_ibge":"311783","name":"Cônego Marinho","uf":"MG"}},
{"type":"Feature","geometry":{"type":"Polygon","coordinates":[[[-45.16989,-22.40045],[-45.16656,-22.53051],[-45.12421,-22.49731],[-45.10279,-22.49004],[-45.09803,-22.45957],[-45.16989,-22.40045]]]},"properties":{"cod_ibge":"314040","name":"Marmelópolis","uf":"MG"}},
{"type":"Feature","geometry":{"type":"Polygon","coordinates":[[[-44.63735,-19.72886],[-44.49838,-19.70521],[-44.49791,-19.63882],[-44.56501,-19.60426],[-44.64116,-19.71158],[-44.63735,-19.72886]]]},"properties":{"cod_ibge":"316310","name":"São José da Varginha","uf":"MG"}},
{"type":"Feature","geometry":{"type":"Polygon","coordinates":[[[-43.26626,-20.80341],[-43.1468,-20.84752],[-43.0816,-20.81614],[-43.03592,-20.77067],[-43.16298,-20.72428],[-43.2772,-20.75384],[-43.26626,-20.80341]]]},"properties":{"cod_ibge":"315310","name":"Presidente Bernardes","uf":"MG"}},
{"type":"Feature","geometry":{"type":"Polygon","coordinates":[[[-41.75715,-16.8649],[-41.9123,-16.78941],[-41.90183,-16.67664],[-42.04317,-16.58342],[-42.09457,-16.72757],[-42.17404,-16.76759],[-42.18689,-16.8649],[-42.23496,-17.06226],[-42.07981,-17.21232],[-41.95132,-17.19277],[-41.86804,-17.10864],[-41.84281,-17.03225],[-41.67386,-16.98723],[-41.62723,-16.94494],[-41.75715,-16.8649]]]},"properties":{"cod_ibge":"310340","name":"Araçuaí","uf":"MG"}},
{"type":"Feature","geometry":{"type":"Polygon","coordinates":[[[-47.61987,-19.42782],[-47.63986,-19.19635],[-47.57038,-19.10586],[-47.57323,-19.01309],[-47.67032,-18.9417],[-47.70887,-18.92306],[-47.69364,-19.05402],[-47.85259,-19.09404],[-47.78787,-19.25411],[-47.76502,-19.52104],[-47.61511,-19.56515],[-47.61987,-19.42782]]]},"properties":{"cod_ibge":"314500","name":"Nova Ponte","uf":"MG"}},
{"type":"Feature","geometry":{"type":"Polygon","coordinates":[[[-44.43556,-20.29182],[-44.35085,-20.15995],[-44.338,-20.11948],[-44.35799,-20.12312],[-44.44508,-20.14767],[-44.56977,-20.22452],[-44.56549,-20.27909],[-44.43556,-20.29182]]]},"properties":{"cod_ibge":"313370","name":"Itatiaiuçu","uf":"MG"}},
{"type":"Feature","geometry":{"type":"Polygon","coordinates":[[[-42.68898,-19.54059],[-42.79987,-19.71158],[-42.79749,-19.71294],[-42.66185,-19.67611],[-42.63806,-19.59198],[-42.68898,-19.54059]]]},"properties":{"cod_ibge":"313500","name":"Jaguaraçu","uf":"MG"}},
{"type":"Feature","geometry":{"type":"Polygon","coordinates":[[[-42.1355,-19.03629],[-42.17785,-19.12087],[-42.11551,-19.18999],[-42.05364,-19.04447],[-42.12645,-19.02492],[-42.1355,-19.03629]]]},"properties":{"cod_ibge":"312580","name":"Fernandes Tourinho","uf":"MG"}},
{"type":"Feature","geometry":{"type":"Polygon","coordinates":[[[-43.2772,-15.60618],[-43.31718,-15.7808],[-43.26245,-15.82855],[-43.23247,-15.74215],[-43.2772,-15.60618]]]},"properties":{"cod_ibge":"314505","name":"Nova Porteirinha","uf":"MG"}},
{"type":"Feature","geometry":{"type":"Polygon","coordinates":[[[-46.84128,-20.68108],[-46.74658,-20.83251],[-46.70565,-20.8407],[-46.72659,-20.72928],[-46.83177,-20.63061],[-46.84128,-20.68108]]]},"properties":{"cod_ibge":"313375","name":"Itaú de Minas","uf":"MG"}},
{"type":"Feature","geometry":{"type":"Polygon","coordinates":[[[-43.31147,-15.32697],[-43.31194,-15.08368],[-43.46899,-15.07823],[-43.52515,-14.97727],[-43.61367,-15.09414],[-43.79118,-15.11233],[-44.01581,-15.05913],[-44.06864,-15.19555],[-43.92872,-15.30787],[-43.93063,-15.43747],[-44.00201,-15.50523],[-43.90921,-15.49477],[-43.7336,-15.3779],[-43.64651,-15.40064],[-43.44282,-15.3588],[-43.31147,-15.32697]]]},"properties":{"cod_ibge":"313505","name":"Jaíba","uf":"MG"}},
{"type":"Feature","geometry":{"type":"Polygon","coordinates":[[[-43.19392,-19.38689],[-43.24389,-19.32505],[-43.35097,-19.32596],[-43.51801,-19.31595],[-43.51849,-19.3305],[-43.48184,-19.41918],[-43.29481,-19.4601],[-43.20058,-19.42191],[-43.19392,-19.38689]]]},"properties":{"cod_ibge":"313280","name":"Itambé do Mato Dentro","uf":"MG"}},
{"type":"Feature","geometry":{"type":"Polygon","coordinates":[[[-43.83068,-21.14583],[-43.71504,-21.18903],[-43.60701,-21.12946],[-43.60082,-21.11172],[-43.63128,-21.09535],[-43.83068,-21.14583]]]},"properties":{"cod_ibge":"310163","name":"Alfredo Vasconcelos","uf":"MG"}},
{"type":"Feature","geometry":{"type":"Polygon","coordinates":[[[-43.78309,-20.02898],[-43.83402,-19.92758],[-43.87018,-19.92803],[-44.00106,-20.05672],[-43.97631,-20.2227],[-43.854,-20.19769],[-43.78309,-20.02898]]]},"properties":{"cod_ibge":"314480","name":"Nova Lima","uf":"MG"}},
{"type":"Feature","geometry":{"type":"Polygon","coordinates":[[[-43.73598,-18.62429],[-43.69077,-18.60656],[-43.6822,-18.37509],[-43.85876,-18.36873],[-43.86876,-18.48196],[-44.06864,-18.56745],[-43.99868,-18.66795],[-43.86876,-18.67158],[-43.73598,-18.62429]]]},"properties":{"cod_ibge":"312760","name":"Gouveia","uf":"MG"}},
{"type":"Feature","geometry":{"type":"Polygon","coordinates":[[[-43.35287,-21.35819],[-43.30052,-21.43231],[-43.2615,-21.43913],[-43.1587,-21.39139],[-43.18345,-21.35137],[-43.26816,-21.27816],[-43.32432,-21.29635],[-43.35287,-21.35819]]]},"properties":{"cod_ibge":"316790","name":"Tabuleiro","uf":"MG"}},
{"type":"Feature","geometry":{"type":"Polygon","coordinates":[[[-43.70838,-21.01986],[-43.90969,-21.12445],[-43.83068,-21.14583],[-43.63128,-21.09535],[-43.70838,-21.01986]]]},"properties":{"cod_ibge":"315440","name":"Ressaquinha","uf":"MG"}},
{"type":"Feature","geometry":{"type":"Polygon","coordinates":[[[-44.00534,-19.65564],[-43.95728,-19.67019],[-43.9449,-19.67156],[-43.97203,-19.59789],[-44.00534,-19.65564]]]},"properties":{"cod_ibge":"311787","name":"Confins","uf":"MG"}},
{"type":"Feature","geometry":{"type":"Polygon","coordinates":[[[-41.25221,-17.954],[-41.21699,-18.07724],[-41.37166,-18.06178],[-41.44067,-18.13817],[-41.36357,-18.27187],[-41.2879,-18.3278],[-41.3117,-18.4765],[-41.1832,-18.4424],[-41.18177,-18.43967],[-41.14418,-18.40511],[-41.15893,-18.30825],[-41.05185,-18.165],[-40.90908,-18.11498],[-40.90242,-17.98629],[-41.08374,-17.99948],[-41.1418,-17.94946],[-41.25221,-17.954]]]},"properties":{"cod_ibge":"310470","name":"Ataléia","uf":"MG"}},
{"type":"Feature","geometry":{"type":"Polygon","coordinates":[[[-47.38953,-19.12769],[-47.08685,-19.18271],[-46.95693,-19.26911],[-46.81225,-19.1577],[-46.75324,-19.00218],[-46.75039,-18.93988],[-46.8646,-18.72843],[-47.00595,-18.69705],[-47.20393,-18.76117],[-47.27769,-18.72661],[-47.27912,-18.92715],[-47.33956,-18.95944],[-47.38953,-19.12769]]]},"properties":{"cod_ibge":"314810","name":"Patrocínio","uf":"MG"}},
{"type":"Feature","geometry":{"type":"Polygon","coordinates":[[[-45.58822,-20.46735],[-45.51207,-20.39641],[-45.55585,-20.38505],[-45.58822,-20.46735]]]},"properties":{"cod_ibge":"311995","name":"Córrego Fundo","uf":"MG"}},
{"type":"Feature","geometry":{"type":"Polygon","coordinates":[[[-45.05663,-16.36469],[-44.96097,-16.35377],[-44.71968,-16.17915],[-44.65972,-16.13413],[-44.9762,-16.16278],[-45.07947,-16.12186],[-45.05663,-16.36469]]]},"properties":{"cod_ibge":"313005","name":"Icaraí de Minas","uf":"MG"}},
{"type":"Feature","geometry":{"type":"Polygon","coordinates":[[[-44.40463,-18.01949],[-44.30231,-17.90944],[-44.29803,-17.81076],[-44.29327,-17.70117],[-44.39559,-17.69207],[-44.4684,-17.60476],[-44.52742,-17.60022],[-44.75252,-17.75756],[-45.00666,-17.72163],[-45.11992,-17.8144],[-45.11659,-17.93081],[-45.00999,-18.06041],[-44.73348,-18.13954],[-44.62117,-18.05587],[-44.48363,-18.07451],[-44.40463,-18.01949]]]},"properties":{"cod_ibge":"313810","name":"Lassance","uf":"MG"}},
{"type":"Feature","geometry":{"type":"Polygon","coordinates":[[[-46.8646,-18.72843],[-46.75039,-18.93988],[-46.64426,-18.87394],[-46.81035,-18.65067],[-46.8646,-18.72843]]]},"properties":{"cod_ibge":"312890","name":"Guimarânia","uf":"MG"}},
{"type":"Feature","geometry":{"type":"Polygon","coordinates":[[[-44.10576,-17.14593],[-44.19571,-17.10364],[-44.13241,-16.96403],[-44.13003,-16.82125],[-44.33229,-16.94585],[-44.32896,-17.24961],[-44.22283,-17.27781],[-44.11147,-17.16185],[-44.11147,-17.15594],[-44.10576,-17.14593]]]},"properties":{"cod_ibge":"311650","name":"Claro dos Poções","uf":"MG"}},
{"type":"Feature","geometry":{"type":"Polygon","coordinates":[[[-44.2195,-18.582],[-44.37322,-18.62338],[-44.38893,-18.80255],[-44.31088,-18.88531],[-44.15763,-18.76663],[-44.2195,-18.582]]]},"properties":{"cod_ibge":"313110","name":"Inimutaba","uf":"MG"}},
{"type":"Feature","geometry":{"type":"Polygon","coordinates":[[[-45.07043,-20.83933],[-45.14229,-20.92664],[-45.09232,-20.95074],[-45.07566,-20.94028],[-45.03902,-20.80932],[-45.05663,-20.81705],[-45.07043,-20.83933]]]},"properties":{"cod_ibge":"315880","name":"Santana do Jacaré","uf":"MG"}},
{"type":"Feature","geometry":{"type":"Polygon","coordinates":[[[-43.53372,-20.16086],[-43.45281,-20.30365],[-43.49564,-20.44416],[-43.40332,-20.54693],[-43.291,-20.49646],[-43.12491,-20.44871],[-43.133,-20.34048],[-43.16298,-20.17723],[-43.29196,-20.21406],[-43.34526,-20.13949],[-43.51087,-20.12857],[-43.53372,-20.16086]]]},"properties":{"cod_ibge":"314000","name":"Mariana","uf":"MG"}},
{"type":"Feature","geometry":{"type":"Polygon","coordinates":[[[-42.29873,-21.00031],[-42.20974,-20.85434],[-42.20974,-20.82251],[-42.25971,-20.84206],[-42.34823,-20.95893],[-42.29873,-21.00031]]]},"properties":{"cod_ibge":"317140","name":"Vieiras","uf":"MG"}},
{"type":"Feature","geometry":{"type":"Polygon","coordinates":[[[-41.92562,-18.37964],[-41.77809,-18.5529],[-41.69528,-18.56108],[-41.57345,-18.57291],[-41.62913,-18.4333],[-41.691,-18.3569],[-41.87517,-18.35236],[-41.92562,-18.37964]]]},"properties":{"cod_ibge":"313507","name":"Jampruca","uf":"MG"}},
{"type":"Feature","geometry":{"type":"Polygon","coordinates":[[[-45.90612,-16.10685],[-46.03985,-16.05274],[-46.08364,-16.21144],[-46.23069,-16.23781],[-46.27638,-16.32012],[-46.14884,-16.37833],[-45.95229,-16.39788],[-45.91041,-16.53067],[-45.83045,-16.50657],[-45.71243,-16.41243],[-45.65532,-16.18279],[-45.90612,-16.10685]]]},"properties":{"cod_ibge":"315445","name":"Riachinho","uf":"MG"}},
{"type":"Feature","geometry":{"type":"Polygon","coordinates":[[[-48.15432,-19.88301],[-48.01488,-19.89529],[-47.98109,-20.03626],[-47.89923,-20.12584],[-47.86972,-20.07628],[-47.85069,-19.98988],[-47.75741,-19.90302],[-47.68602,-19.85664],[-47.60369,-19.66974],[-47.61511,-19.56515],[-47.76502,-19.52104],[-47.78787,-19.25411],[-47.85259,-19.09404],[-47.91351,-19.09677],[-47.90304,-19.26411],[-47.98632,-19.2823],[-48.14956,-19.15861],[-48.30899,-19.28412],[-48.35515,-19.4119],[-48.14623,-19.5656],[-48.21381,-19.69475],[-48.32707,-19.74068],[-48.15432,-19.88301]]]},"properties":{"cod_ibge":"317010","name":"Uberaba","uf":"MG"}},
{"type":"Feature","geometry":{"type":"Polygon","coordinates":[[[-45.52397,-22.46003],[-45.43021,-22.53961],[-45.3593,-22.4673],[-45.26079,-22.37635],[-45.44592,-22.35453],[-45.5116,-22.37272],[-45.52397,-22.46003]]]},"properties":{"cod_ibge":"313240","name":"Itajubá","uf":"MG"}},
{"type":"Feature","geometry":{"type":"Polygon","coordinates":[[[-43.91492,-20.58422],[-44.04294,-20.6256],[-43.9449,-20.67608],[-43.92396,-20.6588],[-43.90969,-20.60378],[-43.91492,-20.58422]]]},"properties":{"cod_ibge":"316090","name":"São Brás do Suaçuí","uf":"MG"}},
{"type":"Feature","geometry":{"type":"Polygon","coordinates":[[[-43.538,-19.75432],[-43.6289,-19.69475],[-43.70838,-19.74659],[-43.72313,-19.96668],[-43.73407,-20.00125],[-43.68982,-20.07582],[-43.63937,-19.96759],[-43.52182,-19.91985],[-43.53705,-19.76069],[-43.538,-19.75432]]]},"properties":{"cod_ibge":"311000","name":"Caeté","uf":"MG"}},
{"type":"Feature","geometry":{"type":"Polygon","coordinates":[[[-43.79975,-20.53784],[-43.67887,-20.62151],[-43.6013,-20.58422],[-43.66174,-20.43325],[-43.76644,-20.49964],[-43.79975,-20.53784]]]},"properties":{"cod_ibge":"314590","name":"Ouro Branco","uf":"MG"}},
{"type":"Feature","geometry":{"type":"Polygon","coordinates":[[[-45.53729,-20.93801],[-45.39452,-21.07762],[-45.34265,-21.06898],[-45.36406,-20.91254],[-45.43117,-20.89117],[-45.53729,-20.93801]]]},"properties":{"cod_ibge":"310080","name":"Aguanil","uf":"MG"}},
{"type":"Feature","geometry":{"type":"Polygon","coordinates":[[[-43.41712,-21.1581],[-43.24341,-21.08353],[-43.23913,-20.96893],[-43.29053,-20.95484],[-43.47042,-20.93937],[-43.52277,-20.93756],[-43.58083,-20.94938],[-43.5123,-21.06443],[-43.41712,-21.1581]]]},"properties":{"cod_ibge":"310210","name":"Alto Rio Doce","uf":"MG"}},
{"type":"Feature","geometry":{"type":"Polygon","coordinates":[[[-45.43021,-22.53961],[-45.52397,-22.46003],[-45.55062,-22.48367],[-45.57632,-22.6019],[-45.5806,-22.65284],[-45.48019,-22.59054],[-45.43021,-22.53961]]]},"properties":{"cod_ibge":"315090","name":"Piranguçu","uf":"MG"}},
{"type":"Feature","geometry":{"type":"Polygon","coordinates":[[[-42.65519,-21.07762],[-42.54668,-21.04396],[-42.5819,-20.95302],[-42.61188,-20.98621],[-42.65519,-21.07762]]]},"properties":{"cod_ibge":"316443","name":"São Sebastião da Vargem Alegre","uf":"MG"}},
{"type":"Feature","geometry":{"type":"Polygon","coordinates":[[[-45.45877,-22.08214],[-45.59773,-22.10305],[-45.61582,-22.16035],[-45.51826,-22.21674],[-45.50779,-22.19173],[-45.37073,-22.08214],[-45.36406,-22.07441],[-45.45877,-22.08214]]]},"properties":{"cod_ibge":"314440","name":"Natércia","uf":"MG"}},
{"type":"Feature","geometry":{"type":"Polygon","coordinates":[[[-42.22973,-15.41792],[-42.05507,-15.43656],[-41.93514,-15.62482],[-41.90468,-15.63119],[-41.74811,-15.58936],[-41.70432,-15.50887],[-41.88041,-15.36335],[-41.80236,-15.10051],[-41.81045,-15.10142],[-41.95322,-15.17554],[-42.0484,-15.17054],[-42.15548,-15.09778],[-42.26542,-15.12507],[-42.27256,-15.19237],[-42.20831,-15.22238],[-42.22973,-15.41792]]]},"properties":{"cod_ibge":"316270","name":"São João do Paraíso","uf":"MG"}},
{"type":"Feature","geometry":{"type":"Polygon","coordinates":[[[-44.46602,-21.23086],[-44.40939,-21.08989],[-44.4822,-21.04351],[-44.58072,-21.10263],[-44.57167,-21.20676],[-44.46602,-21.23086]]]},"properties":{"cod_ibge":"311520","name":"Conceição da Barra de Minas","uf":"MG"}},
{"type":"Feature","geometry":{"type":"Polygon","coordinates":[[[-44.14288,-21.07352],[-44.12146,-21.17857],[-44.02295,-21.24178],[-44.00201,-21.22086],[-44.01343,-21.16083],[-43.96394,-21.04169],[-43.99487,-20.98894],[-44.13431,-21.02305],[-44.14288,-21.07352]]]},"properties":{"cod_ibge":"315270","name":"Prados","uf":"MG"}},
{"type":"Feature","geometry":{"type":"Polygon","coordinates":[[[-43.78928,-21.71334],[-43.66792,-21.75018],[-43.67887,-21.71198],[-43.78928,-21.71334]]]},"properties":{"cod_ibge":"314940","name":"Pedro Teixeira","uf":"MG"}},
{"type":"Feature","geometry":{"type":"Polygon","coordinates":[[[-45.2546,-21.55418],[-45.11231,-21.54236],[-45.06376,-21.50007],[-45.06091,-21.40867],[-45.08518,-21.39912],[-45.14467,-21.34864],[-45.27269,-21.37683],[-45.36454,-21.48097],[-45.2546,-21.55418]]]},"properties":{"cod_ibge":"311390","name":"Carmo da Cachoeira","uf":"MG"}},
{"type":"Feature","geometry":{"type":"Polygon","coordinates":[[[-49.25938,-18.94034],[-49.42404,-18.81074],[-49.52874,-18.75571],[-49.71482,-18.74889],[-49.72291,-18.60929],[-49.75766,-18.60974],[-49.79478,-18.64385],[-49.87235,-18.80164],[-49.80192,-18.93215],[-49.59918,-19.11678],[-49.67913,-19.2773],[-49.53731,-19.3546],[-49.42214,-19.26275],[-49.37693,-19.12451],[-49.24938,-19.13587],[-49.19656,-19.0572],[-49.22559,-18.93579],[-49.25938,-18.94034]]]},"properties":{"cod_ibge":"313420","name":"Ituiutaba","uf":"MG"}},
{"type":"Feature","geometry":{"type":"Polygon","coordinates":[[[-43.34573,-21.91616],[-43.3267,-22.00801],[-43.22771,-22.02893],[-43.25436,-21.93025],[-43.34573,-21.91616]]]},"properties":{"cod_ibge":"316750","name":"Simão Pereira","uf":"MG"}},
{"type":"Feature","geometry":{"type":"Polygon","coordinates":[[[-46.70565,-20.8407],[-46.74658,-20.83251],[-46.8746,-20.88572],[-46.79798,-20.97575],[-46.67329,-20.89799],[-46.70565,-20.8407]]]},"properties":{"cod_ibge":"312630","name":"Fortaleza de Minas","uf":"MG"}},
{"type":"Feature","geometry":{"type":"Polygon","coordinates":[[[-41.95846,-20.15586],[-42.08219,-20.14949],[-42.1255,-20.01898],[-42.1631,-19.98988],[-42.19736,-20.00352],[-42.20974,-20.08946],[-42.21307,-20.28318],[-42.19689,-20.29364],[-42.08886,-20.36049],[-42.04555,-20.37686],[-42.00034,-20.31001],[-41.95846,-20.15586]]]},"properties":{"cod_ibge":"313940","name":"Manhuaçu","uf":"MG"}},
{"type":"Feature","geometry":{"type":"Polygon","coordinates":[[[-43.63128,-21.09535],[-43.60082,-21.11172],[-43.5123,-21.06443],[-43.58083,-20.94938],[-43.64746,-20.95393],[-43.70838,-21.01986],[-43.63128,-21.09535]]]},"properties":{"cod_ibge":"316620","name":"Senhora dos Remédios","uf":"MG"}},
{"type":"Feature","geometry":{"type":"Polygon","coordinates":[[[-42.45578,-18.81437],[-42.39058,-18.9276],[-42.36203,-18.92578],[-42.32681,-18.81847],[-42.45578,-18.81437]]]},"properties":{"cod_ibge":"315750","name":"Santa Efigênia de Minas","uf":"MG"}},
{"type":"Feature","geometry":{"type":"Polygon","coordinates":[[[-43.2634,-21.54509],[-43.35763,-21.58783],[-43.29481,-21.6615],[-43.22628,-21.63149],[-43.2634,-21.54509]]]},"properties":{"cod_ibge":"311960","name":"Coronel Pacheco","uf":"MG"}},
{"type":"Feature","geometry":{"type":"Polygon","coordinates":[[[-44.80487,-20.89754],[-44.90576,-20.79477],[-45.03902,-20.80932],[-45.07566,-20.94028],[-44.9762,-21.02805],[-44.80487,-20.89754]]]},"properties":{"cod_ibge":"315990","name":"Santo Antônio do Amparo","uf":"MG"}},
{"type":"Feature","geometry":{"type":"Polygon","coordinates":[[[-41.90183,-19.56515],[-41.99986,-19.45874],[-41.9913,-19.53877],[-41.90183,-19.56515]]]},"properties":{"cod_ibge":"316447","name":"São Sebastião do Anta","uf":"MG"}},
{"type":"Feature","geometry":{"type":"Polygon","coordinates":[[[-41.99986,-19.45874],[-42.04888,-19.57152],[-41.9913,-19.53877],[-41.99986,-19.45874]]]},"properties":{"cod_ibge":"316095","name":"São Domingos das Dores","uf":"MG"}},
{"type":"Feature","geometry":{"type":"Polygon","coordinates":[[[-44.19999,-21.12263],[-44.12146,-21.17857],[-44.14288,-21.07352],[-44.22426,-21.07489],[-44.20475,-21.11536],[-44.19999,-21.12263]]]},"properties":{"cod_ibge":"316880","name":"Tiradentes","uf":"MG"}},
{"type":"Feature","geometry":{"type":"Polygon","coordinates":[[[-45.57632,-22.6019],[-45.55062,-22.48367],[-45.6715,-22.33725],[-45.67912,-22.37453],[-45.70006,-22.49959],[-45.67864,-22.57326],[-45.57632,-22.6019]]]},"properties":{"cod_ibge":"310890","name":"Brazópolis","uf":"MG"}},
{"type":"Feature","geometry":{"type":"Polygon","coordinates":[[[-47.61035,-18.79755],[-47.45378,-18.82983],[-47.49328,-18.96307],[-47.33956,-18.95944],[-47.27912,-18.92715],[-47.27769,-18.72661],[-47.33195,-18.58837],[-47.4533,-18.46741],[-47.48757,-18.51379],[-47.71172,-18.45695],[-47.66413,-18.53653],[-47.58228,-18.61838],[-47.61035,-18.79755]]]},"properties":{"cod_ibge":"314310","name":"Monte Carmelo","uf":"MG"}},
{"type":"Feature","geometry":{"type":"Polygon","coordinates":[[[-42.41914,-19.33641],[-42.43199,-19.43964],[-42.27827,-19.44373],[-42.38678,-19.32823],[-42.41914,-19.33641]]]},"properties":{"cod_ibge":"313115","name":"Ipaba","uf":"MG"}},
{"type":"Feature","geometry":{"type":"Polygon","coordinates":[[[-42.08648,-19.2441],[-41.96702,-19.13997],[-41.94561,-19.02264],[-41.93752,-18.98717],[-42.05364,-19.04447],[-42.11551,-19.18999],[-42.08648,-19.2441]]]},"properties":{"cod_ibge":"312370","name":"Engenheiro Caldas","uf":"MG"}},
{"type":"Feature","geometry":{"type":"Polygon","coordinates":[[[-41.27648,-17.00587],[-41.14227,-16.85899],[-41.29219,-16.74849],[-41.37023,-16.88355],[-41.27648,-17.00587]]]},"properties":{"cod_ibge":"314315","name":"Monte Formoso","uf":"MG"}},
{"type":"Feature","geometry":{"type":"Polygon","coordinates":[[[-43.63937,-21.60784],[-43.54181,-21.62058],[-43.4728,-21.53054],[-43.63937,-21.60784]]]},"properties":{"cod_ibge":"312500","name":"Ewbank da Câmara","uf":"MG"}},
{"type":"Feature","geometry":{"type":"Polygon","coordinates":[[[-45.948,-21.16493],[-45.67816,-21.13673],[-45.92183,-21.03896],[-45.97323,-21.13991],[-45.948,-21.16493]]]},"properties":{"cod_ibge":"311130","name":"Campo do Meio","uf":"MG"}},
{"type":"Feature","geometry":{"type":"Polygon","coordinates":[[[-42.55763,-20.59832],[-42.48624,-20.55739],[-42.52669,-20.42506],[-42.54287,-20.35958],[-42.68898,-20.34457],[-42.74561,-20.39732],[-42.75751,-20.45553],[-42.7242,-20.5201],[-42.64139,-20.58331],[-42.55763,-20.59832]]]},"properties":{"cod_ibge":"313550","name":"Jequeri","uf":"MG"}},
{"type":"Feature","geometry":{"type":"Polygon","coordinates":[[[-45.33408,-22.11897],[-45.2508,-22.11397],[-45.23652,-22.0403],[-45.33646,-22.10305],[-45.33408,-22.11897]]]},"properties":{"cod_ibge":"314550","name":"Olímpio Noronha","uf":"MG"}},
{"type":"Feature","geometry":{"type":"Polygon","coordinates":[[[-40.51979,-15.79763],[-40.64495,-15.72896],[-40.72395,-15.80581],[-40.72776,-15.8954],[-40.49789,-15.9727],[-40.41889,-15.93268],[-40.51979,-15.79763]]]},"properties":{"cod_ibge":"310520","name":"Bandeira","uf":"MG"}},
{"type":"Feature","geometry":{"type":"Polygon","coordinates":[[[-45.09422,-15.58663],[-45.23652,-15.49886],[-45.26793,-15.36289],[-45.43973,-15.30878],[-45.43355,-15.13325],[-45.61677,-15.01411],[-45.74003,-15.12052],[-45.71005,-15.34061],[-45.81808,-15.40519],[-45.60059,-15.44156],[-45.58584,-15.7185],[-45.36597,-15.88948],[-45.22557,-15.84355],[-45.25746,-15.74533],[-45.09422,-15.58663]]]},"properties":{"cod_ibge":"311615","name":"Chapada Gaúcha","uf":"MG"}},
{"type":"Feature","geometry":{"type":"Polygon","coordinates":[[[-49.72291,-18.60929],[-49.71482,-18.74889],[-49.52874,-18.75571],[-49.42404,-18.81074],[-49.4031,-18.70069],[-49.54445,-18.64748],[-49.54778,-18.53971],[-49.72291,-18.60929]]]},"properties":{"cod_ibge":"311260","name":"Capinópolis","uf":"MG"}},
{"type":"Feature","geometry":{"type":"Polygon","coordinates":[[[-46.10791,-21.70516],[-45.98608,-21.69652],[-45.89708,-21.77746],[-45.78762,-21.82293],[-45.73147,-21.80565],[-45.72909,-21.70743],[-45.8533,-21.58647],[-45.98084,-21.53145],[-46.08411,-21.65241],[-46.10791,-21.70516]]]},"properties":{"cod_ibge":"313900","name":"Machado","uf":"MG"}},
{"type":"Feature","geometry":{"type":"Polygon","coordinates":[[[-46.55193,-21.0858],[-46.45723,-20.97393],[-46.52814,-20.93073],[-46.61332,-20.97075],[-46.63664,-21.01122],[-46.55193,-21.0858]]]},"properties":{"cod_ibge":"310760","name":"Bom Jesus da Penha","uf":"MG"}},
{"type":"Feature","geometry":{"type":"Polygon","coordinates":[[[-42.98119,-21.64968],[-43.0916,-21.66014],[-43.02925,-21.6756],[-42.98119,-21.64968]]]},"properties":{"cod_ibge":"315620","name":"Rochedo de Minas","uf":"MG"}},
{"type":"Feature","geometry":{"type":"Polygon","coordinates":[[[-42.55477,-19.2964],[-42.41914,-19.33641],[-42.38678,-19.32823],[-42.33585,-19.2682],[-42.31634,-19.23819],[-42.35299,-19.22409],[-42.51908,-19.15725],[-42.55477,-19.2964]]]},"properties":{"cod_ibge":"310630","name":"Belo Oriente","uf":"MG"}},
{"type":"Feature","geometry":{"type":"Polygon","coordinates":[[[-43.67459,-16.80897],[-43.56751,-16.94494],[-43.62033,-16.9895],[-43.56608,-16.96358],[-43.43616,-16.95449],[-43.48708,-16.81488],[-43.56322,-16.73075],[-43.66792,-16.7253],[-43.67459,-16.80897]]]},"properties":{"cod_ibge":"313680","name":"Juramento","uf":"MG"}},
{"type":"Feature","geometry":{"type":"Polygon","coordinates":[[[-45.92183,-21.03896],[-45.90803,-20.97075],[-45.94134,-20.89072],[-46.16692,-20.80113],[-46.26781,-20.86616],[-46.35824,-20.9894],[-46.35015,-21.01304],[-46.14313,-21.0526],[-46.07031,-21.14719],[-46.04366,-21.19221],[-45.97323,-21.13991],[-45.92183,-21.03896]]]},"properties":{"cod_ibge":"311440","name":"Carmo do Rio Claro","uf":"MG"}},
{"type":"Feature","geometry":{"type":"Polygon","coordinates":[[[-42.32776,-15.84947],[-42.22497,-15.95087],[-41.90849,-16.01636],[-41.91705,-15.90631],[-41.88041,-15.74851],[-41.90468,-15.63119],[-41.93514,-15.62482],[-42.19308,-15.74624],[-42.32776,-15.84947]]]},"properties":{"cod_ibge":"316800","name":"Taiobeiras","uf":"MG"}},
{"type":"Feature","geometry":{"type":"Polygon","coordinates":[[[-43.66792,-21.75018],[-43.78928,-21.71334],[-43.87304,-21.67878],[-43.95728,-21.63513],[-44.07149,-21.73062],[-44.09101,-21.79701],[-44.08672,-21.88523],[-43.93348,-21.84431],[-43.86781,-21.96209],[-43.86019,-21.96481],[-43.66554,-21.8534],[-43.66792,-21.75018]]]},"properties":{"cod_ibge":"313860","name":"Lima Duarte","uf":"MG"}},
{"type":"Feature","geometry":{"type":"Polygon","coordinates":[[[-42.71801,-18.65476],[-42.53478,-18.72479],[-42.47434,-18.73616],[-42.35156,-18.74434],[-42.3706,-18.51925],[-42.3844,-18.37328],[-42.39725,-18.35463],[-42.47244,-18.3469],[-42.61474,-18.41648],[-42.59522,-18.56518],[-42.68565,-18.587],[-42.72039,-18.64748],[-42.71801,-18.65476]]]},"properties":{"cod_ibge":"314860","name":"Peçanha","uf":"MG"}},
{"type":"Feature","geometry":{"type":"Polygon","coordinates":[[[-42.23115,-18.53562],[-42.3706,-18.51925],[-42.35156,-18.74434],[-42.30111,-18.7398],[-42.04888,-18.58382],[-42.09124,-18.54653],[-42.23115,-18.53562]]]},"properties":{"cod_ibge":"311920","name":"Coroaci","uf":"MG"}},
{"type":"Feature","geometry":{"type":"Polygon","coordinates":[[[-43.20058,-19.42191],[-43.19201,-19.52513],[-43.05733,-19.57788],[-43.04448,-19.56469],[-42.9117,-19.51376],[-42.87649,-19.43237],[-42.95787,-19.30549],[-43.10254,-19.38189],[-43.19392,-19.38689],[-43.20058,-19.42191]]]},"properties":{"cod_ibge":"315800","name":"Santa Maria de Itabira","uf":"MG"}},
{"type":"Feature","geometry":{"type":"Polygon","coordinates":[[[-45.16656,-22.53051],[-45.16989,-22.40045],[-45.22319,-22.36999],[-45.26079,-22.37635],[-45.3593,-22.4673],[-45.42022,-22.621],[-45.39976,-22.65375],[-45.26888,-22.61145],[-45.16656,-22.53051]]]},"properties":{"cod_ibge":"312110","name":"Delfim Moreira","uf":"MG"}},
{"type":"Feature","geometry":{"type":"Polygon","coordinates":[[[-42.20117,-20.81614],[-42.24733,-20.73701],[-42.36155,-20.77749],[-42.25971,-20.84206],[-42.20974,-20.82251],[-42.20117,-20.81614]]]},"properties":{"cod_ibge":"316140","name":"São Francisco do Glória","uf":"MG"}},
{"type":"Feature","geometry":{"type":"Polygon","coordinates":[[[-42.73705,-16.85171],[-42.99737,-16.76895],[-42.9907,-16.68119],[-43.12967,-16.69392],[-43.12063,-16.88946],[-43.20677,-17.10591],[-43.06971,-17.2246],[-42.89885,-17.03952],[-42.79606,-17.01951],[-42.75799,-16.94357],[-42.73705,-16.85171]]]},"properties":{"cod_ibge":"310850","name":"Botumirim","uf":"MG"}},
{"type":"Feature","geometry":{"type":"Polygon","coordinates":[[[-44.94812,-19.68884],[-44.83866,-19.73522],[-44.75442,-19.60608],[-44.77536,-19.54059],[-44.87673,-19.47784],[-44.99333,-19.44237],[-45.00428,-19.53013],[-44.94812,-19.68884]]]},"properties":{"cod_ibge":"315140","name":"Pitangui","uf":"MG"}},
{"type":"Feature","geometry":{"type":"Polygon","coordinates":[[[-42.54287,-20.35958],[-42.55525,-20.26772],[-42.65138,-20.27682],[-42.68898,-20.34457],[-42.54287,-20.35958]]]},"properties":{"cod_ibge":"316010","name":"Santo Antônio do Grama","uf":"MG"}},
{"type":"Feature","geometry":{"type":"Polygon","coordinates":[[[-45.57489,-22.32224],[-45.5116,-22.37272],[-45.44592,-22.35453],[-45.44973,-22.32588],[-45.55062,-22.26312],[-45.57489,-22.32224]]]},"properties":{"cod_ibge":"316320","name":"São José do Alegre","uf":"MG"}},
{"type":"Feature","geometry":{"type":"Polygon","coordinates":[[[-46.20975,-21.44686],[-46.32254,-21.57328],[-46.29542,-21.57192],[-46.17454,-21.58147],[-46.14075,-21.50371],[-46.18501,-21.44095],[-46.20975,-21.44686]]]},"properties":{"cod_ibge":"312240","name":"Divisa Nova","uf":"MG"}},
{"type":"Feature","geometry":{"type":"Polygon","coordinates":[[[-42.41533,-20.35003],[-42.3449,-20.3946],[-42.20641,-20.32411],[-42.19689,-20.29364],[-42.21307,-20.28318],[-42.31491,-20.20179],[-42.41533,-20.35003]]]},"properties":{"cod_ibge":"314090","name":"Matipó","uf":"MG"}},
{"type":"Feature","geometry":{"type":"Polygon","coordinates":[[[-43.30052,-21.43231],[-43.41902,-21.53099],[-43.35763,-21.58783],[-43.2634,-21.54509],[-43.23532,-21.49507],[-43.2615,-21.43913],[-43.30052,-21.43231]]]},"properties":{"cod_ibge":"315010","name":"Piau","uf":"MG"}},
{"type":"Feature","geometry":{"type":"Polygon","coordinates":[[[-44.15763,-18.76663],[-44.07435,-18.91442],[-43.95252,-18.8221],[-43.99868,-18.66795],[-44.06864,-18.56745],[-44.07816,-18.55744],[-44.17953,-18.50606],[-44.2195,-18.582],[-44.15763,-18.76663]]]},"properties":{"cod_ibge":"315320","name":"Presidente Juscelino","uf":"MG"}},
{"type":"Feature","geometry":{"type":"Polygon","coordinates":[[[-41.94561,-19.02264],[-41.84376,-19.12405],[-41.70527,-19.09495],[-41.74049,-18.99991],[-41.93752,-18.98308],[-41.93752,-18.98717],[-41.94561,-19.02264]]]},"properties":{"cod_ibge":"311265","name":"Capitão Andrade","uf":"MG"}},
{"type":"Feature","geometry":{"type":"Polygon","coordinates":[[[-48.06152,-18.88577],[-47.91351,-19.09677],[-47.85259,-19.09404],[-47.69364,-19.05402],[-47.70887,-18.92306],[-47.72219,-18.83029],[-47.87353,-18.82938],[-48.06152,-18.88577]]]},"properties":{"cod_ibge":"313070","name":"Indianópolis","uf":"MG"}},
{"type":"Feature","geometry":{"type":"Polygon","coordinates":[[[-44.71778,-20.08492],[-44.56977,-20.22452],[-44.44508,-20.14767],[-44.54169,-19.96759],[-44.62022,-19.93622],[-44.71778,-20.08492]]]},"properties":{"cod_ibge":"313380","name":"Itaúna","uf":"MG"}},
{"type":"Feature","geometry":{"type":"Polygon","coordinates":[[[-44.32039,-14.54845],[-44.29612,-14.25333],[-44.41177,-14.28152],[-44.56596,-14.34155],[-44.74157,-14.46706],[-44.68875,-14.62576],[-44.52837,-14.70352],[-44.39797,-14.59302],[-44.32039,-14.54845]]]},"properties":{"cod_ibge":"314270","name":"Montalvânia","uf":"MG"}},
{"type":"Feature","geometry":{"type":"Polygon","coordinates":[[[-45.12421,-19.83117],[-45.1104,-19.80571],[-45.12801,-19.78115],[-45.2665,-19.90666],[-45.14324,-19.97805],[-45.12421,-19.83117]]]},"properties":{"cod_ibge":"310390","name":"Araújos","uf":"MG"}},
{"type":"Feature","geometry":{"type":"Polygon","coordinates":[[[-43.67554,-20.92937],[-43.6189,-20.85707],[-43.73074,-20.84479],[-43.79689,-20.8839],[-43.67554,-20.92937]]]},"properties":{"cod_ibge":"311310","name":"Caranaíba","uf":"MG"}},
{"type":"Feature","geometry":{"type":"Polygon","coordinates":[[[-41.59106,-19.80753],[-41.4954,-19.69657],[-41.67958,-19.68975],[-41.65483,-19.83208],[-41.59106,-19.80753]]]},"properties":{"cod_ibge":"316805","name":"Taparuba","uf":"MG"}},
{"type":"Feature","geometry":{"type":"Polygon","coordinates":[[[-41.85043,-20.49828],[-41.89897,-20.58058],[-42.06601,-20.51692],[-42.07744,-20.59968],[-41.95751,-20.69518],[-41.85043,-20.69109],[-41.8252,-20.48327],[-41.85043,-20.49828]]]},"properties":{"cod_ibge":"312420","name":"Espera Feliz","uf":"MG"}},
{"type":"Feature","geometry":{"type":"Polygon","coordinates":[[[-42.61188,-20.98621],[-42.72086,-20.89526],[-42.75799,-20.9662],[-42.79035,-21.09581],[-42.70659,-21.14173],[-42.65519,-21.07762],[-42.61188,-20.98621]]]},"properties":{"cod_ibge":"312900","name":"Guiricema","uf":"MG"}},
{"type":"Feature","geometry":{"type":"Polygon","coordinates":[[[-44.60832,-16.88082],[-44.84104,-16.99177],[-44.8063,-17.05135],[-44.64972,-17.16821],[-44.57405,-17.07636],[-44.48078,-16.99496],[-44.56692,-16.85808],[-44.60832,-16.88082]]]},"properties":{"cod_ibge":"313730","name":"Lagoa dos Patos","uf":"MG"}},
{"type":"Feature","geometry":{"type":"Polygon","coordinates":[[[-45.70006,-22.49959],[-45.88328,-22.5005],[-45.95134,-22.58781],[-45.95895,-22.69058],[-45.94896,-22.69422],[-45.73004,-22.61873],[-45.67864,-22.57326],[-45.70006,-22.49959]]]},"properties":{"cod_ibge":"314730","name":"Paraisópolis","uf":"MG"}},
{"type":"Feature","geometry":{"type":"Polygon","coordinates":[[[-44.34419,-15.824],[-44.20142,-15.93814],[-44.20285,-15.82855],[-44.27804,-15.74397],[-44.34419,-15.824]]]},"properties":{"cod_ibge":"313865","name":"Lontra","uf":"MG"}},
{"type":"Feature","geometry":{"type":"Polygon","coordinates":[[[-45.32837,-21.79656],[-45.40356,-21.68242],[-45.49351,-21.81293],[-45.4364,-21.97755],[-45.35455,-21.94435],[-45.32837,-21.79656]]]},"properties":{"cod_ibge":"311090","name":"Campanha","uf":"MG"}},
{"type":"Feature","geometry":{"type":"Polygon","coordinates":[[[-45.99131,-16.69392],[-46.16883,-16.7785],[-46.20499,-16.93948],[-46.20499,-16.96267],[-46.06032,-17.18731],[-45.61439,-17.09682],[-45.56109,-17.04452],[-45.50493,-16.96085],[-45.61963,-16.87536],[-45.72147,-16.8981],[-45.85568,-16.81079],[-45.88852,-16.70301],[-45.99131,-16.69392]]]},"properties":{"cod_ibge":"310855","name":"Brasilândia de Minas","uf":"MG"}},
{"type":"Feature","geometry":{"type":"Polygon","coordinates":[[[-43.82355,-21.50916],[-43.88018,-21.35319],[-44.00534,-21.36319],[-44.0891,-21.4355],[-44.05484,-21.51735],[-43.82355,-21.50916]]]},"properties":{"cod_ibge":"312940","name":"Ibertioga","uf":"MG"}},
{"type":"Feature","geometry":{"type":"Polygon","coordinates":[[[-41.36072,-18.82529],[-41.26363,-18.86667],[-41.24317,-18.85394],[-41.23222,-18.79709],[-41.20224,-18.68341],[-41.24697,-18.70933],[-41.37785,-18.70114],[-41.37785,-18.76071],[-41.36072,-18.82529]]]},"properties":{"cod_ibge":"311570","name":"Central de Minas","uf":"MG"}},
{"type":"Feature","geometry":{"type":"Polygon","coordinates":[[[-46.16883,-16.7785],[-46.16074,-16.65936],[-46.2878,-16.57887],[-46.37347,-16.60479],[-46.46722,-16.7012],[-46.39012,-16.81897],[-46.20499,-16.93948],[-46.16883,-16.7785]]]},"properties":{"cod_ibge":"312247","name":"Dom Bosco","uf":"MG"}},
{"type":"Feature","geometry":{"type":"Polygon","coordinates":[[[-50.45486,-19.58107],[-50.51673,-19.43055],[-50.51483,-19.27366],[-50.74041,-19.21318],[-50.82798,-19.31095],[-50.8256,-19.47329],[-50.69234,-19.57424],[-50.45486,-19.58107]]]},"properties":{"cod_ibge":"313862","name":"Limeira do Oeste","uf":"MG"}},
{"type":"Feature","geometry":{"type":"Polygon","coordinates":[[[-45.32837,-21.79656],[-45.20844,-21.77519],[-45.14181,-21.8675],[-45.0433,-21.77792],[-45.03664,-21.63194],[-45.11231,-21.54236],[-45.2546,-21.55418],[-45.41689,-21.66741],[-45.40356,-21.68242],[-45.32837,-21.79656]]]},"properties":{"cod_ibge":"316930","name":"Três Corações","uf":"MG"}},
{"type":"Feature","geometry":{"type":"Polygon","coordinates":[[[-44.5436,-22.33224],[-44.35942,-22.25403],[-44.31944,-22.15535],[-44.43033,-22.11533],[-44.54074,-22.12852],[-44.55978,-22.1599],[-44.60642,-22.22538],[-44.6659,-22.37272],[-44.66162,-22.38045],[-44.5436,-22.33224]]]},"properties":{"cod_ibge":"310720","name":"Bocaina de Minas","uf":"MG"}},
{"type":"Feature","geometry":{"type":"Polygon","coordinates":[[[-42.096,-19.73931],[-42.00843,-19.73295],[-42.01842,-19.70885],[-42.096,-19.73931]]]},"properties":{"cod_ibge":"315015","name":"Piedade de Caratinga","uf":"MG"}},
{"type":"Feature","geometry":{"type":"Polygon","coordinates":[[[-45.24366,-22.28222],[-45.37453,-22.26949],[-45.44973,-22.32588],[-45.44592,-22.35453],[-45.26079,-22.37635],[-45.22319,-22.36999],[-45.17418,-22.28813],[-45.24366,-22.28222]]]},"properties":{"cod_ibge":"313990","name":"Maria da Fé","uf":"MG"}},
{"type":"Feature","geometry":{"type":"Polygon","coordinates":[[[-44.94955,-21.10899],[-44.9762,-21.02805],[-45.07566,-20.94028],[-45.09232,-20.95074],[-45.18893,-21.08762],[-45.16037,-21.14537],[-45.12896,-21.16856],[-45.10279,-21.129],[-45.04473,-21.14537],[-44.99285,-21.13446],[-44.94955,-21.10899]]]},"properties":{"cod_ibge":"314990","name":"Perdões","uf":"MG"}},
{"type":"Feature","geometry":{"type":"Polygon","coordinates":[[[-43.73074,-20.84479],[-43.6189,-20.85707],[-43.55275,-20.77885],[-43.5618,-20.7543],[-43.69124,-20.71928],[-43.77262,-20.80113],[-43.73074,-20.84479]]]},"properties":{"cod_ibge":"315910","name":"Santana dos Montes","uf":"MG"}},
{"type":"Feature","geometry":{"type":"Polygon","coordinates":[[[-44.66638,-16.33649],[-44.51409,-16.26101],[-44.49791,-16.05819],[-44.65972,-16.13413],[-44.71968,-16.17915],[-44.66638,-16.33649]]]},"properties":{"cod_ibge":"313868","name":"Luislândia","uf":"MG"}},
{"type":"Feature","geometry":{"type":"Polygon","coordinates":[[[-41.14275,-15.77216],[-41.0095,-15.82809],[-40.84102,-15.81718],[-40.72776,-15.8954],[-40.72395,-15.80581],[-40.81675,-15.64756],[-41.14275,-15.77216]]]},"properties":{"cod_ibge":"312245","name":"Divisópolis","uf":"MG"}},
{"type":"Feature","geometry":{"type":"Polygon","coordinates":[[[-44.27614,-20.11175],[-44.27233,-20.00488],[-44.34371,-20.00443],[-44.35799,-20.12312],[-44.338,-20.11948],[-44.27614,-20.11175]]]},"properties":{"cod_ibge":"313010","name":"Igarapé","uf":"MG"}},
{"type":"Feature","geometry":{"type":"Polygon","coordinates":[[[-41.82901,-18.66113],[-41.97226,-18.53425],[-42.00795,-18.55244],[-42.01795,-18.64248],[-41.82901,-18.66113]]]},"properties":{"cod_ibge":"317150","name":"Mathias Lobato","uf":"MG"}},
{"type":"Feature","geometry":{"type":"Polygon","coordinates":[[[-44.55978,-22.1599],[-44.67971,-22.13489],[-44.76632,-22.20128],[-44.60642,-22.22538],[-44.55978,-22.1599]]]},"properties":{"cod_ibge":"310130","name":"Alagoa","uf":"MG"}},
{"type":"Feature","geometry":{"type":"Polygon","coordinates":[[[-46.56764,-18.98808],[-46.64426,-18.87394],[-46.75039,-18.93988],[-46.75324,-19.00218],[-46.64759,-19.04902],[-46.56764,-18.98808]]]},"properties":{"cod_ibge":"312070","name":"Cruzeiro da Fortaleza","uf":"MG"}},
{"type":"Feature","geometry":{"type":"Polygon","coordinates":[[[-44.56692,-16.85808],[-44.14621,-16.72621],[-43.96965,-16.51475],[-44.21094,-16.39061],[-44.30945,-16.3615],[-44.47173,-16.44063],[-44.40844,-16.56887],[-44.51599,-16.663],[-44.6778,-16.54567],[-44.81106,-16.64935],[-44.85389,-16.69847],[-44.67447,-16.68028],[-44.60832,-16.88082],[-44.56692,-16.85808]]]},"properties":{"cod_ibge":"311880","name":"Coração de Jesus","uf":"MG"}},
{"type":"Feature","geometry":{"type":"Polygon","coordinates":[[[-43.40808,-17.94718],[-43.37381,-18.23367],[-43.32051,-18.23776],[-43.28101,-18.02267],[-43.40808,-17.94718]]]},"properties":{"cod_ibge":"312550","name":"São Gonçalo do Rio Preto","uf":"MG"}},
{"type":"Feature","geometry":{"type":"Polygon","coordinates":[[[-42.0584,-20.49919],[-42.01271,-20.41051],[-42.04555,-20.37686],[-42.08886,-20.36049],[-42.13597,-20.46872],[-42.06887,-20.50964],[-42.0584,-20.49919]]]},"properties":{"cod_ibge":"313867","name":"Luisburgo","uf":"MG"}},
{"type":"Feature","geometry":{"type":"Polygon","coordinates":[[[-48.06152,-18.88577],[-48.16812,-18.77572],[-48.43844,-18.66022],[-48.51744,-18.59473],[-48.51791,-18.77799],[-48.6012,-18.83938],[-48.70637,-19.07403],[-48.82345,-19.10313],[-48.57312,-19.2291],[-48.39941,-19.41054],[-48.35515,-19.4119],[-48.30899,-19.28412],[-48.14956,-19.15861],[-47.98632,-19.2823],[-47.90304,-19.26411],[-47.91351,-19.09677],[-48.06152,-18.88577]]]},"properties":{"cod_ibge":"317020","name":"Uberlândia","uf":"MG"}},
{"type":"Feature","geometry":{"type":"Polygon","coordinates":[[[-42.83746,-17.55474],[-43.15775,-17.77211],[-43.10968,-18.06405],[-43.13681,-18.10816],[-42.86697,-18.12317],[-42.8289,-18.0977],[-42.70326,-18.09179],[-42.60665,-17.9922],[-42.68327,-17.88216],[-42.59998,-17.72209],[-42.68422,-17.54974],[-42.83746,-17.55474]]]},"properties":{"cod_ibge":"313250","name":"Itamarandiba","uf":"MG"}},
{"type":"Feature","geometry":{"type":"Polygon","coordinates":[[[-46.64569,-22.18082],[-46.5329,-22.18536],[-46.48959,-22.184],[-46.4301,-22.14853],[-46.432,-22.12079],[-46.43629,-22.03757],[-46.56526,-21.93344],[-46.61808,-21.99483],[-46.64997,-22.00938],[-46.71945,-22.08305],[-46.64569,-22.18082]]]},"properties":{"cod_ibge":"310260","name":"Andradas","uf":"MG"}},
{"type":"Feature","geometry":{"type":"Polygon","coordinates":[[[-46.19928,-22.13762],[-46.11695,-22.20855],[-46.09982,-22.10078],[-46.19928,-22.13762]]]},"properties":{"cod_ibge":"316580","name":"Senador José Bento","uf":"MG"}},
{"type":"Feature","geometry":{"type":"Polygon","coordinates":[[[-43.07304,-21.29089],[-43.10397,-21.2013],[-43.11968,-21.119],[-43.13157,-21.11991],[-43.24484,-21.21085],[-43.26816,-21.27816],[-43.18345,-21.35137],[-43.07304,-21.29089]]]},"properties":{"cod_ibge":"315580","name":"Rio Pomba","uf":"MG"}},
{"type":"Feature","geometry":{"type":"Polygon","coordinates":[[[-40.89099,-16.62162],[-40.96619,-16.54658],[-41.29219,-16.74849],[-41.14227,-16.85899],[-41.27648,-17.00587],[-41.27743,-17.0327],[-41.19415,-17.03816],[-40.96571,-16.89855],[-40.7111,-16.83216],[-40.72681,-16.72257],[-40.89099,-16.62162]]]},"properties":{"cod_ibge":"313600","name":"Joaíma","uf":"MG"}},
{"type":"Feature","geometry":{"type":"Polygon","coordinates":[[[-46.25497,-22.1458],[-46.4301,-22.14853],[-46.48959,-22.184],[-46.50625,-22.34088],[-46.42296,-22.39955],[-46.33444,-22.38772],[-46.23545,-22.26722],[-46.25211,-22.14535],[-46.25497,-22.1458]]]},"properties":{"cod_ibge":"314600","name":"Ouro Fino","uf":"MG"}},
{"type":"Feature","geometry":{"type":"Polygon","coordinates":[[[-42.5819,-18.1841],[-42.46387,-18.17774],[-42.42057,-18.00539],[-42.48672,-17.92672],[-42.60665,-17.9922],[-42.70326,-18.09179],[-42.68374,-18.10452],[-42.5819,-18.1841]]]},"properties":{"cod_ibge":"316450","name":"São Sebastião do Maranhão","uf":"MG"}},
{"type":"Feature","geometry":{"type":"Polygon","coordinates":[[[-41.80188,-19.83208],[-42.02033,-19.91757],[-42.1255,-20.01898],[-42.08219,-20.14949],[-41.95846,-20.15586],[-41.98321,-19.99306],[-41.84376,-19.9253],[-41.80188,-19.83208]]]},"properties":{"cod_ibge":"316760","name":"Simonésia","uf":"MG"}},
{"type":"Feature","geometry":{"type":"Polygon","coordinates":[[[-41.58344,-18.25959],[-41.41925,-18.28142],[-41.36357,-18.27187],[-41.44067,-18.13817],[-41.37166,-18.06178],[-41.36928,-18.03177],[-41.57107,-18.01903],[-41.65721,-18.14045],[-41.58344,-18.25959]]]},"properties":{"cod_ibge":"312680","name":"Frei Gaspar","uf":"MG"}},
{"type":"Feature","geometry":{"type":"Polygon","coordinates":[[[-43.01831,-15.80581],[-43.13395,-16.02636],[-43.23104,-16.04182],[-43.26007,-16.12095],[-43.13253,-16.23236],[-43.15727,-16.2892],[-42.91789,-16.15141],[-42.70611,-16.15824],[-42.72562,-16.04182],[-42.90076,-15.96224],[-43.01831,-15.80581]]]},"properties":{"cod_ibge":"315450","name":"Riacho dos Machados","uf":"MG"}},
{"type":"Feature","geometry":{"type":"Polygon","coordinates":[[[-42.74609,-21.65104],[-42.86554,-21.58465],[-42.91313,-21.66378],[-42.89933,-21.69288],[-42.8684,-21.70334],[-42.74609,-21.65104]]]},"properties":{"cod_ibge":"310440","name":"Argirita","uf":"MG"}},
{"type":"Feature","geometry":{"type":"Polygon","coordinates":[[[-45.11707,-16.51293],[-45.30457,-16.56295],[-45.41879,-16.50293],[-45.64295,-16.61161],[-45.83045,-16.50657],[-45.91041,-16.53067],[-45.99131,-16.69392],[-45.88852,-16.70301],[-45.85568,-16.81079],[-45.72147,-16.8981],[-45.61963,-16.87536],[-45.50493,-16.96085],[-45.30791,-16.88355],[-45.30695,-16.79078],[-45.10469,-16.56523],[-45.11707,-16.51293]]]},"properties":{"cod_ibge":"315760","name":"Santa Fé de Minas","uf":"MG"}},
{"type":"Feature","geometry":{"type":"Polygon","coordinates":[[[-42.40724,-20.5774],[-42.43437,-20.43552],[-42.52669,-20.42506],[-42.48624,-20.55739],[-42.40724,-20.5774]]]},"properties":{"cod_ibge":"316630","name":"Sericita","uf":"MG"}},
{"type":"Feature","geometry":{"type":"Polygon","coordinates":[[[-44.26662,-20.25044],[-44.12146,-20.30774],[-44.08149,-20.30865],[-43.96441,-20.25954],[-43.97631,-20.2227],[-44.00106,-20.05672],[-44.01867,-20.05445],[-44.06436,-20.07992],[-44.12432,-20.09901],[-44.20998,-20.10083],[-44.27614,-20.11175],[-44.338,-20.11948],[-44.35085,-20.15995],[-44.26662,-20.25044]]]},"properties":{"cod_ibge":"310900","name":"Brumadinho","uf":"MG"}},
{"type":"Feature","geometry":{"type":"Polygon","coordinates":[[[-44.84961,-18.54608],[-44.86579,-18.43603],[-44.80535,-18.17137],[-44.73348,-18.13954],[-45.00999,-18.06041],[-45.11659,-17.93081],[-45.19845,-17.98766],[-45.26745,-18.22094],[-45.28363,-18.35327],[-45.35835,-18.44694],[-45.23747,-18.59337],[-45.04425,-18.50197],[-44.84961,-18.54608]]]},"properties":{"cod_ibge":"316935","name":"Três Marias","uf":"MG"}},
{"type":"Feature","geometry":{"type":"Polygon","coordinates":[[[-43.62224,-19.07676],[-43.50754,-19.16816],[-43.27244,-19.17225],[-43.19106,-19.24228],[-43.12539,-19.23728],[-43.16346,-19.1145],[-43.29481,-19.09768],[-43.30766,-18.86758],[-43.42711,-18.88122],[-43.49374,-18.74662],[-43.49136,-18.71842],[-43.67839,-18.64521],[-43.73598,-18.62429],[-43.86876,-18.67158],[-43.79594,-18.76708],[-43.61224,-18.75298],[-43.60843,-18.8985],[-43.68125,-18.94306],[-43.62224,-19.07676]]]},"properties":{"cod_ibge":"311750","name":"Conceição do Mato Dentro","uf":"MG"}},
{"type":"Feature","geometry":{"type":"Polygon","coordinates":[[[-47.16252,-17.96446],[-47.0307,-17.93445],[-46.94027,-17.84259],[-46.85794,-17.6134],[-46.94456,-17.4738],[-47.05592,-17.58157],[-47.1511,-17.49745],[-47.31291,-17.54337],[-47.26484,-17.61159],[-47.35479,-17.81531],[-47.2834,-18.04086],[-47.16252,-17.96446]]]},"properties":{"cod_ibge":"312860","name":"Guarda-Mor","uf":"MG"}},
{"type":"Feature","geometry":{"type":"Polygon","coordinates":[[[-41.45114,-16.45382],[-41.30266,-16.33286],[-41.29694,-16.17097],[-41.45733,-16.04728],[-41.68196,-16.11094],[-41.69576,-16.16506],[-41.63912,-16.32785],[-41.72288,-16.42562],[-41.65197,-16.57296],[-41.68196,-16.49747],[-41.55965,-16.42699],[-41.45114,-16.45382]]]},"properties":{"cod_ibge":"314140","name":"Medina","uf":"MG"}},
{"type":"Feature","geometry":{"type":"Polygon","coordinates":[[[-42.23258,-19.15588],[-42.17785,-19.12087],[-42.1355,-19.03629],[-42.20831,-18.98445],[-42.34966,-19.11223],[-42.25352,-19.18726],[-42.23258,-19.15588]]]},"properties":{"cod_ibge":"314995","name":"Periquito","uf":"MG"}},
{"type":"Feature","geometry":{"type":"Polygon","coordinates":[[[-41.65483,-19.83208],[-41.67958,-19.68975],[-41.75144,-19.59471],[-41.81473,-19.59425],[-41.80188,-19.83208],[-41.84376,-19.9253],[-41.84138,-19.9253],[-41.65483,-19.83208]]]},"properties":{"cod_ibge":"313120","name":"Ipanema","uf":"MG"}},
{"type":"Feature","geometry":{"type":"Polygon","coordinates":[[[-41.84376,-19.9253],[-41.98321,-19.99306],[-41.95846,-20.15586],[-41.88755,-20.16904],[-41.81093,-20.04263],[-41.8076,-19.98942],[-41.84138,-19.9253],[-41.84376,-19.9253]]]},"properties":{"cod_ibge":"315890","name":"Santana do Manhuaçu","uf":"MG"}},
{"type":"Feature","geometry":{"type":"Polygon","coordinates":[[[-41.97226,-18.53425],[-42.02746,-18.45467],[-42.05316,-18.41829],[-42.0998,-18.42784],[-42.09124,-18.54653],[-42.04888,-18.58382],[-42.00795,-18.55244],[-41.97226,-18.53425]]]},"properties":{"cod_ibge":"314010","name":"Marilac","uf":"MG"}},
{"type":"Feature","geometry":{"type":"Polygon","coordinates":[[[-46.93551,-21.0617],[-47.11779,-21.1531],[-47.11874,-21.18584],[-47.04402,-21.26724],[-46.99643,-21.35728],[-46.87841,-21.29089],[-46.78513,-21.15174],[-46.89173,-21.06534],[-46.93551,-21.0617]]]},"properties":{"cod_ibge":"314320","name":"Monte Santo de Minas","uf":"MG"}},
{"type":"Feature","geometry":{"type":"Polygon","coordinates":[[[-44.88625,-22.26358],[-44.80344,-22.39363],[-44.6659,-22.37272],[-44.60642,-22.22538],[-44.76632,-22.20128],[-44.81677,-22.19264],[-44.88625,-22.26358]]]},"properties":{"cod_ibge":"313300","name":"Itamonte","uf":"MG"}},
{"type":"Feature","geometry":{"type":"Polygon","coordinates":[[[-42.08457,-21.02305],[-42.15073,-20.97393],[-42.16453,-20.97348],[-42.11836,-21.07489],[-42.08029,-21.03032],[-42.08457,-21.02305]]]},"properties":{"cod_ibge":"310310","name":"Antônio Prado de Minas","uf":"MG"}},
{"type":"Feature","geometry":{"type":"Polygon","coordinates":[[[-44.05912,-17.44879],[-43.83402,-17.27917],[-44.11147,-17.15594],[-44.11147,-17.16185],[-44.15954,-17.29963],[-44.08482,-17.42742],[-44.05912,-17.44879]]]},"properties":{"cod_ibge":"312380","name":"Engenheiro Navarro","uf":"MG"}},
{"type":"Feature","geometry":{"type":"Polygon","coordinates":[[[-42.48672,-17.92672],[-42.59998,-17.72209],[-42.68327,-17.88216],[-42.60665,-17.9922],[-42.48672,-17.92672]]]},"properties":{"cod_ibge":"310445","name":"Aricanduva","uf":"MG"}},
{"type":"Feature","geometry":{"type":"Polygon","coordinates":[[[-42.92265,-21.01441],[-42.84555,-21.10717],[-42.79035,-21.09581],[-42.75799,-20.9662],[-42.93312,-20.94756],[-42.94264,-20.98439],[-42.92265,-21.01441]]]},"properties":{"cod_ibge":"317200","name":"Visconde do Rio Branco","uf":"MG"}},
{"type":"Feature","geometry":{"type":"Polygon","coordinates":[[[-41.928,-20.79386],[-41.8747,-20.76612],[-41.85043,-20.69109],[-41.95751,-20.69518],[-41.96798,-20.73247],[-41.928,-20.79386]]]},"properties":{"cod_ibge":"311010","name":"Caiana","uf":"MG"}},
{"type":"Feature","geometry":{"type":"Polygon","coordinates":[[[-40.79867,-17.13638],[-40.80485,-16.97449],[-40.96571,-16.89855],[-41.19415,-17.03816],[-41.12609,-17.12501],[-40.9719,-17.17412],[-40.79867,-17.13638]]]},"properties":{"cod_ibge":"310090","name":"Águas Formosas","uf":"MG"}},
{"type":"Feature","geometry":{"type":"Polygon","coordinates":[[[-41.71337,-18.91032],[-41.53204,-19.03765],[-41.4026,-19.02355],[-41.45828,-18.95216],[-41.36072,-18.82529],[-41.37785,-18.76071],[-41.57107,-18.80573],[-41.59344,-18.74798],[-41.69005,-18.79482],[-41.71337,-18.91032]]]},"properties":{"cod_ibge":"312730","name":"Galiléia","uf":"MG"}},
{"type":"Feature","geometry":{"type":"Polygon","coordinates":[[[-44.73301,-21.21176],[-44.60213,-21.34637],[-44.57501,-21.30908],[-44.46602,-21.23086],[-44.57167,-21.20676],[-44.58072,-21.10263],[-44.62117,-21.09581],[-44.71064,-21.13673],[-44.73301,-21.21176]]]},"properties":{"cod_ibge":"314450","name":"Nazareno","uf":"MG"}},
{"type":"Feature","geometry":{"type":"Polygon","coordinates":[[[-42.68565,-18.587],[-42.70421,-18.50833],[-42.7123,-18.366],[-42.72848,-18.31734],[-42.80034,-18.37964],[-42.82509,-18.53016],[-42.89552,-18.56108],[-42.85126,-18.67477],[-42.72039,-18.64748],[-42.68565,-18.587]]]},"properties":{"cod_ibge":"316280","name":"São João Evangelista","uf":"MG"}},
{"type":"Feature","geometry":{"type":"Polygon","coordinates":[[[-42.36393,-21.30635],[-42.23544,-21.34273],[-42.22402,-21.33773],[-42.2026,-21.22131],[-42.32729,-21.2104],[-42.36393,-21.30635]]]},"properties":{"cod_ibge":"310550","name":"Barão do Monte Alto","uf":"MG"}},
{"type":"Feature","geometry":{"type":"Polygon","coordinates":[[[-48.82345,-19.10313],[-49.07473,-18.97853],[-49.22559,-18.93579],[-49.19656,-19.0572],[-49.24938,-19.13587],[-49.37693,-19.12451],[-49.42214,-19.26275],[-49.30269,-19.44464],[-49.36503,-19.53923],[-49.16372,-19.60335],[-48.84391,-19.59061],[-48.69019,-19.53423],[-48.54599,-19.54241],[-48.44367,-19.51604],[-48.39941,-19.41054],[-48.57312,-19.2291],[-48.82345,-19.10313]]]},"properties":{"cod_ibge":"315280","name":"Prata","uf":"MG"}},
{"type":"Feature","geometry":{"type":"Polygon","coordinates":[[[-43.68601,-16.9272],[-43.62033,-16.9895],[-43.56751,-16.94494],[-43.67459,-16.80897],[-43.70124,-16.8508],[-43.68601,-16.9272]]]},"properties":{"cod_ibge":"312735","name":"Glaucilândia","uf":"MG"}},
{"type":"Feature","geometry":{"type":"Polygon","coordinates":[[[-44.86912,-21.21222],[-44.90434,-21.34273],[-44.81772,-21.39321],[-44.75966,-21.23496],[-44.86341,-21.16674],[-44.86912,-21.21222]]]},"properties":{"cod_ibge":"313430","name":"Itumirim","uf":"MG"}},
{"type":"Feature","geometry":{"type":"Polygon","coordinates":[[[-44.20998,-20.10083],[-44.12432,-20.09901],[-44.18095,-20.04581],[-44.19618,-20.05127],[-44.20998,-20.10083]]]},"properties":{"cod_ibge":"314015","name":"Mário Campos","uf":"MG"}},
{"type":"Feature","geometry":{"type":"Polygon","coordinates":[[[-46.43629,-22.03757],[-46.432,-22.12079],[-46.39488,-22.01347],[-46.43629,-22.03757]]]},"properties":{"cod_ibge":"312990","name":"Ibitiúra de Minas","uf":"MG"}},
{"type":"Feature","geometry":{"type":"Polygon","coordinates":[[[-43.76548,-16.08911],[-43.79642,-16.23418],[-43.74692,-16.40516],[-43.538,-16.14186],[-43.52753,-16.08684],[-43.55751,-15.90995],[-43.62033,-15.78535],[-43.64127,-15.93905],[-43.76548,-16.08911]]]},"properties":{"cod_ibge":"311270","name":"Capitão Enéas","uf":"MG"}},
{"type":"Feature","geometry":{"type":"Polygon","coordinates":[[[-42.67756,-19.38189],[-42.59332,-19.37916],[-42.50242,-19.49194],[-42.43199,-19.43964],[-42.41914,-19.33641],[-42.55477,-19.2964],[-42.67756,-19.38189]]]},"properties":{"cod_ibge":"315895","name":"Santana do Paraíso","uf":"MG"}},
{"type":"Feature","geometry":{"type":"Polygon","coordinates":[[[-44.38655,-21.58602],[-44.22093,-21.56692],[-44.19856,-21.39093],[-44.48173,-21.40821],[-44.4565,-21.51826],[-44.38655,-21.58602]]]},"properties":{"cod_ibge":"313910","name":"Madre de Deus de Minas","uf":"MG"}},
{"type":"Feature","geometry":{"type":"Polygon","coordinates":[[[-40.71967,-16.95858],[-40.66494,-17.03497],[-40.56738,-16.87445],[-40.60259,-16.78896],[-40.7092,-16.84035],[-40.71967,-16.95858]]]},"properties":{"cod_ibge":"315765","name":"Santa Helena de Minas","uf":"MG"}},
{"type":"Feature","geometry":{"type":"Polygon","coordinates":[[[-45.55062,-22.26312],[-45.44973,-22.32588],[-45.37453,-22.26949],[-45.39357,-22.16808],[-45.50779,-22.19173],[-45.51826,-22.21674],[-45.55062,-22.26312]]]},"properties":{"cod_ibge":"314910","name":"Pedralva","uf":"MG"}},
{"type":"Feature","geometry":{"type":"Polygon","coordinates":[[[-42.86173,-21.15674],[-42.86126,-21.24178],[-42.81367,-21.26088],[-42.86173,-21.15674]]]},"properties":{"cod_ibge":"315630","name":"Rodeiro","uf":"MG"}},
{"type":"Feature","geometry":{"type":"Polygon","coordinates":[[[-43.26959,-15.15008],[-43.11254,-15.17691],[-43.11206,-15.17691],[-43.03972,-15.11824],[-42.98404,-14.93999],[-43.09683,-14.85313],[-43.24817,-14.80584],[-43.48708,-14.79038],[-43.53086,-14.81539],[-43.52515,-14.97727],[-43.46899,-15.07823],[-43.31194,-15.08368],[-43.26959,-15.15008]]]},"properties":{"cod_ibge":"312733","name":"Gameleiras","uf":"MG"}},
{"type":"Feature","geometry":{"type":"Polygon","coordinates":[[[-46.6119,-21.2918],[-46.41154,-21.24723],[-46.41535,-21.19494],[-46.5505,-21.15083],[-46.61808,-21.19312],[-46.6119,-21.2918]]]},"properties":{"cod_ibge":"313690","name":"Juruaia","uf":"MG"}},
{"type":"Feature","geometry":{"type":"Polygon","coordinates":[[[-44.69446,-19.2059],[-44.75157,-19.3546],[-44.87673,-19.47784],[-44.77536,-19.54059],[-44.70731,-19.42918],[-44.55407,-19.43055],[-44.55026,-19.42645],[-44.65163,-19.22682],[-44.69446,-19.2059]]]},"properties":{"cod_ibge":"314690","name":"Papagaios","uf":"MG"}},
{"type":"Feature","geometry":{"type":"Polygon","coordinates":[[[-42.88458,-21.85158],[-42.96786,-21.94344],[-43.1211,-21.98619],[-43.1311,-22.02939],[-43.13062,-22.03484],[-43.00213,-22.03302],[-42.9098,-21.99073],[-42.88458,-21.85158]]]},"properties":{"cod_ibge":"311620","name":"Chiador","uf":"MG"}},
{"type":"Feature","geometry":{"type":"Polygon","coordinates":[[[-43.66602,-21.60557],[-43.706,-21.58511],[-43.8145,-21.52599],[-43.87304,-21.67878],[-43.78928,-21.71334],[-43.67887,-21.71198],[-43.66602,-21.60557]]]},"properties":{"cod_ibge":"310680","name":"Bias Fortes","uf":"MG"}},
{"type":"Feature","geometry":{"type":"Polygon","coordinates":[[[-44.29898,-19.40326],[-44.36037,-19.30959],[-44.42509,-19.40099],[-44.29898,-19.40326]]]},"properties":{"cod_ibge":"310990","name":"Caetanópolis","uf":"MG"}},
{"type":"Feature","geometry":{"type":"Polygon","coordinates":[[[-46.05556,-19.07903],[-46.00178,-19.17953],[-45.83379,-19.17953],[-45.8038,-19.1959],[-45.78429,-19.15725],[-45.69958,-18.9849],[-45.63724,-18.79209],[-45.63914,-18.66522],[-45.64485,-18.48196],[-45.77335,-18.46695],[-45.82903,-18.587],[-45.86234,-18.63975],[-45.94991,-18.76253],[-46.03843,-18.99354],[-46.05556,-19.07903]]]},"properties":{"cod_ibge":"316890","name":"Tiros","uf":"MG"}},
{"type":"Feature","geometry":{"type":"Polygon","coordinates":[[[-46.81035,-18.65067],[-46.84414,-18.5247],[-46.96121,-18.40647],[-46.92029,-18.26368],[-46.95074,-18.20502],[-47.08828,-18.20229],[-47.16252,-17.96446],[-47.2834,-18.04086],[-47.40809,-18.14181],[-47.42998,-18.165],[-47.31291,-18.42284],[-47.33195,-18.58837],[-47.27769,-18.72661],[-47.20393,-18.76117],[-47.00595,-18.69705],[-46.8646,-18.72843],[-46.81035,-18.65067]]]},"properties":{"cod_ibge":"311930","name":"Coromandel","uf":"MG"}},
{"type":"Feature","geometry":{"type":"Polygon","coordinates":[[[-43.76644,-20.49964],[-43.9154,-20.42643],[-43.98631,-20.50692],[-43.91492,-20.58422],[-43.90969,-20.60378],[-43.79975,-20.53784],[-43.76644,-20.49964]]]},"properties":{"cod_ibge":"311800","name":"Congonhas","uf":"MG"}},
{"type":"Feature","geometry":{"type":"Polygon","coordinates":[[[-42.72991,-20.86161],[-42.886,-20.84661],[-42.93312,-20.94756],[-42.75799,-20.9662],[-42.72086,-20.89526],[-42.72991,-20.86161]]]},"properties":{"cod_ibge":"316150","name":"São Geraldo","uf":"MG"}},
{"type":"Feature","geometry":{"type":"Polygon","coordinates":[[[-44.30945,-16.3615],[-44.25424,-16.27783],[-44.29279,-16.17233],[-44.23568,-16.09184],[-44.22616,-16.08184],[-44.43033,-15.97316],[-44.49791,-16.05819],[-44.51409,-16.26101],[-44.66638,-16.33649],[-44.70398,-16.38106],[-44.5869,-16.4952],[-44.47173,-16.44063],[-44.30945,-16.3615]]]},"properties":{"cod_ibge":"310860","name":"Brasília de Minas","uf":"MG"}},
{"type":"Feature","geometry":{"type":"Polygon","coordinates":[[[-45.96752,-20.58831],[-45.88994,-20.54102],[-45.83474,-20.35822],[-45.83474,-20.3523],[-45.97608,-20.33821],[-46.08031,-20.33866],[-46.21499,-20.33821],[-46.22213,-20.50555],[-45.96752,-20.58831]]]},"properties":{"cod_ibge":"315150","name":"Piumhi","uf":"MG"}},
{"type":"Feature","geometry":{"type":"Polygon","coordinates":[[[-41.21461,-18.96535],[-41.27696,-19.12269],[-41.23412,-19.08631],[-41.21461,-18.96535]]]},"properties":{"cod_ibge":"312737","name":"Goiabeira","uf":"MG"}},
{"type":"Feature","geometry":{"type":"Polygon","coordinates":[[[-43.33621,-18.39419],[-43.21533,-18.59792],[-43.15299,-18.55426],[-43.16774,-18.48196],[-43.33621,-18.39419]]]},"properties":{"cod_ibge":"316020","name":"Santo Antônio do Itambé","uf":"MG"}},
{"type":"Feature","geometry":{"type":"Polygon","coordinates":[[[-42.24067,-19.72704],[-42.26352,-19.58288],[-42.28065,-19.6511],[-42.24067,-19.72704]]]},"properties":{"cod_ibge":"312385","name":"Entre Folhas","uf":"MG"}},
{"type":"Feature","geometry":{"type":"Polygon","coordinates":[[[-48.77205,-19.84618],[-48.54456,-19.88983],[-48.45462,-19.77751],[-48.48412,-19.60426],[-48.54599,-19.54241],[-48.69019,-19.53423],[-48.84391,-19.59061],[-48.83392,-19.80753],[-48.77205,-19.84618]]]},"properties":{"cod_ibge":"311140","name":"Campo Florido","uf":"MG"}},
{"type":"Feature","geometry":{"type":"Polygon","coordinates":[[[-44.44746,-20.78613],[-44.70921,-20.84888],[-44.65924,-20.89845],[-44.62117,-21.09581],[-44.58072,-21.10263],[-44.4822,-21.04351],[-44.44603,-20.89936],[-44.44746,-20.78613]]]},"properties":{"cod_ibge":"316500","name":"São Tiago","uf":"MG"}},
{"type":"Feature","geometry":{"type":"Polygon","coordinates":[[[-42.13597,-19.41508],[-42.02842,-19.37689],[-42.11694,-19.34505],[-42.13597,-19.41508]]]},"properties":{"cod_ibge":"312250","name":"Dom Cavati","uf":"MG"}},
{"type":"Feature","geometry":{"type":"Polygon","coordinates":[[[-42.76274,-20.26909],[-42.66518,-20.26772],[-42.72324,-20.19087],[-42.76274,-20.26909]]]},"properties":{"cod_ibge":"315020","name":"Piedade de Ponte Nova","uf":"MG"}},
{"type":"Feature","geometry":{"type":"Polygon","coordinates":[[[-42.91456,-20.27636],[-42.81081,-20.1454],[-42.86982,-20.14494],[-42.95739,-20.20406],[-42.95311,-20.27273],[-42.91456,-20.27636]]]},"properties":{"cod_ibge":"315500","name":"Rio Doce","uf":"MG"}},
{"type":"Feature","geometry":{"type":"Polygon","coordinates":[[[-45.06091,-21.40867],[-44.98667,-21.46278],[-44.81344,-21.46915],[-44.81772,-21.39321],[-44.90434,-21.34273],[-45.08518,-21.39912],[-45.06091,-21.40867]]]},"properties":{"cod_ibge":"313080","name":"Ingaí","uf":"MG"}},
{"type":"Feature","geometry":{"type":"Polygon","coordinates":[[[-44.33229,-16.94585],[-44.46222,-17.07317],[-44.57405,-17.07636],[-44.64972,-17.16821],[-44.61403,-17.32828],[-44.43366,-17.45606],[-44.40511,-17.30736],[-44.32896,-17.24961],[-44.33229,-16.94585]]]},"properties":{"cod_ibge":"313560","name":"Jequitaí","uf":"MG"}},
{"type":"Feature","geometry":{"type":"Polygon","coordinates":[[[-44.90576,-20.79477],[-44.80487,-20.89754],[-44.70921,-20.84888],[-44.44746,-20.78613],[-44.56977,-20.72792],[-44.58928,-20.64561],[-44.75252,-20.60923],[-44.94146,-20.63288],[-44.90576,-20.79477]]]},"properties":{"cod_ibge":"314560","name":"Oliveira","uf":"MG"}},
{"type":"Feature","geometry":{"type":"Polygon","coordinates":[[[-43.2634,-21.54509],[-43.22628,-21.63149],[-43.16917,-21.61739],[-43.12301,-21.57101],[-43.23532,-21.49507],[-43.2634,-21.54509]]]},"properties":{"cod_ibge":"312738","name":"Goianá","uf":"MG"}},
{"type":"Feature","geometry":{"type":"Polygon","coordinates":[[[-43.81831,-14.38748],[-43.78309,-14.33927],[-44.0458,-14.2838],[-44.29612,-14.25333],[-44.32039,-14.54845],[-44.19095,-14.40885],[-44.0596,-14.37202],[-44.01153,-14.53572],[-43.91873,-14.51389],[-43.81831,-14.38748]]]},"properties":{"cod_ibge":"313695","name":"Juvenília","uf":"MG"}},
{"type":"Feature","geometry":{"type":"Polygon","coordinates":[[[-43.70838,-21.01986],[-43.64746,-20.95393],[-43.67554,-20.92937],[-43.79689,-20.8839],[-43.89541,-20.88617],[-43.92253,-20.92755],[-43.99487,-20.98894],[-43.96394,-21.04169],[-43.9411,-21.12173],[-43.90969,-21.12445],[-43.70838,-21.01986]]]},"properties":{"cod_ibge":"311320","name":"Carandaí","uf":"MG"}},
{"type":"Feature","geometry":{"type":"Polygon","coordinates":[[[-44.4389,-19.93122],[-44.35466,-19.9053],[-44.44413,-19.76569],[-44.52694,-19.95304],[-44.4389,-19.93122]]]},"properties":{"cod_ibge":"312600","name":"Florestal","uf":"MG"}},
{"type":"Feature","geometry":{"type":"Polygon","coordinates":[[[-50.12173,-19.19817],[-49.96658,-19.30004],[-49.67913,-19.2773],[-49.59918,-19.11678],[-49.80192,-18.93215],[-49.87235,-18.80164],[-49.96801,-18.78618],[-49.96658,-18.95944],[-50.07699,-19.07676],[-50.12173,-19.19817]]]},"properties":{"cod_ibge":"312910","name":"Gurinhatã","uf":"MG"}},
{"type":"Feature","geometry":{"type":"Polygon","coordinates":[[[-44.00249,-20.80022],[-44.14954,-20.76521],[-44.20189,-20.86389],[-44.14716,-20.95029],[-44.13431,-21.02305],[-43.99487,-20.98894],[-43.92253,-20.92755],[-44.00249,-20.80022]]]},"properties":{"cod_ibge":"313740","name":"Lagoa Dourada","uf":"MG"}},
{"type":"Feature","geometry":{"type":"Polygon","coordinates":[[[-44.2728,-19.3396],[-44.29803,-19.24274],[-44.40939,-19.12996],[-44.65163,-19.22682],[-44.55026,-19.42645],[-44.54169,-19.42782],[-44.45984,-19.40872],[-44.42509,-19.40099],[-44.36037,-19.30959],[-44.29898,-19.40326],[-44.2728,-19.3396]]]},"properties":{"cod_ibge":"314740","name":"Paraopeba","uf":"MG"}},
{"type":"Feature","geometry":{"type":"Polygon","coordinates":[[[-44.13574,-15.25967],[-44.19238,-15.39791],[-44.35371,-15.48795],[-44.3894,-15.59299],[-44.68351,-15.7758],[-44.56311,-15.85538],[-44.43842,-15.85083],[-44.34419,-15.824],[-44.27804,-15.74397],[-44.11766,-15.61528],[-44.02961,-15.48749],[-44.1543,-15.35744],[-44.13574,-15.25967]]]},"properties":{"cod_ibge":"314915","name":"Pedras de Maria da Cruz","uf":"MG"}},
{"type":"Feature","geometry":{"type":"Polygon","coordinates":[[[-44.54407,-20.51556],[-44.54312,-20.48236],[-44.62831,-20.40505],[-44.69969,-20.53693],[-44.77632,-20.5392],[-44.75252,-20.60923],[-44.58928,-20.64561],[-44.54407,-20.51556]]]},"properties":{"cod_ibge":"311450","name":"Carmópolis de Minas","uf":"MG"}},
{"type":"Feature","geometry":{"type":"Polygon","coordinates":[[[-46.81987,-20.4619],[-46.59476,-20.56694],[-46.46437,-20.44325],[-46.49958,-20.37777],[-46.8213,-20.19496],[-46.90696,-20.18132],[-47.10922,-20.2036],[-47.07686,-20.27636],[-46.97882,-20.37322],[-46.81987,-20.4619]]]},"properties":{"cod_ibge":"312120","name":"Delfinópolis","uf":"MG"}},
{"type":"Feature","geometry":{"type":"Polygon","coordinates":[[[-46.83034,-20.04945],[-46.62617,-19.99397],[-46.60048,-19.92667],[-46.82606,-19.77478],[-46.97692,-19.77933],[-47.07353,-19.83663],[-47.05449,-19.9917],[-46.83034,-20.04945]]]},"properties":{"cod_ibge":"316810","name":"Tapira","uf":"MG"}},
{"type":"Feature","geometry":{"type":"Polygon","coordinates":[[[-44.79154,-21.59647],[-44.76347,-21.47779],[-44.81344,-21.46915],[-44.98667,-21.46278],[-45.06091,-21.40867],[-45.06376,-21.50007],[-45.03664,-21.63194],[-44.87816,-21.62785],[-44.79154,-21.59647]]]},"properties":{"cod_ibge":"313870","name":"Luminárias","uf":"MG"}},
{"type":"Feature","geometry":{"type":"Polygon","coordinates":[[[-41.45733,-16.04728],[-41.29694,-16.17097],[-41.21794,-16.07229],[-40.97,-16.08548],[-40.92098,-15.97497],[-41.0095,-15.82809],[-41.14275,-15.77216],[-41.33026,-15.74351],[-41.34263,-15.80126],[-41.38356,-15.81218],[-41.27505,-15.86356],[-41.45733,-16.04728]]]},"properties":{"cod_ibge":"314870","name":"Pedra Azul","uf":"MG"}},
{"type":"Feature","geometry":{"type":"Polygon","coordinates":[[[-40.13525,-16.12686],[-40.21663,-16.31285],[-40.15476,-16.41744],[-40.11003,-16.44927],[-40.01723,-16.34786],[-40.13525,-16.12686]]]},"properties":{"cod_ibge":"315810","name":"Santa Maria do Salto","uf":"MG"}},
{"type":"Feature","geometry":{"type":"Polygon","coordinates":[[[-47.76264,-19.98624],[-47.75741,-19.90302],[-47.85069,-19.98988],[-47.76264,-19.98624]]]},"properties":{"cod_ibge":"312125","name":"Delta","uf":"MG"}},
{"type":"Feature","geometry":{"type":"Polygon","coordinates":[[[-43.96394,-21.04169],[-44.01343,-21.16083],[-43.9411,-21.12173],[-43.96394,-21.04169]]]},"properties":{"cod_ibge":"312300","name":"Dores de Campos","uf":"MG"}},
{"type":"Feature","geometry":{"type":"Polygon","coordinates":[[[-47.4533,-18.46741],[-47.33195,-18.58837],[-47.31291,-18.42284],[-47.42998,-18.165],[-47.60702,-18.2464],[-47.61035,-18.31552],[-47.67984,-18.35599],[-47.51136,-18.39738],[-47.4533,-18.46741]]]},"properties":{"cod_ibge":"310010","name":"Abadia dos Dourados","uf":"MG"}},
{"type":"Feature","geometry":{"type":"Polygon","coordinates":[[[-41.45971,-18.51424],[-41.365,-18.49878],[-41.32074,-18.50515],[-41.3117,-18.4765],[-41.2879,-18.3278],[-41.36357,-18.27187],[-41.41925,-18.28142],[-41.42782,-18.29642],[-41.45971,-18.51424]]]},"properties":{"cod_ibge":"316330","name":"São José do Divino","uf":"MG"}},
{"type":"Feature","geometry":{"type":"Polygon","coordinates":[[[-44.88482,-21.83658],[-44.75442,-21.85704],[-44.6916,-21.74336],[-44.67637,-21.64013],[-44.79154,-21.59647],[-44.87816,-21.62785],[-44.88482,-21.83658]]]},"properties":{"cod_ibge":"312080","name":"Cruzília","uf":"MG"}},
{"type":"Feature","geometry":{"type":"Polygon","coordinates":[[[-43.69124,-20.71928],[-43.5618,-20.7543],[-43.49707,-20.73429],[-43.56465,-20.6056],[-43.6013,-20.58422],[-43.67887,-20.62151],[-43.69124,-20.71928]]]},"properties":{"cod_ibge":"313390","name":"Itaverava","uf":"MG"}},
{"type":"Feature","geometry":{"type":"Polygon","coordinates":[[[-49.22559,-18.93579],[-49.07473,-18.97853],[-48.82345,-19.10313],[-48.70637,-19.07403],[-48.6012,-18.83938],[-48.80441,-18.68796],[-48.82916,-18.6061],[-49.00477,-18.53698],[-49.15182,-18.55563],[-49.03951,-18.67613],[-49.05093,-18.788],[-49.25224,-18.87394],[-49.25938,-18.94034],[-49.22559,-18.93579]]]},"properties":{"cod_ibge":"314280","name":"Monte Alegre de Minas","uf":"MG"}},
{"type":"Feature","geometry":{"type":"Polygon","coordinates":[[[-45.41689,-21.66741],[-45.2546,-21.55418],[-45.36454,-21.48097],[-45.54491,-21.49825],[-45.46162,-21.65786],[-45.41689,-21.66741]]]},"properties":{"cod_ibge":"317070","name":"Varginha","uf":"MG"}},
{"type":"Feature","geometry":{"type":"Polygon","coordinates":[[[-42.90361,-15.04003],[-42.77797,-15.15963],[-42.65662,-15.03685],[-42.51575,-14.98273],[-42.61854,-14.93953],[-42.8722,-14.76491],[-42.95263,-14.70852],[-43.17488,-14.65123],[-43.42426,-14.71989],[-43.48708,-14.79038],[-43.24817,-14.80584],[-43.09683,-14.85313],[-42.98404,-14.93999],[-42.90361,-15.04003]]]},"properties":{"cod_ibge":"312430","name":"Espinosa","uf":"MG"}},
{"type":"Feature","geometry":{"type":"Polygon","coordinates":[[[-50.56194,-19.81344],[-50.69234,-19.57424],[-50.8256,-19.47329],[-50.93505,-19.46738],[-51.03833,-19.69157],[-51.03357,-19.7907],[-51.00025,-20.08537],[-50.88604,-19.99033],[-50.84416,-19.96759],[-50.68663,-19.91621],[-50.61429,-19.86119],[-50.56194,-19.81344]]]},"properties":{"cod_ibge":"311455","name":"Carneirinho","uf":"MG"}},
{"type":"Feature","geometry":{"type":"Polygon","coordinates":[[[-41.45733,-16.04728],[-41.27505,-15.86356],[-41.38356,-15.81218],[-41.58725,-15.90267],[-41.63341,-15.96543],[-41.68196,-16.11094],[-41.45733,-16.04728]]]},"properties":{"cod_ibge":"310270","name":"Cachoeira de Pajeú","uf":"MG"}},
{"type":"Feature","geometry":{"type":"Polygon","coordinates":[[[-43.28101,-18.02267],[-43.13728,-18.10907],[-43.13681,-18.10816],[-43.10968,-18.06405],[-43.15775,-17.77211],[-43.22723,-17.56293],[-43.291,-17.71254],[-43.38143,-17.79757],[-43.40808,-17.94718],[-43.28101,-18.02267]]]},"properties":{"cod_ibge":"316590","name":"Senador Modestino Gonçalves","uf":"MG"}},
{"type":"Feature","geometry":{"type":"Polygon","coordinates":[[[-43.70885,-22.07577],[-43.86019,-21.96481],[-43.86781,-21.96209],[-43.97679,-21.95663],[-44.00011,-22.02211],[-43.97726,-22.14626],[-43.70885,-22.07577]]]},"properties":{"cod_ibge":"315590","name":"Rio Preto","uf":"MG"}},
{"type":"Feature","geometry":{"type":"Polygon","coordinates":[[[-42.35822,-20.57877],[-42.3192,-20.54693],[-42.3449,-20.3946],[-42.41533,-20.35003],[-42.43437,-20.43552],[-42.40724,-20.5774],[-42.37916,-20.58877],[-42.35822,-20.57877]]]},"properties":{"cod_ibge":"314875","name":"Pedra Bonita","uf":"MG"}},
{"type":"Feature","geometry":{"type":"Polygon","coordinates":[[[-46.05413,-22.6874],[-45.94848,-22.55234],[-45.95609,-22.53551],[-46.11552,-22.49413],[-46.14789,-22.51869],[-46.15312,-22.60782],[-46.12457,-22.66966],[-46.05413,-22.6874]]]},"properties":{"cod_ibge":"311060","name":"Cambuí","uf":"MG"}},
{"type":"Feature","geometry":{"type":"Polygon","coordinates":[[[-42.66423,-19.09768],[-42.74847,-19.15225],[-42.74228,-19.35506],[-42.69754,-19.3537],[-42.62283,-19.11859],[-42.66423,-19.09768]]]},"properties":{"cod_ibge":"313610","name":"Joanésia","uf":"MG"}},
{"type":"Feature","geometry":{"type":"Polygon","coordinates":[[[-43.56465,-20.6056],[-43.45852,-20.63242],[-43.40332,-20.54693],[-43.49564,-20.44416],[-43.45281,-20.30365],[-43.53372,-20.16086],[-43.61843,-20.1936],[-43.75168,-20.26863],[-43.83782,-20.38596],[-43.93015,-20.38232],[-43.92729,-20.40505],[-43.9154,-20.42643],[-43.76644,-20.49964],[-43.66174,-20.43325],[-43.6013,-20.58422],[-43.56465,-20.6056]]]},"properties":{"cod_ibge":"314610","name":"Ouro Preto","uf":"MG"}},
{"type":"Feature","geometry":{"type":"Polygon","coordinates":[[[-44.90434,-20.25908],[-45.09708,-20.12266],[-45.15419,-20.18087],[-45.12849,-20.33321],[-45.0452,-20.35549],[-44.90434,-20.25908]]]},"properties":{"cod_ibge":"316460","name":"São Sebastião do Oeste","uf":"MG"}},
{"type":"Feature","geometry":{"type":"Polygon","coordinates":[[[-49.29269,-18.56381],[-49.23558,-18.66022],[-49.05093,-18.788],[-49.03951,-18.67613],[-49.15182,-18.55563],[-49.24938,-18.52288],[-49.29269,-18.56381]]]},"properties":{"cod_ibge":"311580","name":"Centralina","uf":"MG"}},
{"type":"Feature","geometry":{"type":"Polygon","coordinates":[[[-45.54491,-21.49825],[-45.36454,-21.48097],[-45.27269,-21.37683],[-45.37786,-21.31044],[-45.60059,-21.31544],[-45.6953,-21.43686],[-45.66389,-21.45914],[-45.54491,-21.49825]]]},"properties":{"cod_ibge":"316940","name":"Três Pontas","uf":"MG"}},
{"type":"Feature","geometry":{"type":"Polygon","coordinates":[[[-41.97226,-18.53425],[-41.82901,-18.66113],[-41.69528,-18.56108],[-41.77809,-18.5529],[-41.92562,-18.37964],[-42.02746,-18.45467],[-41.97226,-18.53425]]]},"properties":{"cod_ibge":"312690","name":"Frei Inocêncio","uf":"MG"}},
{"type":"Feature","geometry":{"type":"Polygon","coordinates":[[[-43.29529,-17.37967],[-43.21771,-17.41423],[-43.22866,-17.34465],[-43.08351,-17.25325],[-43.06971,-17.2246],[-43.20677,-17.10591],[-43.48851,-17.17776],[-43.6684,-17.17049],[-43.71361,-17.01678],[-43.68601,-16.9272],[-43.70124,-16.8508],[-43.86923,-16.92083],[-44.0201,-17.11319],[-44.10576,-17.14593],[-44.11147,-17.15594],[-43.83402,-17.27917],[-44.05912,-17.44879],[-43.95632,-17.5552],[-43.84068,-17.8335],[-43.76358,-17.92445],[-43.75073,-17.89034],[-43.77358,-17.54656],[-43.71885,-17.41878],[-43.81117,-17.27235],[-43.66888,-17.20914],[-43.57607,-17.27417],[-43.37,-17.29463],[-43.29529,-17.37967]]]},"properties":{"cod_ibge":"310730","name":"Bocaiúva","uf":"MG"}},
{"type":"Feature","geometry":{"type":"Polygon","coordinates":[[[-44.13527,-19.79889],[-44.01676,-19.83072],[-43.97536,-19.78206],[-44.00582,-19.73704],[-44.13336,-19.7093],[-44.13527,-19.79889]]]},"properties":{"cod_ibge":"315460","name":"Ribeirão das Neves","uf":"MG"}},
{"type":"Feature","geometry":{"type":"Polygon","coordinates":[[[-46.39488,-22.01347],[-46.432,-22.12079],[-46.4301,-22.14853],[-46.25497,-22.1458],[-46.09173,-21.87659],[-46.13028,-21.87432],[-46.34158,-21.94799],[-46.39488,-22.01347]]]},"properties":{"cod_ibge":"315920","name":"Santa Rita de Caldas","uf":"MG"}},
{"type":"Feature","geometry":{"type":"Polygon","coordinates":[[[-46.63664,-21.01122],[-46.61332,-20.97075],[-46.67329,-20.89799],[-46.79798,-20.97575],[-46.89173,-21.06534],[-46.78513,-21.15174],[-46.78227,-21.15765],[-46.66187,-21.10672],[-46.63664,-21.01122]]]},"properties":{"cod_ibge":"313480","name":"Jacuí","uf":"MG"}},
{"type":"Feature","geometry":{"type":"Polygon","coordinates":[[[-43.19725,-19.79025],[-43.08922,-19.858],[-43.06257,-19.88574],[-43.00927,-19.82753],[-43.11016,-19.72658],[-43.19725,-19.79025]]]},"properties":{"cod_ibge":"310600","name":"Bela Vista de Minas","uf":"MG"}},
{"type":"Feature","geometry":{"type":"Polygon","coordinates":[[[-46.42439,-22.59963],[-46.29637,-22.57871],[-46.28257,-22.51505],[-46.26068,-22.41955],[-46.33444,-22.38772],[-46.42296,-22.39955],[-46.45627,-22.52187],[-46.42439,-22.59963]]]},"properties":{"cod_ibge":"310910","name":"Bueno Brandão","uf":"MG"}},
{"type":"Feature","geometry":{"type":"Polygon","coordinates":[[[-44.99143,-19.79343],[-44.89291,-19.85527],[-44.81582,-19.89256],[-44.7806,-19.8671],[-44.7806,-19.7716],[-44.83866,-19.73522],[-44.94812,-19.68884],[-44.99143,-19.79343]]]},"properties":{"cod_ibge":"311760","name":"Conceição do Pará","uf":"MG"}},
{"type":"Feature","geometry":{"type":"Polygon","coordinates":[[[-42.89552,-18.56108],[-42.93074,-18.43876],[-43.07542,-18.56654],[-43.15299,-18.55426],[-43.21533,-18.59792],[-43.22914,-18.74207],[-43.24674,-18.77208],[-43.19963,-18.8603],[-43.06257,-18.78982],[-42.97167,-18.6543],[-42.85126,-18.67477],[-42.89552,-18.56108]]]},"properties":{"cod_ibge":"315680","name":"Sabinópolis","uf":"MG"}},
{"type":"Feature","geometry":{"type":"Polygon","coordinates":[[[-46.10791,-18.51515],[-45.82903,-18.587],[-45.77335,-18.46695],[-46.00987,-18.32598],[-46.10791,-18.51515]]]},"properties":{"cod_ibge":"317075","name":"Varjão de Minas","uf":"MG"}},
{"type":"Feature","geometry":{"type":"Polygon","coordinates":[[[-41.49064,-18.63702],[-41.37785,-18.70114],[-41.24697,-18.70933],[-41.26458,-18.66067],[-41.32074,-18.50515],[-41.365,-18.49878],[-41.49064,-18.63702]]]},"properties":{"cod_ibge":"314150","name":"Mendes Pimentel","uf":"MG"}},
{"type":"Feature","geometry":{"type":"Polygon","coordinates":[[[-41.06089,-19.05629],[-41.06518,-18.94488],[-41.13704,-18.89077],[-41.21461,-18.96535],[-41.23412,-19.08631],[-41.06089,-19.05629]]]},"properties":{"cod_ibge":"312083","name":"Cuparaque","uf":"MG"}},
{"type":"Feature","geometry":{"type":"Polygon","coordinates":[[[-46.5329,-22.18536],[-46.64569,-22.18082],[-46.67186,-22.17854],[-46.68043,-22.21674],[-46.5329,-22.18536]]]},"properties":{"cod_ibge":"310140","name":"Albertina","uf":"MG"}},
{"type":"Feature","geometry":{"type":"Polygon","coordinates":[[[-43.02021,-21.69879],[-42.96072,-21.73335],[-42.89933,-21.69288],[-42.91313,-21.66378],[-42.98119,-21.64968],[-43.02925,-21.6756],[-43.02021,-21.69879]]]},"properties":{"cod_ibge":"314020","name":"Maripá de Minas","uf":"MG"}},
{"type":"Feature","geometry":{"type":"Polygon","coordinates":[[[-43.77262,-20.80113],[-43.81926,-20.77248],[-43.89398,-20.80432],[-43.89541,-20.88617],[-43.79689,-20.8839],[-43.73074,-20.84479],[-43.77262,-20.80113]]]},"properties":{"cod_ibge":"312040","name":"Cristiano Otoni","uf":"MG"}},
{"type":"Feature","geometry":{"type":"Polygon","coordinates":[[[-44.29803,-19.24274],[-44.13812,-19.24365],[-44.04104,-19.07903],[-44.12051,-18.94534],[-44.21712,-18.9517],[-44.40939,-19.12996],[-44.29803,-19.24274]]]},"properties":{"cod_ibge":"311890","name":"Cordisburgo","uf":"MG"}},
{"type":"Feature","geometry":{"type":"Polygon","coordinates":[[[-44.29803,-19.24274],[-44.2728,-19.3396],[-44.16049,-19.29276],[-44.13812,-19.24365],[-44.29803,-19.24274]]]},"properties":{"cod_ibge":"310320","name":"Araçaí","uf":"MG"}},
{"type":"Feature","geometry":{"type":"Polygon","coordinates":[[[-40.89099,-16.62162],[-40.72681,-16.72257],[-40.7111,-16.83216],[-40.7092,-16.84035],[-40.60259,-16.78896],[-40.58927,-16.78168],[-40.65399,-16.55613],[-40.66446,-16.51384],[-40.7901,-16.51521],[-40.89099,-16.62162]]]},"properties":{"cod_ibge":"312560","name":"Felisburgo","uf":"MG"}},
{"type":"Feature","geometry":{"type":"Polygon","coordinates":[[[-45.01189,-20.57013],[-44.89244,-20.47145],[-44.90434,-20.25908],[-45.0452,-20.35549],[-45.12849,-20.33321],[-45.32076,-20.35049],[-45.26032,-20.65107],[-45.12468,-20.56012],[-45.04616,-20.63288],[-45.01189,-20.57013]]]},"properties":{"cod_ibge":"313350","name":"Itapecerica","uf":"MG"}},
{"type":"Feature","geometry":{"type":"Polygon","coordinates":[[[-45.50303,-19.85391],[-45.28982,-19.91394],[-45.40309,-19.76524],[-45.47685,-19.75705],[-45.50493,-19.84936],[-45.50303,-19.85391]]]},"properties":{"cod_ibge":"314240","name":"Moema","uf":"MG"}},
{"type":"Feature","geometry":{"type":"Polygon","coordinates":[[[-42.8289,-18.0977],[-42.76132,-18.21412],[-42.68374,-18.10452],[-42.70326,-18.09179],[-42.8289,-18.0977]]]},"properties":{"cod_ibge":"312695","name":"Frei Lagonegro","uf":"MG"}},
{"type":"Feature","geometry":{"type":"Polygon","coordinates":[[[-45.80523,-22.73742],[-45.73004,-22.61873],[-45.94896,-22.69422],[-45.92135,-22.72059],[-45.80523,-22.73742]]]},"properties":{"cod_ibge":"312740","name":"Gonçalves","uf":"MG"}},
{"type":"Feature","geometry":{"type":"Polygon","coordinates":[[[-46.1555,-19.41008],[-46.10981,-19.19681],[-46.0884,-19.10768],[-46.21737,-19.06312],[-46.41202,-19.06721],[-46.54099,-19.19317],[-46.49625,-19.31368],[-46.3906,-19.4019],[-46.26639,-19.43191],[-46.1555,-19.41008]]]},"properties":{"cod_ibge":"315550","name":"Rio Paranaíba","uf":"MG"}},
{"type":"Feature","geometry":{"type":"Polygon","coordinates":[[[-45.11707,-16.51293],[-45.0671,-16.47246],[-45.05663,-16.36469],[-45.07947,-16.12186],[-45.23271,-16.2651],[-45.3041,-16.26783],[-45.36597,-16.32512],[-45.65532,-16.18279],[-45.71243,-16.41243],[-45.83045,-16.50657],[-45.64295,-16.61161],[-45.41879,-16.50293],[-45.30457,-16.56295],[-45.11707,-16.51293]]]},"properties":{"cod_ibge":"316420","name":"São Romão","uf":"MG"}},
{"type":"Feature","geometry":{"type":"Polygon","coordinates":[[[-46.23069,-16.23781],[-46.08364,-16.21144],[-46.03985,-16.05274],[-45.90612,-16.10685],[-45.80571,-16.06228],[-45.77668,-15.95087],[-45.58584,-15.7185],[-45.60059,-15.44156],[-45.81808,-15.40519],[-45.98941,-15.38154],[-46.2878,-15.41201],[-46.2483,-15.60664],[-46.25497,-15.79535],[-46.4577,-15.85174],[-46.44723,-15.87539],[-46.18786,-16.03136],[-46.23069,-16.23781]]]},"properties":{"cod_ibge":"310450","name":"Arinos","uf":"MG"}},
{"type":"Feature","geometry":{"type":"Polygon","coordinates":[[[-44.14954,-20.76521],[-44.26519,-20.72337],[-44.42129,-20.71246],[-44.44746,-20.78613],[-44.44603,-20.89936],[-44.28756,-20.91709],[-44.27756,-21.01623],[-44.14716,-20.95029],[-44.20189,-20.86389],[-44.14954,-20.76521]]]},"properties":{"cod_ibge":"315420","name":"Resende Costa","uf":"MG"}},
{"type":"Feature","geometry":{"type":"Polygon","coordinates":[[[-44.18095,-20.04581],[-44.12432,-20.09901],[-44.06436,-20.07992],[-44.11623,-20.02353],[-44.18095,-20.04581]]]},"properties":{"cod_ibge":"316553","name":"Sarzedo","uf":"MG"}},
{"type":"Feature","geometry":{"type":"Polygon","coordinates":[[[-46.76466,-21.36001],[-46.64759,-21.37956],[-46.6119,-21.2918],[-46.61808,-21.19312],[-46.7304,-21.18721],[-46.76466,-21.36001]]]},"properties":{"cod_ibge":"312870","name":"Guaxupé","uf":"MG"}},
{"type":"Feature","geometry":{"type":"Polygon","coordinates":[[[-41.1418,-17.94946],[-41.08754,-17.83486],[-41.14132,-17.64933],[-41.04709,-17.60431],[-41.25554,-17.48471],[-41.22841,-17.43469],[-41.3512,-17.34693],[-41.56536,-17.49199],[-41.65055,-17.60204],[-41.63294,-17.67843],[-41.6653,-17.91353],[-41.57107,-18.01903],[-41.36928,-18.03177],[-41.25221,-17.954],[-41.1418,-17.94946]]]},"properties":{"cod_ibge":"316860","name":"Teófilo Otoni","uf":"MG"}},
{"type":"Feature","geometry":{"type":"Polygon","coordinates":[[[-43.47042,-20.93937],[-43.29053,-20.95484],[-43.29529,-20.85343],[-43.37286,-20.86707],[-43.47042,-20.93937]]]},"properties":{"cod_ibge":"311630","name":"Cipotânea","uf":"MG"}},
{"type":"Feature","geometry":{"type":"Polygon","coordinates":[[[-44.19475,-19.66292],[-43.95014,-19.48693],[-43.94681,-19.43146],[-43.98964,-19.40417],[-44.03913,-19.42463],[-44.10909,-19.52104],[-44.19809,-19.642],[-44.19475,-19.66292]]]},"properties":{"cod_ibge":"314110","name":"Matozinhos","uf":"MG"}},
{"type":"Feature","geometry":{"type":"Polygon","coordinates":[[[-43.07637,-21.79838],[-43.02021,-21.69879],[-43.02925,-21.6756],[-43.0916,-21.66014],[-43.133,-21.6947],[-43.18773,-21.7429],[-43.17107,-21.75973],[-43.07637,-21.79838]]]},"properties":{"cod_ibge":"310690","name":"Bicas","uf":"MG"}},
{"type":"Feature","geometry":{"type":"Polygon","coordinates":[[[-43.22771,-22.02893],[-43.1311,-22.02939],[-43.1211,-21.98619],[-43.13443,-21.88342],[-43.18868,-21.85477],[-43.23675,-21.86159],[-43.25436,-21.93025],[-43.22771,-22.02893]]]},"properties":{"cod_ibge":"315860","name":"Santana do Deserto","uf":"MG"}},
{"type":"Feature","geometry":{"type":"Polygon","coordinates":[[[-43.94585,-19.77706],[-43.89731,-19.69884],[-43.9449,-19.67156],[-43.95728,-19.67019],[-44.00772,-19.72203],[-44.00582,-19.73704],[-43.97536,-19.78206],[-43.94585,-19.77706]]]},"properties":{"cod_ibge":"317120","name":"Vespasiano","uf":"MG"}},
{"type":"Feature","geometry":{"type":"Polygon","coordinates":[[[-46.29637,-22.57871],[-46.15836,-22.61555],[-46.15312,-22.60782],[-46.14789,-22.51869],[-46.28257,-22.51505],[-46.29637,-22.57871]]]},"properties":{"cod_ibge":"316557","name":"Senador Amaral","uf":"MG"}},
{"type":"Feature","geometry":{"type":"Polygon","coordinates":[[[-43.35287,-21.35819],[-43.46995,-21.37138],[-43.63128,-21.37547],[-43.706,-21.58511],[-43.66602,-21.60557],[-43.63937,-21.60784],[-43.4728,-21.53054],[-43.41902,-21.53099],[-43.30052,-21.43231],[-43.35287,-21.35819]]]},"properties":{"cod_ibge":"316070","name":"Santos Dumont","uf":"MG"}},
{"type":"Feature","geometry":{"type":"Polygon","coordinates":[[[-42.7537,-20.7452],[-42.71277,-20.81569],[-42.70944,-20.83933],[-42.65043,-20.75839],[-42.69754,-20.65744],[-42.76893,-20.66744],[-42.78226,-20.67335],[-42.7537,-20.7452]]]},"properties":{"cod_ibge":"316380","name":"São Miguel do Anta","uf":"MG"}},
{"type":"Feature","geometry":{"type":"Polygon","coordinates":[[[-44.40701,-20.42643],[-44.43747,-20.34594],[-44.43556,-20.29182],[-44.56549,-20.27909],[-44.65877,-20.33775],[-44.62831,-20.40505],[-44.54312,-20.48236],[-44.40701,-20.42643]]]},"properties":{"cod_ibge":"313220","name":"Itaguara","uf":"MG"}},
{"type":"Feature","geometry":{"type":"Polygon","coordinates":[[[-44.48173,-21.40821],[-44.19856,-21.39093],[-44.0891,-21.4355],[-44.00534,-21.36319],[-44.02295,-21.24178],[-44.12146,-21.17857],[-44.19999,-21.12263],[-44.2295,-21.12764],[-44.22093,-21.1149],[-44.20475,-21.11536],[-44.22426,-21.07489],[-44.27423,-21.05715],[-44.40939,-21.08989],[-44.46602,-21.23086],[-44.57501,-21.30908],[-44.48173,-21.40821]]]},"properties":{"cod_ibge":"316250","name":"São João del Rei","uf":"MG"}},
{"type":"Feature","geometry":{"type":"Polygon","coordinates":[[[-48.7354,-20.01216],[-48.55646,-19.99988],[-48.54456,-19.88983],[-48.77205,-19.84618],[-48.7354,-20.01216]]]},"properties":{"cod_ibge":"315070","name":"Pirajuba","uf":"MG"}},
{"type":"Feature","geometry":{"type":"Polygon","coordinates":[[[-42.42057,-18.00539],[-42.41533,-18.09998],[-42.20879,-18.24413],[-42.06601,-18.26141],[-42.04983,-18.1459],[-42.14835,-18.01585],[-42.2816,-17.85032],[-42.26685,-17.78848],[-42.32253,-17.78439],[-42.4653,-17.83577],[-42.48672,-17.92672],[-42.42057,-18.00539]]]},"properties":{"cod_ibge":"310060","name":"Água Boa","uf":"MG"}},
{"type":"Feature","geometry":{"type":"Polygon","coordinates":[[[-43.9568,-20.75884],[-43.89398,-20.80432],[-43.81926,-20.77248],[-43.92396,-20.6588],[-43.9449,-20.67608],[-43.9568,-20.75884]]]},"properties":{"cod_ibge":"315380","name":"Queluzito","uf":"MG"}},
{"type":"Feature","geometry":{"type":"Polygon","coordinates":[[[-45.91945,-22.40819],[-45.84188,-22.28404],[-45.85377,-22.23538],[-45.81713,-22.11579],[-45.90374,-22.11033],[-45.9599,-22.12716],[-46.04461,-22.23129],[-46.03843,-22.36044],[-45.91945,-22.40819]]]},"properties":{"cod_ibge":"315250","name":"Pouso Alegre","uf":"MG"}},
{"type":"Feature","geometry":{"type":"Polygon","coordinates":[[[-45.26032,-20.65107],[-45.32076,-20.35049],[-45.33694,-20.33366],[-45.38596,-20.31911],[-45.51207,-20.39641],[-45.58822,-20.46735],[-45.71576,-20.50783],[-45.83188,-20.66653],[-45.73384,-20.73474],[-45.51207,-20.69654],[-45.26032,-20.65107]]]},"properties":{"cod_ibge":"312610","name":"Formiga","uf":"MG"}},
{"type":"Feature","geometry":{"type":"Polygon","coordinates":[[[-41.98416,-17.65479],[-42.12265,-17.58521],[-42.19023,-17.44197],[-42.28826,-17.59567],[-42.2145,-17.7712],[-42.04269,-17.71618],[-41.98416,-17.65479]]]},"properties":{"cod_ibge":"316555","name":"Setubinha","uf":"MG"}},
{"type":"Feature","geometry":{"type":"Polygon","coordinates":[[[-40.74775,-17.34647],[-40.95239,-17.33283],[-40.92336,-17.48835],[-41.04709,-17.60431],[-41.14132,-17.64933],[-41.08754,-17.83486],[-41.1418,-17.94946],[-41.08374,-17.99948],[-40.90242,-17.98629],[-40.79867,-17.95673],[-40.73537,-17.87624],[-40.54929,-17.81076],[-40.61925,-17.57521],[-40.51979,-17.44742],[-40.6045,-17.35602],[-40.74775,-17.34647]]]},"properties":{"cod_ibge":"311370","name":"Carlos Chagas","uf":"MG"}},
{"type":"Feature","geometry":{"type":"Polygon","coordinates":[[[-43.88018,-21.35319],[-43.71028,-21.30453],[-43.63128,-21.37547],[-43.58083,-21.31863],[-43.59892,-21.16674],[-43.60701,-21.12946],[-43.71504,-21.18903],[-43.83068,-21.14583],[-43.90969,-21.12445],[-43.9411,-21.12173],[-44.00201,-21.22086],[-44.02295,-21.24178],[-44.00534,-21.36319],[-43.88018,-21.35319]]]},"properties":{"cod_ibge":"310560","name":"Barbacena","uf":"MG"}},
{"type":"Feature","geometry":{"type":"Polygon","coordinates":[[[-43.24484,-21.21085],[-43.13157,-21.11991],[-43.23961,-21.08762],[-43.24484,-21.21085]]]},"properties":{"cod_ibge":"316730","name":"Silveirânia","uf":"MG"}},
{"type":"Feature","geometry":{"type":"Polygon","coordinates":[[[-42.20308,-18.41102],[-42.23115,-18.53562],[-42.09124,-18.54653],[-42.0998,-18.42784],[-42.12407,-18.39374],[-42.20308,-18.41102]]]},"properties":{"cod_ibge":"314420","name":"Nacip Raydan","uf":"MG"}},
{"type":"Feature","geometry":{"type":"Polygon","coordinates":[[[-47.95444,-18.50015],[-47.97395,-18.63884],[-47.89257,-18.67613],[-47.75931,-18.57654],[-47.86449,-18.44922],[-47.95444,-18.50015]]]},"properties":{"cod_ibge":"311500","name":"Cascalho Rico","uf":"MG"}},
{"type":"Feature","geometry":{"type":"Polygon","coordinates":[[[-47.61035,-18.79755],[-47.58228,-18.61838],[-47.66413,-18.53653],[-47.75931,-18.57654],[-47.89257,-18.67613],[-47.87353,-18.82938],[-47.72219,-18.83029],[-47.70887,-18.92306],[-47.67032,-18.9417],[-47.61035,-18.79755]]]},"properties":{"cod_ibge":"312480","name":"Estrela do Sul","uf":"MG"}},
{"type":"Feature","geometry":{"type":"Polygon","coordinates":[[[-42.04317,-16.58342],[-41.90183,-16.67664],[-41.9123,-16.78941],[-41.75715,-16.8649],[-41.60438,-16.69938],[-41.65197,-16.57296],[-41.72288,-16.42562],[-41.89754,-16.33695],[-42.10551,-16.43699],[-42.04317,-16.58342]]]},"properties":{"cod_ibge":"313400","name":"Itinga","uf":"MG"}},
{"type":"Feature","geometry":{"type":"Polygon","coordinates":[[[-42.76132,-20.12266],[-42.75513,-20.02034],[-42.87363,-20.03671],[-42.86982,-20.14494],[-42.81081,-20.1454],[-42.76132,-20.12266]]]},"properties":{"cod_ibge":"316556","name":"Sem-Peixe","uf":"MG"}},
{"type":"Feature","geometry":{"type":"Polygon","coordinates":[[[-43.58083,-21.31863],[-43.47661,-21.28043],[-43.44139,-21.25087],[-43.45138,-21.19403],[-43.59892,-21.16674],[-43.58083,-21.31863]]]},"properties":{"cod_ibge":"315730","name":"Santa Bárbara do Tugúrio","uf":"MG"}},
{"type":"Feature","geometry":{"type":"Polygon","coordinates":[[[-46.61332,-20.97075],[-46.52814,-20.93073],[-46.41202,-20.80614],[-46.39917,-20.67381],[-46.5862,-20.63925],[-46.59476,-20.56694],[-46.81987,-20.4619],[-46.83177,-20.63061],[-46.72659,-20.72928],[-46.70565,-20.8407],[-46.67329,-20.89799],[-46.61332,-20.97075]]]},"properties":{"cod_ibge":"314790","name":"Passos","uf":"MG"}},
{"type":"Feature","geometry":{"type":"Polygon","coordinates":[[[-42.14835,-18.01585],[-42.02033,-17.85669],[-41.91753,-17.85305],[-41.99034,-17.75619],[-42.04269,-17.71618],[-42.2145,-17.7712],[-42.26685,-17.78848],[-42.2816,-17.85032],[-42.14835,-18.01585]]]},"properties":{"cod_ibge":"313920","name":"Malacacheta","uf":"MG"}},
{"type":"Feature","geometry":{"type":"Polygon","coordinates":[[[-47.44093,-19.1386],[-47.57038,-19.10586],[-47.63986,-19.19635],[-47.53278,-19.26911],[-47.40524,-19.27457],[-47.44093,-19.1386]]]},"properties":{"cod_ibge":"314920","name":"Pedrinópolis","uf":"MG"}},
{"type":"Feature","geometry":{"type":"Polygon","coordinates":[[[-43.42521,-20.82387],[-43.41093,-20.75066],[-43.43616,-20.71564],[-43.49707,-20.73429],[-43.5618,-20.7543],[-43.55275,-20.77885],[-43.42521,-20.82387]]]},"properties":{"cod_ibge":"313790","name":"Lamim","uf":"MG"}},
{"type":"Feature","geometry":{"type":"Polygon","coordinates":[[[-44.23568,-16.09184],[-44.10052,-16.19098],[-43.99011,-16.16324],[-43.96917,-16.08684],[-44.1267,-15.97134],[-44.23568,-15.98043],[-44.22616,-16.08184],[-44.23568,-16.09184]]]},"properties":{"cod_ibge":"314795","name":"Patis","uf":"MG"}},
{"type":"Feature","geometry":{"type":"Polygon","coordinates":[[[-43.10207,-21.11081],[-42.9988,-21.13673],[-42.97024,-21.25678],[-42.95501,-21.26451],[-42.86126,-21.24178],[-42.86173,-21.15674],[-42.84555,-21.10717],[-42.92265,-21.01441],[-43.06875,-20.96484],[-43.10254,-20.95575],[-43.10207,-21.11081]]]},"properties":{"cod_ibge":"316990","name":"Ubá","uf":"MG"}},
{"type":"Feature","geometry":{"type":"Polygon","coordinates":[[[-45.94848,-19.60835],[-45.90232,-19.46511],[-46.04223,-19.55424],[-46.12742,-19.54241],[-46.06936,-19.65019],[-45.94848,-19.60835]]]},"properties":{"cod_ibge":"315970","name":"Santa Rosa da Serra","uf":"MG"}},
{"type":"Feature","geometry":{"type":"Polygon","coordinates":[[[-41.87327,-20.19815],[-41.77476,-20.25999],[-41.75667,-20.20679],[-41.72669,-20.1022],[-41.7443,-20.06127],[-41.81093,-20.04263],[-41.88755,-20.16904],[-41.87327,-20.19815]]]},"properties":{"cod_ibge":"312352","name":"Durandé","uf":"MG"}},
{"type":"Feature","geometry":{"type":"Polygon","coordinates":[[[-44.20475,-21.11536],[-44.22093,-21.1149],[-44.2295,-21.12764],[-44.19999,-21.12263],[-44.20475,-21.11536]]]},"properties":{"cod_ibge":"315733","name":"Santa Cruz de Minas","uf":"MG"}},
{"type":"Feature","geometry":{"type":"Polygon","coordinates":[[[-42.18832,-20.4337],[-42.15644,-20.46781],[-42.13597,-20.46872],[-42.08886,-20.36049],[-42.19689,-20.29364],[-42.20641,-20.32411],[-42.18832,-20.4337]]]},"properties":{"cod_ibge":"316255","name":"São João do Manhuaçu","uf":"MG"}},
{"type":"Feature","geometry":{"type":"Polygon","coordinates":[[[-47.71172,-18.45695],[-47.48757,-18.51379],[-47.4533,-18.46741],[-47.51136,-18.39738],[-47.67984,-18.35599],[-47.76931,-18.41829],[-47.71172,-18.45695]]]},"properties":{"cod_ibge":"312350","name":"Douradoquara","uf":"MG"}},
{"type":"Feature","geometry":{"type":"Polygon","coordinates":[[[-43.17298,-20.92528],[-43.1468,-20.84752],[-43.26626,-20.80341],[-43.29529,-20.85343],[-43.29053,-20.95484],[-43.23913,-20.96893],[-43.17298,-20.92528]]]},"properties":{"cod_ibge":"310870","name":"Brás Pires","uf":"MG"}},
{"type":"Feature","geometry":{"type":"Polygon","coordinates":[[[-42.4929,-16.30784],[-42.34204,-16.29557],[-42.42437,-16.07957],[-42.51622,-15.95997],[-42.63568,-15.97407],[-42.70611,-16.15824],[-42.69992,-16.17233],[-42.5443,-16.21008],[-42.4929,-16.30784]]]},"properties":{"cod_ibge":"312707","name":"Fruta de Leite","uf":"MG"}},
{"type":"Feature","geometry":{"type":"Polygon","coordinates":[[[-46.45723,-20.97393],[-46.35824,-20.9894],[-46.26781,-20.86616],[-46.35776,-20.68654],[-46.39917,-20.67381],[-46.41202,-20.80614],[-46.52814,-20.93073],[-46.45723,-20.97393]]]},"properties":{"cod_ibge":"310190","name":"Alpinópolis","uf":"MG"}},
{"type":"Feature","geometry":{"type":"Polygon","coordinates":[[[-49.42214,-19.26275],[-49.53731,-19.3546],[-49.67913,-19.2773],[-49.96658,-19.30004],[-50.12173,-19.19817],[-50.23642,-19.28139],[-50.17312,-19.30504],[-50.21453,-19.55924],[-50.09079,-19.76933],[-49.92042,-19.72658],[-49.83428,-19.60244],[-49.63059,-19.67656],[-49.50828,-19.66792],[-49.47497,-19.55969],[-49.36551,-19.53923],[-49.36503,-19.53923],[-49.30269,-19.44464],[-49.42214,-19.26275]]]},"properties":{"cod_ibge":"311110","name":"Campina Verde","uf":"MG"}},
{"type":"Feature","geometry":{"type":"Polygon","coordinates":[[[-41.86804,-17.10864],[-41.95132,-17.19277],[-42.07981,-17.21232],[-42.11503,-17.316],[-42.10361,-17.3542],[-42.19023,-17.44197],[-42.12265,-17.58521],[-41.98416,-17.65479],[-41.90896,-17.53019],[-41.75382,-17.44197],[-41.73288,-17.35602],[-41.86804,-17.10864]]]},"properties":{"cod_ibge":"314530","name":"Novo Cruzeiro","uf":"MG"}},
{"type":"Feature","geometry":{"type":"Polygon","coordinates":[[[-45.62391,-20.07355],[-45.45639,-20.20679],[-45.4602,-20.12539],[-45.60345,-20.07218],[-45.62391,-20.07355]]]},"properties":{"cod_ibge":"313530","name":"Japaraíba","uf":"MG"}},
{"type":"Feature","geometry":{"type":"Polygon","coordinates":[[[-45.00666,-17.72163],[-44.75252,-17.75756],[-44.52742,-17.60022],[-44.4684,-17.60476],[-44.43366,-17.45606],[-44.61403,-17.32828],[-44.64972,-17.16821],[-44.8063,-17.05135],[-44.82962,-17.20368],[-44.77394,-17.46379],[-44.98762,-17.51882],[-45.0452,-17.61068],[-45.00666,-17.72163]]]},"properties":{"cod_ibge":"317080","name":"Várzea da Palma","uf":"MG"}},
{"type":"Feature","geometry":{"type":"Polygon","coordinates":[[[-41.86851,-16.18279],[-41.69576,-16.16506],[-41.68196,-16.11094],[-41.63341,-15.96543],[-41.61961,-15.93678],[-41.83091,-15.97816],[-41.91705,-15.90631],[-41.90849,-16.01636],[-41.86851,-16.18279]]]},"properties":{"cod_ibge":"315737","name":"Santa Cruz de Salinas","uf":"MG"}},
{"type":"Feature","geometry":{"type":"Polygon","coordinates":[[[-40.96571,-16.89855],[-40.80485,-16.97449],[-40.71967,-16.95858],[-40.7092,-16.84035],[-40.7111,-16.83216],[-40.96571,-16.89855]]]},"properties":{"cod_ibge":"312705","name":"Fronteira dos Vales","uf":"MG"}},
{"type":"Feature","geometry":{"type":"Polygon","coordinates":[[[-43.42521,-20.82387],[-43.37286,-20.86707],[-43.29529,-20.85343],[-43.26626,-20.80341],[-43.2772,-20.75384],[-43.41093,-20.75066],[-43.42521,-20.82387]]]},"properties":{"cod_ibge":"316600","name":"Senhora de Oliveira","uf":"MG"}},
{"type":"Feature","geometry":{"type":"Polygon","coordinates":[[[-47.14254,-20.56558],[-47.10113,-20.68199],[-47.02832,-20.73156],[-46.96312,-20.7934],[-46.93742,-20.75793],[-47.06782,-20.52783],[-47.13778,-20.56103],[-47.14254,-20.56558]]]},"properties":{"cod_ibge":"311240","name":"Capetinga","uf":"MG"}},
{"type":"Feature","geometry":{"type":"Polygon","coordinates":[[[-41.14656,-18.798],[-41.20224,-18.68341],[-41.23222,-18.79709],[-41.14656,-18.798]]]},"properties":{"cod_ibge":"316257","name":"São João do Manteninha","uf":"MG"}},
{"type":"Feature","geometry":{"type":"Polygon","coordinates":[[[-42.86935,-18.36418],[-42.94502,-18.23503],[-42.86697,-18.12317],[-43.13681,-18.10816],[-43.13728,-18.10907],[-43.27292,-18.25231],[-43.26292,-18.30325],[-43.2634,-18.30597],[-43.11254,-18.42966],[-42.86935,-18.36418]]]},"properties":{"cod_ibge":"315600","name":"Rio Vermelho","uf":"MG"}},
{"type":"Feature","geometry":{"type":"Polygon","coordinates":[[[-45.47685,-19.75705],[-45.40309,-19.76524],[-45.28982,-19.91394],[-45.2665,-19.90666],[-45.12801,-19.78115],[-45.10136,-19.57606],[-45.39071,-19.50149],[-45.51017,-19.69839],[-45.47685,-19.75705]]]},"properties":{"cod_ibge":"310740","name":"Bom Despacho","uf":"MG"}},
{"type":"Feature","geometry":{"type":"Polygon","coordinates":[[[-43.37191,-21.28452],[-43.44139,-21.25087],[-43.47661,-21.28043],[-43.42378,-21.33682],[-43.37191,-21.28452]]]},"properties":{"cod_ibge":"314660","name":"Paiva","uf":"MG"}},
{"type":"Feature","geometry":{"type":"Polygon","coordinates":[[[-43.6289,-19.69475],[-43.538,-19.75432],[-43.54181,-19.62381],[-43.54276,-19.54059],[-43.58226,-19.51376],[-43.6289,-19.69475]]]},"properties":{"cod_ibge":"313660","name":"Nova União","uf":"MG"}},
{"type":"Feature","geometry":{"type":"Polygon","coordinates":[[[-44.86055,-20.09037],[-44.75776,-20.25317],[-44.65877,-20.33775],[-44.56549,-20.27909],[-44.56977,-20.22452],[-44.71778,-20.08492],[-44.75395,-20.05445],[-44.86055,-20.09037]]]},"properties":{"cod_ibge":"311420","name":"Carmo do Cajuru","uf":"MG"}},
{"type":"Feature","geometry":{"type":"Polygon","coordinates":[[[-45.98084,-21.53145],[-46.14075,-21.50371],[-46.17454,-21.58147],[-46.08411,-21.65241],[-45.98084,-21.53145]]]},"properties":{"cod_ibge":"316690","name":"Serrania","uf":"MG"}},
{"type":"Feature","geometry":{"type":"Polygon","coordinates":[[[-45.55633,-21.78928],[-45.56823,-21.75063],[-45.70529,-21.67787],[-45.72909,-21.70743],[-45.73147,-21.80565],[-45.73908,-21.86204],[-45.55633,-21.78928]]]},"properties":{"cod_ibge":"311900","name":"Cordislândia","uf":"MG"}},
{"type":"Feature","geometry":{"type":"Polygon","coordinates":[[[-46.83034,-20.04945],[-47.05449,-19.9917],[-47.07353,-19.83663],[-47.07115,-19.68838],[-47.23439,-19.642],[-47.35146,-19.73795],[-47.46663,-19.5606],[-47.61987,-19.42782],[-47.61511,-19.56515],[-47.60369,-19.66974],[-47.52421,-19.77615],[-47.54658,-19.89393],[-47.48947,-19.96941],[-47.32909,-20.11539],[-47.23105,-20.21907],[-47.07686,-20.27636],[-47.10922,-20.2036],[-46.90696,-20.18132],[-46.83034,-20.04945]]]},"properties":{"cod_ibge":"315690","name":"Sacramento","uf":"MG"}},
{"type":"Feature","geometry":{"type":"Polygon","coordinates":[[[-45.03902,-20.80932],[-44.90576,-20.79477],[-44.94146,-20.63288],[-45.01189,-20.57013],[-45.04616,-20.63288],[-45.08518,-20.74429],[-45.05663,-20.81705],[-45.03902,-20.80932]]]},"properties":{"cod_ibge":"316120","name":"São Francisco de Paula","uf":"MG"}},
{"type":"Feature","geometry":{"type":"Polygon","coordinates":[[[-44.44651,-19.54423],[-44.43176,-19.49694],[-44.51409,-19.48375],[-44.44651,-19.54423]]]},"properties":{"cod_ibge":"310960","name":"Cachoeira da Prata","uf":"MG"}},
{"type":"Feature","geometry":{"type":"Polygon","coordinates":[[[-42.89552,-18.56108],[-42.82509,-18.53016],[-42.80034,-18.37964],[-42.86935,-18.36418],[-42.93074,-18.43876],[-42.89552,-18.56108]]]},"properties":{"cod_ibge":"314840","name":"Paulistas","uf":"MG"}},
{"type":"Feature","geometry":{"type":"Polygon","coordinates":[[[-42.52336,-21.40048],[-42.68041,-21.44505],[-42.79939,-21.42458],[-42.88553,-21.4837],[-42.9098,-21.51599],[-42.86554,-21.58465],[-42.74609,-21.65104],[-42.72895,-21.66469],[-42.62283,-21.70197],[-42.55906,-21.6806],[-42.43532,-21.6465],[-42.41057,-21.60148],[-42.52907,-21.51326],[-42.45245,-21.43822],[-42.52336,-21.40048]]]},"properties":{"cod_ibge":"313840","name":"Leopoldina","uf":"MG"}},
{"type":"Feature","geometry":{"type":"Polygon","coordinates":[[[-46.2207,-22.30632],[-46.05461,-22.37272],[-46.03843,-22.36044],[-46.04461,-22.23129],[-46.11695,-22.20855],[-46.19928,-22.13762],[-46.25211,-22.14535],[-46.23545,-22.26722],[-46.2207,-22.30632]]]},"properties":{"cod_ibge":"310830","name":"Borda da Mata","uf":"MG"}},
{"type":"Feature","geometry":{"type":"Polygon","coordinates":[[[-44.82962,-17.20368],[-44.95573,-17.3492],[-44.98762,-17.51882],[-44.77394,-17.46379],[-44.82962,-17.20368]]]},"properties":{"cod_ibge":"315120","name":"Pirapora","uf":"MG"}},
{"type":"Feature","geometry":{"type":"Polygon","coordinates":[[[-42.20879,-18.24413],[-42.12407,-18.39374],[-42.0998,-18.42784],[-42.05316,-18.41829],[-42.06601,-18.26141],[-42.20879,-18.24413]]]},"properties":{"cod_ibge":"316300","name":"São José da Safira","uf":"MG"}},
{"type":"Feature","geometry":{"type":"Polygon","coordinates":[[[-41.1832,-18.4424],[-41.3117,-18.4765],[-41.32074,-18.50515],[-41.26458,-18.66067],[-41.15798,-18.52789],[-41.1832,-18.4424]]]},"properties":{"cod_ibge":"313180","name":"Itabirinha","uf":"MG"}},
{"type":"Feature","geometry":{"type":"Polygon","coordinates":[[[-42.53478,-18.72479],[-42.57524,-18.83666],[-42.50433,-18.78709],[-42.47434,-18.73616],[-42.53478,-18.72479]]]},"properties":{"cod_ibge":"312220","name":"Divinolândia de Minas","uf":"MG"}},
{"type":"Feature","geometry":{"type":"Polygon","coordinates":[[[-46.32778,-19.64155],[-46.42439,-19.69748],[-46.57097,-19.68156],[-46.51576,-19.85891],[-46.31112,-19.86255],[-46.22546,-19.79661],[-46.32778,-19.64155]]]},"properties":{"cod_ibge":"315300","name":"Pratinha","uf":"MG"}},
{"type":"Feature","geometry":{"type":"Polygon","coordinates":[[[-44.35799,-20.12312],[-44.34371,-20.00443],[-44.4389,-19.93122],[-44.52694,-19.95304],[-44.54169,-19.96759],[-44.44508,-20.14767],[-44.35799,-20.12312]]]},"properties":{"cod_ibge":"314070","name":"Mateus Leme","uf":"MG"}},
{"type":"Feature","geometry":{"type":"Polygon","coordinates":[[[-42.42437,-16.07957],[-42.3982,-15.90176],[-42.51622,-15.95997],[-42.42437,-16.07957]]]},"properties":{"cod_ibge":"314537","name":"Novorizonte","uf":"MG"}},
{"type":"Feature","geometry":{"type":"Polygon","coordinates":[[[-46.39298,-22.66284],[-46.30827,-22.69194],[-46.15836,-22.61555],[-46.29637,-22.57871],[-46.42439,-22.59963],[-46.39298,-22.66284]]]},"properties":{"cod_ibge":"314380","name":"Munhoz","uf":"MG"}},
{"type":"Feature","geometry":{"type":"Polygon","coordinates":[[[-45.90803,-20.97075],[-45.76288,-21.0285],[-45.69196,-20.89708],[-45.78762,-20.83569],[-45.94134,-20.89072],[-45.90803,-20.97075]]]},"properties":{"cod_ibge":"313050","name":"Ilicínea","uf":"MG"}},
{"type":"Feature","geometry":{"type":"Polygon","coordinates":[[[-44.97191,-16.5484],[-44.81106,-16.64935],[-44.6778,-16.54567],[-44.5869,-16.4952],[-44.70398,-16.38106],[-44.97191,-16.5484]]]},"properties":{"cod_ibge":"311115","name":"Campo Azul","uf":"MG"}},
{"type":"Feature","geometry":{"type":"Polygon","coordinates":[[[-46.2997,-22.7215],[-46.22879,-22.80654],[-46.12457,-22.66966],[-46.15312,-22.60782],[-46.15836,-22.61555],[-46.30827,-22.69194],[-46.2997,-22.7215]]]},"properties":{"cod_ibge":"313360","name":"Itapeva","uf":"MG"}},
{"type":"Feature","geometry":{"type":"Polygon","coordinates":[[[-44.19523,-18.24595],[-44.15668,-18.38373],[-44.022,-18.44467],[-44.07816,-18.55744],[-44.06864,-18.56745],[-43.86876,-18.48196],[-43.85876,-18.36873],[-43.93015,-18.37737],[-44.08815,-18.22048],[-44.19523,-18.24595]]]},"properties":{"cod_ibge":"314250","name":"Monjolos","uf":"MG"}},
{"type":"Feature","geometry":{"type":"Polygon","coordinates":[[[-43.01831,-15.80581],[-42.90076,-15.96224],[-42.72562,-16.04182],[-42.81319,-15.9004],[-42.77655,-15.72942],[-42.87839,-15.68667],[-42.94216,-15.81582],[-43.01831,-15.80581]]]},"properties":{"cod_ibge":"316695","name":"Serranópolis de Minas","uf":"MG"}},
{"type":"Feature","geometry":{"type":"Polygon","coordinates":[[[-42.65043,-20.75839],[-42.4791,-20.76021],[-42.47101,-20.7502],[-42.37916,-20.58877],[-42.40724,-20.5774],[-42.48624,-20.55739],[-42.55763,-20.59832],[-42.65043,-20.75839]]]},"properties":{"cod_ibge":"310370","name":"Araponga","uf":"MG"}},
{"type":"Feature","geometry":{"type":"Polygon","coordinates":[[[-42.72086,-20.89526],[-42.61188,-20.98621],[-42.5819,-20.95302],[-42.56619,-20.92209],[-42.51384,-20.86707],[-42.4791,-20.76021],[-42.65043,-20.75839],[-42.70944,-20.83933],[-42.72991,-20.86161],[-42.72086,-20.89526]]]},"properties":{"cod_ibge":"312400","name":"Ervália","uf":"MG"}},
{"type":"Feature","geometry":{"type":"Polygon","coordinates":[[[-44.34371,-20.00443],[-44.27233,-20.00488],[-44.27042,-20.00397],[-44.31659,-19.93849],[-44.35466,-19.9053],[-44.4389,-19.93122],[-44.34371,-20.00443]]]},"properties":{"cod_ibge":"313665","name":"Juatuba","uf":"MG"}},
{"type":"Feature","geometry":{"type":"Polygon","coordinates":[[[-41.22841,-17.43469],[-41.07136,-17.34693],[-41.20509,-17.22369],[-41.12609,-17.12501],[-41.19415,-17.03816],[-41.27743,-17.0327],[-41.32407,-17.05999],[-41.3512,-17.34693],[-41.22841,-17.43469]]]},"properties":{"cod_ibge":"314535","name":"Novo Oriente de Minas","uf":"MG"}},
{"type":"Feature","geometry":{"type":"Polygon","coordinates":[[[-44.62022,-19.93622],[-44.54169,-19.96759],[-44.52694,-19.95304],[-44.44413,-19.76569],[-44.49838,-19.70521],[-44.63735,-19.72886],[-44.7806,-19.7716],[-44.7806,-19.8671],[-44.62022,-19.93622]]]},"properties":{"cod_ibge":"314710","name":"Pará de Minas","uf":"MG"}},
{"type":"Feature","geometry":{"type":"Polygon","coordinates":[[[-47.76931,-18.41829],[-47.86068,-18.44012],[-47.86449,-18.44922],[-47.75931,-18.57654],[-47.66413,-18.53653],[-47.71172,-18.45695],[-47.76931,-18.41829]]]},"properties":{"cod_ibge":"312790","name":"Grupiara","uf":"MG"}},
{"type":"Feature","geometry":{"type":"Polygon","coordinates":[[[-45.35455,-21.94435],[-45.27031,-21.9489],[-45.21558,-21.90979],[-45.14181,-21.8675],[-45.20844,-21.77519],[-45.32837,-21.79656],[-45.35455,-21.94435]]]},"properties":{"cod_ibge":"311070","name":"Cambuquira","uf":"MG"}},
{"type":"Feature","geometry":{"type":"Polygon","coordinates":[[[-44.43033,-15.97316],[-44.22616,-16.08184],[-44.23568,-15.98043],[-44.20142,-15.93814],[-44.34419,-15.824],[-44.43842,-15.85083],[-44.43033,-15.97316]]]},"properties":{"cod_ibge":"313535","name":"Japonvar","uf":"MG"}},
{"type":"Feature","geometry":{"type":"Polygon","coordinates":[[[-46.59476,-18.01039],[-46.66996,-17.94673],[-46.5743,-17.7471],[-46.67139,-17.77074],[-46.77513,-17.95219],[-46.89173,-18.07133],[-46.95074,-18.20502],[-46.92029,-18.26368],[-46.76086,-18.3087],[-46.6395,-18.2987],[-46.54575,-18.17637],[-46.59476,-18.01039]]]},"properties":{"cod_ibge":"313710","name":"Lagamar","uf":"MG"}},
{"type":"Feature","geometry":{"type":"Polygon","coordinates":[[[-49.24938,-18.52288],[-49.15182,-18.55563],[-49.00477,-18.53698],[-49.05379,-18.40238],[-49.12612,-18.38419],[-49.24938,-18.52288]]]},"properties":{"cod_ibge":"310375","name":"Araporã","uf":"MG"}},
{"type":"Feature","geometry":{"type":"Polygon","coordinates":[[[-46.47293,-22.70513],[-46.33254,-22.76607],[-46.2997,-22.7215],[-46.30827,-22.69194],[-46.39298,-22.66284],[-46.47293,-22.70513]]]},"properties":{"cod_ibge":"316910","name":"Toledo","uf":"MG"}},
{"type":"Feature","geometry":{"type":"Polygon","coordinates":[[[-44.92718,-22.08259],[-44.91385,-21.97209],[-44.99809,-21.90433],[-44.99666,-21.9489],[-44.94003,-22.07668],[-44.92718,-22.08259]]]},"properties":{"cod_ibge":"311550","name":"Caxambu","uf":"MG"}},
{"type":"Feature","geometry":{"type":"Polygon","coordinates":[[[-45.63724,-18.79209],[-45.46162,-18.87349],[-45.38024,-18.76162],[-45.63914,-18.66522],[-45.63724,-18.79209]]]},"properties":{"cod_ibge":"310700","name":"Biquinhas","uf":"MG"}},
{"type":"Feature","geometry":{"type":"Polygon","coordinates":[[[-46.66092,-22.36589],[-46.50625,-22.34088],[-46.48959,-22.184],[-46.5329,-22.18536],[-46.68043,-22.21674],[-46.72326,-22.30678],[-46.66092,-22.36589]]]},"properties":{"cod_ibge":"313490","name":"Jacutinga","uf":"MG"}},
{"type":"Feature","geometry":{"type":"Polygon","coordinates":[[[-44.96478,-19.93485],[-45.12421,-19.83117],[-45.14324,-19.97805],[-45.04711,-20.0117],[-44.96478,-19.93485]]]},"properties":{"cod_ibge":"314970","name":"Perdigão","uf":"MG"}},
{"type":"Feature","geometry":{"type":"Polygon","coordinates":[[[-44.55407,-19.43055],[-44.70731,-19.42918],[-44.77536,-19.54059],[-44.75442,-19.60608],[-44.72539,-19.61381],[-44.55787,-19.5365],[-44.55407,-19.43055]]]},"properties":{"cod_ibge":"313970","name":"Maravilhas","uf":"MG"}},
{"type":"Feature","geometry":{"type":"Polygon","coordinates":[[[-42.04603,-19.59971],[-42.01842,-19.70885],[-42.00843,-19.73295],[-41.90325,-19.62108],[-41.90183,-19.56515],[-41.9913,-19.53877],[-42.04888,-19.57152],[-42.04603,-19.59971]]]},"properties":{"cod_ibge":"313055","name":"Imbé de Minas","uf":"MG"}},
{"type":"Feature","geometry":{"type":"Polygon","coordinates":[[[-42.86697,-18.12317],[-42.94502,-18.23503],[-42.86935,-18.36418],[-42.80034,-18.37964],[-42.72848,-18.31734],[-42.76132,-18.21412],[-42.8289,-18.0977],[-42.86697,-18.12317]]]},"properties":{"cod_ibge":"311680","name":"Coluna","uf":"MG"}},
{"type":"Feature","geometry":{"type":"Polygon","coordinates":[[[-42.99689,-20.75657],[-42.886,-20.82478],[-42.82985,-20.80886],[-42.7537,-20.7452],[-42.78226,-20.67335],[-42.92979,-20.66153],[-42.96739,-20.67835],[-42.99689,-20.75657]]]},"properties":{"cod_ibge":"317130","name":"Viçosa","uf":"MG"}},
{"type":"Feature","geometry":{"type":"Polygon","coordinates":[[[-45.24366,-22.28222],[-45.16418,-22.20082],[-45.2508,-22.11397],[-45.33408,-22.11897],[-45.39357,-22.16808],[-45.37453,-22.26949],[-45.24366,-22.28222]]]},"properties":{"cod_ibge":"312050","name":"Cristina","uf":"MG"}},
{"type":"Feature","geometry":{"type":"Polygon","coordinates":[[[-40.96666,-19.42373],[-41.03377,-19.37689],[-41.27553,-19.49239],[-41.4321,-19.54059],[-41.38642,-19.65837],[-41.28695,-19.86255],[-41.2979,-19.93758],[-41.27125,-19.94213],[-41.18701,-19.89165],[-41.17464,-19.76705],[-41.16845,-19.67201],[-41.03662,-19.57061],[-40.96666,-19.42373]]]},"properties":{"cod_ibge":"310110","name":"Aimorés","uf":"MG"}},
{"type":"Feature","geometry":{"type":"Polygon","coordinates":[[[-41.96798,-20.73247],[-42.17214,-20.78567],[-42.10218,-20.80523],[-41.9299,-20.84342],[-41.928,-20.79386],[-41.96798,-20.73247]]]},"properties":{"cod_ibge":"312530","name":"Faria Lemos","uf":"MG"}},
{"type":"Feature","geometry":{"type":"Polygon","coordinates":[[[-44.06293,-19.97669],[-44.01676,-19.83072],[-44.13527,-19.79889],[-44.16192,-19.84209],[-44.07578,-19.96714],[-44.06293,-19.97669]]]},"properties":{"cod_ibge":"311860","name":"Contagem","uf":"MG"}},
{"type":"Feature","geometry":{"type":"Polygon","coordinates":[[[-44.71968,-16.17915],[-44.96097,-16.35377],[-45.05663,-16.36469],[-45.0671,-16.47246],[-44.97191,-16.5484],[-44.70398,-16.38106],[-44.66638,-16.33649],[-44.71968,-16.17915]]]},"properties":{"cod_ibge":"317000","name":"Ubaí","uf":"MG"}},
{"type":"Feature","geometry":{"type":"Polygon","coordinates":[[[-45.11231,-21.54236],[-45.03664,-21.63194],[-45.06376,-21.50007],[-45.11231,-21.54236]]]},"properties":{"cod_ibge":"316080","name":"São Bento Abade","uf":"MG"}},
{"type":"Feature","geometry":{"type":"Polygon","coordinates":[[[-42.96072,-21.73335],[-42.89457,-21.81248],[-42.8684,-21.70334],[-42.89933,-21.69288],[-42.96072,-21.73335]]]},"properties":{"cod_ibge":"316560","name":"Senador Cortes","uf":"MG"}},
{"type":"Feature","geometry":{"type":"Polygon","coordinates":[[[-41.75382,-17.44197],[-41.65055,-17.60204],[-41.56536,-17.49199],[-41.56916,-17.34374],[-41.65626,-17.2337],[-41.73288,-17.35602],[-41.75382,-17.44197]]]},"properties":{"cod_ibge":"313230","name":"Itaipé","uf":"MG"}},
{"type":"Feature","geometry":{"type":"Polygon","coordinates":[[[-43.16298,-20.72428],[-43.13776,-20.56194],[-43.15727,-20.51146],[-43.291,-20.49646],[-43.40332,-20.54693],[-43.45852,-20.63242],[-43.43616,-20.71564],[-43.41093,-20.75066],[-43.2772,-20.75384],[-43.16298,-20.72428]]]},"properties":{"cod_ibge":"315080","name":"Piranga","uf":"MG"}},
{"type":"Feature","geometry":{"type":"Polygon","coordinates":[[[-43.49374,-18.74662],[-43.42711,-18.88122],[-43.30766,-18.86758],[-43.24674,-18.77208],[-43.22914,-18.74207],[-43.33621,-18.67158],[-43.49374,-18.74662]]]},"properties":{"cod_ibge":"310240","name":"Alvorada de Minas","uf":"MG"}},
{"type":"Feature","geometry":{"type":"Polygon","coordinates":[[[-42.3982,-15.90176],[-42.32776,-15.84947],[-42.19308,-15.74624],[-42.28493,-15.65529],[-42.31777,-15.47021],[-42.40676,-15.38927],[-42.5167,-15.42883],[-42.75561,-15.397],[-42.75513,-15.39836],[-42.80415,-15.60573],[-42.77655,-15.72942],[-42.81319,-15.9004],[-42.72562,-16.04182],[-42.70611,-16.15824],[-42.63568,-15.97407],[-42.51622,-15.95997],[-42.3982,-15.90176]]]},"properties":{"cod_ibge":"315560","name":"Rio Pardo de Minas","uf":"MG"}},
{"type":"Feature","geometry":{"type":"Polygon","coordinates":[[[-46.08031,-20.33866],[-46.22546,-20.18451],[-46.40488,-20.00034],[-46.62617,-19.99397],[-46.83034,-20.04945],[-46.90696,-20.18132],[-46.8213,-20.19496],[-46.49958,-20.37777],[-46.47388,-20.39096],[-46.38822,-20.31911],[-46.21499,-20.33821],[-46.08031,-20.33866]]]},"properties":{"cod_ibge":"316430","name":"São Roque de Minas","uf":"MG"}},
{"type":"Feature","geometry":{"type":"Polygon","coordinates":[[[-43.08351,-19.02446],[-43.15585,-18.9708],[-43.29481,-19.09768],[-43.16346,-19.1145],[-43.07827,-19.05993],[-43.08351,-19.02446]]]},"properties":{"cod_ibge":"311380","name":"Carmésia","uf":"MG"}},
{"type":"Feature","geometry":{"type":"Polygon","coordinates":[[[-45.90374,-22.11033],[-45.81713,-22.11579],[-45.74289,-22.10351],[-45.71671,-21.99392],[-45.73099,-21.95481],[-45.84901,-21.96481],[-45.90612,-22.02257],[-45.90374,-22.11033]]]},"properties":{"cod_ibge":"316740","name":"Silvianópolis","uf":"MG"}},
{"type":"Feature","geometry":{"type":"Polygon","coordinates":[[[-44.08482,-17.42742],[-44.15954,-17.29963],[-44.11147,-17.16185],[-44.22283,-17.27781],[-44.32896,-17.24961],[-44.40511,-17.30736],[-44.43366,-17.45606],[-44.4684,-17.60476],[-44.39559,-17.69207],[-44.29327,-17.70117],[-44.11623,-17.6134],[-44.08482,-17.42742]]]},"properties":{"cod_ibge":"312660","name":"Francisco Dumont","uf":"MG"}},
{"type":"Feature","geometry":{"type":"Polygon","coordinates":[[[-41.28267,-19.37188],[-41.11895,-19.29185],[-40.9324,-19.25138],[-40.93525,-19.22273],[-40.96428,-19.12223],[-41.06089,-19.05629],[-41.23412,-19.08631],[-41.27696,-19.12269],[-41.34882,-19.2723],[-41.28267,-19.37188]]]},"properties":{"cod_ibge":"315430","name":"Resplendor","uf":"MG"}},
{"type":"Feature","geometry":{"type":"Polygon","coordinates":[[[-41.45971,-18.51424],[-41.42782,-18.29642],[-41.62913,-18.4333],[-41.57345,-18.57291],[-41.53966,-18.58155],[-41.45971,-18.51424]]]},"properties":{"cod_ibge":"314490","name":"Nova Módica","uf":"MG"}},
{"type":"Feature","geometry":{"type":"Polygon","coordinates":[[[-45.55585,-20.38505],[-45.51207,-20.39641],[-45.38596,-20.31911],[-45.45639,-20.20679],[-45.62391,-20.07355],[-45.63248,-20.07309],[-45.66055,-20.29683],[-45.55585,-20.38505]]]},"properties":{"cod_ibge":"310420","name":"Arcos","uf":"MG"}},
{"type":"Feature","geometry":{"type":"Polygon","coordinates":[[[-42.76274,-20.26909],[-42.72324,-20.19087],[-42.76132,-20.12266],[-42.81081,-20.1454],[-42.91456,-20.27636],[-42.807,-20.31774],[-42.76274,-20.26909]]]},"properties":{"cod_ibge":"315740","name":"Santa Cruz do Escalvado","uf":"MG"}},
{"type":"Feature","geometry":{"type":"Polygon","coordinates":[[[-48.45176,-20.12584],[-48.31518,-20.11402],[-48.20334,-20.04536],[-48.15432,-19.88301],[-48.32707,-19.74068],[-48.45462,-19.77751],[-48.54456,-19.88983],[-48.55646,-19.99988],[-48.53742,-20.13357],[-48.45176,-20.12584]]]},"properties":{"cod_ibge":"311730","name":"Conceição das Alagoas","uf":"MG"}},
{"type":"Feature","geometry":{"type":"Polygon","coordinates":[[[-42.16167,-19.61563],[-42.096,-19.73931],[-42.01842,-19.70885],[-42.04603,-19.59971],[-42.16167,-19.61563]]]},"properties":{"cod_ibge":"317005","name":"Ubaporanga","uf":"MG"}},
{"type":"Feature","geometry":{"type":"Polygon","coordinates":[[[-42.93788,-21.36774],[-42.92646,-21.30271],[-43.07304,-21.29089],[-43.18345,-21.35137],[-43.1587,-21.39139],[-43.06019,-21.43049],[-42.93788,-21.36774]]]},"properties":{"cod_ibge":"312840","name":"Guarani","uf":"MG"}},
{"type":"Feature","geometry":{"type":"Polygon","coordinates":[[[-46.09744,-22.395],[-46.2445,-22.36362],[-46.26068,-22.41955],[-46.28257,-22.51505],[-46.14789,-22.51869],[-46.11552,-22.49413],[-46.09744,-22.395]]]},"properties":{"cod_ibge":"310790","name":"Bom Repouso","uf":"MG"}},
{"type":"Feature","geometry":{"type":"Polygon","coordinates":[[[-42.68898,-19.54059],[-42.63806,-19.59198],[-42.52384,-19.55651],[-42.50385,-19.51513],[-42.51432,-19.49239],[-42.57381,-19.51513],[-42.66709,-19.52832],[-42.68898,-19.54059]]]},"properties":{"cod_ibge":"316870","name":"Timóteo","uf":"MG"}},
{"type":"Feature","geometry":{"type":"Polygon","coordinates":[[[-45.83379,-19.17953],[-46.00178,-19.17953],[-46.05556,-19.07903],[-46.0884,-19.10768],[-46.10981,-19.19681],[-45.93087,-19.28867],[-45.83379,-19.17953]]]},"properties":{"cod_ibge":"314120","name":"Matutina","uf":"MG"}},
{"type":"Feature","geometry":{"type":"Polygon","coordinates":[[[-44.16334,-21.5892],[-44.07149,-21.73062],[-43.95728,-21.63513],[-44.0853,-21.54418],[-44.16334,-21.5892]]]},"properties":{"cod_ibge":"315870","name":"Santana do Garambéu","uf":"MG"}},
{"type":"Feature","geometry":{"type":"Polygon","coordinates":[[[-42.78178,-19.8721],[-42.55144,-19.88574],[-42.55096,-19.88574],[-42.47434,-19.77342],[-42.4791,-19.75205],[-42.53002,-19.80889],[-42.72134,-19.75841],[-42.7775,-19.79479],[-42.78178,-19.8721]]]},"properties":{"cod_ibge":"312180","name":"Dionísio","uf":"MG"}},
{"type":"Feature","geometry":{"type":"Polygon","coordinates":[[[-44.51409,-19.48375],[-44.43176,-19.49694],[-44.44651,-19.54423],[-44.40035,-19.58925],[-44.31516,-19.59198],[-44.31326,-19.51149],[-44.45984,-19.40872],[-44.54169,-19.42782],[-44.51409,-19.48375]]]},"properties":{"cod_ibge":"313100","name":"Inhaúma","uf":"MG"}},
{"type":"Feature","geometry":{"type":"Polygon","coordinates":[[[-46.44533,-21.38957],[-46.24021,-21.42185],[-46.24069,-21.25678],[-46.3492,-21.17948],[-46.41535,-21.19494],[-46.41154,-21.24723],[-46.44533,-21.38957]]]},"properties":{"cod_ibge":"314300","name":"Monte Belo","uf":"MG"}},
{"type":"Feature","geometry":{"type":"Polygon","coordinates":[[[-45.54491,-21.49825],[-45.66389,-21.45914],[-45.70529,-21.67787],[-45.56823,-21.75063],[-45.46162,-21.65786],[-45.54491,-21.49825]]]},"properties":{"cod_ibge":"312360","name":"Elói Mendes","uf":"MG"}},
{"type":"Feature","geometry":{"type":"Polygon","coordinates":[[[-46.7304,-21.18721],[-46.61808,-21.19312],[-46.5505,-21.15083],[-46.55193,-21.0858],[-46.63664,-21.01122],[-46.66187,-21.10672],[-46.78227,-21.15765],[-46.7304,-21.18721]]]},"properties":{"cod_ibge":"316390","name":"São Pedro da União","uf":"MG"}},
{"type":"Feature","geometry":{"type":"Polygon","coordinates":[[[-42.11694,-19.34505],[-42.11932,-19.31595],[-42.18023,-19.26366],[-42.15263,-19.43782],[-42.13597,-19.41508],[-42.11694,-19.34505]]]},"properties":{"cod_ibge":"316260","name":"São João do Oriente","uf":"MG"}},
{"type":"Feature","geometry":{"type":"Polygon","coordinates":[[[-49.26509,-20.22952],[-49.06568,-20.15358],[-48.97193,-20.2077],[-48.96289,-20.40324],[-48.88627,-20.43689],[-48.86723,-20.39869],[-48.88722,-20.27545],[-48.82202,-20.16177],[-48.72969,-20.1504],[-48.7354,-20.01216],[-48.77205,-19.84618],[-48.83392,-19.80753],[-49.13945,-19.78706],[-49.25034,-19.96941],[-49.30602,-20.11675],[-49.26509,-20.22952]]]},"properties":{"cod_ibge":"312710","name":"Frutal","uf":"MG"}},
{"type":"Feature","geometry":{"type":"Polygon","coordinates":[[[-48.15432,-19.88301],[-48.20334,-20.04536],[-48.1053,-20.14631],[-47.98109,-20.03626],[-48.01488,-19.89529],[-48.15432,-19.88301]]]},"properties":{"cod_ibge":"310070","name":"Água Comprida","uf":"MG"}},
{"type":"Feature","geometry":{"type":"Polygon","coordinates":[[[-43.83402,-19.92758],[-43.78309,-20.02898],[-43.73407,-20.00125],[-43.72313,-19.96668],[-43.83402,-19.92758]]]},"properties":{"cod_ibge":"315390","name":"Raposos","uf":"MG"}},
{"type":"Feature","geometry":{"type":"Polygon","coordinates":[[[-45.04378,-22.14898],[-44.97953,-22.27768],[-44.88625,-22.26358],[-44.81677,-22.19264],[-44.92718,-22.08259],[-44.94003,-22.07668],[-45.00713,-22.11169],[-45.04378,-22.14898]]]},"properties":{"cod_ibge":"315260","name":"Pouso Alto","uf":"MG"}},
{"type":"Feature","geometry":{"type":"Polygon","coordinates":[[[-40.34417,-17.61568],[-40.48314,-17.48835],[-40.51979,-17.44742],[-40.61925,-17.57521],[-40.54929,-17.81076],[-40.73537,-17.87624],[-40.79867,-17.95673],[-40.66208,-18.01267],[-40.51693,-17.89443],[-40.36845,-17.92308],[-40.22234,-17.98038],[-40.21187,-17.89489],[-40.29468,-17.85396],[-40.34417,-17.61568]]]},"properties":{"cod_ibge":"314430","name":"Nanuque","uf":"MG"}},
{"type":"Feature","geometry":{"type":"Polygon","coordinates":[[[-42.11836,-21.07489],[-42.16453,-20.97348],[-42.18737,-20.8698],[-42.20974,-20.85434],[-42.29873,-21.00031],[-42.29873,-21.12263],[-42.17452,-21.13173],[-42.11836,-21.07489]]]},"properties":{"cod_ibge":"312490","name":"Eugenópolis","uf":"MG"}},
{"type":"Feature","geometry":{"type":"Polygon","coordinates":[[[-40.9324,-19.25138],[-41.11895,-19.29185],[-41.28267,-19.37188],[-41.27553,-19.49239],[-41.03377,-19.37689],[-40.96666,-19.42373],[-40.9324,-19.25138]]]},"properties":{"cod_ibge":"313410","name":"Itueta","uf":"MG"}},
{"type":"Feature","geometry":{"type":"Polygon","coordinates":[[[-46.42201,-21.73244],[-46.39869,-21.75927],[-46.39679,-21.75973],[-46.37394,-21.69333],[-46.42201,-21.73244]]]},"properties":{"cod_ibge":"310530","name":"Bandeira do Sul","uf":"MG"}},
{"type":"Feature","geometry":{"type":"Polygon","coordinates":[[[-42.98452,-18.93033],[-43.06257,-18.78982],[-43.19963,-18.8603],[-43.15585,-18.9708],[-43.08351,-19.02446],[-42.98452,-18.93033]]]},"properties":{"cod_ibge":"316610","name":"Senhora do Porto","uf":"MG"}},
{"type":"Feature","geometry":{"type":"Polygon","coordinates":[[[-47.22344,-20.491],[-47.14396,-20.54102],[-47.13778,-20.56103],[-47.06782,-20.52783],[-46.97882,-20.37322],[-47.07686,-20.27636],[-47.23105,-20.21907],[-47.23248,-20.22771],[-47.22344,-20.491]]]},"properties":{"cod_ibge":"312970","name":"Ibiraci","uf":"MG"}},
{"type":"Feature","geometry":{"type":"Polygon","coordinates":[[[-44.19809,-19.642],[-44.10909,-19.52104],[-44.18048,-19.52377],[-44.22236,-19.59925],[-44.19809,-19.642]]]},"properties":{"cod_ibge":"311250","name":"Capim Branco","uf":"MG"}},
{"type":"Feature","geometry":{"type":"Polygon","coordinates":[[[-44.27423,-21.05715],[-44.27756,-21.01623],[-44.28756,-20.91709],[-44.44603,-20.89936],[-44.4822,-21.04351],[-44.40939,-21.08989],[-44.27423,-21.05715]]]},"properties":{"cod_ibge":"315610","name":"Ritápolis","uf":"MG"}},
{"type":"Feature","geometry":{"type":"Polygon","coordinates":[[[-42.23544,-21.34273],[-42.36393,-21.30635],[-42.39915,-21.30044],[-42.39201,-21.4455],[-42.34585,-21.58283],[-42.27541,-21.42731],[-42.23544,-21.34273]]]},"properties":{"cod_ibge":"314670","name":"Palma","uf":"MG"}},
{"type":"Feature","geometry":{"type":"Polygon","coordinates":[[[-50.12173,-19.19817],[-50.07699,-19.07676],[-49.96658,-18.95944],[-49.96801,-18.78618],[-50.07985,-18.67204],[-50.26973,-18.68432],[-50.35254,-18.76026],[-50.47295,-18.92124],[-50.53529,-19.09904],[-50.6457,-19.13496],[-50.73327,-19.18681],[-50.74041,-19.21318],[-50.51483,-19.27366],[-50.32113,-19.23364],[-50.23642,-19.28139],[-50.12173,-19.19817]]]},"properties":{"cod_ibge":"315980","name":"Santa Vitória","uf":"MG"}},
{"type":"Feature","geometry":{"type":"Polygon","coordinates":[[[-43.18773,-21.7429],[-43.29481,-21.6615],[-43.35763,-21.58783],[-43.41902,-21.53099],[-43.4728,-21.53054],[-43.54181,-21.62058],[-43.63937,-21.60784],[-43.66602,-21.60557],[-43.67887,-21.71198],[-43.66792,-21.75018],[-43.66554,-21.8534],[-43.58512,-21.99892],[-43.48089,-21.88023],[-43.37476,-21.89615],[-43.23675,-21.86159],[-43.18868,-21.85477],[-43.17107,-21.75973],[-43.18773,-21.7429]]]},"properties":{"cod_ibge":"313670","name":"Juiz de Fora","uf":"MG"}},
{"type":"Feature","geometry":{"type":"Polygon","coordinates":[[[-41.72669,-20.1022],[-41.55965,-20.03308],[-41.64864,-19.97305],[-41.72003,-19.99761],[-41.7443,-20.06127],[-41.72669,-20.1022]]]},"properties":{"cod_ibge":"311600","name":"Chalé","uf":"MG"}},
{"type":"Feature","geometry":{"type":"Polygon","coordinates":[[[-40.5788,-17.14957],[-40.54358,-16.98268],[-40.43365,-16.88718],[-40.46648,-16.83716],[-40.58927,-16.78168],[-40.60259,-16.78896],[-40.56738,-16.87445],[-40.66494,-17.03497],[-40.61402,-17.1864],[-40.5788,-17.14957]]]},"properties":{"cod_ibge":"310660","name":"Bertópolis","uf":"MG"}},
{"type":"Feature","geometry":{"type":"Polygon","coordinates":[[[-46.51338,-16.38242],[-46.56621,-16.56386],[-46.46722,-16.7012],[-46.37347,-16.60479],[-46.38346,-16.5002],[-46.51338,-16.38242]]]},"properties":{"cod_ibge":"314437","name":"Natalândia","uf":"MG"}},
{"type":"Feature","geometry":{"type":"Polygon","coordinates":[[[-45.66008,-22.27768],[-45.84188,-22.28404],[-45.91945,-22.40819],[-45.92373,-22.4723],[-45.88566,-22.4673],[-45.67912,-22.37453],[-45.6715,-22.33725],[-45.66008,-22.27768]]]},"properties":{"cod_ibge":"310970","name":"Cachoeira de Minas","uf":"MG"}},
{"type":"Feature","geometry":{"type":"Polygon","coordinates":[[[-44.31373,-18.23185],[-44.43271,-18.20957],[-44.48363,-18.07451],[-44.62117,-18.05587],[-44.73348,-18.13954],[-44.80535,-18.17137],[-44.86579,-18.43603],[-44.84961,-18.54608],[-44.822,-18.6584],[-44.58833,-18.52016],[-44.51695,-18.61702],[-44.40606,-18.38328],[-44.31516,-18.27642],[-44.31373,-18.23185]]]},"properties":{"cod_ibge":"311910","name":"Corinto","uf":"MG"}},
{"type":"Feature","geometry":{"type":"Polygon","coordinates":[[[-49.63059,-19.67656],[-49.83428,-19.60244],[-49.92042,-19.72658],[-50.09079,-19.76933],[-50.10602,-19.87437],[-50.04415,-19.91621],[-49.90614,-19.93713],[-49.74957,-19.92485],[-49.64867,-19.83117],[-49.63059,-19.67656]]]},"properties":{"cod_ibge":"316130","name":"São Francisco de Sales","uf":"MG"}},
{"type":"Feature","geometry":{"type":"Polygon","coordinates":[[[-44.6778,-16.54567],[-44.51599,-16.663],[-44.40844,-16.56887],[-44.47173,-16.44063],[-44.5869,-16.4952],[-44.6778,-16.54567]]]},"properties":{"cod_ibge":"316265","name":"São João do Pacuí","uf":"MG"}},
{"type":"Feature","geometry":{"type":"Polygon","coordinates":[[[-42.35299,-19.22409],[-42.31634,-19.23819],[-42.25352,-19.18726],[-42.34966,-19.11223],[-42.35299,-19.22409]]]},"properties":{"cod_ibge":"314435","name":"Naque","uf":"MG"}},
{"type":"Feature","geometry":{"type":"Polygon","coordinates":[[[-46.37394,-21.69333],[-46.29542,-21.57192],[-46.32254,-21.57328],[-46.51196,-21.56555],[-46.55479,-21.65332],[-46.42201,-21.73244],[-46.37394,-21.69333]]]},"properties":{"cod_ibge":"310840","name":"Botelhos","uf":"MG"}},
{"type":"Feature","geometry":{"type":"Polygon","coordinates":[[[-43.07304,-21.29089],[-42.92646,-21.30271],[-42.95501,-21.26451],[-42.97024,-21.25678],[-43.10397,-21.2013],[-43.07304,-21.29089]]]},"properties":{"cod_ibge":"315130","name":"Piraúba","uf":"MG"}},
{"type":"Feature","geometry":{"type":"Polygon","coordinates":[[[-42.88172,-21.83203],[-42.78035,-21.8384],[-42.72895,-21.66469],[-42.74609,-21.65104],[-42.8684,-21.70334],[-42.89457,-21.81248],[-42.88172,-21.83203]]]},"properties":{"cod_ibge":"316000","name":"Santo Antônio do Aventureiro","uf":"MG"}},
{"type":"Feature","geometry":{"type":"Polygon","coordinates":[[[-43.93015,-20.38232],[-43.83782,-20.38596],[-43.75168,-20.26863],[-43.61843,-20.1936],[-43.66031,-20.11857],[-43.854,-20.19769],[-43.97631,-20.2227],[-43.96441,-20.25954],[-43.93015,-20.38232]]]},"properties":{"cod_ibge":"313190","name":"Itabirito","uf":"MG"}},
{"type":"Feature","geometry":{"type":"Polygon","coordinates":[[[-41.58344,-18.25959],[-41.691,-18.3569],[-41.62913,-18.4333],[-41.42782,-18.29642],[-41.41925,-18.28142],[-41.58344,-18.25959]]]},"properties":{"cod_ibge":"315000","name":"Pescador","uf":"MG"}},
{"type":"Feature","geometry":{"type":"Polygon","coordinates":[[[-44.75776,-20.25317],[-44.86055,-20.09037],[-44.88768,-19.91803],[-44.96478,-19.93485],[-45.04711,-20.0117],[-45.09708,-20.12266],[-44.90434,-20.25908],[-44.75776,-20.25317]]]},"properties":{"cod_ibge":"312230","name":"Divinópolis","uf":"MG"}},
{"type":"Feature","geometry":{"type":"Polygon","coordinates":[[[-45.28221,-21.04624],[-45.14229,-20.92664],[-45.07043,-20.83933],[-45.38976,-20.84752],[-45.43117,-20.89117],[-45.36406,-20.91254],[-45.34265,-21.06898],[-45.34217,-21.06852],[-45.28221,-21.04624]]]},"properties":{"cod_ibge":"311120","name":"Campo Belo","uf":"MG"}},
{"type":"Feature","geometry":{"type":"Polygon","coordinates":[[[-43.34573,-21.91616],[-43.25436,-21.93025],[-43.23675,-21.86159],[-43.37476,-21.89615],[-43.34573,-21.91616]]]},"properties":{"cod_ibge":"314080","name":"Matias Barbosa","uf":"MG"}},
{"type":"Feature","geometry":{"type":"Polygon","coordinates":[[[-43.86781,-21.96209],[-43.93348,-21.84431],[-44.08672,-21.88523],[-43.97679,-21.95663],[-43.86781,-21.96209]]]},"properties":{"cod_ibge":"314540","name":"Olaria","uf":"MG"}},
{"type":"Feature","geometry":{"type":"Polygon","coordinates":[[[-42.91218,-15.49522],[-43.12919,-15.61118],[-43.23485,-15.50386],[-43.31147,-15.32697],[-43.25436,-15.47931],[-43.2772,-15.60618],[-43.23247,-15.74215],[-43.26245,-15.82855],[-43.20439,-15.87357],[-43.23104,-16.04182],[-43.13395,-16.02636],[-43.01831,-15.80581],[-42.94216,-15.81582],[-42.87839,-15.68667],[-42.77655,-15.72942],[-42.80415,-15.60573],[-42.91218,-15.49522]]]},"properties":{"cod_ibge":"315220","name":"Porteirinha","uf":"MG"}},
{"type":"Feature","geometry":{"type":"Polygon","coordinates":[[[-46.23545,-22.26722],[-46.33444,-22.38772],[-46.26068,-22.41955],[-46.2445,-22.36362],[-46.2207,-22.30632],[-46.23545,-22.26722]]]},"properties":{"cod_ibge":"313060","name":"Inconfidentes","uf":"MG"}},
{"type":"Feature","geometry":{"type":"Polygon","coordinates":[[[-41.38451,-17.04998],[-41.65007,-17.1905],[-41.67386,-16.98723],[-41.84281,-17.03225],[-41.86804,-17.10864],[-41.73288,-17.35602],[-41.65626,-17.2337],[-41.3512,-17.34693],[-41.32407,-17.05999],[-41.38451,-17.04998]]]},"properties":{"cod_ibge":"311300","name":"Caraí","uf":"MG"}},
{"type":"Feature","geometry":{"type":"Polygon","coordinates":[[[-43.91492,-20.58422],[-43.98631,-20.50692],[-44.15859,-20.51101],[-44.18,-20.52283],[-44.13669,-20.6015],[-44.04294,-20.6256],[-43.91492,-20.58422]]]},"properties":{"cod_ibge":"313540","name":"Jeceaba","uf":"MG"}},
{"type":"Feature","geometry":{"type":"Polygon","coordinates":[[[-46.21737,-19.06312],[-46.0884,-19.10768],[-46.05556,-19.07903],[-46.03843,-18.99354],[-46.12123,-18.94898],[-46.21737,-19.06312]]]},"properties":{"cod_ibge":"310380","name":"Arapuá","uf":"MG"}},
{"type":"Feature","geometry":{"type":"Polygon","coordinates":[[[-40.46268,-16.6871],[-40.46648,-16.83716],[-40.43365,-16.88718],[-40.40795,-16.89855],[-40.40128,-16.89037],[-40.30705,-16.69665],[-40.31324,-16.67846],[-40.35607,-16.65254],[-40.46268,-16.6871]]]},"properties":{"cod_ibge":"314675","name":"Palmópolis","uf":"MG"}},
{"type":"Feature","geometry":{"type":"Polygon","coordinates":[[[-43.75073,-17.89034],[-43.60701,-17.74983],[-43.61129,-17.62932],[-43.37096,-17.52246],[-43.29529,-17.37967],[-43.37,-17.29463],[-43.57607,-17.27417],[-43.66888,-17.20914],[-43.81117,-17.27235],[-43.71885,-17.41878],[-43.77358,-17.54656],[-43.75073,-17.89034]]]},"properties":{"cod_ibge":"314545","name":"Olhos-d'Água","uf":"MG"}},
{"type":"Feature","geometry":{"type":"Polygon","coordinates":[[[-41.88041,-15.74851],[-41.69671,-15.80081],[-41.6158,-15.65529],[-41.74811,-15.58936],[-41.90468,-15.63119],[-41.88041,-15.74851]]]},"properties":{"cod_ibge":"310665","name":"Berizal","uf":"MG"}},
{"type":"Feature","geometry":{"type":"Polygon","coordinates":[[[-45.70529,-21.67787],[-45.66389,-21.45914],[-45.6953,-21.43686],[-45.7643,-21.42276],[-45.85568,-21.51826],[-45.8533,-21.58647],[-45.72909,-21.70743],[-45.70529,-21.67787]]]},"properties":{"cod_ibge":"314720","name":"Paraguaçu","uf":"MG"}},
{"type":"Feature","geometry":{"type":"Polygon","coordinates":[[[-41.65721,-18.14045],[-41.87517,-18.35236],[-41.691,-18.3569],[-41.58344,-18.25959],[-41.65721,-18.14045]]]},"properties":{"cod_ibge":"311080","name":"Campanário","uf":"MG"}},
{"type":"Feature","geometry":{"type":"Polygon","coordinates":[[[-42.34156,-17.10773],[-42.11503,-17.316],[-42.07981,-17.21232],[-42.23496,-17.06226],[-42.34156,-17.10773]]]},"properties":{"cod_ibge":"313545","name":"Jenipapo de Minas","uf":"MG"}},
{"type":"Feature","geometry":{"type":"Polygon","coordinates":[[[-45.60345,-20.07218],[-45.4602,-20.12539],[-45.38453,-20.03035],[-45.50303,-19.85391],[-45.50493,-19.84936],[-45.61344,-19.99715],[-45.60345,-20.07218]]]},"properties":{"cod_ibge":"313720","name":"Lagoa da Prata","uf":"MG"}},
{"type":"Feature","geometry":{"type":"Polygon","coordinates":[[[-46.21737,-19.06312],[-46.12123,-18.94898],[-46.03843,-18.99354],[-45.94991,-18.76253],[-45.86234,-18.63975],[-46.0627,-18.71933],[-46.17882,-18.83984],[-46.40297,-18.88077],[-46.50767,-18.91714],[-46.41202,-19.06721],[-46.21737,-19.06312]]]},"properties":{"cod_ibge":"311430","name":"Carmo do Paranaíba","uf":"MG"}},
{"type":"Feature","geometry":{"type":"Polygon","coordinates":[[[-41.04709,-17.60431],[-40.92336,-17.48835],[-40.95239,-17.33283],[-41.07136,-17.34693],[-41.22841,-17.43469],[-41.25554,-17.48471],[-41.04709,-17.60431]]]},"properties":{"cod_ibge":"314850","name":"Pavão","uf":"MG"}},
{"type":"Feature","geometry":{"type":"Polygon","coordinates":[[[-44.01581,-15.05913],[-43.79118,-15.11233],[-43.61367,-15.09414],[-43.52515,-14.97727],[-43.53086,-14.81539],[-43.71218,-14.7158],[-43.84687,-14.67214],[-43.88113,-14.56255],[-43.92063,-14.84358],[-43.99725,-14.97682],[-44.01581,-15.05913]]]},"properties":{"cod_ibge":"314085","name":"Matias Cardoso","uf":"MG"}},
{"type":"Feature","geometry":{"type":"Polygon","coordinates":[[[-43.6822,-18.37509],[-43.69077,-18.60656],[-43.73598,-18.62429],[-43.67839,-18.64521],[-43.59892,-18.53289],[-43.57036,-18.43921],[-43.6822,-18.37509]]]},"properties":{"cod_ibge":"312100","name":"Datas","uf":"MG"}},
{"type":"Feature","geometry":{"type":"Polygon","coordinates":[[[-41.33026,-15.74351],[-41.34216,-15.63847],[-41.42782,-15.71213],[-41.34263,-15.80126],[-41.33026,-15.74351]]]},"properties":{"cod_ibge":"312235","name":"Divisa Alegre","uf":"MG"}},
{"type":"Feature","geometry":{"type":"Polygon","coordinates":[[[-42.31777,-15.47021],[-42.28493,-15.65529],[-42.19308,-15.74624],[-41.93514,-15.62482],[-42.05507,-15.43656],[-42.22973,-15.41792],[-42.31777,-15.47021]]]},"properties":{"cod_ibge":"313065","name":"Indaiabira","uf":"MG"}},
{"type":"Feature","geometry":{"type":"Polygon","coordinates":[[[-44.14621,-16.72621],[-44.56692,-16.85808],[-44.48078,-16.99496],[-44.57405,-17.07636],[-44.46222,-17.07317],[-44.33229,-16.94585],[-44.13003,-16.82125],[-44.14621,-16.72621]]]},"properties":{"cod_ibge":"316225","name":"São João da Lagoa","uf":"MG"}},
{"type":"Feature","geometry":{"type":"Polygon","coordinates":[[[-44.22854,-22.07532],[-44.25662,-21.97527],[-44.28565,-21.92843],[-44.39844,-21.86659],[-44.37941,-21.94071],[-44.43033,-22.11533],[-44.31944,-22.15535],[-44.22854,-22.07532]]]},"properties":{"cod_ibge":"313850","name":"Liberdade","uf":"MG"}},
{"type":"Feature","geometry":{"type":"Polygon","coordinates":[[[-42.71801,-18.65476],[-42.77702,-18.70751],[-42.76322,-18.84348],[-42.55572,-18.9367],[-42.57524,-18.83666],[-42.53478,-18.72479],[-42.71801,-18.65476]]]},"properties":{"cod_ibge":"317180","name":"Virginópolis","uf":"MG"}},
{"type":"Feature","geometry":{"type":"Polygon","coordinates":[[[-49.13945,-19.78706],[-48.83392,-19.80753],[-48.84391,-19.59061],[-49.16372,-19.60335],[-49.36503,-19.53923],[-49.36551,-19.53923],[-49.33029,-19.6611],[-49.13945,-19.78706]]]},"properties":{"cod_ibge":"311690","name":"Comendador Gomes","uf":"MG"}},
{"type":"Feature","geometry":{"type":"Polygon","coordinates":[[[-45.90612,-16.10685],[-45.65532,-16.18279],[-45.36597,-16.32512],[-45.3041,-16.26783],[-45.43735,-15.98225],[-45.36597,-15.88948],[-45.58584,-15.7185],[-45.77668,-15.95087],[-45.80571,-16.06228],[-45.90612,-16.10685]]]},"properties":{"cod_ibge":"317052","name":"Urucuia","uf":"MG"}},
{"type":"Feature","geometry":{"type":"Polygon","coordinates":[[[-44.27756,-20.4237],[-44.32801,-20.33048],[-44.43747,-20.34594],[-44.40701,-20.42643],[-44.348,-20.49737],[-44.27756,-20.4237]]]},"properties":{"cod_ibge":"312060","name":"Crucilândia","uf":"MG"}},
{"type":"Feature","geometry":{"type":"Polygon","coordinates":[[[-44.81582,-19.89256],[-44.75395,-20.05445],[-44.71778,-20.08492],[-44.62022,-19.93622],[-44.7806,-19.8671],[-44.81582,-19.89256]]]},"properties":{"cod_ibge":"313020","name":"Igaratinga","uf":"MG"}},
{"type":"Feature","geometry":{"type":"Polygon","coordinates":[[[-42.46292,-21.26952],[-42.39915,-21.30044],[-42.36393,-21.30635],[-42.32729,-21.2104],[-42.29873,-21.12263],[-42.29873,-21.00031],[-42.34823,-20.95893],[-42.51384,-20.86707],[-42.56619,-20.92209],[-42.54668,-21.04396],[-42.5286,-21.20267],[-42.46292,-21.26952]]]},"properties":{"cod_ibge":"314390","name":"Muriaé","uf":"MG"}},
{"type":"Feature","geometry":{"type":"Polygon","coordinates":[[[-45.56823,-21.75063],[-45.55633,-21.78928],[-45.49351,-21.81293],[-45.40356,-21.68242],[-45.41689,-21.66741],[-45.46162,-21.65786],[-45.56823,-21.75063]]]},"properties":{"cod_ibge":"314260","name":"Monsenhor Paulo","uf":"MG"}},
{"type":"Feature","geometry":{"type":"Polygon","coordinates":[[[-43.03687,-20.92937],[-43.0816,-20.81614],[-43.1468,-20.84752],[-43.17298,-20.92528],[-43.10254,-20.95575],[-43.06875,-20.96484],[-43.03687,-20.92937]]]},"properties":{"cod_ibge":"316570","name":"Senador Firmino","uf":"MG"}},
{"type":"Feature","geometry":{"type":"Polygon","coordinates":[[[-44.13527,-19.79889],[-44.13336,-19.7093],[-44.19475,-19.66292],[-44.19809,-19.642],[-44.22236,-19.59925],[-44.31516,-19.59198],[-44.40035,-19.58925],[-44.49791,-19.63882],[-44.49838,-19.70521],[-44.44413,-19.76569],[-44.35466,-19.9053],[-44.31659,-19.93849],[-44.16192,-19.84209],[-44.13527,-19.79889]]]},"properties":{"cod_ibge":"312410","name":"Esmeraldas","uf":"MG"}},
{"type":"Feature","geometry":{"type":"Polygon","coordinates":[[[-42.66518,-20.26772],[-42.76274,-20.26909],[-42.807,-20.31774],[-42.78749,-20.36549],[-42.74561,-20.39732],[-42.68898,-20.34457],[-42.65138,-20.27682],[-42.66518,-20.26772]]]},"properties":{"cod_ibge":"317050","name":"Urucânia","uf":"MG"}},
{"type":"Feature","geometry":{"type":"Polygon","coordinates":[[[-45.26032,-20.65107],[-45.08518,-20.74429],[-45.04616,-20.63288],[-45.12468,-20.56012],[-45.26032,-20.65107]]]},"properties":{"cod_ibge":"311040","name":"Camacho","uf":"MG"}},
{"type":"Feature","geometry":{"type":"Polygon","coordinates":[[[-42.75751,-20.45553],[-42.84079,-20.48782],[-42.86982,-20.56058],[-42.80129,-20.60605],[-42.7242,-20.5201],[-42.75751,-20.45553]]]},"properties":{"cod_ibge":"310250","name":"Amparo do Serra","uf":"MG"}},
{"type":"Feature","geometry":{"type":"Polygon","coordinates":[[[-43.08922,-19.858],[-43.19297,-19.86755],[-43.22057,-19.89256],[-43.28815,-20.05354],[-43.13157,-20.05945],[-43.02259,-20.01352],[-43.06257,-19.88574],[-43.08922,-19.858]]]},"properties":{"cod_ibge":"315570","name":"Rio Piracicaba","uf":"MG"}},
{"type":"Feature","geometry":{"type":"Polygon","coordinates":[[[-45.66484,-22.16763],[-45.74289,-22.10351],[-45.81713,-22.11579],[-45.85377,-22.23538],[-45.66484,-22.16763]]]},"properties":{"cod_ibge":"316440","name":"São Sebastião da Bela Vista","uf":"MG"}},
{"type":"Feature","geometry":{"type":"Polygon","coordinates":[[[-42.10218,-20.80523],[-42.18737,-20.8698],[-42.16453,-20.97348],[-42.15073,-20.97393],[-41.97845,-20.93483],[-41.9299,-20.84342],[-42.10218,-20.80523]]]},"properties":{"cod_ibge":"316920","name":"Tombos","uf":"MG"}},
{"type":"Feature","geometry":{"type":"Polygon","coordinates":[[[-42.55144,-19.8862],[-42.50195,-19.96714],[-42.49671,-20.19496],[-42.31063,-20.14267],[-42.24781,-20.08355],[-42.19736,-20.00352],[-42.1631,-19.98988],[-42.16929,-19.93849],[-42.23591,-19.92576],[-42.3706,-19.85982],[-42.55096,-19.88574],[-42.55144,-19.88574],[-42.55144,-19.8862]]]},"properties":{"cod_ibge":"315400","name":"Raul Soares","uf":"MG"}},
{"type":"Feature","geometry":{"type":"Polygon","coordinates":[[[-45.69958,-18.9849],[-45.78429,-19.15725],[-45.65008,-19.2009],[-45.6596,-19.01037],[-45.69958,-18.9849]]]},"properties":{"cod_ibge":"311560","name":"Cedro do Abaeté","uf":"MG"}},
{"type":"Feature","geometry":{"type":"Polygon","coordinates":[[[-43.48708,-16.81488],[-43.40522,-16.44972],[-43.16584,-16.36105],[-43.15727,-16.2892],[-43.13253,-16.23236],[-43.26007,-16.12095],[-43.52753,-16.08684],[-43.538,-16.14186],[-43.74692,-16.40516],[-43.74978,-16.57842],[-43.66792,-16.7253],[-43.56322,-16.73075],[-43.48708,-16.81488]]]},"properties":{"cod_ibge":"312670","name":"Francisco Sá","uf":"MG"}},
{"type":"Feature","geometry":{"type":"Polygon","coordinates":[[[-45.67816,-21.13673],[-45.60392,-21.23132],[-45.51731,-21.21858],[-45.39452,-21.07762],[-45.53729,-20.93801],[-45.67959,-20.86161],[-45.69196,-20.89708],[-45.76288,-21.0285],[-45.90803,-20.97075],[-45.92183,-21.03896],[-45.67816,-21.13673]]]},"properties":{"cod_ibge":"310710","name":"Boa Esperança","uf":"MG"}},
{"type":"Feature","geometry":{"type":"Polygon","coordinates":[[[-42.18832,-20.4337],[-42.20641,-20.32411],[-42.3449,-20.3946],[-42.3192,-20.54693],[-42.27684,-20.54784],[-42.18832,-20.4337]]]},"properties":{"cod_ibge":"315790","name":"Santa Margarida","uf":"MG"}},
{"type":"Feature","geometry":{"type":"Polygon","coordinates":[[[-43.58226,-19.51376],[-43.54276,-19.54059],[-43.48184,-19.41918],[-43.51849,-19.3305],[-43.6684,-19.33096],[-43.74883,-19.23637],[-43.82069,-19.3878],[-43.94681,-19.43146],[-43.95014,-19.48693],[-43.92206,-19.53559],[-43.79832,-19.6129],[-43.78214,-19.61108],[-43.58226,-19.51376]]]},"properties":{"cod_ibge":"313460","name":"Jaboticatubas","uf":"MG"}},
{"type":"Feature","geometry":{"type":"Polygon","coordinates":[[[-45.90089,-19.43782],[-45.74479,-19.49194],[-45.67769,-19.39962],[-45.7129,-19.31413],[-45.85187,-19.3255],[-45.90089,-19.43782]]]},"properties":{"cod_ibge":"316660","name":"Serra da Saudade","uf":"MG"}},
{"type":"Feature","geometry":{"type":"Polygon","coordinates":[[[-43.74883,-19.23637],[-43.6684,-19.33096],[-43.51849,-19.3305],[-43.51801,-19.31595],[-43.50754,-19.16816],[-43.62224,-19.07676],[-43.73836,-19.0181],[-43.7731,-19.0613],[-43.74883,-19.23637]]]},"properties":{"cod_ibge":"315900","name":"Santana do Riacho","uf":"MG"}},
{"type":"Feature","geometry":{"type":"Polygon","coordinates":[[[-46.95693,-19.26911],[-47.08685,-19.18271],[-47.38953,-19.12769],[-47.44093,-19.1386],[-47.40524,-19.27457],[-47.36526,-19.43737],[-47.46663,-19.5606],[-47.35146,-19.73795],[-47.23439,-19.642],[-46.90648,-19.48193],[-46.83748,-19.30322],[-46.95693,-19.26911]]]},"properties":{"cod_ibge":"314980","name":"Perdizes","uf":"MG"}},
{"type":"Feature","geometry":{"type":"Polygon","coordinates":[[[-42.26352,-19.58288],[-42.39867,-19.60426],[-42.28065,-19.6511],[-42.26352,-19.58288]]]},"properties":{"cod_ibge":"317057","name":"Vargem Alegre","uf":"MG"}},
{"type":"Feature","geometry":{"type":"Polygon","coordinates":[[[-42.89457,-21.81248],[-42.96072,-21.73335],[-43.06114,-21.82339],[-43.13443,-21.88342],[-43.1211,-21.98619],[-42.96786,-21.94344],[-42.88458,-21.85158],[-42.88172,-21.83203],[-42.89457,-21.81248]]]},"properties":{"cod_ibge":"313980","name":"Mar de Espanha","uf":"MG"}},
{"type":"Feature","geometry":{"type":"Polygon","coordinates":[[[-41.64864,-19.97305],[-41.59106,-19.80753],[-41.65483,-19.83208],[-41.84138,-19.9253],[-41.8076,-19.98942],[-41.72003,-19.99761],[-41.64864,-19.97305]]]},"properties":{"cod_ibge":"311740","name":"Conceição de Ipanema","uf":"MG"}},
{"type":"Feature","geometry":{"type":"Polygon","coordinates":[[[-46.22546,-20.18451],[-46.11267,-20.06264],[-46.11648,-19.95986],[-46.31112,-19.86255],[-46.51576,-19.85891],[-46.60048,-19.92667],[-46.62617,-19.99397],[-46.40488,-20.00034],[-46.22546,-20.18451]]]},"properties":{"cod_ibge":"314130","name":"Medeiros","uf":"MG"}},
{"type":"Feature","geometry":{"type":"Polygon","coordinates":[[[-43.06875,-20.96484],[-42.92265,-21.01441],[-42.94264,-20.98439],[-43.03687,-20.92937],[-43.06875,-20.96484]]]},"properties":{"cod_ibge":"312190","name":"Divinésia","uf":"MG"}},
{"type":"Feature","geometry":{"type":"Polygon","coordinates":[[[-45.67959,-20.86161],[-45.53729,-20.93801],[-45.43117,-20.89117],[-45.38976,-20.84752],[-45.51207,-20.69654],[-45.73384,-20.73474],[-45.67959,-20.86161]]]},"properties":{"cod_ibge":"312020","name":"Cristais","uf":"MG"}},
{"type":"Feature","geometry":{"type":"Polygon","coordinates":[[[-44.54074,-22.12852],[-44.55645,-21.96936],[-44.55787,-21.90433],[-44.64592,-21.77428],[-44.6916,-21.74336],[-44.75442,-21.85704],[-44.67971,-22.13489],[-44.55978,-22.1599],[-44.54074,-22.12852]]]},"properties":{"cod_ibge":"310120","name":"Aiuruoca","uf":"MG"}},
{"type":"Feature","geometry":{"type":"Polygon","coordinates":[[[-45.63914,-18.66522],[-45.38024,-18.76162],[-45.46162,-18.87349],[-45.31647,-18.90532],[-45.18417,-18.87531],[-45.18607,-18.80937],[-45.23747,-18.59337],[-45.35835,-18.44694],[-45.28363,-18.35327],[-45.26745,-18.22094],[-45.4069,-18.31734],[-45.50826,-18.31643],[-45.64485,-18.48196],[-45.63914,-18.66522]]]},"properties":{"cod_ibge":"314350","name":"Morada Nova de Minas","uf":"MG"}},
{"type":"Feature","geometry":{"type":"Polygon","coordinates":[[[-43.13728,-18.10907],[-43.28101,-18.02267],[-43.32051,-18.23776],[-43.27292,-18.25231],[-43.13728,-18.10907]]]},"properties":{"cod_ibge":"312540","name":"Felício dos Santos","uf":"MG"}},
{"type":"Feature","geometry":{"type":"Polygon","coordinates":[[[-45.51731,-21.21858],[-45.39309,-21.29134],[-45.34217,-21.06852],[-45.34265,-21.06898],[-45.39452,-21.07762],[-45.51731,-21.21858]]]},"properties":{"cod_ibge":"311870","name":"Coqueiral","uf":"MG"}},
{"type":"Feature","geometry":{"type":"Polygon","coordinates":[[[-42.87649,-19.43237],[-42.9117,-19.51376],[-43.04448,-19.56469],[-42.90837,-19.74977],[-42.79987,-19.71158],[-42.68898,-19.54059],[-42.66709,-19.52832],[-42.79225,-19.40781],[-42.87649,-19.43237]]]},"properties":{"cod_ibge":"310300","name":"Antônio Dias","uf":"MG"}},
{"type":"Feature","geometry":{"type":"Polygon","coordinates":[[[-41.35453,-16.62389],[-41.4578,-16.56705],[-41.45114,-16.45382],[-41.55965,-16.42699],[-41.68196,-16.49747],[-41.65197,-16.57296],[-41.60438,-16.69938],[-41.55727,-16.7303],[-41.35453,-16.62389]]]},"properties":{"cod_ibge":"313330","name":"Itaobim","uf":"MG"}},
{"type":"Feature","geometry":{"type":"Polygon","coordinates":[[[-42.75275,-21.20312],[-42.61236,-21.23268],[-42.5286,-21.20267],[-42.54668,-21.04396],[-42.65519,-21.07762],[-42.70659,-21.14173],[-42.75275,-21.20312]]]},"properties":{"cod_ibge":"314220","name":"Miraí","uf":"MG"}},
{"type":"Feature","geometry":{"type":"Polygon","coordinates":[[[-42.65043,-20.75839],[-42.55763,-20.59832],[-42.64139,-20.58331],[-42.69754,-20.65744],[-42.65043,-20.75839]]]},"properties":{"cod_ibge":"311170","name":"Canaã","uf":"MG"}},
{"type":"Feature","geometry":{"type":"Polygon","coordinates":[[[-42.14835,-18.01585],[-42.04983,-18.1459],[-41.91467,-18.1168],[-41.79903,-17.93945],[-41.91753,-17.85305],[-42.02033,-17.85669],[-42.14835,-18.01585]]]},"properties":{"cod_ibge":"312675","name":"Franciscópolis","uf":"MG"}},
{"type":"Feature","geometry":{"type":"Polygon","coordinates":[[[-44.49648,-21.57647],[-44.58119,-21.75154],[-44.49267,-21.78974],[-44.38464,-21.71425],[-44.38655,-21.58602],[-44.4565,-21.51826],[-44.49648,-21.57647]]]},"properties":{"cod_ibge":"316530","name":"São Vicente de Minas","uf":"MG"}},
{"type":"Feature","geometry":{"type":"Polygon","coordinates":[[[-44.32801,-20.33048],[-44.26662,-20.25044],[-44.35085,-20.15995],[-44.43556,-20.29182],[-44.43747,-20.34594],[-44.32801,-20.33048]]]},"properties":{"cod_ibge":"315530","name":"Rio Manso","uf":"MG"}},
{"type":"Feature","geometry":{"type":"Polygon","coordinates":[[[-44.12813,-19.43237],[-44.03913,-19.42463],[-43.98964,-19.40417],[-44.00629,-19.33323],[-44.14764,-19.30322],[-44.12813,-19.43237]]]},"properties":{"cod_ibge":"312720","name":"Funilândia","uf":"MG"}},
{"type":"Feature","geometry":{"type":"Polygon","coordinates":[[[-42.65329,-19.98624],[-42.6214,-20.1604],[-42.55192,-20.26136],[-42.49671,-20.19496],[-42.50195,-19.96714],[-42.55144,-19.8862],[-42.65329,-19.98624]]]},"properties":{"cod_ibge":"316400","name":"São Pedro dos Ferros","uf":"MG"}},
{"type":"Feature","geometry":{"type":"Polygon","coordinates":[[[-45.27031,-21.9489],[-45.36406,-22.07441],[-45.37073,-22.08214],[-45.33646,-22.10305],[-45.23652,-22.0403],[-45.20035,-21.98528],[-45.21558,-21.90979],[-45.27031,-21.9489]]]},"properties":{"cod_ibge":"313590","name":"Jesuânia","uf":"MG"}},
{"type":"Feature","geometry":{"type":"Polygon","coordinates":[[[-46.18501,-21.44095],[-46.037,-21.39093],[-46.05556,-21.30771],[-46.24069,-21.25678],[-46.24021,-21.42185],[-46.20975,-21.44686],[-46.18501,-21.44095]]]},"properties":{"cod_ibge":"310430","name":"Areado","uf":"MG"}},
{"type":"Feature","geometry":{"type":"Polygon","coordinates":[[[-40.65399,-16.55613],[-40.52454,-16.55886],[-40.46268,-16.6871],[-40.35607,-16.65254],[-40.35227,-16.50156],[-40.41937,-16.4279],[-40.46886,-16.19552],[-40.67255,-16.45427],[-40.66446,-16.51384],[-40.65399,-16.55613]]]},"properties":{"cod_ibge":"315660","name":"Rubim","uf":"MG"}},
{"type":"Feature","geometry":{"type":"Polygon","coordinates":[[[-43.02021,-21.69879],[-43.07637,-21.79838],[-43.06114,-21.82339],[-42.96072,-21.73335],[-43.02021,-21.69879]]]},"properties":{"cod_ibge":"312850","name":"Guarará","uf":"MG"}},
{"type":"Feature","geometry":{"type":"Polygon","coordinates":[[[-44.75395,-20.05445],[-44.81582,-19.89256],[-44.89291,-19.85527],[-44.88768,-19.91803],[-44.86055,-20.09037],[-44.75395,-20.05445]]]},"properties":{"cod_ibge":"316180","name":"São Gonçalo do Pará","uf":"MG"}},
{"type":"Feature","geometry":{"type":"Polygon","coordinates":[[[-42.02842,-19.37689],[-41.95941,-19.34733],[-41.82282,-19.42736],[-41.70385,-19.33232],[-41.70385,-19.27321],[-41.88755,-19.21864],[-41.96702,-19.13997],[-42.08648,-19.2441],[-42.11932,-19.31595],[-42.11694,-19.34505],[-42.02842,-19.37689]]]},"properties":{"cod_ibge":"316840","name":"Tarumirim","uf":"MG"}},
{"type":"Feature","geometry":{"type":"Polygon","coordinates":[[[-44.37941,-21.94071],[-44.55645,-21.96936],[-44.54074,-22.12852],[-44.43033,-22.11533],[-44.37941,-21.94071]]]},"properties":{"cod_ibge":"311480","name":"Carvalhos","uf":"MG"}},
{"type":"Feature","geometry":{"type":"Polygon","coordinates":[[[-42.46292,-21.26952],[-42.5286,-21.20267],[-42.61236,-21.23268],[-42.50242,-21.31181],[-42.46292,-21.26952]]]},"properties":{"cod_ibge":"315840","name":"Santana de Cataguases","uf":"MG"}},
{"type":"Feature","geometry":{"type":"Polygon","coordinates":[[[-42.62759,-17.10409],[-42.47292,-17.14866],[-42.29302,-17.28508],[-42.10361,-17.3542],[-42.11503,-17.316],[-42.34156,-17.10773],[-42.43104,-17.09091],[-42.55192,-16.94585],[-42.68136,-17.04452],[-42.62759,-17.10409]]]},"properties":{"cod_ibge":"311610","name":"Chapada do Norte","uf":"MG"}},
{"type":"Feature","geometry":{"type":"Polygon","coordinates":[[[-44.16192,-19.84209],[-44.31659,-19.93849],[-44.27042,-20.00397],[-44.19618,-20.05127],[-44.18095,-20.04581],[-44.11623,-20.02353],[-44.07578,-19.96714],[-44.16192,-19.84209]]]},"properties":{"cod_ibge":"310670","name":"Betim","uf":"MG"}},
{"type":"Feature","geometry":{"type":"Polygon","coordinates":[[[-44.29565,-14.81993],[-44.338,-14.6444],[-44.39797,-14.59302],[-44.52837,-14.70352],[-44.48363,-14.90724],[-44.29565,-14.81993]]]},"properties":{"cod_ibge":"314225","name":"Miravânia","uf":"MG"}},
{"type":"Feature","geometry":{"type":"Polygon","coordinates":[[[-43.41712,-21.1581],[-43.5123,-21.06443],[-43.60082,-21.11172],[-43.60701,-21.12946],[-43.59892,-21.16674],[-43.45138,-21.19403],[-43.41712,-21.1581]]]},"properties":{"cod_ibge":"312150","name":"Desterro do Melo","uf":"MG"}},
{"type":"Feature","geometry":{"type":"Polygon","coordinates":[[[-43.92396,-20.6588],[-43.81926,-20.77248],[-43.77262,-20.80113],[-43.69124,-20.71928],[-43.67887,-20.62151],[-43.79975,-20.53784],[-43.90969,-20.60378],[-43.92396,-20.6588]]]},"properties":{"cod_ibge":"311830","name":"Conselheiro Lafaiete","uf":"MG"}},
{"type":"Feature","geometry":{"type":"Polygon","coordinates":[[[-46.95074,-18.20502],[-46.89173,-18.07133],[-46.77513,-17.95219],[-46.67139,-17.77074],[-46.5743,-17.7471],[-46.61142,-17.67388],[-46.58525,-17.51518],[-46.73611,-17.61841],[-46.85794,-17.6134],[-46.94027,-17.84259],[-47.0307,-17.93445],[-47.16252,-17.96446],[-47.08828,-18.20229],[-46.95074,-18.20502]]]},"properties":{"cod_ibge":"317100","name":"Vazante","uf":"MG"}},
{"type":"Feature","geometry":{"type":"Polygon","coordinates":[[[-46.42201,-21.73244],[-46.55479,-21.65332],[-46.61428,-21.67651],[-46.63046,-21.76882],[-46.6909,-21.83749],[-46.61808,-21.99483],[-46.56526,-21.93344],[-46.39869,-21.75927],[-46.42201,-21.73244]]]},"properties":{"cod_ibge":"315180","name":"Poços de Caldas","uf":"MG"}},
{"type":"Feature","geometry":{"type":"Polygon","coordinates":[[[-42.47434,-19.77342],[-42.36346,-19.76023],[-42.48386,-19.72658],[-42.4791,-19.75205],[-42.47434,-19.77342]]]},"properties":{"cod_ibge":"315053","name":"Pingo-d'Água","uf":"MG"}},
{"type":"Feature","geometry":{"type":"Polygon","coordinates":[[[-43.27244,-19.17225],[-43.29862,-19.28639],[-43.19106,-19.24228],[-43.27244,-19.17225]]]},"properties":{"cod_ibge":"316050","name":"Santo Antônio do Rio Abaixo","uf":"MG"}},
{"type":"Feature","geometry":{"type":"Polygon","coordinates":[[[-41.8076,-19.98942],[-41.81093,-20.04263],[-41.7443,-20.06127],[-41.72003,-19.99761],[-41.8076,-19.98942]]]},"properties":{"cod_ibge":"316360","name":"São José do Mantimento","uf":"MG"}},
{"type":"Feature","geometry":{"type":"Polygon","coordinates":[[[-45.83188,-20.66653],[-45.71576,-20.50783],[-45.83474,-20.35822],[-45.88994,-20.54102],[-45.96752,-20.58831],[-45.83188,-20.66653]]]},"properties":{"cod_ibge":"315050","name":"Pimenta","uf":"MG"}},
{"type":"Feature","geometry":{"type":"Polygon","coordinates":[[[-44.12813,-19.43237],[-44.18048,-19.52377],[-44.10909,-19.52104],[-44.03913,-19.42463],[-44.12813,-19.43237]]]},"properties":{"cod_ibge":"315360","name":"Prudente de Morais","uf":"MG"}},
{"type":"Feature","geometry":{"type":"Polygon","coordinates":[[[-43.20677,-17.10591],[-43.12063,-16.88946],[-43.12967,-16.69392],[-43.21533,-16.6439],[-43.48708,-16.81488],[-43.43616,-16.95449],[-43.56608,-16.96358],[-43.56751,-17.07135],[-43.48851,-17.17776],[-43.20677,-17.10591]]]},"properties":{"cod_ibge":"313200","name":"Itacambira","uf":"MG"}},
{"type":"Feature","geometry":{"type":"Polygon","coordinates":[[[-46.03224,-21.88614],[-45.90612,-22.02257],[-45.84901,-21.96481],[-45.85901,-21.89387],[-46.03224,-21.88614]]]},"properties":{"cod_ibge":"316230","name":"São João da Mata","uf":"MG"}},
{"type":"Feature","geometry":{"type":"Polygon","coordinates":[[[-43.12491,-20.44871],[-43.05257,-20.45599],[-43.03639,-20.44871],[-43.02402,-20.41006],[-43.133,-20.34048],[-43.12491,-20.44871]]]},"properties":{"cod_ibge":"310040","name":"Acaiaca","uf":"MG"}},
{"type":"Feature","geometry":{"type":"Polygon","coordinates":[[[-45.07376,-22.23675],[-45.06472,-22.1749],[-45.16418,-22.20082],[-45.24366,-22.28222],[-45.17418,-22.28813],[-45.07376,-22.23675]]]},"properties":{"cod_ibge":"312280","name":"Dom Viçoso","uf":"MG"}},
{"type":"Feature","geometry":{"type":"Polygon","coordinates":[[[-43.16298,-20.72428],[-43.03592,-20.77067],[-42.99689,-20.75657],[-42.96739,-20.67835],[-43.13776,-20.56194],[-43.16298,-20.72428]]]},"properties":{"cod_ibge":"315230","name":"Porto Firme","uf":"MG"}},
{"type":"Feature","geometry":{"type":"Polygon","coordinates":[[[-42.86887,-17.4015],[-42.99642,-17.3592],[-43.08351,-17.25325],[-43.22866,-17.34465],[-43.21771,-17.41423],[-43.22723,-17.56293],[-43.15775,-17.77211],[-42.83746,-17.55474],[-42.86887,-17.4015]]]},"properties":{"cod_ibge":"311350","name":"Carbonita","uf":"MG"}},
{"type":"Feature","geometry":{"type":"Polygon","coordinates":[[[-43.40237,-18.29324],[-43.57036,-18.43921],[-43.59892,-18.53289],[-43.49136,-18.71842],[-43.49374,-18.74662],[-43.33621,-18.67158],[-43.22914,-18.74207],[-43.21533,-18.59792],[-43.33621,-18.39419],[-43.2634,-18.30597],[-43.26292,-18.30325],[-43.40237,-18.29324]]]},"properties":{"cod_ibge":"316710","name":"Serro","uf":"MG"}},
{"type":"Feature","geometry":{"type":"Polygon","coordinates":[[[-41.55965,-20.03308],[-41.41164,-20.20588],[-41.2979,-19.93758],[-41.28695,-19.86255],[-41.38642,-19.65837],[-41.4954,-19.69657],[-41.59106,-19.80753],[-41.64864,-19.97305],[-41.55965,-20.03308]]]},"properties":{"cod_ibge":"314400","name":"Mutum","uf":"MG"}},
{"type":"Feature","geometry":{"type":"Polygon","coordinates":[[[-43.44282,-15.3588],[-43.64651,-15.40064],[-43.7336,-15.3779],[-43.90921,-15.49477],[-43.77358,-15.55798],[-43.84068,-15.64529],[-43.7612,-15.77989],[-43.60272,-15.72077],[-43.50849,-15.66257],[-43.36334,-15.46703],[-43.44282,-15.3588]]]},"properties":{"cod_ibge":"317103","name":"Verdelândia","uf":"MG"}},
{"type":"Feature","geometry":{"type":"Polygon","coordinates":[[[-39.9149,-15.99999],[-40.00438,-16.0018],[-40.12764,-15.90722],[-40.22948,-15.9677],[-40.13525,-16.12686],[-40.01723,-16.34786],[-39.91776,-16.2842],[-39.85684,-16.11367],[-39.9149,-15.99999]]]},"properties":{"cod_ibge":"315710","name":"Salto da Divisa","uf":"MG"}},
{"type":"Feature","geometry":{"type":"Polygon","coordinates":[[[-44.58928,-20.64561],[-44.56977,-20.72792],[-44.44746,-20.78613],[-44.42129,-20.71246],[-44.35704,-20.60787],[-44.54407,-20.51556],[-44.58928,-20.64561]]]},"properties":{"cod_ibge":"314770","name":"Passa Tempo","uf":"MG"}},
{"type":"Feature","geometry":{"type":"Polygon","coordinates":[[[-43.39047,-19.77251],[-43.53705,-19.76069],[-43.52182,-19.91985],[-43.63937,-19.96759],[-43.54609,-20.03171],[-43.4195,-19.90939],[-43.39047,-19.77251]]]},"properties":{"cod_ibge":"310540","name":"Barão de Cocais","uf":"MG"}},
{"type":"Feature","geometry":{"type":"Polygon","coordinates":[[[-42.45959,-21.78474],[-42.37773,-21.74836],[-42.43532,-21.6465],[-42.55906,-21.6806],[-42.4634,-21.7861],[-42.45959,-21.78474]]]},"properties":{"cod_ibge":"312460","name":"Estrela Dalva","uf":"MG"}},
{"type":"Feature","geometry":{"type":"Polygon","coordinates":[[[-46.93551,-21.0617],[-47.14777,-21.03532],[-47.11779,-21.1531],[-46.93551,-21.0617]]]},"properties":{"cod_ibge":"313290","name":"Itamogi","uf":"MG"}},
{"type":"Feature","geometry":{"type":"Polygon","coordinates":[[[-44.01867,-20.05445],[-44.06293,-19.97669],[-44.07578,-19.96714],[-44.11623,-20.02353],[-44.06436,-20.07992],[-44.01867,-20.05445]]]},"properties":{"cod_ibge":"312980","name":"Ibirité","uf":"MG"}},
{"type":"Feature","geometry":{"type":"Polygon","coordinates":[[[-42.17214,-20.78567],[-42.20117,-20.81614],[-42.20974,-20.82251],[-42.20974,-20.85434],[-42.18737,-20.8698],[-42.10218,-20.80523],[-42.17214,-20.78567]]]},"properties":{"cod_ibge":"314900","name":"Pedra Dourada","uf":"MG"}},
{"type":"Feature","geometry":{"type":"Polygon","coordinates":[[[-45.07947,-16.12186],[-45.0414,-16.00772],[-45.22557,-15.84355],[-45.36597,-15.88948],[-45.43735,-15.98225],[-45.3041,-16.26783],[-45.23271,-16.2651],[-45.07947,-16.12186]]]},"properties":{"cod_ibge":"315057","name":"Pintópolis","uf":"MG"}},
{"type":"Feature","geometry":{"type":"Polygon","coordinates":[[[-41.89754,-16.33695],[-41.72288,-16.42562],[-41.63912,-16.32785],[-41.69576,-16.16506],[-41.86851,-16.18279],[-41.91039,-16.32149],[-41.89754,-16.33695]]]},"properties":{"cod_ibge":"311700","name":"Comercinho","uf":"MG"}},
{"type":"Feature","geometry":{"type":"Polygon","coordinates":[[[-41.66577,-20.20679],[-41.41545,-20.20724],[-41.41164,-20.20588],[-41.55965,-20.03308],[-41.72669,-20.1022],[-41.75667,-20.20679],[-41.66577,-20.20679]]]},"properties":{"cod_ibge":"313770","name":"Lajinha","uf":"MG"}},
{"type":"Feature","geometry":{"type":"Polygon","coordinates":[[[-42.86887,-17.4015],[-42.74418,-17.35329],[-42.59903,-17.50108],[-42.55858,-17.48426],[-42.6985,-17.32192],[-42.69183,-17.12638],[-42.82556,-17.18095],[-42.79606,-17.01951],[-42.89885,-17.03952],[-43.06971,-17.2246],[-43.08351,-17.25325],[-42.99642,-17.3592],[-42.86887,-17.4015]]]},"properties":{"cod_ibge":"316970","name":"Turmalina","uf":"MG"}},
{"type":"Feature","geometry":{"type":"Polygon","coordinates":[[[-41.34882,-19.2723],[-41.49921,-19.35597],[-41.51015,-19.4933],[-41.4321,-19.54059],[-41.27553,-19.49239],[-41.28267,-19.37188],[-41.34882,-19.2723]]]},"properties":{"cod_ibge":"315950","name":"Santa Rita do Itueto","uf":"MG"}},
{"type":"Feature","geometry":{"type":"Polygon","coordinates":[[[-45.94134,-20.89072],[-45.78762,-20.83569],[-45.69196,-20.89708],[-45.67959,-20.86161],[-45.73384,-20.73474],[-45.83188,-20.66653],[-45.96752,-20.58831],[-46.02558,-20.69427],[-46.12885,-20.71746],[-46.16692,-20.80113],[-45.94134,-20.89072]]]},"properties":{"cod_ibge":"312810","name":"Guapé","uf":"MG"}},
{"type":"Feature","geometry":{"type":"Polygon","coordinates":[[[-49.54778,-18.53971],[-49.54445,-18.64748],[-49.4031,-18.70069],[-49.3736,-18.63475],[-49.48639,-18.53243],[-49.54778,-18.53971]]]},"properties":{"cod_ibge":"310980","name":"Cachoeira Dourada","uf":"MG"}},
{"type":"Feature","geometry":{"type":"Polygon","coordinates":[[[-42.59903,-17.50108],[-42.74418,-17.35329],[-42.86887,-17.4015],[-42.83746,-17.55474],[-42.68422,-17.54974],[-42.59903,-17.50108]]]},"properties":{"cod_ibge":"317107","name":"Veredinha","uf":"MG"}},
{"type":"Feature","geometry":{"type":"Polygon","coordinates":[[[-43.23961,-21.08762],[-43.13157,-21.11991],[-43.11968,-21.119],[-43.10207,-21.11081],[-43.10254,-20.95575],[-43.17298,-20.92528],[-43.23913,-20.96893],[-43.24341,-21.08353],[-43.23961,-21.08762]]]},"properties":{"cod_ibge":"312330","name":"Dores do Turvo","uf":"MG"}},
{"type":"Feature","geometry":{"type":"Polygon","coordinates":[[[-40.97,-16.08548],[-40.98903,-16.2128],[-40.70729,-16.2701],[-40.67255,-16.45427],[-40.46886,-16.19552],[-40.41604,-16.12049],[-40.49789,-15.9727],[-40.72776,-15.8954],[-40.84102,-15.81718],[-41.0095,-15.82809],[-40.92098,-15.97497],[-40.97,-16.08548]]]},"properties":{"cod_ibge":"310170","name":"Almenara","uf":"MG"}},
{"type":"Feature","geometry":{"type":"Polygon","coordinates":[[[-46.29209,-21.1531],[-46.35015,-21.01304],[-46.35824,-20.9894],[-46.45723,-20.97393],[-46.55193,-21.0858],[-46.5505,-21.15083],[-46.41535,-21.19494],[-46.3492,-21.17948],[-46.29209,-21.1531]]]},"properties":{"cod_ibge":"314510","name":"Nova Resende","uf":"MG"}},
{"type":"Feature","geometry":{"type":"Polygon","coordinates":[[[-43.10254,-19.38189],[-42.95787,-19.30549],[-42.87649,-19.43237],[-42.79225,-19.40781],[-42.74228,-19.35506],[-42.74847,-19.15225],[-42.74752,-19.14997],[-42.94692,-19.15179],[-43.07827,-19.05993],[-43.16346,-19.1145],[-43.12539,-19.23728],[-43.13966,-19.3346],[-43.10254,-19.38189]]]},"properties":{"cod_ibge":"312590","name":"Ferros","uf":"MG"}},
{"type":"Feature","geometry":{"type":"Polygon","coordinates":[[[-46.47388,-20.39096],[-46.33682,-20.5533],[-46.22213,-20.50555],[-46.21499,-20.33821],[-46.38822,-20.31911],[-46.47388,-20.39096]]]},"properties":{"cod_ibge":"317060","name":"Vargem Bonita","uf":"MG"}},
{"type":"Feature","geometry":{"type":"Polygon","coordinates":[[[-43.26245,-15.82855],[-43.31718,-15.7808],[-43.2772,-15.60618],[-43.25436,-15.47931],[-43.31147,-15.32697],[-43.44282,-15.3588],[-43.36334,-15.46703],[-43.50849,-15.66257],[-43.60272,-15.72077],[-43.62033,-15.78535],[-43.55751,-15.90995],[-43.52753,-16.08684],[-43.26007,-16.12095],[-43.23104,-16.04182],[-43.20439,-15.87357],[-43.26245,-15.82855]]]},"properties":{"cod_ibge":"313510","name":"Janaúba","uf":"MG"}},
{"type":"Feature","geometry":{"type":"Polygon","coordinates":[[[-43.6189,-20.85707],[-43.67554,-20.92937],[-43.64746,-20.95393],[-43.58083,-20.94938],[-43.52277,-20.93756],[-43.6189,-20.85707]]]},"properties":{"cod_ibge":"311220","name":"Capela Nova","uf":"MG"}},
{"type":"Feature","geometry":{"type":"Polygon","coordinates":[[[-45.6596,-19.01037],[-45.64485,-18.95762],[-45.41451,-19.01355],[-45.18465,-18.87576],[-45.18417,-18.87531],[-45.31647,-18.90532],[-45.46162,-18.87349],[-45.63724,-18.79209],[-45.69958,-18.9849],[-45.6596,-19.01037]]]},"properties":{"cod_ibge":"314640","name":"Paineiras","uf":"MG"}},
{"type":"Feature","geometry":{"type":"Polygon","coordinates":[[[-45.01475,-22.27586],[-44.97953,-22.27768],[-45.04378,-22.14898],[-45.06043,-22.14398],[-45.06472,-22.1749],[-45.07376,-22.23675],[-45.01475,-22.27586]]]},"properties":{"cod_ibge":"316490","name":"São Sebastião do Rio Verde","uf":"MG"}},
{"type":"Feature","geometry":{"type":"Polygon","coordinates":[[[-42.72324,-20.19087],[-42.66518,-20.26772],[-42.65138,-20.27682],[-42.55525,-20.26772],[-42.55192,-20.26136],[-42.6214,-20.1604],[-42.65329,-19.98624],[-42.72895,-20.00807],[-42.75513,-20.02034],[-42.76132,-20.12266],[-42.72324,-20.19087]]]},"properties":{"cod_ibge":"315490","name":"Rio Casca","uf":"MG"}},
{"type":"Feature","geometry":{"type":"Polygon","coordinates":[[[-44.77632,-20.5392],[-44.89244,-20.47145],[-45.01189,-20.57013],[-44.94146,-20.63288],[-44.75252,-20.60923],[-44.77632,-20.5392]]]},"properties":{"cod_ibge":"311400","name":"Carmo da Mata","uf":"MG"}},
{"type":"Feature","geometry":{"type":"Polygon","coordinates":[[[-44.29803,-17.81076],[-44.07387,-17.83395],[-43.99678,-17.7189],[-43.95632,-17.5552],[-44.05912,-17.44879],[-44.08482,-17.42742],[-44.11623,-17.6134],[-44.29327,-17.70117],[-44.29803,-17.81076]]]},"properties":{"cod_ibge":"313640","name":"Joaquim Felício","uf":"MG"}},
{"type":"Feature","geometry":{"type":"Polygon","coordinates":[[[-40.21187,-17.89489],[-40.22377,-17.73436],[-40.23995,-17.73482],[-40.34417,-17.61568],[-40.29468,-17.85396],[-40.21187,-17.89489]]]},"properties":{"cod_ibge":"316670","name":"Serra dos Aimorés","uf":"MG"}},
{"type":"Feature","geometry":{"type":"Polygon","coordinates":[[[-44.48363,-18.07451],[-44.43271,-18.20957],[-44.31373,-18.23185],[-44.19523,-18.24595],[-44.08815,-18.22048],[-43.95585,-18.1409],[-43.97917,-17.99175],[-44.1524,-17.97629],[-44.20903,-18.01903],[-44.40463,-18.01949],[-44.48363,-18.07451]]]},"properties":{"cod_ibge":"310480","name":"Augusto de Lima","uf":"MG"}},
{"type":"Feature","geometry":{"type":"Polygon","coordinates":[[[-44.84104,-16.99177],[-44.93384,-16.80624],[-45.02046,-16.75394],[-45.10469,-16.56523],[-45.30695,-16.79078],[-45.30791,-16.88355],[-45.50493,-16.96085],[-45.56109,-17.04452],[-45.48637,-17.1814],[-45.56204,-17.38194],[-45.38453,-17.52155],[-45.45639,-17.84714],[-45.46781,-17.90535],[-45.19845,-17.98766],[-45.11659,-17.93081],[-45.11992,-17.8144],[-45.00666,-17.72163],[-45.0452,-17.61068],[-44.98762,-17.51882],[-44.95573,-17.3492],[-44.82962,-17.20368],[-44.8063,-17.05135],[-44.84104,-16.99177]]]},"properties":{"cod_ibge":"310940","name":"Buritizeiro","uf":"MG"}},
{"type":"Feature","geometry":{"type":"Polygon","coordinates":[[[-42.17452,-21.13173],[-42.29873,-21.12263],[-42.32729,-21.2104],[-42.2026,-21.22131],[-42.19546,-21.16038],[-42.17452,-21.13173]]]},"properties":{"cod_ibge":"314820","name":"Patrocínio do Muriaé","uf":"MG"}},
{"type":"Feature","geometry":{"type":"Polygon","coordinates":[[[-45.9599,-22.12716],[-46.0508,-22.03575],[-46.09982,-22.10078],[-46.11695,-22.20855],[-46.04461,-22.23129],[-45.9599,-22.12716]]]},"properties":{"cod_ibge":"311790","name":"Congonhal","uf":"MG"}},
{"type":"Feature","geometry":{"type":"Polygon","coordinates":[[[-43.02259,-20.01352],[-42.92741,-20.0349],[-42.87363,-20.03671],[-42.75513,-20.02034],[-42.72895,-20.00807],[-42.78178,-19.8721],[-42.7775,-19.79479],[-42.79749,-19.71294],[-42.79987,-19.71158],[-42.90837,-19.74977],[-43.00927,-19.82753],[-43.06257,-19.88574],[-43.02259,-20.01352]]]},"properties":{"cod_ibge":"316100","name":"São Domingos do Prata","uf":"MG"}},
{"type":"Feature","geometry":{"type":"Polygon","coordinates":[[[-47.32243,-16.20917],[-47.11446,-16.19552],[-46.88983,-16.11594],[-46.95265,-15.91677],[-47.13635,-15.92723],[-47.31006,-16.03636],[-47.30863,-16.05001],[-47.32243,-16.20917]]]},"properties":{"cod_ibge":"310945","name":"Cabeceira Grande","uf":"MG"}},
{"type":"Feature","geometry":{"type":"Polygon","coordinates":[[[-44.12146,-20.30774],[-44.26662,-20.25044],[-44.32801,-20.33048],[-44.27756,-20.4237],[-44.15145,-20.42188],[-44.12146,-20.30774]]]},"properties":{"cod_ibge":"310810","name":"Bonfim","uf":"MG"}},
{"type":"Feature","geometry":{"type":"Polygon","coordinates":[[[-45.6715,-22.33725],[-45.55062,-22.48367],[-45.52397,-22.46003],[-45.5116,-22.37272],[-45.57489,-22.32224],[-45.66008,-22.27768],[-45.6715,-22.33725]]]},"properties":{"cod_ibge":"315100","name":"Piranguinho","uf":"MG"}},
{"type":"Feature","geometry":{"type":"Polygon","coordinates":[[[-44.86912,-21.21222],[-44.99285,-21.13446],[-45.04473,-21.14537],[-45.12896,-21.16856],[-45.16037,-21.14537],[-45.14467,-21.34864],[-45.08518,-21.39912],[-44.90434,-21.34273],[-44.86912,-21.21222]]]},"properties":{"cod_ibge":"313820","name":"Lavras","uf":"MG"}},
{"type":"Feature","geometry":{"type":"Polygon","coordinates":[[[-42.3706,-18.51925],[-42.23115,-18.53562],[-42.20308,-18.41102],[-42.3844,-18.37328],[-42.3706,-18.51925]]]},"properties":{"cod_ibge":"317190","name":"Virgolândia","uf":"MG"}},
{"type":"Feature","geometry":{"type":"Polygon","coordinates":[[[-42.22973,-15.41792],[-42.20831,-15.22238],[-42.27256,-15.19237],[-42.40676,-15.38927],[-42.31777,-15.47021],[-42.22973,-15.41792]]]},"properties":{"cod_ibge":"317065","name":"Vargem Grande do Rio Pardo","uf":"MG"}},
{"type":"Feature","geometry":{"type":"Polygon","coordinates":[[[-41.49064,-18.63702],[-41.365,-18.49878],[-41.45971,-18.51424],[-41.53966,-18.58155],[-41.49064,-18.63702]]]},"properties":{"cod_ibge":"316105","name":"São Félix de Minas","uf":"MG"}},
{"type":"Feature","geometry":{"type":"Polygon","coordinates":[[[-42.69183,-17.12638],[-42.6985,-17.32192],[-42.55858,-17.48426],[-42.37012,-17.60977],[-42.28826,-17.59567],[-42.19023,-17.44197],[-42.10361,-17.3542],[-42.29302,-17.28508],[-42.47292,-17.14866],[-42.62759,-17.10409],[-42.69183,-17.12638]]]},"properties":{"cod_ibge":"314180","name":"Minas Novas","uf":"MG"}},
{"type":"Feature","geometry":{"type":"Polygon","coordinates":[[[-41.88755,-20.30547],[-41.82235,-20.31092],[-41.77476,-20.25999],[-41.87327,-20.19815],[-41.88755,-20.30547]]]},"properties":{"cod_ibge":"314053","name":"Martins Soares","uf":"MG"}},
{"type":"Feature","geometry":{"type":"Polygon","coordinates":[[[-47.57038,-19.10586],[-47.44093,-19.1386],[-47.38953,-19.12769],[-47.33956,-18.95944],[-47.49328,-18.96307],[-47.57323,-19.01309],[-47.57038,-19.10586]]]},"properties":{"cod_ibge":"313160","name":"Iraí de Minas","uf":"MG"}},
{"type":"Feature","geometry":{"type":"Polygon","coordinates":[[[-42.21592,-20.66608],[-42.07744,-20.59968],[-42.06601,-20.51692],[-42.06887,-20.50964],[-42.13597,-20.46872],[-42.15644,-20.46781],[-42.27684,-20.54784],[-42.3192,-20.54693],[-42.35822,-20.57877],[-42.21592,-20.66608]]]},"properties":{"cod_ibge":"312200","name":"Divino","uf":"MG"}},
{"type":"Feature","geometry":{"type":"Polygon","coordinates":[[[-45.39071,-19.50149],[-45.10136,-19.57606],[-45.00428,-19.53013],[-44.99333,-19.44237],[-45.13943,-19.21045],[-45.33456,-19.31686],[-45.33884,-19.3446],[-45.39071,-19.50149]]]},"properties":{"cod_ibge":"314050","name":"Martinho Campos","uf":"MG"}},
{"type":"Feature","geometry":{"type":"Polygon","coordinates":[[[-44.51695,-18.61702],[-44.58833,-18.52016],[-44.822,-18.6584],[-44.66876,-18.73661],[-44.51695,-18.61702]]]},"properties":{"cod_ibge":"314360","name":"Morro da Garça","uf":"MG"}},
{"type":"Feature","geometry":{"type":"Polygon","coordinates":[[[-45.66055,-20.29683],[-45.63248,-20.07309],[-45.75954,-19.9726],[-45.89042,-20.21725],[-45.82046,-20.28864],[-45.66055,-20.29683]]]},"properties":{"cod_ibge":"313030","name":"Iguatama","uf":"MG"}},
{"type":"Feature","geometry":{"type":"Polygon","coordinates":[[[-49.13945,-19.78706],[-49.33029,-19.6611],[-49.36551,-19.53923],[-49.47497,-19.55969],[-49.50828,-19.66792],[-49.63059,-19.67656],[-49.64867,-19.83117],[-49.74957,-19.92485],[-49.61346,-19.91985],[-49.45403,-19.97805],[-49.25034,-19.96941],[-49.13945,-19.78706]]]},"properties":{"cod_ibge":"313340","name":"Itapagipe","uf":"MG"}},
{"type":"Feature","geometry":{"type":"Polygon","coordinates":[[[-44.08149,-20.30865],[-43.92729,-20.40505],[-43.93015,-20.38232],[-43.96441,-20.25954],[-44.08149,-20.30865]]]},"properties":{"cod_ibge":"314230","name":"Moeda","uf":"MG"}},
{"type":"Feature","geometry":{"type":"Polygon","coordinates":[[[-48.51744,-18.59473],[-48.43844,-18.66022],[-48.16812,-18.77572],[-48.06152,-18.88577],[-47.87353,-18.82938],[-47.89257,-18.67613],[-47.97395,-18.63884],[-47.95444,-18.50015],[-48.02677,-18.43603],[-48.22713,-18.34599],[-48.27187,-18.32917],[-48.34183,-18.371],[-48.65402,-18.34281],[-48.51744,-18.59473]]]},"properties":{"cod_ibge":"310350","name":"Araguari","uf":"MG"}},
{"type":"Feature","geometry":{"type":"Polygon","coordinates":[[[-46.0508,-22.89703],[-45.95657,-22.84974],[-45.92135,-22.72059],[-45.94896,-22.69422],[-45.95895,-22.69058],[-46.05413,-22.6874],[-46.12457,-22.66966],[-46.22879,-22.80654],[-46.19215,-22.8652],[-46.0508,-22.89703]]]},"properties":{"cod_ibge":"311050","name":"Camanducaia","uf":"MG"}},
{"type":"Feature","geometry":{"type":"Polygon","coordinates":[[[-42.45245,-21.43822],[-42.52907,-21.51326],[-42.41057,-21.60148],[-42.35251,-21.59147],[-42.34585,-21.58283],[-42.39201,-21.4455],[-42.45245,-21.43822]]]},"properties":{"cod_ibge":"315410","name":"Recreio","uf":"MG"}},
{"type":"Feature","geometry":{"type":"Polygon","coordinates":[[[-42.21592,-20.66608],[-42.35822,-20.57877],[-42.37916,-20.58877],[-42.47101,-20.7502],[-42.36155,-20.77749],[-42.24733,-20.73701],[-42.21592,-20.66608]]]},"properties":{"cod_ibge":"312595","name":"Fervedouro","uf":"MG"}},
{"type":"Feature","geometry":{"type":"Polygon","coordinates":[[[-44.00201,-21.22086],[-43.9411,-21.12173],[-44.01343,-21.16083],[-44.00201,-21.22086]]]},"properties":{"cod_ibge":"310590","name":"Barroso","uf":"MG"}},
{"type":"Feature","geometry":{"type":"Polygon","coordinates":[[[-41.71337,-18.91032],[-41.69005,-18.79482],[-41.59344,-18.74798],[-41.53966,-18.58155],[-41.57345,-18.57291],[-41.69528,-18.56108],[-41.82901,-18.66113],[-42.01795,-18.64248],[-42.00795,-18.55244],[-42.04888,-18.58382],[-42.30111,-18.7398],[-42.32681,-18.81847],[-42.27732,-18.97217],[-42.20831,-18.98445],[-42.1355,-19.03629],[-42.12645,-19.02492],[-42.0208,-18.92715],[-41.89231,-18.93352],[-41.71337,-18.91032]]]},"properties":{"cod_ibge":"312770","name":"Governador Valadares","uf":"MG"}},
{"type":"Feature","geometry":{"type":"Polygon","coordinates":[[[-42.52336,-21.40048],[-42.50242,-21.31181],[-42.61236,-21.23268],[-42.75275,-21.20312],[-42.79511,-21.27133],[-42.7813,-21.38457],[-42.79939,-21.42458],[-42.68041,-21.44505],[-42.52336,-21.40048]]]},"properties":{"cod_ibge":"311530","name":"Cataguases","uf":"MG"}},
{"type":"Feature","geometry":{"type":"Polygon","coordinates":[[[-43.07637,-21.79838],[-43.17107,-21.75973],[-43.18868,-21.85477],[-43.13443,-21.88342],[-43.06114,-21.82339],[-43.07637,-21.79838]]]},"properties":{"cod_ibge":"314950","name":"Pequeri","uf":"MG"}},
{"type":"Feature","geometry":{"type":"Polygon","coordinates":[[[-40.41937,-16.4279],[-40.15476,-16.41744],[-40.21663,-16.31285],[-40.13525,-16.12686],[-40.22948,-15.9677],[-40.41889,-15.93268],[-40.49789,-15.9727],[-40.41604,-16.12049],[-40.46886,-16.19552],[-40.41937,-16.4279]]]},"properties":{"cod_ibge":"313470","name":"Jacinto","uf":"MG"}},
{"type":"Feature","geometry":{"type":"Polygon","coordinates":[[[-40.72395,-15.80581],[-40.64495,-15.72896],[-40.70063,-15.66712],[-40.81675,-15.64756],[-40.72395,-15.80581]]]},"properties":{"cod_ibge":"314055","name":"Mata Verde","uf":"MG"}},
{"type":"Feature","geometry":{"type":"Polygon","coordinates":[[[-42.01271,-20.41051],[-41.85947,-20.37277],[-41.82235,-20.31092],[-41.88755,-20.30547],[-42.00034,-20.31001],[-42.04555,-20.37686],[-42.01271,-20.41051]]]},"properties":{"cod_ibge":"313950","name":"Manhumirim","uf":"MG"}},
{"type":"Feature","geometry":{"type":"Polygon","coordinates":[[[-43.86209,-19.82799],[-43.87018,-19.92803],[-43.83402,-19.92758],[-43.72313,-19.96668],[-43.70838,-19.74659],[-43.77024,-19.72567],[-43.86209,-19.82799]]]},"properties":{"cod_ibge":"315670","name":"Sabará","uf":"MG"}},
{"type":"Feature","geometry":{"type":"Polygon","coordinates":[[[-44.89244,-20.47145],[-44.77632,-20.5392],[-44.69969,-20.53693],[-44.62831,-20.40505],[-44.65877,-20.33775],[-44.75776,-20.25317],[-44.90434,-20.25908],[-44.89244,-20.47145]]]},"properties":{"cod_ibge":"311660","name":"Cláudio","uf":"MG"}},
{"type":"Feature","geometry":{"type":"Polygon","coordinates":[[[-44.22426,-21.07489],[-44.14288,-21.07352],[-44.13431,-21.02305],[-44.14716,-20.95029],[-44.27756,-21.01623],[-44.27423,-21.05715],[-44.22426,-21.07489]]]},"properties":{"cod_ibge":"311970","name":"Coronel Xavier Chaves","uf":"MG"}},
{"type":"Feature","geometry":{"type":"Polygon","coordinates":[[[-41.34882,-19.2723],[-41.27696,-19.12269],[-41.21461,-18.96535],[-41.13704,-18.89077],[-41.24317,-18.85394],[-41.26363,-18.86667],[-41.4026,-19.02355],[-41.53204,-19.03765],[-41.63389,-19.17726],[-41.70385,-19.27321],[-41.70385,-19.33232],[-41.57012,-19.34415],[-41.58582,-19.44282],[-41.51015,-19.4933],[-41.49921,-19.35597],[-41.34882,-19.2723]]]},"properties":{"cod_ibge":"311840","name":"Conselheiro Pena","uf":"MG"}},
{"type":"Feature","geometry":{"type":"Polygon","coordinates":[[[-42.9907,-16.68119],[-42.99737,-16.76895],[-42.73705,-16.85171],[-42.64186,-16.77032],[-42.60046,-16.73212],[-42.73705,-16.65527],[-42.73086,-16.57341],[-42.9236,-16.5916],[-42.9907,-16.68119]]]},"properties":{"cod_ibge":"312030","name":"Cristália","uf":"MG"}},
{"type":"Feature","geometry":{"type":"Polygon","coordinates":[[[-48.32707,-19.74068],[-48.21381,-19.69475],[-48.14623,-19.5656],[-48.35515,-19.4119],[-48.39941,-19.41054],[-48.44367,-19.51604],[-48.54599,-19.54241],[-48.48412,-19.60426],[-48.45462,-19.77751],[-48.32707,-19.74068]]]},"properties":{"cod_ibge":"317110","name":"Veríssimo","uf":"MG"}},
{"type":"Feature","geometry":{"type":"Polygon","coordinates":[[[-42.00034,-20.31001],[-41.88755,-20.30547],[-41.87327,-20.19815],[-41.88755,-20.16904],[-41.95846,-20.15586],[-42.00034,-20.31001]]]},"properties":{"cod_ibge":"315415","name":"Reduto","uf":"MG"}},
{"type":"Feature","geometry":{"type":"Polygon","coordinates":[[[-44.31516,-18.27642],[-44.18714,-18.42148],[-44.17953,-18.50606],[-44.07816,-18.55744],[-44.022,-18.44467],[-44.15668,-18.38373],[-44.19523,-18.24595],[-44.31373,-18.23185],[-44.31516,-18.27642]]]},"properties":{"cod_ibge":"316060","name":"Santo Hipólito","uf":"MG"}},
{"type":"Feature","geometry":{"type":"Polygon","coordinates":[[[-49.05093,-18.788],[-49.23558,-18.66022],[-49.29269,-18.56381],[-49.3736,-18.63475],[-49.4031,-18.70069],[-49.42404,-18.81074],[-49.25938,-18.94034],[-49.25224,-18.87394],[-49.05093,-18.788]]]},"properties":{"cod_ibge":"311180","name":"Canápolis","uf":"MG"}},
{"type":"Feature","geometry":{"type":"Polygon","coordinates":[[[-45.71243,-22.7697],[-45.80523,-22.73742],[-45.92135,-22.72059],[-45.95657,-22.84974],[-45.87091,-22.87157],[-45.76811,-22.8361],[-45.71243,-22.7697]]]},"properties":{"cod_ibge":"316540","name":"Sapucaí-Mirim","uf":"MG"}},
{"type":"Feature","geometry":{"type":"Polygon","coordinates":[[[-44.54407,-20.51556],[-44.35704,-20.60787],[-44.31564,-20.58559],[-44.348,-20.49737],[-44.40701,-20.42643],[-44.54312,-20.48236],[-44.54407,-20.51556]]]},"properties":{"cod_ibge":"315060","name":"Piracema","uf":"MG"}},
{"type":"Feature","geometry":{"type":"Polygon","coordinates":[[[-46.19215,-22.8652],[-46.22879,-22.80654],[-46.2997,-22.7215],[-46.33254,-22.76607],[-46.37442,-22.82018],[-46.34491,-22.90522],[-46.19215,-22.8652]]]},"properties":{"cod_ibge":"312510","name":"Extrema","uf":"MG"}},
{"type":"Feature","geometry":{"type":"Polygon","coordinates":[[[-43.23532,-21.49507],[-43.12301,-21.57101],[-43.0521,-21.48097],[-43.06019,-21.43049],[-43.1587,-21.39139],[-43.2615,-21.43913],[-43.23532,-21.49507]]]},"properties":{"cod_ibge":"315540","name":"Rio Novo","uf":"MG"}},
{"type":"Feature","geometry":{"type":"Polygon","coordinates":[[[-44.48696,-14.96454],[-44.38036,-14.97364],[-44.13574,-15.25967],[-44.1543,-15.35744],[-44.02961,-15.48749],[-44.00201,-15.50523],[-43.93063,-15.43747],[-43.92872,-15.30787],[-44.06864,-15.19555],[-44.01581,-15.05913],[-43.99725,-14.97682],[-44.00677,-14.97864],[-44.27804,-14.99365],[-44.48363,-14.90724],[-44.48696,-14.96454]]]},"properties":{"cod_ibge":"313210","name":"Itacarambi","uf":"MG"}},
{"type":"Feature","geometry":{"type":"Polygon","coordinates":[[[-41.82282,-19.42736],[-41.66339,-19.45465],[-41.58582,-19.44282],[-41.57012,-19.34415],[-41.70385,-19.33232],[-41.82282,-19.42736]]]},"properties":{"cod_ibge":"310220","name":"Alvarenga","uf":"MG"}},
{"type":"Feature","geometry":{"type":"Polygon","coordinates":[[[-42.83032,-21.3882],[-42.7813,-21.38457],[-42.79511,-21.27133],[-42.81367,-21.26088],[-42.83032,-21.3882]]]},"properties":{"cod_ibge":"312290","name":"Dona Euzébia","uf":"MG"}},
{"type":"Feature","geometry":{"type":"Polygon","coordinates":[[[-45.61582,-22.16035],[-45.59773,-22.10305],[-45.61867,-22.01893],[-45.71671,-21.99392],[-45.74289,-22.10351],[-45.66484,-22.16763],[-45.61582,-22.16035]]]},"properties":{"cod_ibge":"311360","name":"Careaçu","uf":"MG"}},
{"type":"Feature","geometry":{"type":"Polygon","coordinates":[[[-42.55334,-18.23458],[-42.7123,-18.366],[-42.70421,-18.50833],[-42.61474,-18.41648],[-42.47244,-18.3469],[-42.55334,-18.23458]]]},"properties":{"cod_ibge":"316410","name":"São Pedro do Suaçuí","uf":"MG"}},
{"type":"Feature","geometry":{"type":"Polygon","coordinates":[[[-44.31516,-19.59198],[-44.22236,-19.59925],[-44.18048,-19.52377],[-44.12813,-19.43237],[-44.14764,-19.30322],[-44.16049,-19.29276],[-44.2728,-19.3396],[-44.29898,-19.40326],[-44.42509,-19.40099],[-44.45984,-19.40872],[-44.31326,-19.51149],[-44.31516,-19.59198]]]},"properties":{"cod_ibge":"316720","name":"Sete Lagoas","uf":"MG"}},
{"type":"Feature","geometry":{"type":"Polygon","coordinates":[[[-43.4195,-19.90939],[-43.54609,-20.03171],[-43.63937,-19.96759],[-43.68982,-20.07582],[-43.66031,-20.11857],[-43.61843,-20.1936],[-43.53372,-20.16086],[-43.51087,-20.12857],[-43.46804,-20.03399],[-43.31575,-20.0781],[-43.28815,-20.05354],[-43.22057,-19.89256],[-43.4195,-19.90939]]]},"properties":{"cod_ibge":"315720","name":"Santa Bárbara","uf":"MG"}},
{"type":"Feature","geometry":{"type":"Polygon","coordinates":[[[-44.17953,-22.22856],[-44.20713,-22.07031],[-44.22854,-22.07532],[-44.31944,-22.15535],[-44.35942,-22.25403],[-44.25995,-22.26813],[-44.18904,-22.24039],[-44.17953,-22.22856]]]},"properties":{"cod_ibge":"314780","name":"Passa Vinte","uf":"MG"}},
{"type":"Feature","geometry":{"type":"Polygon","coordinates":[[[-44.55407,-19.43055],[-44.55787,-19.5365],[-44.56501,-19.60426],[-44.49791,-19.63882],[-44.40035,-19.58925],[-44.44651,-19.54423],[-44.51409,-19.48375],[-44.54169,-19.42782],[-44.55026,-19.42645],[-44.55407,-19.43055]]]},"properties":{"cod_ibge":"312640","name":"Fortuna de Minas","uf":"MG"}},
{"type":"Feature","geometry":{"type":"Polygon","coordinates":[[[-46.82606,-19.77478],[-46.74134,-19.61881],[-46.90648,-19.48193],[-47.23439,-19.642],[-47.07115,-19.68838],[-47.07353,-19.83663],[-46.97692,-19.77933],[-46.82606,-19.77478]]]},"properties":{"cod_ibge":"310400","name":"Araxá","uf":"MG"}},
{"type":"Feature","geometry":{"type":"Polygon","coordinates":[[[-43.34526,-20.13949],[-43.31575,-20.0781],[-43.46804,-20.03399],[-43.51087,-20.12857],[-43.34526,-20.13949]]]},"properties":{"cod_ibge":"311535","name":"Catas Altas","uf":"MG"}},
{"type":"Feature","geometry":{"type":"Polygon","coordinates":[[[-45.36406,-22.07441],[-45.27031,-21.9489],[-45.35455,-21.94435],[-45.4364,-21.97755],[-45.47685,-21.98982],[-45.45877,-22.08214],[-45.36406,-22.07441]]]},"properties":{"cod_ibge":"313780","name":"Lambari","uf":"MG"}},
{"type":"Feature","geometry":{"type":"Polygon","coordinates":[[[-43.22295,-19.78388],[-43.39951,-19.67156],[-43.39047,-19.77251],[-43.4195,-19.90939],[-43.22057,-19.89256],[-43.19297,-19.86755],[-43.22295,-19.78388]]]},"properties":{"cod_ibge":"316190","name":"São Gonçalo do Rio Abaixo","uf":"MG"}},
{"type":"Feature","geometry":{"type":"Polygon","coordinates":[[[-42.92979,-20.66153],[-42.78226,-20.67335],[-42.76893,-20.66744],[-42.80129,-20.60605],[-42.86982,-20.56058],[-42.8822,-20.56876],[-42.92979,-20.66153]]]},"properties":{"cod_ibge":"316850","name":"Teixeiras","uf":"MG"}},
{"type":"Feature","geometry":{"type":"Polygon","coordinates":[[[-43.89541,-20.88617],[-43.89398,-20.80432],[-43.9568,-20.75884],[-44.00249,-20.80022],[-43.92253,-20.92755],[-43.89541,-20.88617]]]},"properties":{"cod_ibge":"311490","name":"Casa Grande","uf":"MG"}},
{"type":"Feature","geometry":{"type":"Polygon","coordinates":[[[-43.13776,-20.56194],[-42.96739,-20.67835],[-42.92979,-20.66153],[-42.8822,-20.56876],[-43.03639,-20.44871],[-43.05257,-20.45599],[-43.15727,-20.51146],[-43.13776,-20.56194]]]},"properties":{"cod_ibge":"312820","name":"Guaraciaba","uf":"MG"}},
{"type":"Feature","geometry":{"type":"Polygon","coordinates":[[[-41.67958,-19.68975],[-41.4954,-19.69657],[-41.38642,-19.65837],[-41.4321,-19.54059],[-41.51015,-19.4933],[-41.58582,-19.44282],[-41.66339,-19.45465],[-41.75144,-19.59471],[-41.67958,-19.68975]]]},"properties":{"cod_ibge":"315190","name":"Pocrane","uf":"MG"}},
{"type":"Feature","geometry":{"type":"Polygon","coordinates":[[[-44.04104,-19.07903],[-43.96917,-19.1477],[-43.8502,-19.14406],[-43.7731,-19.0613],[-43.73836,-19.0181],[-43.71837,-18.95944],[-43.79594,-18.76708],[-43.86876,-18.67158],[-43.99868,-18.66795],[-43.95252,-18.8221],[-44.07435,-18.91442],[-44.12051,-18.94534],[-44.04104,-19.07903]]]},"properties":{"cod_ibge":"315850","name":"Santana de Pirapama","uf":"MG"}},
{"type":"Feature","geometry":{"type":"Polygon","coordinates":[[[-42.80415,-15.60573],[-42.75513,-15.39836],[-42.83128,-15.32379],[-42.96263,-15.32697],[-43.03972,-15.40564],[-42.91218,-15.49522],[-42.80415,-15.60573]]]},"properties":{"cod_ibge":"314100","name":"Mato Verde","uf":"MG"}},
{"type":"Feature","geometry":{"type":"Polygon","coordinates":[[[-43.21771,-17.41423],[-43.29529,-17.37967],[-43.37096,-17.52246],[-43.61129,-17.62932],[-43.60701,-17.74983],[-43.75073,-17.89034],[-43.76358,-17.92445],[-43.95585,-18.1409],[-44.08815,-18.22048],[-43.93015,-18.37737],[-43.85876,-18.36873],[-43.6822,-18.37509],[-43.57036,-18.43921],[-43.40237,-18.29324],[-43.38381,-18.25686],[-43.5518,-18.04541],[-43.49945,-17.84896],[-43.40808,-17.94718],[-43.38143,-17.79757],[-43.291,-17.71254],[-43.22723,-17.56293],[-43.21771,-17.41423]]]},"properties":{"cod_ibge":"312160","name":"Diamantina","uf":"MG"}},
{"type":"Feature","geometry":{"type":"Polygon","coordinates":[[[-45.97608,-20.33821],[-45.83474,-20.3523],[-45.82046,-20.28864],[-45.89042,-20.21725],[-45.97608,-20.33821]]]},"properties":{"cod_ibge":"312340","name":"Doresópolis","uf":"MG"}},
{"type":"Feature","geometry":{"type":"Polygon","coordinates":[[[-42.19736,-20.00352],[-42.24781,-20.08355],[-42.20974,-20.08946],[-42.19736,-20.00352]]]},"properties":{"cod_ibge":"317115","name":"Vermelho Novo","uf":"MG"}},
{"type":"Feature","geometry":{"type":"Polygon","coordinates":[[[-45.06043,-22.14398],[-45.04378,-22.14898],[-45.00713,-22.11169],[-45.07471,-22.09669],[-45.06043,-22.14398]]]},"properties":{"cod_ibge":"316370","name":"São Lourenço","uf":"MG"}},
{"type":"Feature","geometry":{"type":"Polygon","coordinates":[[[-45.33456,-19.31686],[-45.65008,-19.2009],[-45.78429,-19.15725],[-45.8038,-19.1959],[-45.85187,-19.3255],[-45.7129,-19.31413],[-45.62343,-19.35551],[-45.46591,-19.32232],[-45.33884,-19.3446],[-45.33456,-19.31686]]]},"properties":{"cod_ibge":"315370","name":"Quartel Geral","uf":"MG"}},
{"type":"Feature","geometry":{"type":"Polygon","coordinates":[[[-44.23568,-15.98043],[-44.1267,-15.97134],[-43.96917,-16.08684],[-43.76548,-16.08911],[-43.64127,-15.93905],[-43.62033,-15.78535],[-43.60272,-15.72077],[-43.7612,-15.77989],[-43.87923,-15.7476],[-44.06245,-15.77125],[-44.20285,-15.82855],[-44.20142,-15.93814],[-44.23568,-15.98043]]]},"properties":{"cod_ibge":"316240","name":"São João da Ponte","uf":"MG"}},
{"type":"Feature","geometry":{"type":"Polygon","coordinates":[[[-42.51908,-19.15725],[-42.35299,-19.22409],[-42.34966,-19.11223],[-42.20831,-18.98445],[-42.27732,-18.97217],[-42.36203,-18.92578],[-42.39058,-18.9276],[-42.5562,-18.93943],[-42.61664,-18.99036],[-42.66423,-19.09768],[-42.62283,-19.11859],[-42.51908,-19.15725]]]},"properties":{"cod_ibge":"310050","name":"Açucena","uf":"MG"}},
{"type":"Feature","geometry":{"type":"Polygon","coordinates":[[[-41.91753,-17.85305],[-41.79903,-17.93945],[-41.6653,-17.91353],[-41.63294,-17.67843],[-41.83996,-17.74937],[-41.99034,-17.75619],[-41.91753,-17.85305]]]},"properties":{"cod_ibge":"315240","name":"Poté","uf":"MG"}},
{"type":"Feature","geometry":{"type":"Polygon","coordinates":[[[-43.68601,-16.9272],[-43.71361,-17.01678],[-43.6684,-17.17049],[-43.48851,-17.17776],[-43.56751,-17.07135],[-43.56608,-16.96358],[-43.62033,-16.9895],[-43.68601,-16.9272]]]},"properties":{"cod_ibge":"312825","name":"Guaraciama","uf":"MG"}},
{"type":"Feature","geometry":{"type":"Polygon","coordinates":[[[-43.86019,-21.96481],[-43.70885,-22.07577],[-43.6684,-22.08623],[-43.5913,-22.05576],[-43.58512,-21.99892],[-43.66554,-21.8534],[-43.86019,-21.96481]]]},"properties":{"cod_ibge":"315727","name":"Santa Bárbara do Monte Verde","uf":"MG"}},
{"type":"Feature","geometry":{"type":"Polygon","coordinates":[[[-46.61618,-21.43004],[-46.5091,-21.48916],[-46.44533,-21.38957],[-46.41154,-21.24723],[-46.6119,-21.2918],[-46.64759,-21.37956],[-46.61618,-21.43004]]]},"properties":{"cod_ibge":"314410","name":"Muzambinho","uf":"MG"}},
{"type":"Feature","geometry":{"type":"Polygon","coordinates":[[[-42.59998,-17.72209],[-42.48672,-17.92672],[-42.4653,-17.83577],[-42.32253,-17.78439],[-42.36917,-17.68025],[-42.28826,-17.59567],[-42.37012,-17.60977],[-42.55858,-17.48426],[-42.59903,-17.50108],[-42.68422,-17.54974],[-42.59998,-17.72209]]]},"properties":{"cod_ibge":"311230","name":"Capelinha","uf":"MG"}},
{"type":"Feature","geometry":{"type":"Polygon","coordinates":[[[-45.74479,-19.49194],[-45.90089,-19.43782],[-45.90232,-19.46511],[-45.94848,-19.60835],[-45.92564,-19.70066],[-45.63628,-19.66292],[-45.74479,-19.49194]]]},"properties":{"cod_ibge":"312470","name":"Estrela do Indaiá","uf":"MG"}},
{"type":"Feature","geometry":{"type":"Polygon","coordinates":[[[-46.32778,-19.64155],[-46.26639,-19.43191],[-46.3906,-19.4019],[-46.49625,-19.31368],[-46.83748,-19.30322],[-46.90648,-19.48193],[-46.74134,-19.61881],[-46.82606,-19.77478],[-46.60048,-19.92667],[-46.51576,-19.85891],[-46.57097,-19.68156],[-46.42439,-19.69748],[-46.32778,-19.64155]]]},"properties":{"cod_ibge":"312950","name":"Ibiá","uf":"MG"}},
{"type":"Feature","geometry":{"type":"Polygon","coordinates":[[[-42.1631,-19.98988],[-42.1255,-20.01898],[-42.02033,-19.91757],[-42.07506,-19.88529],[-42.15644,-19.91348],[-42.16929,-19.93849],[-42.1631,-19.98988]]]},"properties":{"cod_ibge":"315725","name":"Santa Bárbara do Leste","uf":"MG"}},
{"type":"Feature","geometry":{"type":"Polygon","coordinates":[[[-46.29209,-21.1531],[-46.07031,-21.14719],[-46.14313,-21.0526],[-46.35015,-21.01304],[-46.29209,-21.1531]]]},"properties":{"cod_ibge":"311710","name":"Conceição da Aparecida","uf":"MG"}},
{"type":"Feature","geometry":{"type":"Polygon","coordinates":[[[-45.58822,-20.46735],[-45.55585,-20.38505],[-45.66055,-20.29683],[-45.82046,-20.28864],[-45.83474,-20.3523],[-45.83474,-20.35822],[-45.71576,-20.50783],[-45.58822,-20.46735]]]},"properties":{"cod_ibge":"314650","name":"Pains","uf":"MG"}},
{"type":"Feature","geometry":{"type":"Polygon","coordinates":[[[-45.84901,-21.96481],[-45.73099,-21.95481],[-45.73908,-21.86204],[-45.73147,-21.80565],[-45.78762,-21.82293],[-45.84901,-21.80884],[-45.85901,-21.89387],[-45.84901,-21.96481]]]},"properties":{"cod_ibge":"316980","name":"Turvolândia","uf":"MG"}},
{"type":"Feature","geometry":{"type":"Polygon","coordinates":[[[-43.53705,-19.76069],[-43.39047,-19.77251],[-43.39951,-19.67156],[-43.54181,-19.62381],[-43.538,-19.75432],[-43.53705,-19.76069]]]},"properties":{"cod_ibge":"310770","name":"Bom Jesus do Amparo","uf":"MG"}},
{"type":"Feature","geometry":{"type":"Polygon","coordinates":[[[-45.84188,-22.28404],[-45.66008,-22.27768],[-45.57489,-22.32224],[-45.55062,-22.26312],[-45.51826,-22.21674],[-45.61582,-22.16035],[-45.66484,-22.16763],[-45.85377,-22.23538],[-45.84188,-22.28404]]]},"properties":{"cod_ibge":"315960","name":"Santa Rita do Sapucaí","uf":"MG"}},
{"type":"Feature","geometry":{"type":"Polygon","coordinates":[[[-43.98631,-20.50692],[-43.9154,-20.42643],[-43.92729,-20.40505],[-44.08149,-20.30865],[-44.12146,-20.30774],[-44.15145,-20.42188],[-44.15859,-20.51101],[-43.98631,-20.50692]]]},"properties":{"cod_ibge":"310640","name":"Belo Vale","uf":"MG"}},
{"type":"Feature","geometry":{"type":"Polygon","coordinates":[[[-40.12764,-15.90722],[-40.23567,-15.80354],[-40.37796,-15.81854],[-40.44983,-15.7617],[-40.51979,-15.79763],[-40.41889,-15.93268],[-40.22948,-15.9677],[-40.12764,-15.90722]]]},"properties":{"cod_ibge":"313650","name":"Jordânia","uf":"MG"}},
{"type":"Feature","geometry":{"type":"Polygon","coordinates":[[[-46.32254,-21.57328],[-46.20975,-21.44686],[-46.24021,-21.42185],[-46.44533,-21.38957],[-46.5091,-21.48916],[-46.51196,-21.56555],[-46.32254,-21.57328]]]},"properties":{"cod_ibge":"310950","name":"Cabo Verde","uf":"MG"}},
{"type":"Feature","geometry":{"type":"Polygon","coordinates":[[[-44.65972,-16.13413],[-44.49791,-16.05819],[-44.43033,-15.97316],[-44.43842,-15.85083],[-44.56311,-15.85538],[-44.68351,-15.7758],[-44.7787,-15.80763],[-45.03616,-15.55389],[-45.09422,-15.58663],[-45.25746,-15.74533],[-45.22557,-15.84355],[-45.0414,-16.00772],[-45.07947,-16.12186],[-44.9762,-16.16278],[-44.65972,-16.13413]]]},"properties":{"cod_ibge":"316110","name":"São Francisco","uf":"MG"}},
{"type":"Feature","geometry":{"type":"Polygon","coordinates":[[[-44.00677,-14.97864],[-44.09339,-14.82767],[-44.21284,-14.76628],[-44.29565,-14.81993],[-44.48363,-14.90724],[-44.27804,-14.99365],[-44.00677,-14.97864]]]},"properties":{"cod_ibge":"316245","name":"São João das Missões","uf":"MG"}},
{"type":"Feature","geometry":{"type":"Polygon","coordinates":[[[-45.91041,-16.53067],[-45.95229,-16.39788],[-46.14884,-16.37833],[-46.27638,-16.32012],[-46.3116,-16.2983],[-46.45865,-16.28693],[-46.51338,-16.38242],[-46.38346,-16.5002],[-46.37347,-16.60479],[-46.2878,-16.57887],[-46.16074,-16.65936],[-46.16883,-16.7785],[-45.99131,-16.69392],[-45.91041,-16.53067]]]},"properties":{"cod_ibge":"310820","name":"Bonfinópolis de Minas","uf":"MG"}},
{"type":"Feature","geometry":{"type":"Polygon","coordinates":[[[-42.26685,-21.71425],[-42.35251,-21.59147],[-42.41057,-21.60148],[-42.43532,-21.6465],[-42.37773,-21.74836],[-42.26685,-21.71425]]]},"properties":{"cod_ibge":"315110","name":"Pirapetinga","uf":"MG"}},
{"type":"Feature","geometry":{"type":"Polygon","coordinates":[[[-44.67637,-21.64013],[-44.6916,-21.74336],[-44.64592,-21.77428],[-44.58119,-21.75154],[-44.49648,-21.57647],[-44.67637,-21.64013]]]},"properties":{"cod_ibge":"314190","name":"Minduri","uf":"MG"}},
{"type":"Feature","geometry":{"type":"Polygon","coordinates":[[[-43.39951,-19.67156],[-43.22295,-19.78388],[-43.19725,-19.79025],[-43.11016,-19.72658],[-43.05733,-19.57788],[-43.19201,-19.52513],[-43.20058,-19.42191],[-43.29481,-19.4601],[-43.48184,-19.41918],[-43.54276,-19.54059],[-43.54181,-19.62381],[-43.39951,-19.67156]]]},"properties":{"cod_ibge":"313170","name":"Itabira","uf":"MG"}},
{"type":"Feature","geometry":{"type":"Polygon","coordinates":[[[-46.39679,-21.75973],[-46.21213,-21.79156],[-46.13028,-21.87432],[-46.09173,-21.87659],[-46.08031,-21.8584],[-46.10791,-21.70516],[-46.08411,-21.65241],[-46.17454,-21.58147],[-46.29542,-21.57192],[-46.37394,-21.69333],[-46.39679,-21.75973]]]},"properties":{"cod_ibge":"311100","name":"Campestre","uf":"MG"}},
{"type":"Feature","geometry":{"type":"Polygon","coordinates":[[[-41.89231,-18.93352],[-42.0208,-18.92715],[-42.12645,-19.02492],[-42.05364,-19.04447],[-41.93752,-18.98717],[-41.93752,-18.98308],[-41.89231,-18.93352]]]},"properties":{"cod_ibge":"310180","name":"Alpercata","uf":"MG"}},
{"type":"Feature","geometry":{"type":"Polygon","coordinates":[[[-43.67839,-18.64521],[-43.49136,-18.71842],[-43.59892,-18.53289],[-43.67839,-18.64521]]]},"properties":{"cod_ibge":"315330","name":"Presidente Kubitschek","uf":"MG"}},
{"type":"Feature","geometry":{"type":"Polygon","coordinates":[[[-45.12421,-19.83117],[-44.96478,-19.93485],[-44.88768,-19.91803],[-44.89291,-19.85527],[-44.99143,-19.79343],[-45.1104,-19.80571],[-45.12421,-19.83117]]]},"properties":{"cod_ibge":"314520","name":"Nova Serrana","uf":"MG"}},
{"type":"Feature","geometry":{"type":"Polygon","coordinates":[[[-41.37785,-18.70114],[-41.49064,-18.63702],[-41.53966,-18.58155],[-41.59344,-18.74798],[-41.57107,-18.80573],[-41.37785,-18.76071],[-41.37785,-18.70114]]]},"properties":{"cod_ibge":"312210","name":"Divino das Laranjeiras","uf":"MG"}},
{"type":"Feature","geometry":{"type":"Polygon","coordinates":[[[-42.86935,-18.36418],[-43.11254,-18.42966],[-43.16774,-18.48196],[-43.15299,-18.55426],[-43.07542,-18.56654],[-42.93074,-18.43876],[-42.86935,-18.36418]]]},"properties":{"cod_ibge":"314060","name":"Materlândia","uf":"MG"}},
{"type":"Feature","geometry":{"type":"Polygon","coordinates":[[[-45.13943,-19.21045],[-44.99333,-19.44237],[-44.87673,-19.47784],[-44.75157,-19.3546],[-44.69446,-19.2059],[-44.68304,-19.05766],[-44.78726,-18.98899],[-44.77965,-18.87349],[-45.18607,-18.80937],[-45.18417,-18.87531],[-45.18465,-18.87576],[-45.12325,-18.89259],[-45.09565,-19.15088],[-45.13943,-19.21045]]]},"properties":{"cod_ibge":"315200","name":"Pompéu","uf":"MG"}},
{"type":"Feature","geometry":{"type":"Polygon","coordinates":[[[-45.71671,-21.99392],[-45.61867,-22.01893],[-45.47685,-21.98982],[-45.4364,-21.97755],[-45.49351,-21.81293],[-45.55633,-21.78928],[-45.73908,-21.86204],[-45.73099,-21.95481],[-45.71671,-21.99392]]]},"properties":{"cod_ibge":"316200","name":"São Gonçalo do Sapucaí","uf":"MG"}},
{"type":"Feature","geometry":{"type":"Polygon","coordinates":[[[-44.99285,-21.13446],[-44.86912,-21.21222],[-44.86341,-21.16674],[-44.87768,-21.15538],[-44.94955,-21.10899],[-44.99285,-21.13446]]]},"properties":{"cod_ibge":"313040","name":"Ijaci","uf":"MG"}},
{"type":"Feature","geometry":{"type":"Polygon","coordinates":[[[-42.91218,-15.49522],[-43.03972,-15.40564],[-43.10873,-15.41064],[-43.24674,-15.25694],[-43.26959,-15.15008],[-43.31194,-15.08368],[-43.31147,-15.32697],[-43.23485,-15.50386],[-43.12919,-15.61118],[-42.91218,-15.49522]]]},"properties":{"cod_ibge":"314655","name":"Pai Pedro","uf":"MG"}},
{"type":"Feature","geometry":{"type":"Polygon","coordinates":[[[-44.68351,-15.7758],[-44.3894,-15.59299],[-44.35371,-15.48795],[-44.19238,-15.39791],[-44.13574,-15.25967],[-44.38036,-14.97364],[-44.48696,-14.96454],[-44.57881,-15.08005],[-44.49363,-15.26831],[-44.62688,-15.3397],[-44.77251,-15.46476],[-44.98381,-15.34561],[-44.97525,-15.19782],[-45.30553,-14.83358],[-45.41023,-14.92362],[-45.53587,-14.93817],[-45.61677,-15.01411],[-45.43355,-15.13325],[-45.43973,-15.30878],[-45.26793,-15.36289],[-45.23652,-15.49886],[-45.09422,-15.58663],[-45.03616,-15.55389],[-44.7787,-15.80763],[-44.68351,-15.7758]]]},"properties":{"cod_ibge":"313520","name":"Januária","uf":"MG"}},
{"type":"Feature","geometry":{"type":"Polygon","coordinates":[[[-44.17429,-21.82748],[-44.28565,-21.92843],[-44.25662,-21.97527],[-44.17429,-21.82748]]]},"properties":{"cod_ibge":"310360","name":"Arantina","uf":"MG"}},
{"type":"Feature","geometry":{"type":"Polygon","coordinates":[[[-47.31291,-17.54337],[-47.1511,-17.49745],[-47.05592,-17.58157],[-46.94456,-17.4738],[-46.85794,-17.6134],[-46.73611,-17.61841],[-46.58525,-17.51518],[-46.55098,-17.48881],[-46.48864,-17.2919],[-46.33682,-17.18549],[-46.23736,-16.98359],[-46.56193,-16.88173],[-46.679,-16.79533],[-46.85318,-16.9031],[-46.91933,-16.84398],[-46.93504,-16.69801],[-47.02403,-16.59706],[-47.22582,-16.72029],[-47.14682,-17.03225],[-47.3486,-17.1764],[-47.43807,-17.31782],[-47.51089,-17.32601],[-47.52469,-17.41195],[-47.53659,-17.45697],[-47.46711,-17.53382],[-47.31291,-17.54337]]]},"properties":{"cod_ibge":"314700","name":"Paracatu","uf":"MG"}},
{"type":"Feature","geometry":{"type":"Polygon","coordinates":[[[-42.55334,-18.23458],[-42.47244,-18.3469],[-42.39725,-18.35463],[-42.46387,-18.17774],[-42.5819,-18.1841],[-42.55334,-18.23458]]]},"properties":{"cod_ibge":"313655","name":"José Raydan","uf":"MG"}},
{"type":"Feature","geometry":{"type":"Polygon","coordinates":[[[-45.30553,-14.83358],[-44.97525,-15.19782],[-44.98381,-15.34561],[-44.77251,-15.46476],[-44.62688,-15.3397],[-44.68827,-15.20828],[-44.63259,-15.07914],[-44.73253,-14.94908],[-44.674,-14.88041],[-44.80915,-14.71716],[-44.68875,-14.62576],[-44.74157,-14.46706],[-44.86912,-14.59347],[-45.20559,-14.7449],[-45.30553,-14.83358]]]},"properties":{"cod_ibge":"310825","name":"Bonito de Minas","uf":"MG"}},
{"type":"Feature","geometry":{"type":"Polygon","coordinates":[[[-41.65055,-17.60204],[-41.75382,-17.44197],[-41.90896,-17.53019],[-41.98416,-17.65479],[-42.04269,-17.71618],[-41.99034,-17.75619],[-41.83996,-17.74937],[-41.63294,-17.67843],[-41.65055,-17.60204]]]},"properties":{"cod_ibge":"313700","name":"Ladainha","uf":"MG"}},
{"type":"Feature","geometry":{"type":"Polygon","coordinates":[[[-42.55192,-16.94585],[-42.64186,-16.77032],[-42.73705,-16.85171],[-42.75799,-16.94357],[-42.68136,-17.04452],[-42.55192,-16.94585]]]},"properties":{"cod_ibge":"313652","name":"José Gonçalves de Minas","uf":"MG"}},
{"type":"Feature","geometry":{"type":"Polygon","coordinates":[[[-42.63139,-16.41653],[-42.60046,-16.27465],[-42.69992,-16.17233],[-42.70611,-16.15824],[-42.91789,-16.15141],[-43.15727,-16.2892],[-43.16584,-16.36105],[-43.40522,-16.44972],[-43.48708,-16.81488],[-43.21533,-16.6439],[-43.12967,-16.69392],[-42.9907,-16.68119],[-42.9236,-16.5916],[-42.73086,-16.57341],[-42.73705,-16.65527],[-42.60046,-16.73212],[-42.46863,-16.67255],[-42.45388,-16.66027],[-42.6628,-16.60797],[-42.63139,-16.41653]]]},"properties":{"cod_ibge":"312780","name":"Grão Mogol","uf":"MG"}},
{"type":"Feature","geometry":{"type":"Polygon","coordinates":[[[-45.06043,-22.14398],[-45.07471,-22.09669],[-45.12658,-21.98209],[-45.20035,-21.98528],[-45.23652,-22.0403],[-45.2508,-22.11397],[-45.16418,-22.20082],[-45.06472,-22.1749],[-45.06043,-22.14398]]]},"properties":{"cod_ibge":"311410","name":"Carmo de Minas","uf":"MG"}},
{"type":"Feature","geometry":{"type":"Polygon","coordinates":[[[-46.83748,-19.30322],[-46.49625,-19.31368],[-46.54099,-19.19317],[-46.41202,-19.06721],[-46.50767,-18.91714],[-46.56764,-18.98808],[-46.64759,-19.04902],[-46.75324,-19.00218],[-46.81225,-19.1577],[-46.95693,-19.26911],[-46.83748,-19.30322]]]},"properties":{"cod_ibge":"316680","name":"Serra do Salitre","uf":"MG"}},
{"type":"Feature","geometry":{"type":"Polygon","coordinates":[[[-44.99809,-21.90433],[-44.91385,-21.97209],[-44.92718,-22.08259],[-44.81677,-22.19264],[-44.76632,-22.20128],[-44.67971,-22.13489],[-44.75442,-21.85704],[-44.88482,-21.83658],[-44.9762,-21.85158],[-44.99809,-21.90433]]]},"properties":{"cod_ibge":"310490","name":"Baependi","uf":"MG"}},
{"type":"Feature","geometry":{"type":"Polygon","coordinates":[[[-42.93312,-20.94756],[-42.886,-20.84661],[-42.886,-20.82478],[-42.99689,-20.75657],[-43.03592,-20.77067],[-43.0816,-20.81614],[-43.03687,-20.92937],[-42.94264,-20.98439],[-42.93312,-20.94756]]]},"properties":{"cod_ibge":"314830","name":"Paula Cândido","uf":"MG"}},
{"type":"Feature","geometry":{"type":"Polygon","coordinates":[[[-42.72991,-20.86161],[-42.70944,-20.83933],[-42.71277,-20.81569],[-42.82985,-20.80886],[-42.886,-20.82478],[-42.886,-20.84661],[-42.72991,-20.86161]]]},"properties":{"cod_ibge":"311670","name":"Coimbra","uf":"MG"}},
{"type":"Feature","geometry":{"type":"Polygon","coordinates":[[[-44.94812,-19.68884],[-45.00428,-19.53013],[-45.10136,-19.57606],[-45.12801,-19.78115],[-45.1104,-19.80571],[-44.99143,-19.79343],[-44.94812,-19.68884]]]},"properties":{"cod_ibge":"313830","name":"Leandro Ferreira","uf":"MG"}},
{"type":"Feature","geometry":{"type":"Polygon","coordinates":[[[-42.68517,-19.36825],[-42.69517,-19.41781],[-42.57381,-19.51513],[-42.51432,-19.49239],[-42.50242,-19.49194],[-42.59332,-19.37916],[-42.67756,-19.38189],[-42.68517,-19.36825]]]},"properties":{"cod_ibge":"313130","name":"Ipatinga","uf":"MG"}},
{"type":"Feature","geometry":{"type":"Polygon","coordinates":[[[-42.63139,-16.41653],[-42.6628,-16.60797],[-42.45388,-16.66027],[-42.46768,-16.48838],[-42.4772,-16.43926],[-42.63139,-16.41653]]]},"properties":{"cod_ibge":"313657","name":"Josenópolis","uf":"MG"}},
{"type":"Feature","geometry":{"type":"Polygon","coordinates":[[[-42.17404,-16.76759],[-42.30968,-16.65845],[-42.28921,-16.55295],[-42.37773,-16.47382],[-42.46768,-16.48838],[-42.45388,-16.66027],[-42.46863,-16.67255],[-42.39106,-16.91401],[-42.18689,-16.8649],[-42.17404,-16.76759]]]},"properties":{"cod_ibge":"317160","name":"Virgem da Lapa","uf":"MG"}},
{"type":"Feature","geometry":{"type":"Polygon","coordinates":[[[-43.27244,-19.17225],[-43.50754,-19.16816],[-43.51801,-19.31595],[-43.35097,-19.32596],[-43.29862,-19.28639],[-43.27244,-19.17225]]]},"properties":{"cod_ibge":"314370","name":"Morro do Pilar","uf":"MG"}},
{"type":"Feature","geometry":{"type":"Polygon","coordinates":[[[-45.18893,-21.08762],[-45.09232,-20.95074],[-45.14229,-20.92664],[-45.28221,-21.04624],[-45.18893,-21.08762]]]},"properties":{"cod_ibge":"311190","name":"Cana Verde","uf":"MG"}},
{"type":"Feature","geometry":{"type":"Polygon","coordinates":[[[-42.45578,-18.81437],[-42.32681,-18.81847],[-42.30111,-18.7398],[-42.35156,-18.74434],[-42.47434,-18.73616],[-42.50433,-18.78709],[-42.45578,-18.81437]]]},"properties":{"cod_ibge":"316550","name":"Sardoá","uf":"MG"}},
{"type":"Feature","geometry":{"type":"Polygon","coordinates":[[[-40.54786,-17.28372],[-40.5788,-17.14957],[-40.61402,-17.1864],[-40.75917,-17.16003],[-40.74775,-17.34647],[-40.6045,-17.35602],[-40.54786,-17.28372]]]},"properties":{"cod_ibge":"317030","name":"Umburatiba","uf":"MG"}},
{"type":"Feature","geometry":{"type":"Polygon","coordinates":[[[-42.71277,-20.81569],[-42.7537,-20.7452],[-42.82985,-20.80886],[-42.71277,-20.81569]]]},"properties":{"cod_ibge":"311020","name":"Cajuri","uf":"MG"}},
{"type":"Feature","geometry":{"type":"Polygon","coordinates":[[[-42.8941,-21.37274],[-42.88553,-21.4837],[-42.79939,-21.42458],[-42.7813,-21.38457],[-42.83032,-21.3882],[-42.8941,-21.37274]]]},"properties":{"cod_ibge":"313260","name":"Itamarati de Minas","uf":"MG"}},
{"type":"Feature","geometry":{"type":"Polygon","coordinates":[[[-43.02259,-20.01352],[-43.13157,-20.05945],[-43.28815,-20.05354],[-43.31575,-20.0781],[-43.34526,-20.13949],[-43.29196,-20.21406],[-43.16298,-20.17723],[-43.05971,-20.18951],[-42.92741,-20.0349],[-43.02259,-20.01352]]]},"properties":{"cod_ibge":"310230","name":"Alvinópolis","uf":"MG"}},
{"type":"Feature","geometry":{"type":"Polygon","coordinates":[[[-42.62283,-21.70197],[-42.60617,-21.84658],[-42.4634,-21.7861],[-42.55906,-21.6806],[-42.62283,-21.70197]]]},"properties":{"cod_ibge":"317210","name":"Volta Grande","uf":"MG"}},
{"type":"Feature","geometry":{"type":"Polygon","coordinates":[[[-43.49707,-20.73429],[-43.43616,-20.71564],[-43.45852,-20.63242],[-43.56465,-20.6056],[-43.49707,-20.73429]]]},"properties":{"cod_ibge":"311540","name":"Catas Altas da Noruega","uf":"MG"}},
{"type":"Feature","geometry":{"type":"Polygon","coordinates":[[[-42.69183,-17.12638],[-42.62759,-17.10409],[-42.68136,-17.04452],[-42.75799,-16.94357],[-42.79606,-17.01951],[-42.82556,-17.18095],[-42.69183,-17.12638]]]},"properties":{"cod_ibge":"313835","name":"Leme do Prado","uf":"MG"}},
{"type":"Feature","geometry":{"type":"Polygon","coordinates":[[[-45.37786,-21.31044],[-45.27269,-21.37683],[-45.14467,-21.34864],[-45.16037,-21.14537],[-45.18893,-21.08762],[-45.28221,-21.04624],[-45.34217,-21.06852],[-45.39309,-21.29134],[-45.37786,-21.31044]]]},"properties":{"cod_ibge":"314460","name":"Nepomuceno","uf":"MG"}},
{"type":"Feature","geometry":{"type":"Polygon","coordinates":[[[-46.74658,-20.83251],[-46.84128,-20.68108],[-46.93742,-20.75793],[-46.96312,-20.7934],[-46.8746,-20.88572],[-46.74658,-20.83251]]]},"properties":{"cod_ibge":"315290","name":"Pratápolis","uf":"MG"}},
{"type":"Feature","geometry":{"type":"Polygon","coordinates":[[[-42.9098,-21.51599],[-43.0521,-21.48097],[-43.12301,-21.57101],[-43.16917,-21.61739],[-43.133,-21.6947],[-43.0916,-21.66014],[-42.98119,-21.64968],[-42.91313,-21.66378],[-42.86554,-21.58465],[-42.9098,-21.51599]]]},"properties":{"cod_ibge":"316290","name":"São João Nepomuceno","uf":"MG"}},
{"type":"Feature","geometry":{"type":"Polygon","coordinates":[[[-43.10397,-21.2013],[-42.97024,-21.25678],[-42.9988,-21.13673],[-43.10207,-21.11081],[-43.11968,-21.119],[-43.10397,-21.2013]]]},"properties":{"cod_ibge":"316900","name":"Tocantins","uf":"MG"}},
{"type":"Feature","geometry":{"type":"Polygon","coordinates":[[[-44.72539,-19.61381],[-44.64116,-19.71158],[-44.56501,-19.60426],[-44.55787,-19.5365],[-44.72539,-19.61381]]]},"properties":{"cod_ibge":"314960","name":"Pequi","uf":"MG"}},
{"type":"Feature","geometry":{"type":"Polygon","coordinates":[[[-50.33731,-19.86937],[-50.1717,-19.87574],[-50.10602,-19.87437],[-50.09079,-19.76933],[-50.21453,-19.55924],[-50.45486,-19.58107],[-50.69234,-19.57424],[-50.56194,-19.81344],[-50.45391,-19.78615],[-50.33731,-19.86937]]]},"properties":{"cod_ibge":"313440","name":"Iturama","uf":"MG"}},
{"type":"Feature","geometry":{"type":"Polygon","coordinates":[[[-47.61987,-19.42782],[-47.46663,-19.5606],[-47.36526,-19.43737],[-47.40524,-19.27457],[-47.53278,-19.26911],[-47.63986,-19.19635],[-47.61987,-19.42782]]]},"properties":{"cod_ibge":"315770","name":"Santa Juliana","uf":"MG"}},
{"type":"Feature","geometry":{"type":"Polygon","coordinates":[[[-42.08648,-19.2441],[-42.11551,-19.18999],[-42.17785,-19.12087],[-42.23258,-19.15588],[-42.18023,-19.26366],[-42.11932,-19.31595],[-42.08648,-19.2441]]]},"properties":{"cod_ibge":"316770","name":"Sobrália","uf":"MG"}},
{"type":"Feature","geometry":{"type":"Polygon","coordinates":[[[-42.18689,-16.8649],[-42.39106,-16.91401],[-42.43104,-17.09091],[-42.34156,-17.10773],[-42.23496,-17.06226],[-42.18689,-16.8649]]]},"properties":{"cod_ibge":"312650","name":"Francisco Badaró","uf":"MG"}},
{"type":"Feature","geometry":{"type":"Polygon","coordinates":[[[-41.56536,-17.49199],[-41.3512,-17.34693],[-41.65626,-17.2337],[-41.56916,-17.34374],[-41.56536,-17.49199]]]},"properties":{"cod_ibge":"311545","name":"Catuji","uf":"MG"}},
{"type":"Feature","geometry":{"type":"Polygon","coordinates":[[[-46.05461,-22.37272],[-46.2207,-22.30632],[-46.2445,-22.36362],[-46.09744,-22.395],[-46.05461,-22.37272]]]},"properties":{"cod_ibge":"316905","name":"Tocos do Moji","uf":"MG"}},
{"type":"Feature","geometry":{"type":"Polygon","coordinates":[[[-44.4408,-21.87296],[-44.55787,-21.90433],[-44.55645,-21.96936],[-44.37941,-21.94071],[-44.39844,-21.86659],[-44.4408,-21.87296]]]},"properties":{"cod_ibge":"316640","name":"Seritinga","uf":"MG"}},
{"type":"Feature","geometry":{"type":"Polygon","coordinates":[[[-40.94144,-18.69068],[-41.0509,-18.6343],[-41.02568,-18.52743],[-41.15798,-18.52789],[-41.26458,-18.66067],[-41.24697,-18.70933],[-41.20224,-18.68341],[-41.14656,-18.798],[-41.0252,-18.83711],[-40.91669,-18.81574],[-40.94144,-18.69068]]]},"properties":{"cod_ibge":"313960","name":"Mantena","uf":"MG"}},
{"type":"Feature","geometry":{"type":"Polygon","coordinates":[[[-45.98893,-19.91303],[-45.79762,-19.91484],[-45.92564,-19.70066],[-45.94848,-19.60835],[-46.06936,-19.65019],[-46.13266,-19.80161],[-45.98893,-19.91303]]]},"properties":{"cod_ibge":"311980","name":"Córrego Danta","uf":"MG"}},
{"type":"Feature","geometry":{"type":"Polygon","coordinates":[[[-46.35776,-20.68654],[-46.26781,-20.86616],[-46.16692,-20.80113],[-46.12885,-20.71746],[-46.27543,-20.66016],[-46.35776,-20.68654]]]},"properties":{"cod_ibge":"316294","name":"São José da Barra","uf":"MG"}},
{"type":"Feature","geometry":{"type":"Polygon","coordinates":[[[-43.12491,-20.44871],[-43.291,-20.49646],[-43.15727,-20.51146],[-43.05257,-20.45599],[-43.12491,-20.44871]]]},"properties":{"cod_ibge":"312170","name":"Diogo de Vasconcelos","uf":"MG"}},
{"type":"Feature","geometry":{"type":"Polygon","coordinates":[[[-43.74692,-16.40516],[-43.79642,-16.23418],[-43.76548,-16.08911],[-43.96917,-16.08684],[-43.99011,-16.16324],[-44.0615,-16.38197],[-44.21094,-16.39061],[-43.96965,-16.51475],[-44.14621,-16.72621],[-44.13003,-16.82125],[-44.13241,-16.96403],[-44.19571,-17.10364],[-44.10576,-17.14593],[-44.0201,-17.11319],[-43.86923,-16.92083],[-43.70124,-16.8508],[-43.67459,-16.80897],[-43.66792,-16.7253],[-43.74978,-16.57842],[-43.74692,-16.40516]]]},"properties":{"cod_ibge":"314330","name":"Montes Claros","uf":"MG"}},
{"type":"Feature","geometry":{"type":"Polygon","coordinates":[[[-41.80188,-15.10051],[-41.80236,-15.10051],[-41.88041,-15.36335],[-41.70432,-15.50887],[-41.50254,-15.5266],[-41.36405,-15.49295],[-41.4559,-15.41019],[-41.76,-15.1378],[-41.80188,-15.10051]]]},"properties":{"cod_ibge":"314465","name":"Ninheira","uf":"MG"}},
{"type":"Feature","geometry":{"type":"Polygon","coordinates":[[[-45.95134,-22.58781],[-45.88328,-22.5005],[-45.88566,-22.4673],[-45.92373,-22.4723],[-45.95609,-22.53551],[-45.94848,-22.55234],[-45.95134,-22.58781]]]},"properties":{"cod_ibge":"311850","name":"Consolação","uf":"MG"}},
{"type":"Feature","geometry":{"type":"Polygon","coordinates":[[[-42.3706,-19.85982],[-42.36346,-19.76023],[-42.47434,-19.77342],[-42.55096,-19.88574],[-42.3706,-19.85982]]]},"properties":{"cod_ibge":"312000","name":"Córrego Novo","uf":"MG"}},
{"type":"Feature","geometry":{"type":"Polygon","coordinates":[[[-41.34263,-15.80126],[-41.42782,-15.71213],[-41.34216,-15.63847],[-41.36214,-15.49522],[-41.36405,-15.49295],[-41.50254,-15.5266],[-41.70432,-15.50887],[-41.74811,-15.58936],[-41.6158,-15.65529],[-41.69671,-15.80081],[-41.61961,-15.93678],[-41.63341,-15.96543],[-41.58725,-15.90267],[-41.38356,-15.81218],[-41.34263,-15.80126]]]},"properties":{"cod_ibge":"310100","name":"Águas Vermelhas","uf":"MG"}},
{"type":"Feature","geometry":{"type":"Polygon","coordinates":[[[-45.01522,-22.33997],[-44.80963,-22.40455],[-44.80344,-22.39363],[-44.88625,-22.26358],[-44.97953,-22.27768],[-45.01475,-22.27586],[-45.01522,-22.33997]]]},"properties":{"cod_ibge":"313310","name":"Itanhandu","uf":"MG"}},
{"type":"Feature","geometry":{"type":"Polygon","coordinates":[[[-44.00772,-19.72203],[-43.95728,-19.67019],[-44.00534,-19.65564],[-44.00772,-19.72203]]]},"properties":{"cod_ibge":"316295","name":"São José da Lapa","uf":"MG"}},
{"type":"Feature","geometry":{"type":"Polygon","coordinates":[[[-46.26639,-19.43191],[-46.32778,-19.64155],[-46.22546,-19.79661],[-46.13266,-19.80161],[-46.06936,-19.65019],[-46.12742,-19.54241],[-46.1555,-19.41008],[-46.26639,-19.43191]]]},"properties":{"cod_ibge":"311150","name":"Campos Altos","uf":"MG"}},
{"type":"Feature","geometry":{"type":"Polygon","coordinates":[[[-44.27233,-20.00488],[-44.27614,-20.11175],[-44.20998,-20.10083],[-44.19618,-20.05127],[-44.27042,-20.00397],[-44.27233,-20.00488]]]},"properties":{"cod_ibge":"316292","name":"São Joaquim de Bicas","uf":"MG"}},
{"type":"Feature","geometry":{"type":"Polygon","coordinates":[[[-44.14954,-20.76521],[-44.00249,-20.80022],[-43.9568,-20.75884],[-43.9449,-20.67608],[-44.04294,-20.6256],[-44.13669,-20.6015],[-44.26519,-20.72337],[-44.14954,-20.76521]]]},"properties":{"cod_ibge":"312390","name":"Entre Rios de Minas","uf":"MG"}},
{"type":"Feature","geometry":{"type":"Polygon","coordinates":[[[-45.85568,-21.51826],[-45.7643,-21.42276],[-45.83141,-21.39366],[-45.85568,-21.51826]]]},"properties":{"cod_ibge":"312520","name":"Fama","uf":"MG"}},
{"type":"Feature","geometry":{"type":"Polygon","coordinates":[[[-40.65399,-16.55613],[-40.58927,-16.78168],[-40.46648,-16.83716],[-40.46268,-16.6871],[-40.52454,-16.55886],[-40.65399,-16.55613]]]},"properties":{"cod_ibge":"315510","name":"Rio do Prado","uf":"MG"}},
{"type":"Feature","geometry":{"type":"Polygon","coordinates":[[[-47.02832,-20.73156],[-47.10113,-20.68199],[-47.18632,-20.73156],[-47.22677,-20.8557],[-47.08447,-20.83615],[-47.02832,-20.73156]]]},"properties":{"cod_ibge":"316510","name":"São Tomás de Aquino","uf":"MG"}},
{"type":"Feature","geometry":{"type":"Polygon","coordinates":[[[-43.47661,-21.28043],[-43.58083,-21.31863],[-43.63128,-21.37547],[-43.46995,-21.37138],[-43.42378,-21.33682],[-43.47661,-21.28043]]]},"properties":{"cod_ibge":"314570","name":"Oliveira Fortes","uf":"MG"}},
{"type":"Feature","geometry":{"type":"Polygon","coordinates":[[[-43.24674,-15.25694],[-43.10873,-15.41064],[-43.03972,-15.40564],[-42.96263,-15.32697],[-43.19535,-15.23375],[-43.24674,-15.25694]]]},"properties":{"cod_ibge":"311547","name":"Catuti","uf":"MG"}},
{"type":"Feature","geometry":{"type":"Polygon","coordinates":[[[-49.25985,-20.25863],[-49.12089,-20.27045],[-49.06568,-20.15358],[-49.26509,-20.22952],[-49.25985,-20.25863]]]},"properties":{"cod_ibge":"312700","name":"Fronteira","uf":"MG"}},
{"type":"Feature","geometry":{"type":"Polygon","coordinates":[[[-44.14764,-19.30322],[-44.00629,-19.33323],[-43.99202,-19.26457],[-43.84258,-19.21227],[-43.8502,-19.14406],[-43.96917,-19.1477],[-44.04104,-19.07903],[-44.13812,-19.24365],[-44.16049,-19.29276],[-44.14764,-19.30322]]]},"properties":{"cod_ibge":"313570","name":"Jequitibá","uf":"MG"}}
]}