{"type":"FeatureCollection", "features": [
{"type":"Feature","geometry":{"type":"Polygon","coordinates":[[[-39.45946,-6.324931],[-39.475641,-6.337209],[-39.491822,-6.326296],[-39.522756,-6.339483],[-39.542268,-6.320384],[-39.559877,-6.332662],[-39.594142,-6.30947],[-39.60604,-6.322203],[-39.626028,-6.31902],[-39.652203,-6.337209],[-39.678854,-6.336755],[-39.699794,-6.328115],[-39.708836,-6.340393],[-39.726921,-6.370405],[-39.775939,-6.410877],[-39.764993,-6.442709],[-39.771656,-6.459535],[-39.725017,-6.496368],[-39.743102,-6.505009],[-39.75024,-6.520924],[-39.728824,-6.543207],[-39.772608,-6.606416],[-39.773084,-6.624151],[-39.736439,-6.612782],[-39.737391,-6.633245],[-39.714547,-6.621877],[-39.677902,-6.622786],[-39.646968,-6.610508],[-39.602708,-6.585952],[-39.536081,-6.557758],[-39.517997,-6.542297],[-39.51181,-6.525017],[-39.488014,-6.510011],[-39.461839,-6.510011],[-39.443279,-6.49364],[-39.420911,-6.462718],[-39.398068,-6.464991],[-39.40711,-6.4418],[-39.408062,-6.408604],[-39.416628,-6.390414],[-39.434237,-6.398145],[-39.473261,-6.374498],[-39.45946,-6.324931]]]},"properties":{"cod_ibge":"230740","name":"Jucás","uf":"CE"}},
{"type":"Feature","geometry":{"type":"Polygon","coordinates":[[[-40.532635,-3.240428],[-40.493134,-3.259982],[-40.480285,-3.299544],[-40.486472,-3.335014],[-40.501225,-3.349566],[-40.505984,-3.368665],[-40.531683,-3.389583],[-40.541201,-3.410046],[-40.561665,-3.406408],[-40.570232,-3.43824],[-40.537394,-3.448244],[-40.515502,-3.393221],[-40.461248,-3.381398],[-40.4227,-3.369574],[-40.392717,-3.382307],[-40.355121,-3.371393],[-40.341795,-3.35093],[-40.341319,-3.31637],[-40.340843,-3.289995],[-40.359404,-3.274079],[-40.386055,-3.272715],[-40.407471,-3.23679],[-40.432218,-3.213598],[-40.450302,-3.180402],[-40.453634,-3.15039],[-40.481712,-3.121286],[-40.509315,-3.109463],[-40.574515,-3.135838],[-40.575467,-3.166305],[-40.547388,-3.188133],[-40.532635,-3.240428]]]},"properties":{"cod_ibge":"231280","name":"Senador Sá","uf":"CE"}},
{"type":"Feature","geometry":{"type":"Polygon","coordinates":[[[-38.238277,-5.210818],[-38.248747,-5.18126],[-38.226855,-5.090312],[-38.230187,-5.056206],[-38.253506,-5.050749],[-38.259217,-4.98845],[-38.237801,-4.969805],[-38.21353,-4.974353],[-38.261597,-4.883859],[-38.299669,-4.8925],[-38.33679,-4.860668],[-38.369152,-4.851118],[-38.368676,-4.75244],[-38.337742,-4.753804],[-38.307284,-4.650123],[-38.281585,-4.657854],[-38.237325,-4.617382],[-38.214482,-4.590097],[-38.234946,-4.574181],[-38.304429,-4.536438],[-38.323465,-4.519158],[-38.360586,-4.501423],[-38.382002,-4.518703],[-38.364869,-4.543259],[-38.380574,-4.578274],[-38.408177,-4.598283],[-38.434352,-4.6383],[-38.457671,-4.653306],[-38.498599,-4.651487],[-38.529058,-4.680591],[-38.532389,-4.709694],[-38.521919,-4.737433],[-38.541907,-4.756987],[-38.572365,-4.764718],[-38.580932,-4.802006],[-38.611866,-4.836566],[-38.649463,-4.850663],[-38.666595,-4.869308],[-38.638993,-4.917965],[-38.647559,-4.937519],[-38.628047,-4.922058],[-38.631378,-4.902504],[-38.592354,-4.873855],[-38.518112,-4.890226],[-38.491461,-4.880222],[-38.474804,-4.882495],[-38.438159,-4.875674],[-38.417695,-4.920239],[-38.424834,-4.930698],[-38.507166,-4.956163],[-38.505262,-4.982538],[-38.480991,-5.02301],[-38.498124,-5.058025],[-38.48575,-5.088038],[-38.625191,-5.066665],[-38.618053,-5.11896],[-38.612342,-5.150337],[-38.677065,-5.227188],[-38.691818,-5.227188],[-38.715138,-5.26857],[-38.59854,-5.366794],[-38.542383,-5.421817],[-38.51716,-5.442735],[-38.442918,-5.396352],[-38.412936,-5.374069],[-38.394375,-5.363156],[-38.362489,-5.349514],[-38.34964,-5.326777],[-38.328224,-5.314499],[-38.329176,-5.274936],[-38.300145,-5.258565],[-38.262549,-5.225824],[-38.238277,-5.210818]]]},"properties":{"cod_ibge":"230870","name":"Morada Nova","uf":"CE"}},
{"type":"Feature","geometry":{"type":"Polygon","coordinates":[[[-41.260776,-3.053985],[-41.255541,-3.087635],[-41.311222,-3.135838],[-41.327403,-3.160849],[-41.322168,-3.178583],[-41.237456,-3.179493],[-41.151316,-3.124924],[-41.168449,-3.105825],[-41.171781,-3.085816],[-41.157503,-3.07081],[-41.186058,-3.030338],[-41.193672,-2.998506],[-41.247926,-2.972131],[-41.27077,-2.971677],[-41.25792,-3.002599],[-41.252685,-3.034886],[-41.260776,-3.053985]]]},"properties":{"cod_ibge":"230390","name":"Chaval","uf":"CE"}},
{"type":"Feature","geometry":{"type":"Polygon","coordinates":[[[-39.414724,-3.829772],[-39.354284,-3.844323],[-39.340483,-3.860694],[-39.308597,-3.936181],[-39.293843,-3.91981],[-39.26862,-3.915263],[-39.240066,-3.900256],[-39.214367,-3.945276],[-39.193903,-3.95528],[-39.182481,-3.978017],[-39.191523,-3.993478],[-39.192475,-4.029857],[-39.203897,-4.046683],[-39.063979,-4.066691],[-39.02781,-4.063053],[-39.003539,-3.991659],[-38.943574,-3.944821],[-38.958328,-3.914353],[-38.98831,-3.869334],[-38.999256,-3.835228],[-38.983551,-3.816129],[-38.978316,-3.778841],[-38.9569,-3.768382],[-38.951665,-3.726091],[-38.961659,-3.711994],[-39.001635,-3.685164],[-39.143456,-3.703808],[-39.213415,-3.692895],[-39.276711,-3.737005],[-39.322398,-3.731548],[-39.339531,-3.74428],[-39.35476,-3.738823],[-39.367133,-3.767472],[-39.432333,-3.784752],[-39.423767,-3.825224],[-39.414724,-3.829772]]]},"properties":{"cod_ibge":"231070","name":"Pentecoste","uf":"CE"}},
{"type":"Feature","geometry":{"type":"Polygon","coordinates":[[[-40.59022,-2.846168],[-40.607828,-2.84253],[-40.641618,-2.848897],[-40.670172,-2.84344],[-40.729661,-2.850716],[-40.760595,-2.848897],[-40.792005,-2.867541],[-40.845783,-2.885276],[-40.858156,-2.861175],[-40.906699,-2.861175],[-40.923356,-2.874362],[-40.959525,-2.87891],[-41.002357,-2.889823],[-41.068984,-2.89528],[-41.101822,-2.900737],[-41.086593,-2.907558],[-41.064701,-2.961672],[-41.077075,-2.985774],[-41.081834,-3.019424],[-41.100394,-3.029429],[-41.098966,-3.043071],[-41.119431,-3.064898],[-41.101346,-3.094002],[-40.991887,-3.030338],[-40.880048,-3.010784],[-40.838644,-3.03625],[-40.691588,-3.008511],[-40.563569,-3.016241],[-40.529303,-3.03534],[-40.495038,-3.06217],[-40.511695,-2.954396],[-40.530255,-2.942119],[-40.534062,-2.916198],[-40.527876,-2.889369],[-40.560713,-2.882548],[-40.574515,-2.855718],[-40.59022,-2.846168]]]},"properties":{"cod_ibge":"230260","name":"Camocim","uf":"CE"}},
{"type":"Feature","geometry":{"type":"Polygon","coordinates":[[[-38.570462,-4.2354],[-38.56713,-4.249952],[-38.547618,-4.271324],[-38.553805,-4.283148],[-38.54857,-4.323165],[-38.533817,-4.369093],[-38.494316,-4.388647],[-38.471949,-4.390466],[-38.443394,-4.409111],[-38.436731,-4.383645],[-38.445774,-4.370912],[-38.429593,-4.356816],[-38.403418,-4.358634],[-38.385333,-4.337716],[-38.389616,-4.263594],[-38.359634,-4.266777],[-38.392948,-4.223122],[-38.437207,-4.231762],[-38.465762,-4.245404],[-38.495268,-4.231307],[-38.525726,-4.226305],[-38.570462,-4.2354]]]},"properties":{"cod_ibge":"230395","name":"Chorozinho","uf":"CE"}},
{"type":"Feature","geometry":{"type":"Polygon","coordinates":[[[-39.747385,-7.022503],[-39.757379,-7.04524],[-39.74215,-7.092988],[-39.693131,-7.170294],[-39.62698,-7.19485],[-39.599853,-7.209856],[-39.599377,-7.080255],[-39.577485,-7.073889],[-39.579865,-7.043876],[-39.632215,-7.022503],[-39.680757,-7.016137],[-39.716451,-7.00204],[-39.747385,-7.022503]]]},"properties":{"cod_ibge":"230920","name":"Nova Olinda","uf":"CE"}},
{"type":"Feature","geometry":{"type":"Polygon","coordinates":[[[-39.129655,-4.628295],[-39.160113,-4.635571],[-39.180101,-4.655125],[-39.230548,-4.652851],[-39.237686,-4.643757],[-39.282422,-4.651487],[-39.292892,-4.66331],[-39.294795,-4.688321],[-39.304789,-4.70742],[-39.332392,-4.718789],[-39.36285,-4.738797],[-39.367133,-4.7247],[-39.369513,-4.741981],[-39.346193,-4.747437],[-39.318591,-4.723336],[-39.300982,-4.722427],[-39.303362,-4.750166],[-39.343338,-4.771993],[-39.340007,-4.792002],[-39.34191,-4.814284],[-39.33144,-4.835202],[-39.303362,-4.844297],[-39.30003,-4.880222],[-39.272428,-4.90887],[-39.253391,-4.918874],[-39.224837,-4.961165],[-39.198186,-4.965713],[-39.165824,-4.924786],[-39.140125,-4.880222],[-39.120613,-4.862487],[-39.121564,-4.841114],[-39.102528,-4.842478],[-39.065407,-4.812011],[-39.066359,-4.799278],[-39.043515,-4.782907],[-39.047798,-4.770629],[-39.103956,-4.761989],[-39.072546,-4.726065],[-39.04066,-4.711058],[-39.044467,-4.694688],[-39.034949,-4.667858],[-38.97784,-4.667858],[-38.994021,-4.646485],[-39.047798,-4.640119],[-39.063979,-4.653761],[-39.077781,-4.639209],[-39.112046,-4.643302],[-39.129655,-4.628295]]]},"properties":{"cod_ibge":"230393","name":"Choró","uf":"CE"}},
{"type":"Feature","geometry":{"type":"Polygon","coordinates":[[[-38.147854,-4.102161],[-38.192114,-4.040771],[-38.223048,-4.00712],[-38.236374,-4.022581],[-38.235422,-4.039862],[-38.256838,-4.044409],[-38.263024,-4.073512],[-38.294434,-4.061689],[-38.291579,-4.096249],[-38.348688,-4.088064],[-38.370104,-4.065782],[-38.372484,-4.078514],[-38.382002,-4.145361],[-38.392948,-4.223122],[-38.359634,-4.266777],[-38.389616,-4.263594],[-38.385333,-4.337716],[-38.403418,-4.358634],[-38.429593,-4.356816],[-38.445774,-4.370912],[-38.436731,-4.383645],[-38.367724,-4.464589],[-38.358682,-4.479141],[-38.360586,-4.501423],[-38.334887,-4.465498],[-38.320134,-4.432757],[-38.293007,-4.438214],[-38.291103,-4.416386],[-38.268735,-4.405018],[-38.250651,-4.35818],[-38.227331,-4.350449],[-38.227331,-4.205387],[-38.211626,-4.196747],[-38.18212,-4.195383],[-38.16118,-4.139904],[-38.16118,-4.117622],[-38.147854,-4.102161]]]},"properties":{"cod_ibge":"230350","name":"Cascavel","uf":"CE"}},
{"type":"Feature","geometry":{"type":"Polygon","coordinates":[[[-37.845176,-4.381826],[-37.854219,-4.379553],[-37.906569,-4.339535],[-37.960346,-4.291788],[-37.988425,-4.260865],[-38.011269,-4.249497],[-38.115017,-4.148999],[-38.147854,-4.102161],[-38.16118,-4.117622],[-38.16118,-4.139904],[-38.18212,-4.195383],[-38.211626,-4.196747],[-38.227331,-4.205387],[-38.227331,-4.350449],[-38.250651,-4.35818],[-38.268735,-4.405018],[-38.291103,-4.416386],[-38.293007,-4.438214],[-38.320134,-4.432757],[-38.334887,-4.465498],[-38.360586,-4.501423],[-38.323465,-4.519158],[-38.304429,-4.536438],[-38.234946,-4.574181],[-38.214482,-4.590097],[-38.18212,-4.622839],[-38.147854,-4.614198],[-38.123583,-4.619655],[-38.083607,-4.587824],[-38.029353,-4.598283],[-38.000799,-4.597828],[-37.986521,-4.583731],[-37.98081,-4.54144],[-37.963202,-4.530526],[-37.968913,-4.516429],[-37.953684,-4.48005],[-37.967009,-4.464589],[-37.976527,-4.432302],[-37.953684,-4.41866],[-37.950352,-4.403654],[-37.912755,-4.399561],[-37.905141,-4.414113],[-37.880394,-4.412749],[-37.858026,-4.400925],[-37.823284,-4.405927],[-37.845176,-4.381826]]]},"properties":{"cod_ibge":"230220","name":"Beberibe","uf":"CE"}},
{"type":"Feature","geometry":{"type":"Polygon","coordinates":[[[-40.837692,-3.985747],[-40.836265,-3.958463],[-40.822939,-3.956189],[-40.829602,-3.92072],[-40.796764,-3.913444],[-40.777252,-3.883886],[-40.853873,-3.895254],[-40.856253,-3.879338],[-40.872434,-3.868879],[-40.89147,-3.86797],[-40.894326,-3.888433],[-40.918121,-3.889342],[-40.931922,-3.906623],[-40.978561,-3.89298],[-41.101822,-3.930269],[-41.119431,-3.927541],[-41.133708,-3.942092],[-41.167973,-3.94573],[-41.211757,-3.97256],[-41.22889,-3.968013],[-41.249354,-3.98984],[-41.23936,-4.01667],[-41.182726,-4.018034],[-41.165594,-3.999844],[-41.117527,-3.987112],[-41.090876,-4.005756],[-41.074219,-3.995297],[-40.964284,-3.98211],[-40.899561,-3.993023],[-40.881,-3.99075],[-40.856253,-3.975288],[-40.837692,-3.985747]]]},"properties":{"cod_ibge":"230530","name":"Ibiapina","uf":"CE"}},
{"type":"Feature","geometry":{"type":"Polygon","coordinates":[[[-38.625191,-5.066665],[-38.48575,-5.088038],[-38.498124,-5.058025],[-38.480991,-5.02301],[-38.505262,-4.982538],[-38.507166,-4.956163],[-38.424834,-4.930698],[-38.417695,-4.920239],[-38.438159,-4.875674],[-38.474804,-4.882495],[-38.491461,-4.880222],[-38.518112,-4.890226],[-38.592354,-4.873855],[-38.631378,-4.902504],[-38.628047,-4.922058],[-38.647559,-4.937519],[-38.647559,-4.97981],[-38.677541,-5.005275],[-38.676589,-5.028467],[-38.686108,-5.054842],[-38.658981,-5.045747],[-38.635661,-5.052113],[-38.625191,-5.066665]]]},"properties":{"cod_ibge":"230533","name":"Ibicuitinga","uf":"CE"}},
{"type":"Feature","geometry":{"type":"Polygon","coordinates":[[[-39.371417,-4.717425],[-39.400923,-4.686502],[-39.42567,-4.679226],[-39.421387,-4.645121],[-39.435188,-4.618746],[-39.452321,-4.600102],[-39.443279,-4.576],[-39.464695,-4.563268],[-39.468978,-4.534619],[-39.482779,-4.527343],[-39.493725,-4.481869],[-39.510858,-4.469591],[-39.529894,-4.488235],[-39.562256,-4.470501],[-39.607468,-4.502787],[-39.642685,-4.50688],[-39.704553,-4.544168],[-39.686468,-4.576],[-39.770228,-4.630569],[-39.766421,-4.646485],[-39.74215,-4.646485],[-39.717402,-4.677862],[-39.7293,-4.696052],[-39.737391,-4.736069],[-39.726445,-4.749711],[-39.692179,-4.745164],[-39.665528,-4.731976],[-39.628883,-4.731521],[-39.575582,-4.748802],[-39.509906,-4.7247],[-39.389977,-4.7247],[-39.371417,-4.717425]]]},"properties":{"cod_ibge":"230660","name":"Itatira","uf":"CE"}},
{"type":"Feature","geometry":{"type":"Polygon","coordinates":[[[-40.164757,-7.047514],[-40.136202,-7.112542],[-40.095274,-7.128912],[-40.071955,-7.145738],[-40.000092,-7.151194],[-39.981056,-7.145283],[-39.91776,-7.094352],[-39.897296,-7.09708],[-39.883495,-7.089805],[-39.889682,-7.053425],[-39.901103,-7.068432],[-39.942983,-7.076617],[-39.949646,-7.01068],[-39.966779,-7.002949],[-39.999141,-7.008406],[-40.073382,-7.005223],[-40.081949,-6.982941],[-40.096226,-6.987943],[-40.100033,-7.006587],[-40.122401,-7.022048],[-40.167137,-7.038874],[-40.164757,-7.047514]]]},"properties":{"cod_ibge":"231120","name":"Potengi","uf":"CE"}},
{"type":"Feature","geometry":{"type":"Polygon","coordinates":[[[-38.846489,-6.709187],[-38.79747,-6.724648],[-38.779862,-6.72192],[-38.759398,-6.736926],[-38.748452,-6.75557],[-38.719897,-6.767394],[-38.680873,-6.755116],[-38.652318,-6.756935],[-38.672306,-6.706459],[-38.715138,-6.692816],[-38.739885,-6.677355],[-38.759873,-6.675991],[-38.800802,-6.658711],[-38.83126,-6.65962],[-38.843633,-6.667351],[-38.858863,-6.692816],[-38.846489,-6.709187]]]},"properties":{"cod_ibge":"230180","name":"Baixio","uf":"CE"}},
{"type":"Feature","geometry":{"type":"Polygon","coordinates":[[[-40.498845,-3.629686],[-40.497893,-3.604675],[-40.481237,-3.59558],[-40.498369,-3.577391],[-40.476477,-3.557837],[-40.521689,-3.545104],[-40.520737,-3.514182],[-40.540725,-3.522367],[-40.554051,-3.538283],[-40.577846,-3.566477],[-40.599262,-3.57057],[-40.606876,-3.59558],[-40.58784,-3.639235],[-40.548816,-3.653787],[-40.51455,-3.648785],[-40.498845,-3.629686]]]},"properties":{"cod_ibge":"230050","name":"Alcântaras","uf":"CE"}},
{"type":"Feature","geometry":{"type":"Polygon","coordinates":[[[-38.911213,-5.455468],[-38.919779,-5.419089],[-38.924538,-5.369977],[-38.92311,-5.32905],[-38.895983,-5.309496],[-38.883134,-5.309951],[-38.84982,-5.289488],[-38.809368,-5.221277],[-38.775578,-5.204451],[-38.723228,-5.19854],[-38.707999,-5.200813],[-38.691818,-5.227188],[-38.677065,-5.227188],[-38.612342,-5.150337],[-38.618053,-5.11896],[-38.649939,-5.122598],[-38.699433,-5.093495],[-38.744168,-5.094859],[-38.761777,-5.078943],[-38.793187,-5.078034],[-38.813175,-5.066665],[-38.900267,-5.163525],[-38.9569,-5.152611],[-38.972129,-5.141697],[-38.992117,-5.154885],[-39.031618,-5.163979],[-39.060648,-5.150337],[-39.083016,-5.151247],[-39.088727,-5.173074],[-39.05922,-5.219003],[-39.046847,-5.226279],[-39.033521,-5.266296],[-39.054461,-5.299947],[-39.084919,-5.402263],[-39.05922,-5.414996],[-39.055413,-5.429548],[-39.071118,-5.48639],[-39.060172,-5.510946],[-39.046371,-5.511401],[-39.026858,-5.490028],[-38.97546,-5.520951],[-38.928821,-5.485481],[-38.924538,-5.453649],[-38.911213,-5.455468]]]},"properties":{"cod_ibge":"230185","name":"Banabuiú","uf":"CE"}},
{"type":"Feature","geometry":{"type":"Polygon","coordinates":[[[-40.713956,-6.039355],[-40.733468,-6.029805],[-40.742986,-5.979329],[-40.712528,-5.966141],[-40.695871,-5.912482],[-40.6716,-5.914756],[-40.681594,-5.87292],[-40.671124,-5.85473],[-40.64257,-5.840178],[-40.630196,-5.853366],[-40.599262,-5.838814],[-40.565472,-5.840633],[-40.568804,-5.81062],[-40.563093,-5.787883],[-40.570232,-5.757416],[-40.557382,-5.7415],[-40.624009,-5.733314],[-40.653991,-5.699664],[-40.663986,-5.676927],[-40.679691,-5.690114],[-40.725378,-5.690114],[-40.749649,-5.719672],[-40.792005,-5.733314],[-40.814849,-5.754687],[-40.843879,-5.770603],[-40.872434,-5.762418],[-40.881476,-5.769694],[-40.910031,-5.764237],[-40.905747,-5.849273],[-40.893374,-5.885652],[-40.897657,-5.901113],[-40.880048,-5.917484],[-40.873386,-5.972962],[-40.903844,-6.02071],[-40.906223,-6.04663],[-40.87291,-6.056635],[-40.857681,-6.105292],[-40.806758,-6.104837],[-40.790577,-6.088466],[-40.747746,-6.09074],[-40.732992,-6.07346],[-40.737751,-6.057999],[-40.713956,-6.039355]]]},"properties":{"cod_ibge":"231126","name":"Quiterianópolis","uf":"CE"}},
{"type":"Feature","geometry":{"type":"Polygon","coordinates":[[[-37.540595,-4.644666],[-37.540595,-4.661491],[-37.557251,-4.722427],[-37.527269,-4.755623],[-37.50395,-4.792002],[-37.462545,-4.781088],[-37.416858,-4.782452],[-37.39925,-4.776086],[-37.36546,-4.785181],[-37.355942,-4.794276],[-37.356894,-4.857939],[-37.25267,-4.831564],[-37.2817,-4.75153],[-37.295025,-4.730157],[-37.32596,-4.700144],[-37.34452,-4.690595],[-37.40734,-4.675134],[-37.478726,-4.646485],[-37.494907,-4.62875],[-37.540595,-4.644666]]]},"properties":{"cod_ibge":"230535","name":"Icapuí","uf":"CE"}},
{"type":"Feature","geometry":{"type":"Polygon","coordinates":[[[-38.248747,-5.645549],[-38.266832,-5.678291],[-38.266356,-5.69739],[-38.248747,-5.730586],[-38.25541,-5.743773],[-38.249699,-5.770603],[-38.226855,-5.816077],[-38.226855,-5.833812],[-38.185927,-5.842907],[-38.15071,-5.860187],[-38.146427,-5.892019],[-38.164035,-5.914756],[-38.159276,-5.92476],[-38.122631,-5.88156],[-38.118824,-5.832902],[-38.100264,-5.804709],[-38.073613,-5.777879],[-38.058384,-5.754687],[-38.046962,-5.73286],[-38.089794,-5.71467],[-38.082655,-5.672379],[-38.13786,-5.675108],[-38.194018,-5.632817],[-38.21353,-5.632362],[-38.248747,-5.645549]]]},"properties":{"cod_ibge":"231123","name":"Potiretama","uf":"CE"}},
{"type":"Feature","geometry":{"type":"Polygon","coordinates":[[[-40.554051,-3.538283],[-40.55881,-3.530552],[-40.670172,-3.530098],[-40.6716,-3.511908],[-40.69254,-3.510544],[-40.706341,-3.521003],[-40.762023,-3.505087],[-40.856729,-3.536009],[-40.892422,-3.559201],[-40.903844,-3.575117],[-40.890994,-3.667884],[-40.861488,-3.647875],[-40.82865,-3.633778],[-40.766306,-3.64833],[-40.733468,-3.688802],[-40.760119,-3.709265],[-40.782963,-3.742916],[-40.785818,-3.768836],[-40.779631,-3.786116],[-40.775348,-3.796121],[-40.789626,-3.837047],[-40.766306,-3.862968],[-40.740607,-3.828862],[-40.723474,-3.821131],[-40.715384,-3.806125],[-40.655895,-3.79703],[-40.610684,-3.650149],[-40.548816,-3.653787],[-40.58784,-3.639235],[-40.606876,-3.59558],[-40.599262,-3.57057],[-40.577846,-3.566477],[-40.554051,-3.538283]]]},"properties":{"cod_ibge":"230400","name":"Coreaú","uf":"CE"}},
{"type":"Feature","geometry":{"type":"Polygon","coordinates":[[[-40.574515,-3.135838],[-40.751077,-3.050801],[-40.710149,-3.213144],[-40.727757,-3.234062],[-40.669221,-3.247704],[-40.539297,-3.243611],[-40.532635,-3.240428],[-40.547388,-3.188133],[-40.575467,-3.166305],[-40.574515,-3.135838]]]},"properties":{"cod_ibge":"230790","name":"Martinópole","uf":"CE"}},
{"type":"Feature","geometry":{"type":"Polygon","coordinates":[[[-38.667547,-4.018489],[-38.649463,-4.006211],[-38.635661,-4.023491],[-38.605679,-4.014396],[-38.574745,-4.053958],[-38.573793,-3.995752],[-38.556184,-3.906168],[-38.542383,-3.85933],[-38.568082,-3.865696],[-38.586643,-3.880702],[-38.612818,-3.88434],[-38.618053,-3.899347],[-38.61139,-3.922539],[-38.620432,-3.944821],[-38.639944,-3.968467],[-38.669927,-4.004847],[-38.667547,-4.018489]]]},"properties":{"cod_ibge":"230970","name":"Pacatuba","uf":"CE"}},
{"type":"Feature","geometry":{"type":"Polygon","coordinates":[[[-38.404845,-6.057089],[-38.421978,-6.01207],[-38.397707,-5.994335],[-38.379146,-5.95068],[-38.402466,-5.917029],[-38.419599,-5.89884],[-38.456719,-5.871101],[-38.48337,-5.883833],[-38.46481,-5.821534],[-38.462906,-5.780607],[-38.474328,-5.778788],[-38.485274,-5.792431],[-38.478135,-5.82017],[-38.482419,-5.849728],[-38.511925,-5.877922],[-38.503834,-5.916575],[-38.491461,-5.925669],[-38.511449,-5.97751],[-38.507642,-6.002975],[-38.520015,-6.027077],[-38.540479,-6.042083],[-38.544287,-6.07346],[-38.561895,-6.093469],[-38.588546,-6.164408],[-38.600444,-6.17805],[-38.587119,-6.201697],[-38.551425,-6.234438],[-38.519539,-6.22307],[-38.527154,-6.193511],[-38.500979,-6.179869],[-38.47528,-6.157132],[-38.465762,-6.121663],[-38.440539,-6.096652],[-38.432924,-6.078007],[-38.404845,-6.057089]]]},"properties":{"cod_ibge":"231080","name":"Pereiro","uf":"CE"}},
{"type":"Feature","geometry":{"type":"Polygon","coordinates":[[[-39.596522,-3.626503],[-39.567015,-3.630141],[-39.557497,-3.651513],[-39.514665,-3.669248],[-39.455653,-3.643328],[-39.449942,-3.65788],[-39.426146,-3.655606],[-39.441375,-3.636052],[-39.420435,-3.626048],[-39.491346,-3.601947],[-39.504671,-3.574662],[-39.545123,-3.575117],[-39.596522,-3.626503]]]},"properties":{"cod_ibge":"231380","name":"Uruburetama","uf":"CE"}},
{"type":"Feature","geometry":{"type":"Polygon","coordinates":[[[-40.415561,-3.80658],[-40.404615,-3.907987],[-40.407471,-3.928905],[-40.394621,-3.967103],[-40.377964,-3.992569],[-40.360356,-4.032131],[-40.337512,-3.969832],[-40.30515,-3.932998],[-40.319427,-3.863877],[-40.353217,-3.873881],[-40.369874,-3.861603],[-40.389862,-3.799304],[-40.415561,-3.80658]]]},"properties":{"cod_ibge":"230490","name":"Groaíras","uf":"CE"}},
{"type":"Feature","geometry":{"type":"Polygon","coordinates":[[[-38.394375,-5.363156],[-38.341074,-5.403628],[-38.313471,-5.383619],[-38.260645,-5.410449],[-38.260169,-5.394533],[-38.230187,-5.393169],[-38.158324,-5.357699],[-38.175457,-5.335871],[-38.207819,-5.320865],[-38.224952,-5.289488],[-38.210674,-5.245378],[-38.233518,-5.217184],[-38.238277,-5.210818],[-38.262549,-5.225824],[-38.300145,-5.258565],[-38.329176,-5.274936],[-38.328224,-5.314499],[-38.34964,-5.326777],[-38.362489,-5.349514],[-38.394375,-5.363156]]]},"properties":{"cod_ibge":"231250","name":"São João do Jaguaribe","uf":"CE"}},
{"type":"Feature","geometry":{"type":"Polygon","coordinates":[[[-39.193427,-7.15074],[-39.203897,-7.164837],[-39.198186,-7.183936],[-39.213415,-7.198487],[-39.215794,-7.221224],[-39.233879,-7.225317],[-39.257674,-7.263061],[-39.206752,-7.301714],[-39.225313,-7.328543],[-39.241018,-7.362649],[-39.222933,-7.397209],[-39.22674,-7.41358],[-39.254343,-7.447685],[-39.253867,-7.487702],[-39.194854,-7.503618],[-39.18724,-7.47406],[-39.15345,-7.450868],[-39.093962,-7.464056],[-39.081588,-7.458144],[-39.078257,-7.42222],[-39.102052,-7.340366],[-39.099197,-7.321722],[-39.081112,-7.301259],[-39.082064,-7.268972],[-39.091582,-7.259877],[-39.086347,-7.234412],[-39.025431,-7.194395],[-39.025431,-7.150285],[-39.050178,-7.138462],[-39.089678,-7.157561],[-39.114902,-7.155287],[-39.135842,-7.130731],[-39.162493,-7.13255],[-39.193427,-7.15074]]]},"properties":{"cod_ibge":"230840","name":"Missão Velha","uf":"CE"}},
{"type":"Feature","geometry":{"type":"Polygon","coordinates":[[[-38.53572,-4.041226],[-38.503834,-4.05987],[-38.471949,-4.061689],[-38.441966,-4.071239],[-38.385333,-4.070784],[-38.372484,-4.078514],[-38.370104,-4.065782],[-38.313471,-4.011213],[-38.293007,-4.021672],[-38.25303,-4.028493],[-38.236374,-4.022581],[-38.223048,-4.00712],[-38.273019,-3.944821],[-38.303477,-3.936181],[-38.334887,-3.912534],[-38.36011,-3.884795],[-38.40199,-3.82386],[-38.409604,-3.819312],[-38.422454,-3.843868],[-38.413888,-3.855237],[-38.415791,-3.879793],[-38.432448,-3.885705],[-38.448629,-3.923448],[-38.488129,-3.925722],[-38.508594,-3.936635],[-38.515256,-3.963465],[-38.518588,-4.018034],[-38.53572,-4.041226]]]},"properties":{"cod_ibge":"230100","name":"Aquiraz","uf":"CE"}},
{"type":"Feature","geometry":{"type":"Polygon","coordinates":[[[-38.370104,-4.065782],[-38.348688,-4.088064],[-38.291579,-4.096249],[-38.294434,-4.061689],[-38.263024,-4.073512],[-38.256838,-4.044409],[-38.235422,-4.039862],[-38.236374,-4.022581],[-38.25303,-4.028493],[-38.293007,-4.021672],[-38.313471,-4.011213],[-38.370104,-4.065782]]]},"properties":{"cod_ibge":"231085","name":"Pindoretama","uf":"CE"}},
{"type":"Feature","geometry":{"type":"Polygon","coordinates":[[[-38.566654,-4.12217],[-38.575221,-4.106708],[-38.612818,-4.10398],[-38.604727,-4.058961],[-38.574745,-4.053958],[-38.605679,-4.014396],[-38.635661,-4.023491],[-38.649463,-4.006211],[-38.667547,-4.018489],[-38.672782,-4.039862],[-38.698481,-4.05123],[-38.72656,-4.073512],[-38.743693,-4.071693],[-38.748452,-4.093066],[-38.755114,-4.128081],[-38.781765,-4.130355],[-38.788904,-4.142178],[-38.775578,-4.162641],[-38.756542,-4.157185],[-38.718945,-4.168098],[-38.717518,-4.187197],[-38.697529,-4.171736],[-38.65327,-4.157639],[-38.618529,-4.163551],[-38.613769,-4.152182],[-38.570462,-4.128081],[-38.566654,-4.12217]]]},"properties":{"cod_ibge":"230495","name":"Guaiúba","uf":"CE"}},
{"type":"Feature","geometry":{"type":"Polygon","coordinates":[[[-39.789265,-6.206699],[-39.799259,-6.189874],[-39.796879,-6.147583],[-39.82353,-6.1253],[-39.839711,-6.131212],[-39.892537,-6.113932],[-39.901103,-6.144854],[-39.895392,-6.159861],[-39.925851,-6.195785],[-39.939652,-6.193966],[-39.986767,-6.220796],[-40.016273,-6.223524],[-40.027219,-6.279912],[-40.047683,-6.279003],[-40.060057,-6.303559],[-40.071003,-6.355399],[-40.084328,-6.367222],[-40.061009,-6.366768],[-40.030075,-6.331298],[-39.974393,-6.338574],[-39.955833,-6.331298],[-39.923471,-6.341757],[-39.918712,-6.356763],[-39.894441,-6.368132],[-39.847802,-6.351761],[-39.847326,-6.339483],[-39.821151,-6.288097],[-39.816867,-6.263087],[-39.797355,-6.242169],[-39.789265,-6.206699]]]},"properties":{"cod_ibge":"230360","name":"Catarina","uf":"CE"}},
{"type":"Feature","geometry":{"type":"Polygon","coordinates":[[[-40.495038,-3.06217],[-40.420796,-3.121741],[-40.382247,-3.134019],[-40.364639,-3.154937],[-40.362259,-3.188588],[-40.352741,-3.202685],[-40.319903,-3.193135],[-40.29706,-3.204504],[-40.268505,-3.15039],[-40.235667,-3.168124],[-40.20045,-3.147206],[-40.147624,-3.106734],[-40.152383,-3.090819],[-40.139534,-3.073538],[-40.083852,-3.115375],[-40.082425,-3.085816],[-40.111455,-3.054439],[-40.121449,-3.034886],[-40.147624,-3.042161],[-40.155715,-3.032157],[-40.155239,-2.992595],[-40.170468,-2.984864],[-40.169992,-2.943937],[-40.208541,-2.944847],[-40.236619,-2.952123],[-40.263746,-2.939845],[-40.319903,-2.943937],[-40.330849,-2.963946],[-40.372253,-2.964856],[-40.382723,-2.947575],[-40.410326,-2.950759],[-40.40985,-2.96622],[-40.511695,-2.954396],[-40.495038,-3.06217]]]},"properties":{"cod_ibge":"230230","name":"Bela Cruz","uf":"CE"}},
{"type":"Feature","geometry":{"type":"Polygon","coordinates":[[[-39.371893,-7.61503],[-39.368085,-7.62367],[-39.306693,-7.665051],[-39.266241,-7.664596],[-39.249584,-7.683695],[-39.252439,-7.705068],[-39.20818,-7.689607],[-39.171059,-7.715072],[-39.146312,-7.718256],[-39.117757,-7.683241],[-39.106335,-7.615939],[-39.072546,-7.625943],[-39.171059,-7.562734],[-39.194854,-7.503618],[-39.253867,-7.487702],[-39.371893,-7.458144],[-39.371893,-7.61503]]]},"properties":{"cod_ibge":"230710","name":"Jardim","uf":"CE"}},
{"type":"Feature","geometry":{"type":"Polygon","coordinates":[[[-38.911213,-5.455468],[-38.904074,-5.47002],[-38.909309,-5.595073],[-38.880754,-5.655554],[-38.805085,-5.786519],[-38.762253,-5.781517],[-38.752259,-5.76651],[-38.694674,-5.759235],[-38.676114,-5.745592],[-38.664216,-5.695116],[-38.641848,-5.664649],[-38.621384,-5.656918],[-38.608534,-5.604623],[-38.582835,-5.569608],[-38.559992,-5.565515],[-38.569034,-5.520951],[-38.562847,-5.508218],[-38.529058,-5.490483],[-38.551901,-5.46911],[-38.51716,-5.442735],[-38.542383,-5.421817],[-38.59854,-5.366794],[-38.715138,-5.26857],[-38.691818,-5.227188],[-38.707999,-5.200813],[-38.723228,-5.19854],[-38.775578,-5.204451],[-38.809368,-5.221277],[-38.84982,-5.289488],[-38.883134,-5.309951],[-38.895983,-5.309496],[-38.92311,-5.32905],[-38.924538,-5.369977],[-38.919779,-5.419089],[-38.911213,-5.455468]]]},"properties":{"cod_ibge":"230670","name":"Jaguaretama","uf":"CE"}},
{"type":"Feature","geometry":{"type":"Polygon","coordinates":[[[-38.97784,-4.667858],[-39.034949,-4.667858],[-39.044467,-4.694688],[-39.04066,-4.711058],[-39.072546,-4.726065],[-39.103956,-4.761989],[-39.047798,-4.770629],[-39.043515,-4.782907],[-39.066359,-4.799278],[-39.065407,-4.812011],[-39.102528,-4.842478],[-39.121564,-4.841114],[-39.120613,-4.862487],[-39.140125,-4.880222],[-39.165824,-4.924786],[-39.198186,-4.965713],[-39.224837,-4.961165],[-39.233879,-4.977081],[-39.226264,-5.013006],[-39.216746,-5.009823],[-39.191047,-5.029376],[-39.170583,-5.052568],[-39.147739,-5.061663],[-39.161065,-5.118505],[-39.149167,-5.143971],[-39.083016,-5.151247],[-39.060648,-5.150337],[-39.031618,-5.163979],[-38.992117,-5.154885],[-38.972129,-5.141697],[-38.9569,-5.152611],[-38.900267,-5.163525],[-38.813175,-5.066665],[-38.793187,-5.078034],[-38.761777,-5.078943],[-38.744168,-5.094859],[-38.699433,-5.093495],[-38.649939,-5.122598],[-38.618053,-5.11896],[-38.625191,-5.066665],[-38.635661,-5.052113],[-38.658981,-5.045747],[-38.686108,-5.054842],[-38.676589,-5.028467],[-38.677541,-5.005275],[-38.647559,-4.97981],[-38.647559,-4.937519],[-38.701337,-4.902504],[-38.882658,-4.935245],[-38.891224,-4.893409],[-38.918351,-4.852028],[-38.922158,-4.826562],[-38.875043,-4.852028],[-38.802229,-4.741071],[-38.874568,-4.679681],[-38.883134,-4.70833],[-38.92311,-4.739252],[-38.94405,-4.740616],[-38.951189,-4.71697],[-38.96499,-4.704237],[-38.951665,-4.686502],[-38.953093,-4.66422],[-38.97784,-4.667858]]]},"properties":{"cod_ibge":"231130","name":"Quixadá","uf":"CE"}},
{"type":"Feature","geometry":{"type":"Polygon","coordinates":[[[-39.253867,-7.487702],[-39.254343,-7.447685],[-39.22674,-7.41358],[-39.222933,-7.397209],[-39.241018,-7.362649],[-39.225313,-7.328543],[-39.206752,-7.301714],[-39.257674,-7.263061],[-39.320018,-7.260787],[-39.346669,-7.265334],[-39.3757,-7.305351],[-39.400923,-7.30717],[-39.446134,-7.335819],[-39.445183,-7.572739],[-39.423291,-7.586836],[-39.420435,-7.603206],[-39.391881,-7.608208],[-39.371893,-7.61503],[-39.371893,-7.458144],[-39.253867,-7.487702]]]},"properties":{"cod_ibge":"230190","name":"Barbalha","uf":"CE"}},
{"type":"Feature","geometry":{"type":"Polygon","coordinates":[[[-39.639829,-6.945652],[-39.693131,-6.967025],[-39.702173,-6.954292],[-39.736915,-6.973391],[-39.759282,-6.9934],[-39.800211,-7.011134],[-39.747385,-7.022503],[-39.716451,-7.00204],[-39.680757,-7.016137],[-39.659342,-7.007042],[-39.633643,-6.968844],[-39.639829,-6.945652]]]},"properties":{"cod_ibge":"230060","name":"Altaneira","uf":"CE"}},
{"type":"Feature","geometry":{"type":"Polygon","coordinates":[[[-37.933695,-4.763808],[-37.955587,-4.729703],[-37.950352,-4.661946],[-37.993184,-4.660582],[-37.994136,-4.64694],[-37.973672,-4.615563],[-37.986521,-4.583731],[-38.000799,-4.597828],[-38.029353,-4.598283],[-38.083607,-4.587824],[-38.123583,-4.619655],[-38.147854,-4.614198],[-38.18212,-4.622839],[-38.161656,-4.641483],[-38.146903,-4.664675],[-38.095029,-4.703782],[-38.084559,-4.731521],[-38.060287,-4.754259],[-38.048865,-4.777905],[-38.060287,-4.81292],[-38.042203,-4.844752],[-37.970816,-4.8302],[-37.900382,-4.820651],[-37.933695,-4.763808]]]},"properties":{"cod_ibge":"231000","name":"Palhano","uf":"CE"}},
{"type":"Feature","geometry":{"type":"Polygon","coordinates":[[[-39.050654,-6.025258],[-39.018292,-6.005249],[-38.986406,-6.028441],[-38.989738,-6.076188],[-38.975936,-6.103018],[-38.962611,-6.021165],[-38.953568,-6.016618],[-38.953093,-5.987514],[-38.938339,-5.956137],[-38.919303,-5.949316],[-38.882182,-5.882014],[-38.879327,-5.866098],[-38.839826,-5.832902],[-38.836971,-5.812894],[-38.805085,-5.786519],[-38.880754,-5.655554],[-38.909309,-5.595073],[-38.904074,-5.47002],[-38.911213,-5.455468],[-38.924538,-5.453649],[-38.928821,-5.485481],[-38.97546,-5.520951],[-39.026858,-5.490028],[-39.110618,-5.677381],[-39.162968,-5.798342],[-39.182005,-5.859732],[-39.173438,-5.86337],[-39.172011,-5.904297],[-39.180101,-5.919758],[-39.170107,-5.96023],[-39.161065,-5.955682],[-39.130607,-5.983421],[-39.112522,-5.977055],[-39.060172,-6.00343],[-39.050654,-6.025258]]]},"properties":{"cod_ibge":"231300","name":"Solonópole","uf":"CE"}},
{"type":"Feature","geometry":{"type":"Polygon","coordinates":[[[-40.293252,-4.600556],[-40.318952,-4.622839],[-40.337512,-4.665584],[-40.309433,-4.69105],[-40.315144,-4.70833],[-40.304674,-4.732431],[-40.279451,-4.75244],[-40.273264,-4.770174],[-40.244234,-4.776996],[-40.209968,-4.792457],[-40.184269,-4.784726],[-40.136202,-4.81292],[-40.120022,-4.747892],[-40.059581,-4.71697],[-40.079093,-4.681045],[-40.102889,-4.661946],[-40.106696,-4.624658],[-40.121449,-4.610106],[-40.107648,-4.591916],[-40.07481,-4.587369],[-40.058153,-4.567815],[-40.038641,-4.578274],[-40.024364,-4.544168],[-40.008659,-4.52325],[-40.00152,-4.488235],[-40.02246,-4.461861],[-40.059581,-4.456858],[-40.062912,-4.465953],[-40.101937,-4.493692],[-40.112407,-4.510518],[-40.162377,-4.504606],[-40.180462,-4.507789],[-40.207589,-4.465044],[-40.254228,-4.471865],[-40.244234,-4.485962],[-40.268029,-4.508244],[-40.240427,-4.529617],[-40.241854,-4.555537],[-40.232812,-4.562813],[-40.247565,-4.605558],[-40.271837,-4.610561],[-40.293252,-4.600556]]]},"properties":{"cod_ibge":"230365","name":"Catunda","uf":"CE"}},
{"type":"Feature","geometry":{"type":"Polygon","coordinates":[[[-38.876471,-6.581405],[-38.854579,-6.596866],[-38.790808,-6.600504],[-38.775578,-6.612327],[-38.750831,-6.591864],[-38.735126,-6.570491],[-38.702288,-6.555485],[-38.679445,-6.563215],[-38.626619,-6.531384],[-38.610914,-6.531838],[-38.612342,-6.513194],[-38.595209,-6.500461],[-38.570462,-6.469994],[-38.56713,-6.452259],[-38.538576,-6.421336],[-38.524299,-6.407239],[-38.551425,-6.398145],[-38.571889,-6.404056],[-38.592354,-6.378136],[-38.562371,-6.355854],[-38.577124,-6.347214],[-38.581884,-6.319475],[-38.570462,-6.2931],[-38.579028,-6.279003],[-38.554281,-6.263541],[-38.545714,-6.245352],[-38.528582,-6.238986],[-38.519539,-6.22307],[-38.551425,-6.234438],[-38.587119,-6.201697],[-38.600444,-6.17805],[-38.612818,-6.17032],[-38.655649,-6.18669],[-38.678969,-6.205335],[-38.727036,-6.199878],[-38.735602,-6.164863],[-38.724656,-6.147583],[-38.723704,-6.121663],[-38.754638,-6.111203],[-38.767964,-6.123936],[-38.782241,-6.114387],[-38.800802,-6.122117],[-38.826501,-6.218067],[-38.829356,-6.263541],[-38.836019,-6.291735],[-38.878375,-6.32766],[-38.916448,-6.30947],[-38.935484,-6.340393],[-38.959755,-6.334936],[-38.983551,-6.354944],[-38.983075,-6.379046],[-39.036377,-6.375862],[-39.058744,-6.386776],[-39.081588,-6.364039],[-39.092534,-6.379955],[-39.116329,-6.390869],[-39.129179,-6.408604],[-39.144884,-6.4418],[-39.122992,-6.466356],[-39.060648,-6.445438],[-38.957852,-6.526836],[-38.917875,-6.549573],[-38.921683,-6.566853],[-38.910261,-6.576858],[-38.876471,-6.581405]]]},"properties":{"cod_ibge":"230540","name":"Icó","uf":"CE"}},
{"type":"Feature","geometry":{"type":"Polygon","coordinates":[[[-38.575221,-4.229943],[-38.612342,-4.22585],[-38.626143,-4.248587],[-38.640896,-4.241311],[-38.658029,-4.253135],[-38.665168,-4.273598],[-38.687059,-4.28724],[-38.699909,-4.329986],[-38.693722,-4.380007],[-38.669451,-4.412749],[-38.643752,-4.415022],[-38.622812,-4.402744],[-38.611866,-4.379553],[-38.574269,-4.385009],[-38.533817,-4.369093],[-38.54857,-4.323165],[-38.553805,-4.283148],[-38.547618,-4.271324],[-38.56713,-4.249952],[-38.570462,-4.2354],[-38.575221,-4.229943]]]},"properties":{"cod_ibge":"230195","name":"Barreira","uf":"CE"}},
{"type":"Feature","geometry":{"type":"Polygon","coordinates":[[[-40.635431,-4.924786],[-40.651612,-4.986176],[-40.715384,-4.946159],[-40.827698,-4.978445],[-41.050424,-5.026193],[-41.12181,-5.026193],[-41.131804,-5.048475],[-41.096587,-5.053478],[-41.081834,-5.087583],[-41.026628,-5.109865],[-40.988556,-5.138969],[-40.984272,-5.151247],[-40.961905,-5.151247],[-40.949531,-5.166708],[-40.929067,-5.17171],[-40.931922,-5.201268],[-40.921928,-5.226279],[-40.93573,-5.243104],[-40.911934,-5.266751],[-40.924308,-5.274936],[-40.926687,-5.296764],[-40.913362,-5.308132],[-40.918597,-5.338145],[-40.936206,-5.365884],[-40.917169,-5.389531],[-40.911458,-5.407266],[-40.938109,-5.41636],[-40.937157,-5.438643],[-40.922404,-5.448192],[-40.916217,-5.468201],[-40.929543,-5.493666],[-40.901464,-5.477296],[-40.862916,-5.493211],[-40.845783,-5.479115],[-40.81009,-5.481843],[-40.797716,-5.495485],[-40.774396,-5.493211],[-40.762023,-5.476386],[-40.738703,-5.484117],[-40.722046,-5.463653],[-40.687781,-5.472293],[-40.684926,-5.450921],[-40.659702,-5.448192],[-40.645901,-5.426819],[-40.555002,-5.426819],[-40.550719,-5.401809],[-40.524544,-5.389985],[-40.479333,-5.274481],[-40.414133,-5.228553],[-40.404139,-5.200359],[-40.374633,-5.11896],[-40.373205,-5.105773],[-40.398904,-5.09304],[-40.447923,-5.033469],[-40.45411,-5.044838],[-40.49599,-5.036652],[-40.505032,-5.024374],[-40.539297,-5.012551],[-40.566424,-5.019827],[-40.596406,-4.957527],[-40.635431,-4.924786]]]},"properties":{"cod_ibge":"230410","name":"Crateús","uf":"CE"}},
{"type":"Feature","geometry":{"type":"Polygon","coordinates":[[[-38.950713,-4.182195],[-38.948333,-4.205842],[-38.935008,-4.212208],[-38.941195,-4.235855],[-38.902646,-4.248587],[-38.891224,-4.277236],[-38.848868,-4.229943],[-38.843633,-4.222667],[-38.854579,-4.177193],[-38.880278,-4.171736],[-38.894556,-4.14718],[-38.930249,-4.13854],[-38.95452,-4.137176],[-38.962135,-4.168098],[-38.950713,-4.182195]]]},"properties":{"cod_ibge":"230980","name":"Pacoti","uf":"CE"}},
{"type":"Feature","geometry":{"type":"Polygon","coordinates":[[[-40.561665,-3.406408],[-40.541201,-3.410046],[-40.531683,-3.389583],[-40.505984,-3.368665],[-40.501225,-3.349566],[-40.486472,-3.335014],[-40.480285,-3.299544],[-40.493134,-3.259982],[-40.532635,-3.240428],[-40.539297,-3.243611],[-40.669221,-3.247704],[-40.727757,-3.234062],[-40.834361,-3.208596],[-40.826271,-3.234971],[-40.821511,-3.296361],[-40.852921,-3.315915],[-40.849114,-3.330012],[-40.869578,-3.351839],[-40.877669,-3.370484],[-40.837692,-3.359115],[-40.829126,-3.367755],[-40.849114,-3.417322],[-40.813897,-3.425962],[-40.79962,-3.418232],[-40.771541,-3.422324],[-40.737276,-3.43824],[-40.721095,-3.423688],[-40.722998,-3.404589],[-40.695396,-3.401406],[-40.664461,-3.361389],[-40.637335,-3.357296],[-40.602117,-3.36821],[-40.622106,-3.387309],[-40.604973,-3.41141],[-40.561665,-3.406408]]]},"properties":{"cod_ibge":"231390","name":"Uruoca","uf":"CE"}},
{"type":"Feature","geometry":{"type":"Polygon","coordinates":[[[-38.895032,-7.750542],[-38.8917,-7.610937],[-38.913592,-7.607754],[-38.94643,-7.613665],[-38.968322,-7.60639],[-39.027334,-7.634129],[-39.045419,-7.642314],[-39.072546,-7.625943],[-39.106335,-7.615939],[-39.117757,-7.683241],[-39.068738,-7.731898],[-39.059696,-7.750542],[-39.007822,-7.778281],[-38.970225,-7.777372],[-38.958803,-7.817389],[-38.965942,-7.845583],[-38.962135,-7.844219],[-38.939767,-7.791469],[-38.939767,-7.758728],[-38.895032,-7.750542]]]},"properties":{"cod_ibge":"230720","name":"Jati","uf":"CE"}},
{"type":"Feature","geometry":{"type":"Polygon","coordinates":[[[-39.324302,-4.090338],[-39.444231,-3.969377],[-39.455177,-3.999844],[-39.485635,-4.005301],[-39.502768,-4.001209],[-39.53275,-4.084426],[-39.547027,-4.109892],[-39.547503,-4.142178],[-39.54084,-4.159913],[-39.523232,-4.135812],[-39.520852,-4.118532],[-39.492298,-4.11171],[-39.483731,-4.121715],[-39.449942,-4.13081],[-39.446134,-4.103525],[-39.40711,-4.095795],[-39.370941,-4.110346],[-39.357615,-4.098068],[-39.324302,-4.090338]]]},"properties":{"cod_ibge":"230460","name":"General Sampaio","uf":"CE"}},
{"type":"Feature","geometry":{"type":"Polygon","coordinates":[[[-39.213415,-3.692895],[-39.227216,-3.665156],[-39.219126,-3.646056],[-39.225313,-3.630141],[-39.215794,-3.608768],[-39.261958,-3.585121],[-39.314783,-3.580119],[-39.306693,-3.664246],[-39.278614,-3.67425],[-39.276711,-3.737005],[-39.213415,-3.692895]]]},"properties":{"cod_ibge":"231260","name":"São Luís do Curu","uf":"CE"}},
{"type":"Feature","geometry":{"type":"Polygon","coordinates":[[[-40.450778,-4.209025],[-40.44364,-4.194473],[-40.444592,-4.162641],[-40.431266,-4.158094],[-40.436977,-4.108527],[-40.431266,-4.090792],[-40.47267,-4.08579],[-40.533111,-4.098068],[-40.51455,-4.133538],[-40.518833,-4.165825],[-40.54596,-4.172646],[-40.59831,-4.202204],[-40.562141,-4.206296],[-40.549767,-4.214937],[-40.530731,-4.250406],[-40.517406,-4.256318],[-40.491231,-4.245859],[-40.484092,-4.233126],[-40.450778,-4.209025]]]},"properties":{"cod_ibge":"231395","name":"Varjota","uf":"CE"}},
{"type":"Feature","geometry":{"type":"Polygon","coordinates":[[[-39.475165,-5.701028],[-39.439472,-5.665558],[-39.482779,-5.636455],[-39.494201,-5.615537],[-39.507527,-5.627815],[-39.545599,-5.612808],[-39.563208,-5.615991],[-39.587003,-5.606442],[-39.601757,-5.625086],[-39.630311,-5.622812],[-39.632215,-5.606442],[-39.662197,-5.611444],[-39.675522,-5.621448],[-39.691227,-5.600075],[-39.744529,-5.593709],[-39.749764,-5.576429],[-39.784506,-5.592345],[-39.834476,-5.591435],[-39.852085,-5.625996],[-39.893489,-5.630088],[-39.906814,-5.641912],[-39.931562,-5.633271],[-40.01199,-5.624631],[-40.037689,-5.646459],[-40.047683,-5.674198],[-40.035786,-5.703301],[-40.02246,-5.710123],[-40.006279,-5.720127],[-40.006279,-5.776969],[-39.994857,-5.779243],[-39.975345,-5.821989],[-39.962496,-5.817441],[-39.923947,-5.838814],[-39.94108,-5.86337],[-39.94108,-5.879286],[-39.913477,-5.899295],[-39.871597,-5.883833],[-39.870645,-5.910663],[-39.833524,-5.941131],[-39.83638,-5.977055],[-39.855892,-5.987059],[-39.889206,-6.034352],[-39.905387,-6.036626],[-39.909194,-6.057999],[-39.932513,-6.075734],[-39.960116,-6.085283],[-39.956309,-6.10029],[-39.944411,-6.103928],[-39.91776,-6.0821],[-39.88873,-6.097561],[-39.825434,-6.041628],[-39.813536,-6.012525],[-39.789741,-6.02071],[-39.768801,-6.007523],[-39.703125,-6.005249],[-39.674571,-6.022074],[-39.670287,-5.994335],[-39.652203,-5.966596],[-39.611275,-5.982057],[-39.565588,-5.962503],[-39.546075,-5.862461],[-39.556545,-5.849273],[-39.503243,-5.730131],[-39.475165,-5.701028]]]},"properties":{"cod_ibge":"230850","name":"Mombaça","uf":"CE"}},
{"type":"Feature","geometry":{"type":"Polygon","coordinates":[[[-37.809483,-4.989359],[-37.874683,-4.939338],[-37.872303,-4.923877],[-37.88658,-4.905232],[-37.883725,-4.854301],[-37.900382,-4.820651],[-37.970816,-4.8302],[-38.042203,-4.844752],[-38.060287,-4.81292],[-38.048865,-4.777905],[-38.060287,-4.754259],[-38.084559,-4.731521],[-38.095029,-4.703782],[-38.146903,-4.664675],[-38.161656,-4.641483],[-38.18212,-4.622839],[-38.214482,-4.590097],[-38.237325,-4.617382],[-38.281585,-4.657854],[-38.307284,-4.650123],[-38.337742,-4.753804],[-38.368676,-4.75244],[-38.369152,-4.851118],[-38.33679,-4.860668],[-38.299669,-4.8925],[-38.261597,-4.883859],[-38.21353,-4.974353],[-38.188307,-4.975262],[-38.149758,-5.008458],[-38.142144,-5.032105],[-38.121204,-5.031195],[-38.075516,-5.075305],[-38.060763,-5.080307],[-38.046486,-5.052568],[-38.017931,-5.024374],[-37.963202,-5.006639],[-37.933695,-5.002547],[-37.902285,-4.981174],[-37.885629,-4.985267],[-37.862309,-4.977991],[-37.8447,-4.992542],[-37.813766,-5.002092],[-37.809483,-4.989359]]]},"properties":{"cod_ibge":"231180","name":"Russas","uf":"CE"}},
{"type":"Feature","geometry":{"type":"Polygon","coordinates":[[[-38.587594,-3.696533],[-38.652318,-3.681981],[-38.695626,-3.643783],[-38.748452,-3.616953],[-38.769868,-3.597854],[-38.806513,-3.548742],[-38.831736,-3.57057],[-38.881706,-3.685619],[-38.918351,-3.66652],[-38.940243,-3.683345],[-38.961659,-3.711994],[-38.951665,-3.726091],[-38.9569,-3.768382],[-38.978316,-3.778841],[-38.983551,-3.816129],[-38.999256,-3.835228],[-38.98831,-3.869334],[-38.958328,-3.914353],[-38.943574,-3.944821],[-38.871712,-3.968922],[-38.848393,-3.994842],[-38.811748,-3.962101],[-38.792235,-3.967103],[-38.752735,-3.927995],[-38.743217,-3.935271],[-38.71609,-3.882067],[-38.688011,-3.856601],[-38.669451,-3.827498],[-38.640896,-3.821586],[-38.638041,-3.801578],[-38.621384,-3.777022],[-38.601396,-3.734731],[-38.619004,-3.719724],[-38.622336,-3.702899],[-38.587594,-3.696533]]]},"properties":{"cod_ibge":"230370","name":"Caucaia","uf":"CE"}},
{"type":"Feature","geometry":{"type":"Polygon","coordinates":[[[-40.81009,-4.118532],[-40.797716,-4.131719],[-40.743462,-4.122624],[-40.713004,-4.128081],[-40.682546,-4.057596],[-40.71348,-4.05987],[-40.731089,-3.967558],[-40.75774,-3.952097],[-40.822939,-3.956189],[-40.836265,-3.958463],[-40.837692,-3.985747],[-40.834837,-4.051685],[-40.843879,-4.063963],[-40.847211,-4.10307],[-40.81009,-4.118532]]]},"properties":{"cod_ibge":"230465","name":"Graça","uf":"CE"}},
{"type":"Feature","geometry":{"type":"Polygon","coordinates":[[[-39.632215,-5.337236],[-39.644112,-5.333143],[-39.664101,-5.361792],[-39.68742,-5.358608],[-39.728824,-5.369977],[-39.75262,-5.367703],[-39.782602,-5.379526],[-39.799259,-5.39908],[-39.842567,-5.369067],[-39.876356,-5.374069],[-39.89682,-5.396807],[-39.922519,-5.389985],[-39.934893,-5.364065],[-39.957261,-5.348149],[-39.992954,-5.349968],[-40.021032,-5.328141],[-40.031502,-5.349514],[-40.054822,-5.362701],[-40.058629,-5.397261],[-40.065292,-5.410903],[-40.056726,-5.435459],[-40.05387,-5.4873],[-40.028171,-5.490483],[-40.030551,-5.507763],[-40.013894,-5.518677],[-40.033882,-5.563696],[-40.076714,-5.582341],[-40.057202,-5.598256],[-40.054346,-5.641457],[-40.073382,-5.665103],[-40.063864,-5.68784],[-40.042448,-5.711942],[-40.02246,-5.710123],[-40.035786,-5.703301],[-40.047683,-5.674198],[-40.037689,-5.646459],[-40.01199,-5.624631],[-39.931562,-5.633271],[-39.906814,-5.641912],[-39.893489,-5.630088],[-39.852085,-5.625996],[-39.834476,-5.591435],[-39.784506,-5.592345],[-39.749764,-5.576429],[-39.744529,-5.593709],[-39.691227,-5.600075],[-39.675522,-5.621448],[-39.662197,-5.611444],[-39.632215,-5.606442],[-39.613654,-5.599621],[-39.596522,-5.580522],[-39.585576,-5.540504],[-39.570823,-5.525043],[-39.579865,-5.504125],[-39.638877,-5.472748],[-39.644112,-5.446373],[-39.668384,-5.412722],[-39.661245,-5.382255],[-39.644588,-5.384074],[-39.622697,-5.359063],[-39.632215,-5.337236]]]},"properties":{"cod_ibge":"231050","name":"Pedra Branca","uf":"CE"}},
{"type":"Feature","geometry":{"type":"Polygon","coordinates":[[[-40.254228,-4.471865],[-40.207589,-4.465044],[-40.180462,-4.507789],[-40.162377,-4.504606],[-40.112407,-4.510518],[-40.101937,-4.493692],[-40.062912,-4.465953],[-40.059581,-4.456858],[-40.02246,-4.461861],[-40.00152,-4.488235],[-40.008659,-4.52325],[-40.024364,-4.544168],[-40.038641,-4.578274],[-40.058153,-4.567815],[-40.07481,-4.587369],[-40.107648,-4.591916],[-40.121449,-4.610106],[-40.106696,-4.624658],[-40.102889,-4.661946],[-40.079093,-4.681045],[-40.059581,-4.71697],[-39.926327,-4.734705],[-39.928706,-4.774722],[-39.915857,-4.788364],[-39.884922,-4.790183],[-39.855892,-4.736524],[-39.82353,-4.730157],[-39.798783,-4.743799],[-39.806873,-4.707875],[-39.742626,-4.719698],[-39.7293,-4.696052],[-39.717402,-4.677862],[-39.74215,-4.646485],[-39.766421,-4.646485],[-39.770228,-4.630569],[-39.686468,-4.576],[-39.704553,-4.544168],[-39.745957,-4.544623],[-39.768325,-4.523705],[-39.755951,-4.501878],[-39.722637,-4.484143],[-39.733107,-4.465498],[-39.7293,-4.447309],[-39.738342,-4.422753],[-39.751668,-4.407292],[-39.711692,-4.380007],[-39.714071,-4.354087],[-39.734535,-4.333169],[-39.726445,-4.308158],[-39.739294,-4.294971],[-39.730252,-4.274962],[-39.748812,-4.254954],[-39.765945,-4.248133],[-39.787837,-4.188562],[-39.774036,-4.173555],[-39.7945,-4.161277],[-39.818771,-4.118077],[-39.840663,-4.113529],[-39.859699,-4.13854],[-39.893013,-4.142633],[-39.962972,-4.121715],[-39.99105,-4.086245],[-40.01437,-4.088064],[-40.051491,-4.070329],[-40.057202,-4.058506],[-40.081949,-4.05987],[-40.138106,-4.030767],[-40.18189,-3.974379],[-40.188552,-3.958918],[-40.30515,-3.932998],[-40.337512,-3.969832],[-40.360356,-4.032131],[-40.373681,-4.091702],[-40.431266,-4.090792],[-40.436977,-4.108527],[-40.431266,-4.158094],[-40.444592,-4.162641],[-40.44364,-4.194473],[-40.450778,-4.209025],[-40.439832,-4.253135],[-40.450778,-4.260411],[-40.302295,-4.268596],[-40.322759,-4.313615],[-40.319903,-4.355451],[-40.304198,-4.390466],[-40.27612,-4.431393],[-40.257083,-4.443671],[-40.254228,-4.471865]]]},"properties":{"cod_ibge":"231220","name":"Santa Quitéria","uf":"CE"}},
{"type":"Feature","geometry":{"type":"Polygon","coordinates":[[[-40.511695,-2.954396],[-40.40985,-2.96622],[-40.410326,-2.950759],[-40.43317,-2.941209],[-40.432218,-2.901192],[-40.452206,-2.889823],[-40.447923,-2.848442],[-40.456965,-2.83389],[-40.455062,-2.803423],[-40.497893,-2.784324],[-40.520737,-2.792509],[-40.542629,-2.822067],[-40.587364,-2.839802],[-40.59022,-2.846168],[-40.574515,-2.855718],[-40.560713,-2.882548],[-40.527876,-2.889369],[-40.534062,-2.916198],[-40.530255,-2.942119],[-40.511695,-2.954396]]]},"properties":{"cod_ibge":"230725","name":"Jijoca de Jericoacoara","uf":"CE"}},
{"type":"Feature","geometry":{"type":"Polygon","coordinates":[[[-39.504671,-3.574662],[-39.491346,-3.601947],[-39.420435,-3.626048],[-39.441375,-3.636052],[-39.426146,-3.655606],[-39.354284,-3.662427],[-39.377128,-3.635143],[-39.389977,-3.608313],[-39.374272,-3.577845],[-39.343814,-3.541011],[-39.330964,-3.501449],[-39.430905,-3.431419],[-39.434237,-3.420505],[-39.468026,-3.401861],[-39.44899,-3.445516],[-39.426146,-3.471436],[-39.429953,-3.494628],[-39.418056,-3.505996],[-39.401399,-3.550106],[-39.4152,-3.551925],[-39.435188,-3.575572],[-39.453749,-3.585121],[-39.494677,-3.581029],[-39.504671,-3.574662]]]},"properties":{"cod_ibge":"231355","name":"Tururu","uf":"CE"}},
{"type":"Feature","geometry":{"type":"Polygon","coordinates":[[[-40.731089,-3.967558],[-40.676835,-3.953916],[-40.665413,-3.938909],[-40.713004,-3.917991],[-40.713004,-3.887069],[-40.68445,-3.857511],[-40.679215,-3.841595],[-40.723474,-3.821131],[-40.740607,-3.828862],[-40.766306,-3.862968],[-40.789626,-3.837047],[-40.80771,-3.845687],[-40.825795,-3.868424],[-40.872434,-3.868879],[-40.856253,-3.879338],[-40.853873,-3.895254],[-40.777252,-3.883886],[-40.796764,-3.913444],[-40.829602,-3.92072],[-40.822939,-3.956189],[-40.75774,-3.952097],[-40.731089,-3.967558]]]},"properties":{"cod_ibge":"230900","name":"Mucambo","uf":"CE"}},
{"type":"Feature","geometry":{"type":"Polygon","coordinates":[[[-39.298603,-6.561851],[-39.31288,-6.584588],[-39.3105,-6.605961],[-39.295271,-6.608689],[-39.279566,-6.629153],[-39.290512,-6.674627],[-39.319543,-6.693271],[-39.336199,-6.724648],[-39.328109,-6.735107],[-39.30241,-6.739655],[-39.300506,-6.753751],[-39.327633,-6.770122],[-39.381887,-6.769667],[-39.397592,-6.75557],[-39.418532,-6.7824],[-39.442327,-6.790131],[-39.462791,-6.777853],[-39.47802,-6.75557],[-39.495153,-6.751478],[-39.510382,-6.776943],[-39.517045,-6.810139],[-39.502768,-6.84379],[-39.478496,-6.846519],[-39.473261,-6.864708],[-39.485635,-6.876077],[-39.483255,-6.897904],[-39.418532,-6.895176],[-39.394736,-6.92246],[-39.338579,-6.905635],[-39.266241,-6.881534],[-39.206752,-6.877441],[-39.185812,-6.863799],[-39.181529,-6.827419],[-39.124896,-6.72101],[-39.107763,-6.715553],[-39.129655,-6.710551],[-39.14298,-6.675991],[-39.172963,-6.672808],[-39.178673,-6.613237],[-39.210083,-6.60778],[-39.239114,-6.583679],[-39.298603,-6.561851]]]},"properties":{"cod_ibge":"231400","name":"Várzea Alegre","uf":"CE"}},
{"type":"Feature","geometry":{"type":"Polygon","coordinates":[[[-39.510382,-6.776943],[-39.495153,-6.751478],[-39.47802,-6.75557],[-39.462791,-6.777853],[-39.442327,-6.790131],[-39.418532,-6.7824],[-39.397592,-6.75557],[-39.381887,-6.769667],[-39.327633,-6.770122],[-39.300506,-6.753751],[-39.30241,-6.739655],[-39.328109,-6.735107],[-39.336199,-6.724648],[-39.319543,-6.693271],[-39.290512,-6.674627],[-39.279566,-6.629153],[-39.295271,-6.608689],[-39.3105,-6.605961],[-39.31288,-6.584588],[-39.298603,-6.561851],[-39.28147,-6.525927],[-39.340483,-6.535021],[-39.358567,-6.508646],[-39.348097,-6.485455],[-39.353808,-6.466356],[-39.375224,-6.474996],[-39.398068,-6.464991],[-39.420911,-6.462718],[-39.443279,-6.49364],[-39.461839,-6.510011],[-39.488014,-6.510011],[-39.51181,-6.525017],[-39.517997,-6.542297],[-39.536081,-6.557758],[-39.602708,-6.585952],[-39.646968,-6.610508],[-39.677902,-6.622786],[-39.714547,-6.621877],[-39.737391,-6.633245],[-39.696462,-6.641885],[-39.666004,-6.637338],[-39.646968,-6.685086],[-39.641257,-6.7392],[-39.616986,-6.742383],[-39.599377,-6.758754],[-39.615558,-6.788312],[-39.556545,-6.776489],[-39.544172,-6.768303],[-39.510382,-6.776943]]]},"properties":{"cod_ibge":"230330","name":"Cariús","uf":"CE"}},
{"type":"Feature","geometry":{"type":"Polygon","coordinates":[[[-38.764633,-6.993854],[-38.781289,-7.000675],[-38.806513,-6.989307],[-38.856007,-6.977484],[-38.908833,-7.082529],[-38.925014,-7.114361],[-38.947858,-7.1421],[-38.914544,-7.243052],[-38.878375,-7.236231],[-38.84173,-7.239869],[-38.798422,-7.218951],[-38.783193,-7.226681],[-38.774627,-7.235321],[-38.738458,-7.237595],[-38.672782,-7.232138],[-38.658029,-7.223043],[-38.619956,-7.220315],[-38.624715,-7.191212],[-38.644228,-7.183936],[-38.681824,-7.187574],[-38.676589,-7.169384],[-38.678017,-7.13255],[-38.656601,-7.092533],[-38.677065,-7.067068],[-38.669927,-7.047514],[-38.673734,-7.046149],[-38.691343,-7.029324],[-38.764633,-6.993854]]]},"properties":{"cod_ibge":"230200","name":"Barro","uf":"CE"}},
{"type":"Feature","geometry":{"type":"Polygon","coordinates":[[[-39.003063,-4.260865],[-38.985454,-4.265867],[-38.941195,-4.303156],[-38.93358,-4.323165],[-38.915972,-4.291333],[-38.919303,-4.268596],[-38.891224,-4.277236],[-38.902646,-4.248587],[-38.941195,-4.235855],[-38.935008,-4.212208],[-38.948333,-4.205842],[-38.950713,-4.182195],[-38.966894,-4.185833],[-38.980219,-4.202659],[-39.005918,-4.211753],[-38.998304,-4.244949],[-39.003063,-4.260865]]]},"properties":{"cod_ibge":"230510","name":"Guaramiranga","uf":"CE"}},
{"type":"Feature","geometry":{"type":"Polygon","coordinates":[[[-39.379031,-3.183131],[-39.43614,-3.148571],[-39.462791,-3.144023],[-39.487063,-3.119012],[-39.522756,-3.102187],[-39.550834,-3.07945],[-39.566063,-3.13129],[-39.608895,-3.154027],[-39.626028,-3.149025],[-39.679806,-3.183131],[-39.681233,-3.205413],[-39.703601,-3.245885],[-39.728824,-3.244976],[-39.702649,-3.323191],[-39.723113,-3.336378],[-39.737867,-3.357296],[-39.732156,-3.375486],[-39.735011,-3.400497],[-39.767373,-3.437785],[-39.768801,-3.457794],[-39.783554,-3.464615],[-39.785933,-3.491445],[-39.75262,-3.56102],[-39.769277,-3.595126],[-39.754523,-3.603766],[-39.713119,-3.655151],[-39.701697,-3.617863],[-39.677902,-3.646056],[-39.654582,-3.650604],[-39.635546,-3.62241],[-39.610323,-3.632869],[-39.596522,-3.626503],[-39.545123,-3.575117],[-39.504671,-3.574662],[-39.494677,-3.581029],[-39.453749,-3.585121],[-39.435188,-3.575572],[-39.4152,-3.551925],[-39.401399,-3.550106],[-39.418056,-3.505996],[-39.429953,-3.494628],[-39.426146,-3.471436],[-39.44899,-3.445516],[-39.468026,-3.401861],[-39.480876,-3.395949],[-39.505147,-3.340471],[-39.504671,-3.297271],[-39.52228,-3.274534],[-39.504195,-3.240883],[-39.508003,-3.20223],[-39.475641,-3.197228],[-39.464695,-3.205413],[-39.431381,-3.208142],[-39.399019,-3.18495],[-39.379031,-3.183131]]]},"properties":{"cod_ibge":"230640","name":"Itapipoca","uf":"CE"}},
{"type":"Feature","geometry":{"type":"Polygon","coordinates":[[[-41.27077,-2.971677],[-41.247926,-2.972131],[-41.193672,-2.998506],[-41.186058,-3.030338],[-41.157503,-3.07081],[-41.171781,-3.085816],[-41.168449,-3.105825],[-41.151316,-3.124924],[-41.101346,-3.094002],[-41.119431,-3.064898],[-41.098966,-3.043071],[-41.100394,-3.029429],[-41.081834,-3.019424],[-41.077075,-2.985774],[-41.064701,-2.961672],[-41.086593,-2.907558],[-41.101822,-2.900737],[-41.123238,-2.891642],[-41.177016,-2.886185],[-41.209377,-2.890278],[-41.271246,-2.887095],[-41.293137,-2.906194],[-41.322644,-2.9212],[-41.321692,-2.951668],[-41.302656,-2.967129],[-41.27077,-2.971677]]]},"properties":{"cod_ibge":"230205","name":"Barroquinha","uf":"CE"}},
{"type":"Feature","geometry":{"type":"Polygon","coordinates":[[[-40.882428,-4.784271],[-40.882904,-4.75153],[-40.868151,-4.733795],[-40.871958,-4.712422],[-40.888139,-4.716515],[-40.955242,-4.716515],[-40.963332,-4.688321],[-40.976658,-4.685593],[-40.987128,-4.660127],[-41.051851,-4.629205],[-41.068984,-4.615108],[-41.098966,-4.602375],[-41.147509,-4.599647],[-41.162738,-4.591916],[-41.215088,-4.584186],[-41.220799,-4.573727],[-41.239836,-4.573727],[-41.222227,-4.577819],[-41.233649,-4.610106],[-41.202715,-4.6383],[-41.181299,-4.673315],[-41.202715,-4.701963],[-41.223655,-4.721062],[-41.250306,-4.756532],[-41.212709,-4.771993],[-41.233173,-4.810192],[-41.243167,-4.828381],[-41.23936,-4.854756],[-41.249354,-4.869763],[-41.227938,-4.891135],[-41.234125,-4.908415],[-41.220323,-4.938883],[-41.188913,-4.940702],[-41.150841,-4.992088],[-41.12419,-5.006185],[-41.12181,-5.026193],[-41.050424,-5.026193],[-41.033291,-4.965258],[-41.007592,-4.939338],[-40.992363,-4.915237],[-40.941916,-4.882495],[-40.928591,-4.886133],[-40.885283,-4.86567],[-40.875765,-4.854301],[-40.876241,-4.832019],[-40.886235,-4.797459],[-40.882428,-4.784271]]]},"properties":{"cod_ibge":"231100","name":"Poranga","uf":"CE"}},
{"type":"Feature","geometry":{"type":"Polygon","coordinates":[[[-39.639829,-6.945652],[-39.607468,-6.917458],[-39.617938,-6.897449],[-39.646968,-6.892902],[-39.66648,-6.902452],[-39.654582,-6.862434],[-39.63745,-6.845609],[-39.653155,-6.820598],[-39.691227,-6.824691],[-39.70836,-6.785129],[-39.722162,-6.785129],[-39.741198,-6.805592],[-39.790692,-6.802409],[-39.878736,-6.767394],[-39.90967,-6.763301],[-39.986767,-6.815141],[-40.001996,-6.803318],[-40.053394,-6.825146],[-40.051491,-6.844245],[-40.07719,-6.856523],[-40.091467,-6.860161],[-40.125732,-6.88699],[-40.059105,-6.932919],[-40.07481,-6.982031],[-40.081949,-6.982941],[-40.073382,-7.005223],[-39.999141,-7.008406],[-39.966779,-7.002949],[-39.949646,-7.01068],[-39.942983,-7.076617],[-39.901103,-7.068432],[-39.889682,-7.053425],[-39.873501,-7.067522],[-39.863982,-7.052516],[-39.807349,-7.037055],[-39.772608,-7.061156],[-39.747385,-7.022503],[-39.800211,-7.011134],[-39.759282,-6.9934],[-39.736915,-6.973391],[-39.702173,-6.954292],[-39.693131,-6.967025],[-39.639829,-6.945652]]]},"properties":{"cod_ibge":"230160","name":"Assaré","uf":"CE"}},
{"type":"Feature","geometry":{"type":"Polygon","coordinates":[[[-39.363326,-5.980693],[-39.381887,-5.973417],[-39.412821,-5.9766],[-39.4152,-5.985695],[-39.465171,-5.980693],[-39.481352,-5.987969],[-39.535605,-5.979784],[-39.547027,-6.006613],[-39.567015,-5.986605],[-39.565588,-5.962503],[-39.611275,-5.982057],[-39.652203,-5.966596],[-39.670287,-5.994335],[-39.674571,-6.022074],[-39.703125,-6.005249],[-39.768801,-6.007523],[-39.789741,-6.02071],[-39.813536,-6.012525],[-39.825434,-6.041628],[-39.88873,-6.097561],[-39.892537,-6.113932],[-39.839711,-6.131212],[-39.82353,-6.1253],[-39.796879,-6.147583],[-39.799259,-6.189874],[-39.789265,-6.206699],[-39.770228,-6.20488],[-39.750716,-6.228981],[-39.715499,-6.21443],[-39.735011,-6.258539],[-39.720258,-6.272636],[-39.708836,-6.340393],[-39.699794,-6.328115],[-39.678854,-6.336755],[-39.652203,-6.337209],[-39.626028,-6.31902],[-39.60604,-6.322203],[-39.594142,-6.30947],[-39.559877,-6.332662],[-39.542268,-6.320384],[-39.522756,-6.339483],[-39.491822,-6.326296],[-39.475641,-6.337209],[-39.45946,-6.324931],[-39.463743,-6.280367],[-39.417104,-6.261268],[-39.417104,-6.245807],[-39.390453,-6.22216],[-39.374748,-6.216703],[-39.356663,-6.225798],[-39.307645,-6.174412],[-39.259578,-6.128484],[-39.141553,-6.154404],[-39.090154,-6.093469],[-39.091582,-6.083919],[-39.050654,-6.025258],[-39.060172,-6.00343],[-39.112522,-5.977055],[-39.130607,-5.983421],[-39.161065,-5.955682],[-39.170107,-5.96023],[-39.19771,-5.957501],[-39.203421,-5.98615],[-39.212463,-5.991607],[-39.265765,-5.997064],[-39.277663,-6.004794],[-39.306693,-5.99388],[-39.320494,-6.007068],[-39.337151,-6.001611],[-39.363326,-5.980693]]]},"properties":{"cod_ibge":"230030","name":"Acopiara","uf":"CE"}},
{"type":"Feature","geometry":{"type":"Polygon","coordinates":[[[-38.99878,-4.48096],[-38.980219,-4.496421],[-38.949761,-4.487781],[-38.900743,-4.528253],[-38.87314,-4.526434],[-38.865525,-4.55099],[-38.842206,-4.549625],[-38.83935,-4.578729],[-38.800802,-4.582821],[-38.8522,-4.446399],[-38.866477,-4.430029],[-38.886941,-4.430483],[-38.91264,-4.408656],[-38.922634,-4.410475],[-38.943574,-4.386828],[-38.920255,-4.356816],[-38.945478,-4.349994],[-38.959279,-4.356816],[-38.970225,-4.368184],[-38.983075,-4.380917],[-38.974033,-4.439578],[-38.993069,-4.451856],[-38.99878,-4.48096]]]},"properties":{"cod_ibge":"230290","name":"Capistrano","uf":"CE"}},
{"type":"Feature","geometry":{"type":"Polygon","coordinates":[[[-38.639944,-3.968467],[-38.658505,-3.953916],[-38.658505,-3.918901],[-38.648035,-3.89389],[-38.651842,-3.872972],[-38.688011,-3.856601],[-38.71609,-3.882067],[-38.743217,-3.935271],[-38.752735,-3.927995],[-38.792235,-3.967103],[-38.811748,-3.962101],[-38.848393,-3.994842],[-38.871712,-3.968922],[-38.943574,-3.944821],[-39.003539,-3.991659],[-38.984027,-4.044409],[-38.956424,-4.072603],[-38.943574,-4.103525],[-38.919303,-4.118986],[-38.908357,-4.103525],[-38.862194,-4.112165],[-38.840778,-4.10398],[-38.834591,-4.072603],[-38.784621,-4.09443],[-38.748452,-4.093066],[-38.743693,-4.071693],[-38.72656,-4.073512],[-38.698481,-4.05123],[-38.672782,-4.039862],[-38.667547,-4.018489],[-38.669927,-4.004847],[-38.639944,-3.968467]]]},"properties":{"cod_ibge":"230770","name":"Maranguape","uf":"CE"}},
{"type":"Feature","geometry":{"type":"Polygon","coordinates":[[[-38.800802,-6.122117],[-38.82079,-6.136669],[-38.863146,-6.135305],[-38.876947,-6.147583],[-38.901218,-6.141216],[-38.906929,-6.088466],[-38.950713,-6.080736],[-38.975936,-6.103018],[-38.968798,-6.122572],[-38.986406,-6.156678],[-38.991165,-6.190328],[-39.003063,-6.220341],[-39.056365,-6.258994],[-39.053033,-6.296283],[-39.070166,-6.309925],[-39.08254,-6.333117],[-39.093962,-6.334936],[-39.129179,-6.408604],[-39.116329,-6.390869],[-39.092534,-6.379955],[-39.081588,-6.364039],[-39.058744,-6.386776],[-39.036377,-6.375862],[-38.983075,-6.379046],[-38.983551,-6.354944],[-38.959755,-6.334936],[-38.935484,-6.340393],[-38.916448,-6.30947],[-38.878375,-6.32766],[-38.836019,-6.291735],[-38.829356,-6.263541],[-38.826501,-6.218067],[-38.800802,-6.122117]]]},"properties":{"cod_ibge":"230950","name":"Orós","uf":"CE"}},
{"type":"Feature","geometry":{"type":"Polygon","coordinates":[[[-39.736439,-6.612782],[-39.773084,-6.624151],[-39.772608,-6.606416],[-39.728824,-6.543207],[-39.75024,-6.520924],[-39.743102,-6.505009],[-39.725017,-6.496368],[-39.771656,-6.459535],[-39.764993,-6.442709],[-39.775939,-6.410877],[-39.726921,-6.370405],[-39.708836,-6.340393],[-39.720258,-6.272636],[-39.735011,-6.258539],[-39.715499,-6.21443],[-39.750716,-6.228981],[-39.770228,-6.20488],[-39.789265,-6.206699],[-39.797355,-6.242169],[-39.816867,-6.263087],[-39.821151,-6.288097],[-39.847326,-6.339483],[-39.847802,-6.351761],[-39.894441,-6.368132],[-39.918712,-6.356763],[-39.923471,-6.341757],[-39.955833,-6.331298],[-39.974393,-6.338574],[-40.030075,-6.331298],[-40.061009,-6.366768],[-40.084328,-6.367222],[-40.076238,-6.399964],[-40.062912,-6.415879],[-40.033406,-6.431795],[-40.047207,-6.449985],[-40.059105,-6.500916],[-40.052442,-6.51956],[-40.032454,-6.540478],[-40.03531,-6.555939],[-40.026267,-6.582769],[-40.03293,-6.59823],[-40.054822,-6.611418],[-40.037689,-6.641885],[-40.055774,-6.673717],[-40.016749,-6.672353],[-40.004852,-6.686905],[-39.986767,-6.680084],[-39.939652,-6.711915],[-39.913477,-6.688724],[-39.876832,-6.679629],[-39.837807,-6.679174],[-39.833048,-6.700092],[-39.810205,-6.687814],[-39.774987,-6.656892],[-39.767849,-6.626879],[-39.736439,-6.612782]]]},"properties":{"cod_ibge":"231190","name":"Saboeiro","uf":"CE"}},
{"type":"Feature","geometry":{"type":"Polygon","coordinates":[[[-39.102528,-7.771005],[-39.087775,-7.832395],[-39.067787,-7.841945],[-39.053985,-7.819208],[-39.025431,-7.823301],[-39.017816,-7.812842],[-39.001635,-7.840126],[-38.965942,-7.845583],[-38.958803,-7.817389],[-38.970225,-7.777372],[-39.007822,-7.778281],[-39.059696,-7.750542],[-39.068738,-7.731898],[-39.117757,-7.683241],[-39.146312,-7.718256],[-39.106335,-7.760092],[-39.102528,-7.771005]]]},"properties":{"cod_ibge":"231060","name":"Penaforte","uf":"CE"}},
{"type":"Feature","geometry":{"type":"Polygon","coordinates":[[[-40.895277,-3.781114],[-40.920501,-3.786571],[-40.952862,-3.804761],[-40.973326,-3.84205],[-41.00664,-3.839776],[-41.035671,-3.849325],[-41.054707,-3.839776],[-41.088021,-3.839321],[-41.131804,-3.844323],[-41.161786,-3.872972],[-41.178919,-3.877065],[-41.205094,-3.899347],[-41.245546,-3.896618],[-41.22889,-3.911625],[-41.220323,-3.941638],[-41.22889,-3.968013],[-41.211757,-3.97256],[-41.167973,-3.94573],[-41.133708,-3.942092],[-41.119431,-3.927541],[-41.101822,-3.930269],[-40.978561,-3.89298],[-40.931922,-3.906623],[-40.918121,-3.889342],[-40.894326,-3.888433],[-40.89147,-3.86797],[-40.872434,-3.868879],[-40.825795,-3.868424],[-40.80771,-3.845687],[-40.789626,-3.837047],[-40.775348,-3.796121],[-40.779631,-3.786116],[-40.843879,-3.788845],[-40.895277,-3.781114]]]},"properties":{"cod_ibge":"231360","name":"Ubajara","uf":"CE"}},
{"type":"Feature","geometry":{"type":"Polygon","coordinates":[[[-40.495038,-3.06217],[-40.529303,-3.03534],[-40.563569,-3.016241],[-40.691588,-3.008511],[-40.838644,-3.03625],[-40.880048,-3.010784],[-40.991887,-3.030338],[-41.101346,-3.094002],[-41.151316,-3.124924],[-41.237456,-3.179493],[-41.322168,-3.178583],[-41.395934,-3.304092],[-41.397837,-3.327738],[-41.414494,-3.350021],[-41.399741,-3.384581],[-41.37547,-3.399132],[-41.346915,-3.38549],[-41.324071,-3.385945],[-41.326927,-3.446425],[-41.319788,-3.484169],[-41.303131,-3.492354],[-41.288378,-3.479167],[-41.258872,-3.470981],[-41.220799,-3.43824],[-41.204142,-3.409592],[-41.177491,-3.379124],[-41.170353,-3.287721],[-41.148937,-3.363208],[-41.126093,-3.358661],[-41.088021,-3.371848],[-41.048996,-3.391402],[-41.003309,-3.423234],[-40.886711,-3.520548],[-40.869102,-3.507815],[-40.884331,-3.488716],[-40.849114,-3.417322],[-40.829126,-3.367755],[-40.837692,-3.359115],[-40.877669,-3.370484],[-40.869578,-3.351839],[-40.849114,-3.330012],[-40.852921,-3.315915],[-40.821511,-3.296361],[-40.826271,-3.234971],[-40.834361,-3.208596],[-40.727757,-3.234062],[-40.710149,-3.213144],[-40.751077,-3.050801],[-40.574515,-3.135838],[-40.509315,-3.109463],[-40.495038,-3.06217]]]},"properties":{"cod_ibge":"230470","name":"Granja","uf":"CE"}},
{"type":"Feature","geometry":{"type":"Polygon","coordinates":[[[-40.81009,-4.118532],[-40.847211,-4.10307],[-40.843879,-4.063963],[-40.834837,-4.051685],[-40.837692,-3.985747],[-40.856253,-3.975288],[-40.881,-3.99075],[-40.899561,-3.993023],[-40.964284,-3.98211],[-41.074219,-3.995297],[-41.090876,-4.005756],[-41.117527,-3.987112],[-41.165594,-3.999844],[-41.182726,-4.018034],[-41.168925,-4.03304],[-41.120382,-4.036224],[-41.113244,-4.049866],[-41.139419,-4.120805],[-41.096587,-4.065782],[-41.068032,-4.049411],[-41.033291,-4.066691],[-40.980465,-4.054868],[-40.940965,-4.057596],[-40.890994,-4.109892],[-40.887187,-4.142633],[-40.900988,-4.159003],[-40.852446,-4.154001],[-40.833885,-4.118077],[-40.81009,-4.118532]]]},"properties":{"cod_ibge":"231230","name":"São Benedito","uf":"CE"}},
{"type":"Feature","geometry":{"type":"Polygon","coordinates":[[[-40.498845,-3.629686],[-40.457917,-3.641509],[-40.448875,-3.636962],[-40.406519,-3.645147],[-40.399856,-3.626957],[-40.361783,-3.615589],[-40.415561,-3.567386],[-40.412706,-3.538738],[-40.433646,-3.522367],[-40.463628,-3.519639],[-40.476477,-3.495083],[-40.500273,-3.510544],[-40.520737,-3.514182],[-40.521689,-3.545104],[-40.476477,-3.557837],[-40.498369,-3.577391],[-40.481237,-3.59558],[-40.497893,-3.604675],[-40.498845,-3.629686]]]},"properties":{"cod_ibge":"230820","name":"Meruoca","uf":"CE"}},
{"type":"Feature","geometry":{"type":"Polygon","coordinates":[[[-40.244234,-7.316265],[-40.266602,-7.248509],[-40.250897,-7.229865],[-40.251372,-7.202125],[-40.268505,-7.174841],[-40.262794,-7.148466],[-40.24233,-7.128003],[-40.240427,-7.114361],[-40.182842,-7.085257],[-40.164757,-7.047514],[-40.167137,-7.038874],[-40.122401,-7.022048],[-40.134775,-7.00113],[-40.2133,-7.029324],[-40.251372,-7.060246],[-40.323711,-7.082074],[-40.322283,-7.125729],[-40.334657,-7.127548],[-40.446971,-7.08935],[-40.459345,-7.078436],[-40.489803,-7.118908],[-40.484568,-7.133005],[-40.505984,-7.210765],[-40.515978,-7.264425],[-40.511695,-7.29944],[-40.523592,-7.318539],[-40.510267,-7.322632],[-40.448875,-7.361285],[-40.433646,-7.367196],[-40.393669,-7.368106],[-40.360832,-7.355828],[-40.345127,-7.328998],[-40.310861,-7.300804],[-40.262794,-7.300804],[-40.244234,-7.316265]]]},"properties":{"cod_ibge":"231195","name":"Salitre","uf":"CE"}},
{"type":"Feature","geometry":{"type":"Polygon","coordinates":[[[-40.900988,-4.159003],[-40.887187,-4.142633],[-40.890994,-4.109892],[-40.940965,-4.057596],[-40.980465,-4.054868],[-41.033291,-4.066691],[-41.068032,-4.049411],[-41.096587,-4.065782],[-41.139419,-4.120805],[-41.118479,-4.16537],[-41.098015,-4.180376],[-41.098491,-4.181286],[-41.074219,-4.200385],[-41.017586,-4.200385],[-41.000929,-4.194928],[-40.97523,-4.230398],[-40.900988,-4.159003]]]},"properties":{"cod_ibge":"230340","name":"Carnaubal","uf":"CE"}},
{"type":"Feature","geometry":{"type":"Polygon","coordinates":[[[-38.959279,-4.356816],[-38.945478,-4.349994],[-38.920255,-4.356816],[-38.943574,-4.386828],[-38.922634,-4.410475],[-38.91264,-4.408656],[-38.886941,-4.430483],[-38.866477,-4.430029],[-38.8522,-4.446399],[-38.800802,-4.582821],[-38.765584,-4.623293],[-38.747024,-4.527343],[-38.790808,-4.510063],[-38.833639,-4.474138],[-38.842206,-4.45413],[-38.84173,-4.361363],[-38.823645,-4.31407],[-38.787,-4.320891],[-38.765584,-4.30543],[-38.795567,-4.29588],[-38.809368,-4.250406],[-38.830308,-4.250861],[-38.848868,-4.229943],[-38.891224,-4.277236],[-38.919303,-4.268596],[-38.915972,-4.291333],[-38.93358,-4.323165],[-38.959279,-4.356816]]]},"properties":{"cod_ibge":"230210","name":"Baturité","uf":"CE"}},
{"type":"Feature","geometry":{"type":"Polygon","coordinates":[[[-41.23936,-3.712903],[-41.220323,-3.718815],[-41.205094,-3.70108],[-41.189389,-3.703808],[-41.147033,-3.696078],[-41.120382,-3.711539],[-41.045665,-3.664701],[-41.009971,-3.647875],[-41.009971,-3.633324],[-40.983796,-3.6215],[-40.95429,-3.601037],[-40.876717,-3.532371],[-40.886711,-3.520548],[-41.003309,-3.423234],[-41.048996,-3.391402],[-41.088021,-3.371848],[-41.126093,-3.358661],[-41.148937,-3.363208],[-41.170353,-3.287721],[-41.177491,-3.379124],[-41.204142,-3.409592],[-41.220799,-3.43824],[-41.258872,-3.470981],[-41.288378,-3.479167],[-41.303131,-3.492354],[-41.32074,-3.497811],[-41.325499,-3.53419],[-41.336921,-3.553744],[-41.367379,-3.561475],[-41.367855,-3.578755],[-41.34406,-3.590578],[-41.33121,-3.624684],[-41.34168,-3.680617],[-41.334066,-3.6838],[-41.307891,-3.684709],[-41.279336,-3.700625],[-41.23936,-3.712903]]]},"properties":{"cod_ibge":"231410","name":"Viçosa do Ceará","uf":"CE"}},
{"type":"Feature","geometry":{"type":"Polygon","coordinates":[[[-38.800802,-4.582821],[-38.83935,-4.578729],[-38.842206,-4.549625],[-38.865525,-4.55099],[-38.87314,-4.526434],[-38.900743,-4.528253],[-38.949761,-4.487781],[-38.980219,-4.496421],[-38.99878,-4.48096],[-39.015913,-4.505061],[-39.028762,-4.498694],[-39.035425,-4.47141],[-39.028286,-4.460496],[-39.084919,-4.471865],[-39.079208,-4.485507],[-39.083968,-4.535983],[-39.065407,-4.560994],[-39.129655,-4.628295],[-39.112046,-4.643302],[-39.077781,-4.639209],[-39.063979,-4.653761],[-39.047798,-4.640119],[-38.994021,-4.646485],[-38.97784,-4.667858],[-38.953093,-4.66422],[-38.951665,-4.686502],[-38.96499,-4.704237],[-38.951189,-4.71697],[-38.94405,-4.740616],[-38.92311,-4.739252],[-38.883134,-4.70833],[-38.874568,-4.679681],[-38.858387,-4.666948],[-38.816031,-4.672405],[-38.782717,-4.631024],[-38.765584,-4.623293],[-38.800802,-4.582821]]]},"properties":{"cod_ibge":"230650","name":"Itapiúna","uf":"CE"}},
{"type":"Feature","geometry":{"type":"Polygon","coordinates":[[[-39.194854,-7.503618],[-39.171059,-7.562734],[-39.072546,-7.625943],[-39.045419,-7.642314],[-39.027334,-7.634129],[-39.031618,-7.609573],[-39.029714,-7.533176],[-39.088251,-7.485429],[-39.098245,-7.48361],[-39.15345,-7.450868],[-39.18724,-7.47406],[-39.194854,-7.503618]]]},"properties":{"cod_ibge":"231110","name":"Porteiras","uf":"CE"}},
{"type":"Feature","geometry":{"type":"Polygon","coordinates":[[[-38.908833,-7.082529],[-38.856007,-6.977484],[-38.806513,-6.989307],[-38.781289,-7.000675],[-38.764633,-6.993854],[-38.742265,-6.974301],[-38.765108,-6.910637],[-38.784621,-6.90518],[-38.774151,-6.868346],[-38.812699,-6.864708],[-38.819838,-6.856523],[-38.856007,-6.859251],[-38.891224,-6.856978],[-38.96499,-6.86198],[-39.015437,-6.87835],[-39.020672,-6.895176],[-39.043515,-6.900178],[-39.086823,-6.937467],[-39.106811,-6.963387],[-39.130131,-6.980667],[-39.149167,-6.983395],[-39.162493,-7.006132],[-39.157258,-7.033417],[-39.133938,-7.078436],[-39.114902,-7.082529],[-39.115853,-7.101173],[-39.135842,-7.130731],[-39.114902,-7.155287],[-39.089678,-7.157561],[-39.050178,-7.138462],[-39.025431,-7.150285],[-38.957852,-7.081619],[-38.908833,-7.082529]]]},"properties":{"cod_ibge":"230170","name":"Aurora","uf":"CE"}},
{"type":"Feature","geometry":{"type":"Polygon","coordinates":[[[-40.327518,-6.401783],[-40.366067,-6.430431],[-40.368446,-6.44953],[-40.391766,-6.474996],[-40.442212,-6.490002],[-40.453158,-6.524108],[-40.5274,-6.538205],[-40.552623,-6.550028],[-40.578322,-6.548664],[-40.597834,-6.593683],[-40.610208,-6.603232],[-40.672552,-6.611418],[-40.674456,-6.601414],[-40.736324,-6.600049],[-40.722046,-6.617784],[-40.732041,-6.653709],[-40.710149,-6.675991],[-40.651136,-6.678265],[-40.632576,-6.698728],[-40.602117,-6.716008],[-40.55881,-6.72101],[-40.517406,-6.73056],[-40.476953,-6.732833],[-40.458393,-6.757844],[-40.452206,-6.783764],[-40.432218,-6.812868],[-40.416989,-6.812413],[-40.38891,-6.796952],[-40.37035,-6.803318],[-40.351313,-6.807866],[-40.318476,-6.80059],[-40.300391,-6.806956],[-40.283258,-6.795133],[-40.266126,-6.796952],[-40.241854,-6.776943],[-40.203306,-6.774215],[-40.184269,-6.759663],[-40.169516,-6.777398],[-40.150004,-6.784674],[-40.132871,-6.809685],[-40.145245,-6.818779],[-40.113835,-6.817415],[-40.080997,-6.791495],[-40.069575,-6.771032],[-40.046732,-6.755116],[-40.009611,-6.710096],[-40.004852,-6.686905],[-40.016749,-6.672353],[-40.055774,-6.673717],[-40.037689,-6.641885],[-40.054822,-6.611418],[-40.03293,-6.59823],[-40.026267,-6.582769],[-40.03531,-6.555939],[-40.032454,-6.540478],[-40.052442,-6.51956],[-40.059105,-6.500916],[-40.047207,-6.449985],[-40.033406,-6.431795],[-40.062912,-6.415879],[-40.076238,-6.399964],[-40.084328,-6.367222],[-40.112407,-6.349033],[-40.149528,-6.360856],[-40.186649,-6.364949],[-40.205685,-6.380864],[-40.218059,-6.376317],[-40.241854,-6.392688],[-40.249945,-6.381774],[-40.327518,-6.401783]]]},"properties":{"cod_ibge":"230040","name":"Aiuaba","uf":"CE"}},
{"type":"Feature","geometry":{"type":"Polygon","coordinates":[[[-39.942507,-2.866177],[-39.966303,-2.931205],[-39.973917,-3.00078],[-39.983436,-3.017605],[-39.972966,-3.073993],[-39.990574,-3.094911],[-39.993906,-3.134019],[-39.989147,-3.161303],[-39.997237,-3.199047],[-39.988195,-3.217236],[-39.965351,-3.239519],[-39.945839,-3.243611],[-39.925851,-3.265894],[-39.907766,-3.273624],[-39.889206,-3.224057],[-39.902531,-3.208142],[-39.868742,-3.169489],[-39.86779,-3.124469],[-39.708836,-3.014422],[-39.720734,-2.997142],[-39.785933,-2.951213],[-39.7945,-2.952123],[-39.862079,-2.899828],[-39.918712,-2.868451],[-39.942507,-2.866177]]]},"properties":{"cod_ibge":"230655","name":"Itarema","uf":"CE"}},
{"type":"Feature","geometry":{"type":"Polygon","coordinates":[[[-40.58784,-4.557356],[-40.509315,-4.507335],[-40.460772,-4.528253],[-40.381296,-4.548716],[-40.346078,-4.580548],[-40.322283,-4.576455],[-40.293252,-4.588733],[-40.293252,-4.600556],[-40.271837,-4.610561],[-40.247565,-4.605558],[-40.232812,-4.562813],[-40.241854,-4.555537],[-40.240427,-4.529617],[-40.268029,-4.508244],[-40.244234,-4.485962],[-40.254228,-4.471865],[-40.257083,-4.443671],[-40.27612,-4.431393],[-40.304198,-4.390466],[-40.319903,-4.355451],[-40.322759,-4.313615],[-40.302295,-4.268596],[-40.450778,-4.260411],[-40.477905,-4.292242],[-40.494086,-4.319527],[-40.512171,-4.325893],[-40.522641,-4.354997],[-40.543581,-4.369548],[-40.565472,-4.41957],[-40.554527,-4.440033],[-40.584033,-4.471865],[-40.584985,-4.500513],[-40.598786,-4.530981],[-40.58784,-4.557356]]]},"properties":{"cod_ibge":"230520","name":"Hidrolândia","uf":"CE"}},
{"type":"Feature","geometry":{"type":"Polygon","coordinates":[[[-38.874568,-4.679681],[-38.802229,-4.741071],[-38.875043,-4.852028],[-38.922158,-4.826562],[-38.918351,-4.852028],[-38.891224,-4.893409],[-38.882658,-4.935245],[-38.701337,-4.902504],[-38.647559,-4.937519],[-38.638993,-4.917965],[-38.666595,-4.869308],[-38.649463,-4.850663],[-38.611866,-4.836566],[-38.580932,-4.802006],[-38.572365,-4.764718],[-38.541907,-4.756987],[-38.521919,-4.737433],[-38.532389,-4.709694],[-38.529058,-4.680591],[-38.573793,-4.669677],[-38.630902,-4.700599],[-38.662312,-4.661946],[-38.688963,-4.651942],[-38.700385,-4.61238],[-38.718469,-4.62011],[-38.765584,-4.623293],[-38.782717,-4.631024],[-38.816031,-4.672405],[-38.858387,-4.666948],[-38.874568,-4.679681]]]},"properties":{"cod_ibge":"230526","name":"Ibaretama","uf":"CE"}},
{"type":"Feature","geometry":{"type":"Polygon","coordinates":[[[-40.083852,-3.115375],[-40.139534,-3.073538],[-40.152383,-3.090819],[-40.147624,-3.106734],[-40.20045,-3.147206],[-40.235667,-3.168124],[-40.268505,-3.15039],[-40.29706,-3.204504],[-40.319903,-3.193135],[-40.352741,-3.202685],[-40.362259,-3.188588],[-40.364639,-3.154937],[-40.382247,-3.134019],[-40.420796,-3.121741],[-40.495038,-3.06217],[-40.509315,-3.109463],[-40.481712,-3.121286],[-40.453634,-3.15039],[-40.450302,-3.180402],[-40.432218,-3.213598],[-40.407471,-3.23679],[-40.386055,-3.272715],[-40.359404,-3.274079],[-40.340843,-3.289995],[-40.318476,-3.285902],[-40.305626,-3.29909],[-40.274216,-3.305456],[-40.278975,-3.26362],[-40.237571,-3.285902],[-40.120973,-3.199501],[-40.096226,-3.197228],[-40.002472,-3.219965],[-40.073382,-3.123105],[-40.083852,-3.115375]]]},"properties":{"cod_ibge":"230780","name":"Marco","uf":"CE"}},
{"type":"Feature","geometry":{"type":"Polygon","coordinates":[[[-38.382002,-4.145361],[-38.372484,-4.078514],[-38.385333,-4.070784],[-38.441966,-4.071239],[-38.471949,-4.061689],[-38.503834,-4.05987],[-38.53572,-4.041226],[-38.536196,-4.079424],[-38.549998,-4.092611],[-38.566654,-4.12217],[-38.570462,-4.128081],[-38.526202,-4.132174],[-38.49622,-4.145361],[-38.480039,-4.138085],[-38.382002,-4.145361]]]},"properties":{"cod_ibge":"230523","name":"Horizonte","uf":"CE"}},
{"type":"Feature","geometry":{"type":"Polygon","coordinates":[[[-39.185812,-6.863799],[-39.206752,-6.877441],[-39.266241,-6.881534],[-39.338579,-6.905635],[-39.346669,-6.936102],[-39.329061,-6.967479],[-39.32097,-6.933374],[-39.297651,-6.938831],[-39.246728,-6.935193],[-39.235783,-6.928372],[-39.166776,-6.935648],[-39.1663,-6.906089],[-39.185812,-6.863799]]]},"properties":{"cod_ibge":"230480","name":"Granjeiro","uf":"CE"}},
{"type":"Feature","geometry":{"type":"Polygon","coordinates":[[[-38.570462,-4.2354],[-38.525726,-4.226305],[-38.495268,-4.231307],[-38.465762,-4.245404],[-38.437207,-4.231762],[-38.392948,-4.223122],[-38.382002,-4.145361],[-38.480039,-4.138085],[-38.49622,-4.145361],[-38.526202,-4.132174],[-38.570462,-4.128081],[-38.613769,-4.152182],[-38.618529,-4.163551],[-38.614245,-4.183105],[-38.575221,-4.229943],[-38.570462,-4.2354]]]},"properties":{"cod_ibge":"230960","name":"Pacajus","uf":"CE"}},
{"type":"Feature","geometry":{"type":"Polygon","coordinates":[[[-38.843633,-6.667351],[-38.83126,-6.65962],[-38.800802,-6.658711],[-38.759873,-6.675991],[-38.739885,-6.677355],[-38.715138,-6.692816],[-38.672306,-6.706459],[-38.662312,-6.675081],[-38.647083,-6.654163],[-38.648987,-6.627788],[-38.628999,-6.604597],[-38.6428,-6.582314],[-38.607107,-6.529565],[-38.610914,-6.531838],[-38.626619,-6.531384],[-38.679445,-6.563215],[-38.702288,-6.555485],[-38.735126,-6.570491],[-38.750831,-6.591864],[-38.775578,-6.612327],[-38.790808,-6.600504],[-38.854579,-6.596866],[-38.876471,-6.581405],[-38.873616,-6.611873],[-38.850772,-6.647342],[-38.843633,-6.667351]]]},"properties":{"cod_ibge":"231370","name":"Umari","uf":"CE"}},
{"type":"Feature","geometry":{"type":"Polygon","coordinates":[[[-37.900382,-4.820651],[-37.883725,-4.854301],[-37.88658,-4.905232],[-37.872303,-4.923877],[-37.874683,-4.939338],[-37.809483,-4.989359],[-37.67718,-5.053023],[-37.640535,-4.926605],[-37.588661,-4.808373],[-37.611505,-4.768355],[-37.616264,-4.717879],[-37.788543,-4.756532],[-37.788543,-4.729703],[-37.825188,-4.741981],[-37.829947,-4.763353],[-37.933695,-4.763808],[-37.900382,-4.820651]]]},"properties":{"cod_ibge":"230700","name":"Jaguaruana","uf":"CE"}},
{"type":"Feature","geometry":{"type":"Polygon","coordinates":[[[-38.928345,-3.473255],[-38.968322,-3.511453],[-38.957852,-3.541921],[-38.98831,-3.56102],[-38.9964,-3.554199],[-39.049702,-3.554199],[-39.070166,-3.54283],[-39.081588,-3.553289],[-39.1011,-3.549652],[-39.100624,-3.532371],[-39.166776,-3.522822],[-39.211511,-3.512818],[-39.221505,-3.500085],[-39.262433,-3.490535],[-39.284325,-3.503268],[-39.286705,-3.524641],[-39.303362,-3.53419],[-39.314783,-3.580119],[-39.261958,-3.585121],[-39.215794,-3.608768],[-39.225313,-3.630141],[-39.219126,-3.646056],[-39.227216,-3.665156],[-39.213415,-3.692895],[-39.143456,-3.703808],[-39.001635,-3.685164],[-38.961659,-3.711994],[-38.940243,-3.683345],[-38.918351,-3.66652],[-38.881706,-3.685619],[-38.831736,-3.57057],[-38.806513,-3.548742],[-38.8522,-3.541011],[-38.892176,-3.505542],[-38.907405,-3.505542],[-38.928345,-3.473255]]]},"properties":{"cod_ibge":"231240","name":"São Gonçalo do Amarante","uf":"CE"}},
{"type":"Feature","geometry":{"type":"Polygon","coordinates":[[[-38.652318,-6.756935],[-38.680873,-6.755116],[-38.719897,-6.767394],[-38.748452,-6.75557],[-38.759398,-6.736926],[-38.779862,-6.72192],[-38.79747,-6.724648],[-38.846489,-6.709187],[-38.846965,-6.72192],[-38.82888,-6.744657],[-38.795567,-6.768758],[-38.822218,-6.777853],[-38.810796,-6.846519],[-38.835543,-6.847428],[-38.856007,-6.859251],[-38.819838,-6.856523],[-38.812699,-6.864708],[-38.774151,-6.868346],[-38.784621,-6.90518],[-38.765108,-6.910637],[-38.730367,-6.896995],[-38.675638,-6.86198],[-38.67183,-6.846973],[-38.672782,-6.836059],[-38.651842,-6.811504],[-38.617101,-6.793314],[-38.613769,-6.7824],[-38.628999,-6.777853],[-38.652318,-6.756935]]]},"properties":{"cod_ibge":"230570","name":"Ipaumirim","uf":"CE"}},
{"type":"Feature","geometry":{"type":"Polygon","coordinates":[[[-39.276711,-3.737005],[-39.278614,-3.67425],[-39.306693,-3.664246],[-39.314783,-3.580119],[-39.348097,-3.572843],[-39.374272,-3.577845],[-39.389977,-3.608313],[-39.377128,-3.635143],[-39.354284,-3.662427],[-39.426146,-3.655606],[-39.449942,-3.65788],[-39.455653,-3.643328],[-39.514665,-3.669248],[-39.512762,-3.693349],[-39.496105,-3.721998],[-39.471358,-3.727],[-39.456604,-3.747009],[-39.442327,-3.746554],[-39.432333,-3.784752],[-39.367133,-3.767472],[-39.35476,-3.738823],[-39.339531,-3.74428],[-39.322398,-3.731548],[-39.276711,-3.737005]]]},"properties":{"cod_ibge":"231375","name":"Umirim","uf":"CE"}},
{"type":"Feature","geometry":{"type":"Polygon","coordinates":[[[-38.542383,-3.85933],[-38.513829,-3.894799],[-38.501931,-3.887978],[-38.488605,-3.866605],[-38.450057,-3.837957],[-38.442918,-3.801578],[-38.409604,-3.819312],[-38.40199,-3.82386],[-38.440539,-3.76156],[-38.463382,-3.712903],[-38.495744,-3.725181],[-38.540004,-3.716086],[-38.580456,-3.693349],[-38.587594,-3.696533],[-38.622336,-3.702899],[-38.619004,-3.719724],[-38.601396,-3.734731],[-38.621384,-3.777022],[-38.638041,-3.801578],[-38.614721,-3.82386],[-38.542383,-3.85933]]]},"properties":{"cod_ibge":"230440","name":"Fortaleza","uf":"CE"}},
{"type":"Feature","geometry":{"type":"Polygon","coordinates":[[[-38.969749,-7.427222],[-38.940719,-7.428131],[-38.882182,-7.457235],[-38.86029,-7.354463],[-38.783193,-7.226681],[-38.798422,-7.218951],[-38.84173,-7.239869],[-38.878375,-7.236231],[-38.914544,-7.243052],[-38.947858,-7.1421],[-38.925014,-7.114361],[-38.908833,-7.082529],[-38.957852,-7.081619],[-39.025431,-7.150285],[-39.025431,-7.194395],[-39.086347,-7.234412],[-39.091582,-7.259877],[-39.049702,-7.291709],[-39.000683,-7.308535],[-38.986406,-7.33491],[-38.974033,-7.379474],[-38.962135,-7.395845],[-38.969749,-7.427222]]]},"properties":{"cod_ibge":"230830","name":"Milagres","uf":"CE"}},
{"type":"Feature","geometry":{"type":"Polygon","coordinates":[[[-40.014846,-3.711994],[-39.913001,-3.720634],[-39.8992,-3.679252],[-39.8992,-3.663337],[-39.831145,-3.603311],[-39.812584,-3.604675],[-39.781174,-3.641964],[-39.713119,-3.655151],[-39.754523,-3.603766],[-39.769277,-3.595126],[-39.75262,-3.56102],[-39.785933,-3.491445],[-39.783554,-3.464615],[-39.853988,-3.453701],[-39.951074,-3.433238],[-39.985339,-3.440969],[-40.027695,-3.437331],[-40.026267,-3.450518],[-40.041021,-3.475529],[-40.036262,-3.495083],[-40.048635,-3.531462],[-40.042448,-3.564658],[-40.052442,-3.583302],[-40.070051,-3.593761],[-40.044352,-3.581029],[-39.983912,-3.576481],[-39.976297,-3.582848],[-39.99343,-3.626503],[-40.009611,-3.647875],[-40.020081,-3.694259],[-40.014846,-3.711994]]]},"properties":{"cod_ibge":"230837","name":"Miraíma","uf":"CE"}},
{"type":"Feature","geometry":{"type":"Polygon","coordinates":[[[-38.765584,-4.30543],[-38.745596,-4.352268],[-38.731795,-4.358634],[-38.711331,-4.3841],[-38.693722,-4.380007],[-38.699909,-4.329986],[-38.687059,-4.28724],[-38.717042,-4.290423],[-38.720849,-4.279964],[-38.707048,-4.247678],[-38.717518,-4.187197],[-38.718945,-4.168098],[-38.756542,-4.157185],[-38.775578,-4.162641],[-38.788904,-4.142178],[-38.803181,-4.161277],[-38.854579,-4.177193],[-38.843633,-4.222667],[-38.848868,-4.229943],[-38.830308,-4.250861],[-38.809368,-4.250406],[-38.795567,-4.29588],[-38.765584,-4.30543]]]},"properties":{"cod_ibge":"231160","name":"Redenção","uf":"CE"}},
{"type":"Feature","geometry":{"type":"Polygon","coordinates":[[[-39.272903,-5.761963],[-39.257674,-5.757416],[-39.22674,-5.764691],[-39.210083,-5.788338],[-39.162968,-5.798342],[-39.110618,-5.677381],[-39.026858,-5.490028],[-39.046371,-5.511401],[-39.060172,-5.510946],[-39.073022,-5.529591],[-39.087775,-5.510946],[-39.116329,-5.507308],[-39.177246,-5.525498],[-39.191047,-5.525043],[-39.206752,-5.544597],[-39.224837,-5.545961],[-39.220553,-5.566879],[-39.246728,-5.592345],[-39.269096,-5.633726],[-39.277663,-5.67147],[-39.260054,-5.674653],[-39.271476,-5.711032],[-39.26053,-5.715579],[-39.272903,-5.761963]]]},"properties":{"cod_ibge":"230835","name":"Milhã","uf":"CE"}},
{"type":"Feature","geometry":{"type":"Polygon","coordinates":[[[-37.769507,-4.426391],[-37.770459,-4.400925],[-37.816622,-4.395468],[-37.845176,-4.381826],[-37.823284,-4.405927],[-37.858026,-4.400925],[-37.880394,-4.412749],[-37.905141,-4.414113],[-37.912755,-4.399561],[-37.950352,-4.403654],[-37.953684,-4.41866],[-37.976527,-4.432302],[-37.967009,-4.464589],[-37.953684,-4.48005],[-37.968913,-4.516429],[-37.963202,-4.530526],[-37.867544,-4.542804],[-37.850887,-4.537347],[-37.846604,-4.520977],[-37.824236,-4.504151],[-37.788543,-4.507335],[-37.770459,-4.475503],[-37.785212,-4.443216],[-37.769507,-4.426391]]]},"properties":{"cod_ibge":"230445","name":"Fortim","uf":"CE"}},
{"type":"Feature","geometry":{"type":"Polygon","coordinates":[[[-40.736324,-6.600049],[-40.674456,-6.601414],[-40.672552,-6.611418],[-40.610208,-6.603232],[-40.597834,-6.593683],[-40.578322,-6.548664],[-40.552623,-6.550028],[-40.5274,-6.538205],[-40.453158,-6.524108],[-40.442212,-6.490002],[-40.391766,-6.474996],[-40.368446,-6.44953],[-40.366067,-6.430431],[-40.327518,-6.401783],[-40.405091,-6.312653],[-40.435073,-6.334481],[-40.485044,-6.338574],[-40.5274,-6.348123],[-40.54834,-6.340393],[-40.573087,-6.358127],[-40.580702,-6.343576],[-40.610684,-6.337664],[-40.590696,-6.311744],[-40.589268,-6.293554],[-40.565948,-6.291735],[-40.518833,-6.268544],[-40.499321,-6.250809],[-40.487899,-6.203061],[-40.531683,-6.159861],[-40.508363,-6.1444],[-40.494086,-6.083464],[-40.477905,-6.052087],[-40.481237,-6.032988],[-40.466007,-6.017072],[-40.492658,-5.981603],[-40.504556,-5.991152],[-40.532635,-5.993426],[-40.543105,-6.003885],[-40.611636,-5.990243],[-40.643521,-6.003885],[-40.688257,-6.011161],[-40.713956,-6.039355],[-40.737751,-6.057999],[-40.732992,-6.07346],[-40.747746,-6.09074],[-40.790577,-6.088466],[-40.806758,-6.104837],[-40.857681,-6.105292],[-40.845783,-6.138488],[-40.853397,-6.160315],[-40.847211,-6.203061],[-40.852446,-6.224434],[-40.819608,-6.264451],[-40.810566,-6.287188],[-40.78677,-6.305378],[-40.779156,-6.341302],[-40.805331,-6.393142],[-40.796288,-6.428157],[-40.796764,-6.470903],[-40.790101,-6.500461],[-40.787722,-6.523653],[-40.754408,-6.554575],[-40.740131,-6.577312],[-40.736324,-6.600049]]]},"properties":{"cod_ibge":"231030","name":"Parambu","uf":"CE"}},
{"type":"Feature","geometry":{"type":"Polygon","coordinates":[[[-39.203897,-4.046683],[-39.192475,-4.029857],[-39.191523,-3.993478],[-39.182481,-3.978017],[-39.193903,-3.95528],[-39.214367,-3.945276],[-39.240066,-3.900256],[-39.26862,-3.915263],[-39.293843,-3.91981],[-39.308597,-3.936181],[-39.340483,-3.860694],[-39.354284,-3.844323],[-39.414724,-3.829772],[-39.430429,-3.855692],[-39.435664,-3.862058],[-39.457556,-3.928905],[-39.484207,-3.973924],[-39.485635,-4.005301],[-39.455177,-3.999844],[-39.444231,-3.969377],[-39.324302,-4.090338],[-39.30241,-4.083062],[-39.270048,-4.086245],[-39.262909,-4.078969],[-39.227692,-4.072603],[-39.203897,-4.046683]]]},"properties":{"cod_ibge":"230090","name":"Apuiarés","uf":"CE"}},
{"type":"Feature","geometry":{"type":"Polygon","coordinates":[[[-39.956309,-6.10029],[-39.960116,-6.085283],[-39.932513,-6.075734],[-39.909194,-6.057999],[-39.905387,-6.036626],[-39.889206,-6.034352],[-39.855892,-5.987059],[-39.83638,-5.977055],[-39.833524,-5.941131],[-39.870645,-5.910663],[-39.871597,-5.883833],[-39.913477,-5.899295],[-39.94108,-5.879286],[-39.94108,-5.86337],[-39.923947,-5.838814],[-39.962496,-5.817441],[-39.975345,-5.821989],[-39.994857,-5.779243],[-40.006279,-5.776969],[-40.006279,-5.720127],[-40.02246,-5.710123],[-40.042448,-5.711942],[-40.063864,-5.68784],[-40.073382,-5.665103],[-40.054346,-5.641457],[-40.057202,-5.598256],[-40.076714,-5.582341],[-40.033882,-5.563696],[-40.013894,-5.518677],[-40.030551,-5.507763],[-40.028171,-5.490483],[-40.05387,-5.4873],[-40.056726,-5.435459],[-40.065292,-5.410903],[-40.058629,-5.397261],[-40.10622,-5.453194],[-40.112407,-5.490483],[-40.110503,-5.534593],[-40.124305,-5.554147],[-40.144293,-5.542778],[-40.166661,-5.543233],[-40.172372,-5.560058],[-40.228529,-5.59189],[-40.235667,-5.633271],[-40.21092,-5.691023],[-40.229481,-5.711032],[-40.290397,-5.756051],[-40.321807,-5.742409],[-40.33894,-5.748775],[-40.363211,-5.743319],[-40.397477,-5.781972],[-40.410802,-5.81062],[-40.452206,-5.829265],[-40.474098,-5.825627],[-40.486947,-5.834721],[-40.529779,-5.817441],[-40.565472,-5.840633],[-40.599262,-5.838814],[-40.630196,-5.853366],[-40.64257,-5.840178],[-40.671124,-5.85473],[-40.681594,-5.87292],[-40.6716,-5.914756],[-40.695871,-5.912482],[-40.712528,-5.966141],[-40.742986,-5.979329],[-40.733468,-6.029805],[-40.713956,-6.039355],[-40.688257,-6.011161],[-40.643521,-6.003885],[-40.611636,-5.990243],[-40.543105,-6.003885],[-40.532635,-5.993426],[-40.504556,-5.991152],[-40.492658,-5.981603],[-40.466007,-6.017072],[-40.481237,-6.032988],[-40.477905,-6.052087],[-40.494086,-6.083464],[-40.508363,-6.1444],[-40.531683,-6.159861],[-40.487899,-6.203061],[-40.499321,-6.250809],[-40.518833,-6.268544],[-40.565948,-6.291735],[-40.589268,-6.293554],[-40.590696,-6.311744],[-40.610684,-6.337664],[-40.580702,-6.343576],[-40.573087,-6.358127],[-40.54834,-6.340393],[-40.5274,-6.348123],[-40.485044,-6.338574],[-40.435073,-6.334481],[-40.405091,-6.312653],[-40.262318,-6.168046],[-40.257083,-6.150311],[-40.226149,-6.131667],[-40.194739,-6.142581],[-40.164757,-6.131212],[-40.146197,-6.112113],[-40.109552,-6.11666],[-40.069099,-6.111203],[-40.047207,-6.098471],[-40.019605,-6.095742],[-39.999617,-6.104837],[-39.956309,-6.10029]]]},"properties":{"cod_ibge":"231330","name":"Tauá","uf":"CE"}},
{"type":"Feature","geometry":{"type":"Polygon","coordinates":[[[-39.430429,-3.855692],[-39.476593,-3.857511],[-39.478972,-3.817948],[-39.493249,-3.819312],[-39.489918,-3.760196],[-39.515141,-3.746099],[-39.544172,-3.771565],[-39.588431,-3.825679],[-39.639353,-3.822041],[-39.678378,-3.8325],[-39.703601,-3.85069],[-39.717878,-3.877519],[-39.715975,-3.91981],[-39.705505,-3.943457],[-39.715499,-3.95528],[-39.706932,-3.977562],[-39.707408,-4.018489],[-39.692655,-4.021672],[-39.665052,-4.081698],[-39.628408,-4.069874],[-39.597473,-4.09443],[-39.575582,-4.091702],[-39.557497,-4.101251],[-39.53275,-4.084426],[-39.502768,-4.001209],[-39.485635,-4.005301],[-39.484207,-3.973924],[-39.457556,-3.928905],[-39.435664,-3.862058],[-39.430429,-3.855692]]]},"properties":{"cod_ibge":"231335","name":"Tejuçuoca","uf":"CE"}},
{"type":"Feature","geometry":{"type":"Polygon","coordinates":[[[-40.070051,-3.593761],[-40.052442,-3.583302],[-40.042448,-3.564658],[-40.048635,-3.531462],[-40.036262,-3.495083],[-40.041021,-3.475529],[-40.026267,-3.450518],[-40.027695,-3.437331],[-39.996285,-3.408682],[-39.987243,-3.365482],[-40.003424,-3.360934],[-40.070051,-3.367301],[-40.091943,-3.354568],[-40.083852,-3.31546],[-40.107172,-3.318643],[-40.146197,-3.303637],[-40.185221,-3.319098],[-40.200926,-3.30773],[-40.341319,-3.31637],[-40.341795,-3.35093],[-40.33656,-3.404135],[-40.30753,-3.410046],[-40.270885,-3.481895],[-40.252324,-3.501904],[-40.256607,-3.559656],[-40.269457,-3.572843],[-40.245186,-3.581938],[-40.230908,-3.577845],[-40.216155,-3.601492],[-40.212824,-3.625138],[-40.183317,-3.654242],[-40.174275,-3.673796],[-40.147148,-3.668793],[-40.134299,-3.686528],[-40.111931,-3.690166],[-40.110979,-3.644237],[-40.096702,-3.621046],[-40.070051,-3.593761]]]},"properties":{"cod_ibge":"231200","name":"Santana do Acaraú","uf":"CE"}},
{"type":"Feature","geometry":{"type":"Polygon","coordinates":[[[-40.47267,-4.08579],[-40.431266,-4.090792],[-40.373681,-4.091702],[-40.360356,-4.032131],[-40.377964,-3.992569],[-40.394621,-3.967103],[-40.407471,-3.928905],[-40.404615,-3.907987],[-40.415561,-3.80658],[-40.445543,-3.834774],[-40.493134,-3.842959],[-40.500749,-3.852509],[-40.533587,-3.852509],[-40.581653,-3.860694],[-40.622581,-3.825224],[-40.645901,-3.840685],[-40.656371,-3.831136],[-40.679215,-3.841595],[-40.68445,-3.857511],[-40.713004,-3.887069],[-40.713004,-3.917991],[-40.665413,-3.938909],[-40.653991,-3.956189],[-40.667317,-3.985747],[-40.643046,-3.997571],[-40.639238,-4.01576],[-40.567852,-4.046683],[-40.512647,-4.046228],[-40.47267,-4.08579]]]},"properties":{"cod_ibge":"230310","name":"Cariré","uf":"CE"}},
{"type":"Feature","geometry":{"type":"Polygon","coordinates":[[[-40.369874,-3.861603],[-40.340367,-3.783388],[-40.30753,-3.786571],[-40.30515,-3.748828],[-40.284686,-3.730183],[-40.235667,-3.697442],[-40.188077,-3.695623],[-40.126208,-3.70108],[-40.114787,-3.786116],[-40.126684,-3.847052],[-40.135727,-3.856601],[-40.138106,-3.896618],[-40.177607,-3.949823],[-40.188552,-3.958918],[-40.18189,-3.974379],[-40.138106,-4.030767],[-40.081949,-4.05987],[-40.057202,-4.058506],[-40.051491,-4.070329],[-40.01437,-4.088064],[-39.99105,-4.086245],[-39.962972,-4.121715],[-39.893013,-4.142633],[-39.859699,-4.13854],[-39.840663,-4.113529],[-39.857796,-4.101251],[-39.853512,-4.078514],[-39.876832,-4.06078],[-39.872073,-4.046228],[-39.917284,-4.03395],[-39.913953,-4.01667],[-39.922519,-3.991659],[-39.941556,-3.985747],[-39.954405,-3.962556],[-39.999141,-3.930724],[-40.006755,-3.898892],[-39.924899,-3.946185],[-39.976297,-3.776567],[-40.01199,-3.760196],[-40.014846,-3.711994],[-40.020081,-3.694259],[-40.009611,-3.647875],[-39.99343,-3.626503],[-39.976297,-3.582848],[-39.983912,-3.576481],[-40.044352,-3.581029],[-40.070051,-3.593761],[-40.096702,-3.621046],[-40.110979,-3.644237],[-40.111931,-3.690166],[-40.134299,-3.686528],[-40.147148,-3.668793],[-40.174275,-3.673796],[-40.183317,-3.654242],[-40.212824,-3.625138],[-40.216155,-3.601492],[-40.230908,-3.577845],[-40.245186,-3.581938],[-40.269457,-3.572843],[-40.296584,-3.591033],[-40.291825,-3.608313],[-40.310385,-3.621955],[-40.361783,-3.615589],[-40.399856,-3.626957],[-40.406519,-3.645147],[-40.448875,-3.636962],[-40.457917,-3.641509],[-40.498845,-3.629686],[-40.51455,-3.648785],[-40.548816,-3.653787],[-40.610684,-3.650149],[-40.655895,-3.79703],[-40.715384,-3.806125],[-40.723474,-3.821131],[-40.679215,-3.841595],[-40.656371,-3.831136],[-40.645901,-3.840685],[-40.622581,-3.825224],[-40.581653,-3.860694],[-40.533587,-3.852509],[-40.500749,-3.852509],[-40.493134,-3.842959],[-40.445543,-3.834774],[-40.415561,-3.80658],[-40.389862,-3.799304],[-40.369874,-3.861603]]]},"properties":{"cod_ibge":"231290","name":"Sobral","uf":"CE"}},
{"type":"Feature","geometry":{"type":"Polygon","coordinates":[[[-37.616264,-4.717879],[-37.652909,-4.715606],[-37.744284,-4.719698],[-37.776645,-4.711968],[-37.800917,-4.697416],[-37.806152,-4.679226],[-37.828995,-4.666039],[-37.8447,-4.683319],[-37.908948,-4.663765],[-37.950352,-4.661946],[-37.955587,-4.729703],[-37.933695,-4.763808],[-37.829947,-4.763353],[-37.825188,-4.741981],[-37.788543,-4.729703],[-37.788543,-4.756532],[-37.616264,-4.717879]]]},"properties":{"cod_ibge":"230620","name":"Itaiçaba","uf":"CE"}},
{"type":"Feature","geometry":{"type":"Polygon","coordinates":[[[-40.856729,-3.536009],[-40.762023,-3.505087],[-40.706341,-3.521003],[-40.69254,-3.510544],[-40.6716,-3.511908],[-40.670172,-3.530098],[-40.55881,-3.530552],[-40.554051,-3.538283],[-40.540725,-3.522367],[-40.532635,-3.503268],[-40.557382,-3.483259],[-40.537394,-3.448244],[-40.570232,-3.43824],[-40.561665,-3.406408],[-40.604973,-3.41141],[-40.622106,-3.387309],[-40.602117,-3.36821],[-40.637335,-3.357296],[-40.664461,-3.361389],[-40.695396,-3.401406],[-40.722998,-3.404589],[-40.721095,-3.423688],[-40.737276,-3.43824],[-40.771541,-3.422324],[-40.79962,-3.418232],[-40.813897,-3.425962],[-40.849114,-3.417322],[-40.826746,-3.453247],[-40.821511,-3.470981],[-40.838644,-3.511908],[-40.856729,-3.536009]]]},"properties":{"cod_ibge":"230880","name":"Moraújo","uf":"CE"}},
{"type":"Feature","geometry":{"type":"Polygon","coordinates":[[[-39.028286,-4.460496],[-39.035425,-4.47141],[-39.028762,-4.498694],[-39.015913,-4.505061],[-38.99878,-4.48096],[-38.993069,-4.451856],[-38.974033,-4.439578],[-38.983075,-4.380917],[-38.970225,-4.368184],[-38.98593,-4.362727],[-39.013533,-4.373641],[-39.053509,-4.352268],[-39.067311,-4.398652],[-39.094438,-4.386828],[-39.090154,-4.413203],[-39.055889,-4.434576],[-39.052558,-4.451856],[-39.028286,-4.460496]]]},"properties":{"cod_ibge":"230140","name":"Aratuba","uf":"CE"}},
{"type":"Feature","geometry":{"type":"Polygon","coordinates":[[[-39.078257,-7.42222],[-38.969749,-7.427222],[-38.962135,-7.395845],[-38.974033,-7.379474],[-38.986406,-7.33491],[-39.000683,-7.308535],[-39.049702,-7.291709],[-39.091582,-7.259877],[-39.082064,-7.268972],[-39.081112,-7.301259],[-39.099197,-7.321722],[-39.102052,-7.340366],[-39.078257,-7.42222]]]},"properties":{"cod_ibge":"230010","name":"Abaiara","uf":"CE"}},
{"type":"Feature","geometry":{"type":"Polygon","coordinates":[[[-38.501931,-3.887978],[-38.513829,-3.894799],[-38.542383,-3.85933],[-38.556184,-3.906168],[-38.573793,-3.995752],[-38.574745,-4.053958],[-38.604727,-4.058961],[-38.612818,-4.10398],[-38.575221,-4.106708],[-38.566654,-4.12217],[-38.549998,-4.092611],[-38.536196,-4.079424],[-38.53572,-4.041226],[-38.518588,-4.018034],[-38.515256,-3.963465],[-38.508594,-3.936635],[-38.501931,-3.887978]]]},"properties":{"cod_ibge":"230625","name":"Itaitinga","uf":"CE"}},
{"type":"Feature","geometry":{"type":"Polygon","coordinates":[[[-40.459345,-7.078436],[-40.446971,-7.08935],[-40.334657,-7.127548],[-40.322283,-7.125729],[-40.323711,-7.082074],[-40.251372,-7.060246],[-40.2133,-7.029324],[-40.134775,-7.00113],[-40.122401,-7.022048],[-40.100033,-7.006587],[-40.096226,-6.987943],[-40.081949,-6.982941],[-40.07481,-6.982031],[-40.059105,-6.932919],[-40.125732,-6.88699],[-40.091467,-6.860161],[-40.07719,-6.856523],[-40.087184,-6.846519],[-40.147148,-6.830603],[-40.145245,-6.818779],[-40.132871,-6.809685],[-40.150004,-6.784674],[-40.169516,-6.777398],[-40.184269,-6.759663],[-40.203306,-6.774215],[-40.241854,-6.776943],[-40.266126,-6.796952],[-40.283258,-6.795133],[-40.300391,-6.806956],[-40.318476,-6.80059],[-40.351313,-6.807866],[-40.37035,-6.803318],[-40.387007,-6.830148],[-40.416037,-6.859251],[-40.428411,-6.864253],[-40.432694,-6.908363],[-40.425079,-6.935193],[-40.428887,-6.94838],[-40.427935,-7.033872],[-40.443164,-7.047968],[-40.459345,-7.078436]]]},"properties":{"cod_ibge":"230270","name":"Campos Sales","uf":"CE"}},
{"type":"Feature","geometry":{"type":"Polygon","coordinates":[[[-38.856007,-6.859251],[-38.835543,-6.847428],[-38.810796,-6.846519],[-38.822218,-6.777853],[-38.795567,-6.768758],[-38.82888,-6.744657],[-38.846965,-6.72192],[-38.846489,-6.709187],[-38.858863,-6.692816],[-38.843633,-6.667351],[-38.850772,-6.647342],[-38.873616,-6.611873],[-38.876471,-6.581405],[-38.910261,-6.576858],[-38.921683,-6.566853],[-38.924538,-6.610963],[-38.968322,-6.659166],[-39.002587,-6.657801],[-39.047323,-6.674627],[-39.068263,-6.705549],[-39.107763,-6.715553],[-39.124896,-6.72101],[-39.181529,-6.827419],[-39.185812,-6.863799],[-39.1663,-6.906089],[-39.166776,-6.935648],[-39.115853,-6.942923],[-39.106811,-6.963387],[-39.086823,-6.937467],[-39.043515,-6.900178],[-39.020672,-6.895176],[-39.015437,-6.87835],[-38.96499,-6.86198],[-38.891224,-6.856978],[-38.856007,-6.859251]]]},"properties":{"cod_ibge":"230750","name":"Lavras da Mangabeira","uf":"CE"}},
{"type":"Feature","geometry":{"type":"Polygon","coordinates":[[[-40.541201,-4.915237],[-40.540249,-4.842933],[-40.524068,-4.847935],[-40.446019,-4.732431],[-40.381296,-4.548716],[-40.460772,-4.528253],[-40.509315,-4.507335],[-40.58784,-4.557356],[-40.583081,-4.577365],[-40.596406,-4.611925],[-40.626865,-4.62102],[-40.660178,-4.686502],[-40.659226,-4.701509],[-40.642094,-4.728793],[-40.647329,-4.746983],[-40.628292,-4.790183],[-40.616395,-4.81292],[-40.541201,-4.915237]]]},"properties":{"cod_ibge":"230930","name":"Nova Russas","uf":"CE"}},
{"type":"Feature","geometry":{"type":"Polygon","coordinates":[[[-38.687059,-4.28724],[-38.665168,-4.273598],[-38.658029,-4.253135],[-38.640896,-4.241311],[-38.626143,-4.248587],[-38.612342,-4.22585],[-38.575221,-4.229943],[-38.614245,-4.183105],[-38.618529,-4.163551],[-38.65327,-4.157639],[-38.697529,-4.171736],[-38.717518,-4.187197],[-38.707048,-4.247678],[-38.720849,-4.279964],[-38.717042,-4.290423],[-38.687059,-4.28724]]]},"properties":{"cod_ibge":"230015","name":"Acarape","uf":"CE"}},
{"type":"Feature","geometry":{"type":"Polygon","coordinates":[[[-40.47267,-4.08579],[-40.512647,-4.046228],[-40.567852,-4.046683],[-40.639238,-4.01576],[-40.634003,-4.028038],[-40.652564,-4.043499],[-40.682546,-4.057596],[-40.713004,-4.128081],[-40.711101,-4.168553],[-40.726806,-4.204478],[-40.686829,-4.20948],[-40.605449,-4.207661],[-40.59831,-4.202204],[-40.54596,-4.172646],[-40.518833,-4.165825],[-40.51455,-4.133538],[-40.533111,-4.098068],[-40.47267,-4.08579]]]},"properties":{"cod_ibge":"231170","name":"Reriutaba","uf":"CE"}},
{"type":"Feature","geometry":{"type":"Polygon","coordinates":[[[-39.334772,-4.194018],[-39.309073,-4.178103],[-39.204848,-4.175829],[-39.206276,-4.131264],[-39.160589,-4.126717],[-39.155354,-4.098068],[-39.172487,-4.092611],[-39.182005,-4.066691],[-39.203897,-4.046683],[-39.227692,-4.072603],[-39.262909,-4.078969],[-39.270048,-4.086245],[-39.30241,-4.083062],[-39.324302,-4.090338],[-39.357615,-4.098068],[-39.370941,-4.110346],[-39.40711,-4.095795],[-39.446134,-4.103525],[-39.449942,-4.13081],[-39.483731,-4.121715],[-39.492298,-4.11171],[-39.520852,-4.118532],[-39.523232,-4.135812],[-39.54084,-4.159913],[-39.559877,-4.181286],[-39.569871,-4.219029],[-39.553214,-4.220848],[-39.532274,-4.237674],[-39.506575,-4.242676],[-39.505147,-4.267686],[-39.491822,-4.290423],[-39.334772,-4.194018]]]},"properties":{"cod_ibge":"231040","name":"Paramoti","uf":"CE"}},
{"type":"Feature","geometry":{"type":"Polygon","coordinates":[[[-40.886711,-3.520548],[-40.876717,-3.532371],[-40.95429,-3.601037],[-40.983796,-3.6215],[-41.009971,-3.633324],[-41.009971,-3.647875],[-41.045665,-3.664701],[-41.120382,-3.711539],[-41.147033,-3.696078],[-41.189389,-3.703808],[-41.205094,-3.70108],[-41.220323,-3.718815],[-41.23936,-3.712903],[-41.253161,-3.724272],[-41.261251,-3.746099],[-41.254113,-3.775203],[-41.287902,-3.822496],[-41.27077,-3.837957],[-41.266962,-3.862513],[-41.24745,-3.882067],[-41.245546,-3.896618],[-41.205094,-3.899347],[-41.178919,-3.877065],[-41.161786,-3.872972],[-41.131804,-3.844323],[-41.088021,-3.839321],[-41.054707,-3.839776],[-41.035671,-3.849325],[-41.00664,-3.839776],[-40.973326,-3.84205],[-40.952862,-3.804761],[-40.920501,-3.786571],[-40.895277,-3.781114],[-40.874337,-3.722453],[-40.890994,-3.667884],[-40.903844,-3.575117],[-40.892422,-3.559201],[-40.856729,-3.536009],[-40.838644,-3.511908],[-40.821511,-3.470981],[-40.826746,-3.453247],[-40.849114,-3.417322],[-40.884331,-3.488716],[-40.869102,-3.507815],[-40.886711,-3.520548]]]},"properties":{"cod_ibge":"231340","name":"Tianguá","uf":"CE"}},
{"type":"Feature","geometry":{"type":"Polygon","coordinates":[[[-40.58784,-4.557356],[-40.598786,-4.530981],[-40.584985,-4.500513],[-40.584033,-4.471865],[-40.554527,-4.440033],[-40.565472,-4.41957],[-40.543581,-4.369548],[-40.522641,-4.354997],[-40.512171,-4.325893],[-40.494086,-4.319527],[-40.477905,-4.292242],[-40.568804,-4.314525],[-40.620678,-4.306339],[-40.648756,-4.294061],[-40.663986,-4.309068],[-40.703486,-4.283148],[-40.695871,-4.267232],[-40.699203,-4.244949],[-40.686829,-4.20948],[-40.726806,-4.204478],[-40.744414,-4.225396],[-40.777728,-4.2354],[-40.802951,-4.266322],[-40.791053,-4.292697],[-40.788198,-4.319527],[-40.802475,-4.344992],[-40.800096,-4.362272],[-40.776776,-4.361363],[-40.770113,-4.380917],[-40.782487,-4.388193],[-40.793433,-4.423662],[-40.706817,-4.483233],[-40.695396,-4.450492],[-40.668745,-4.448673],[-40.645901,-4.489145],[-40.642094,-4.510518],[-40.613539,-4.551899],[-40.58784,-4.557356]]]},"properties":{"cod_ibge":"230580","name":"Ipu","uf":"CE"}},
{"type":"Feature","geometry":{"type":"Polygon","coordinates":[[[-40.779631,-3.786116],[-40.785818,-3.768836],[-40.782963,-3.742916],[-40.760119,-3.709265],[-40.733468,-3.688802],[-40.766306,-3.64833],[-40.82865,-3.633778],[-40.861488,-3.647875],[-40.890994,-3.667884],[-40.874337,-3.722453],[-40.895277,-3.781114],[-40.843879,-3.788845],[-40.779631,-3.786116]]]},"properties":{"cod_ibge":"230450","name":"Frecheirinha","uf":"CE"}},
{"type":"Feature","geometry":{"type":"Polygon","coordinates":[[[-39.889206,-7.339912],[-39.857796,-7.32536],[-39.828765,-7.332181],[-39.741198,-7.326724],[-39.705981,-7.337638],[-39.671239,-7.358556],[-39.64554,-7.380838],[-39.626504,-7.427222],[-39.599853,-7.428131],[-39.599853,-7.209856],[-39.62698,-7.19485],[-39.693131,-7.170294],[-39.74215,-7.092988],[-39.757379,-7.04524],[-39.747385,-7.022503],[-39.772608,-7.061156],[-39.807349,-7.037055],[-39.863982,-7.052516],[-39.873501,-7.067522],[-39.889682,-7.053425],[-39.883495,-7.089805],[-39.897296,-7.09708],[-39.889206,-7.142554],[-39.889206,-7.339912]]]},"properties":{"cod_ibge":"231210","name":"Santana do Cariri","uf":"CE"}},
{"type":"Feature","geometry":{"type":"Polygon","coordinates":[[[-40.520737,-3.514182],[-40.500273,-3.510544],[-40.476477,-3.495083],[-40.463628,-3.519639],[-40.433646,-3.522367],[-40.412706,-3.538738],[-40.415561,-3.567386],[-40.361783,-3.615589],[-40.310385,-3.621955],[-40.291825,-3.608313],[-40.296584,-3.591033],[-40.269457,-3.572843],[-40.256607,-3.559656],[-40.252324,-3.501904],[-40.270885,-3.481895],[-40.30753,-3.410046],[-40.33656,-3.404135],[-40.341795,-3.35093],[-40.355121,-3.371393],[-40.392717,-3.382307],[-40.4227,-3.369574],[-40.461248,-3.381398],[-40.515502,-3.393221],[-40.537394,-3.448244],[-40.557382,-3.483259],[-40.532635,-3.503268],[-40.540725,-3.522367],[-40.520737,-3.514182]]]},"properties":{"cod_ibge":"230800","name":"Massapê","uf":"CE"}},
{"type":"Feature","geometry":{"type":"Polygon","coordinates":[[[-39.340007,-7.108449],[-39.292892,-7.110268],[-39.280994,-7.092533],[-39.25006,-7.105266],[-39.243873,-7.118453],[-39.20818,-7.135279],[-39.193427,-7.15074],[-39.162493,-7.13255],[-39.135842,-7.130731],[-39.115853,-7.101173],[-39.114902,-7.082529],[-39.133938,-7.078436],[-39.157258,-7.033417],[-39.162493,-7.006132],[-39.149167,-6.983395],[-39.130131,-6.980667],[-39.106811,-6.963387],[-39.115853,-6.942923],[-39.166776,-6.935648],[-39.235783,-6.928372],[-39.246728,-6.935193],[-39.297651,-6.938831],[-39.32097,-6.933374],[-39.329061,-6.967479],[-39.346669,-6.936102],[-39.338579,-6.905635],[-39.394736,-6.92246],[-39.422815,-6.962023],[-39.435664,-6.963387],[-39.452321,-7.009316],[-39.454701,-7.056609],[-39.420435,-7.060246],[-39.361423,-7.057518],[-39.359519,-7.074798],[-39.337151,-7.099354],[-39.340007,-7.108449]]]},"properties":{"cod_ibge":"230320","name":"Caririaçu","uf":"CE"}},
{"type":"Feature","geometry":{"type":"Polygon","coordinates":[[[-39.639353,-3.822041],[-39.588431,-3.825679],[-39.544172,-3.771565],[-39.515141,-3.746099],[-39.489918,-3.760196],[-39.493249,-3.819312],[-39.478972,-3.817948],[-39.476593,-3.857511],[-39.430429,-3.855692],[-39.414724,-3.829772],[-39.423767,-3.825224],[-39.432333,-3.784752],[-39.442327,-3.746554],[-39.456604,-3.747009],[-39.471358,-3.727],[-39.496105,-3.721998],[-39.512762,-3.693349],[-39.514665,-3.669248],[-39.557497,-3.651513],[-39.567015,-3.630141],[-39.596522,-3.626503],[-39.610323,-3.632869],[-39.635546,-3.62241],[-39.654582,-3.650604],[-39.677902,-3.646056],[-39.701697,-3.617863],[-39.696938,-3.640145],[-39.707408,-3.689257],[-39.6898,-3.714267],[-39.685517,-3.746554],[-39.658866,-3.764744],[-39.639353,-3.822041]]]},"properties":{"cod_ibge":"230630","name":"Itapajé","uf":"CE"}},
{"type":"Feature","geometry":{"type":"Polygon","coordinates":[[[-40.084328,-6.367222],[-40.071003,-6.355399],[-40.060057,-6.303559],[-40.047683,-6.279003],[-40.027219,-6.279912],[-40.016273,-6.223524],[-39.986767,-6.220796],[-39.939652,-6.193966],[-39.925851,-6.195785],[-39.895392,-6.159861],[-39.901103,-6.144854],[-39.892537,-6.113932],[-39.88873,-6.097561],[-39.91776,-6.0821],[-39.944411,-6.103928],[-39.956309,-6.10029],[-39.999617,-6.104837],[-40.019605,-6.095742],[-40.047207,-6.098471],[-40.069099,-6.111203],[-40.109552,-6.11666],[-40.146197,-6.112113],[-40.164757,-6.131212],[-40.194739,-6.142581],[-40.226149,-6.131667],[-40.257083,-6.150311],[-40.262318,-6.168046],[-40.405091,-6.312653],[-40.327518,-6.401783],[-40.249945,-6.381774],[-40.241854,-6.392688],[-40.218059,-6.376317],[-40.205685,-6.380864],[-40.186649,-6.364949],[-40.149528,-6.360856],[-40.112407,-6.349033],[-40.084328,-6.367222]]]},"properties":{"cod_ibge":"230150","name":"Arneiroz","uf":"CE"}},
{"type":"Feature","geometry":{"type":"Polygon","coordinates":[[[-39.907766,-3.273624],[-39.925851,-3.265894],[-39.945839,-3.243611],[-39.965351,-3.239519],[-39.988195,-3.217236],[-39.997237,-3.199047],[-39.989147,-3.161303],[-39.993906,-3.134019],[-39.990574,-3.094911],[-39.972966,-3.073993],[-39.983436,-3.017605],[-39.973917,-3.00078],[-39.966303,-2.931205],[-39.942507,-2.866177],[-39.965827,-2.85117],[-40.059581,-2.834345],[-40.073382,-2.837528],[-40.126208,-2.823431],[-40.143817,-2.840257],[-40.188552,-2.812518],[-40.236619,-2.815246],[-40.32609,-2.806151],[-40.371777,-2.812518],[-40.361307,-2.866632],[-40.324187,-2.861175],[-40.289445,-2.876181],[-40.272312,-2.869815],[-40.196167,-2.872998],[-40.18189,-2.86936],[-40.150956,-2.884366],[-40.149528,-2.905739],[-40.169516,-2.93075],[-40.169992,-2.943937],[-40.170468,-2.984864],[-40.155239,-2.992595],[-40.155715,-3.032157],[-40.147624,-3.042161],[-40.121449,-3.034886],[-40.111455,-3.054439],[-40.082425,-3.085816],[-40.083852,-3.115375],[-40.073382,-3.123105],[-40.002472,-3.219965],[-39.934417,-3.315915],[-39.907766,-3.273624]]]},"properties":{"cod_ibge":"230020","name":"Acaraú","uf":"CE"}},
{"type":"Feature","geometry":{"type":"Polygon","coordinates":[[[-39.307645,-6.174412],[-39.277187,-6.171684],[-39.276711,-6.203971],[-39.265765,-6.22307],[-39.294795,-6.23171],[-39.317639,-6.265815],[-39.286229,-6.279003],[-39.256723,-6.271727],[-39.241018,-6.290826],[-39.209608,-6.290371],[-39.162968,-6.304468],[-39.13489,-6.289007],[-39.097293,-6.242169],[-39.071594,-6.234893],[-39.056365,-6.258994],[-39.003063,-6.220341],[-38.991165,-6.190328],[-38.986406,-6.156678],[-38.968798,-6.122572],[-38.975936,-6.103018],[-38.989738,-6.076188],[-38.986406,-6.028441],[-39.018292,-6.005249],[-39.050654,-6.025258],[-39.091582,-6.083919],[-39.090154,-6.093469],[-39.141553,-6.154404],[-39.259578,-6.128484],[-39.307645,-6.174412]]]},"properties":{"cod_ibge":"231135","name":"Quixelô","uf":"CE"}},
{"type":"Feature","geometry":{"type":"Polygon","coordinates":[[[-40.713004,-4.128081],[-40.743462,-4.122624],[-40.797716,-4.131719],[-40.81009,-4.118532],[-40.833885,-4.118077],[-40.852446,-4.154001],[-40.900988,-4.159003],[-40.97523,-4.230398],[-41.000929,-4.194928],[-41.017586,-4.200385],[-41.074219,-4.200385],[-41.098491,-4.181286],[-41.136087,-4.233581],[-41.118955,-4.306339],[-41.119431,-4.324074],[-41.148461,-4.366365],[-41.140371,-4.370003],[-41.007592,-4.273143],[-40.927163,-4.289514],[-40.870054,-4.323165],[-40.847211,-4.321346],[-40.802475,-4.344992],[-40.788198,-4.319527],[-40.791053,-4.292697],[-40.802951,-4.266322],[-40.777728,-4.2354],[-40.744414,-4.225396],[-40.726806,-4.204478],[-40.711101,-4.168553],[-40.713004,-4.128081]]]},"properties":{"cod_ibge":"230500","name":"Guaraciaba do Norte","uf":"CE"}},
{"type":"Feature","geometry":{"type":"Polygon","coordinates":[[[-38.233518,-5.217184],[-38.224476,-5.19854],[-38.208295,-5.193538],[-38.134529,-5.213546],[-38.107402,-5.196266],[-38.071709,-5.182169],[-37.994136,-5.245833],[-37.967485,-5.254473],[-37.930364,-5.297218],[-37.786639,-5.296764],[-37.791874,-5.26857],[-37.786639,-5.22355],[-37.832803,-5.222641],[-37.926081,-5.173529],[-37.941786,-5.144426],[-37.973196,-5.107137],[-38.008413,-5.078943],[-38.060763,-5.080307],[-38.075516,-5.075305],[-38.121204,-5.031195],[-38.142144,-5.032105],[-38.149758,-5.008458],[-38.188307,-4.975262],[-38.21353,-4.974353],[-38.237801,-4.969805],[-38.259217,-4.98845],[-38.253506,-5.050749],[-38.230187,-5.056206],[-38.226855,-5.090312],[-38.248747,-5.18126],[-38.238277,-5.210818],[-38.233518,-5.217184]]]},"properties":{"cod_ibge":"230760","name":"Limoeiro do Norte","uf":"CE"}},
{"type":"Feature","geometry":{"type":"Polygon","coordinates":[[[-39.934417,-3.315915],[-40.002472,-3.219965],[-40.096226,-3.197228],[-40.120973,-3.199501],[-40.237571,-3.285902],[-40.278975,-3.26362],[-40.274216,-3.305456],[-40.305626,-3.29909],[-40.318476,-3.285902],[-40.340843,-3.289995],[-40.341319,-3.31637],[-40.200926,-3.30773],[-40.185221,-3.319098],[-40.146197,-3.303637],[-40.107172,-3.318643],[-40.083852,-3.31546],[-40.091943,-3.354568],[-40.070051,-3.367301],[-40.003424,-3.360934],[-39.987243,-3.365482],[-39.939176,-3.334559],[-39.934417,-3.315915]]]},"properties":{"cod_ibge":"230890","name":"Morrinhos","uf":"CE"}},
{"type":"Feature","geometry":{"type":"Polygon","coordinates":[[[-39.628883,-5.043019],[-39.502292,-5.052113],[-39.493725,-5.030286],[-39.472785,-5.008913],[-39.480876,-4.976626],[-39.466598,-4.963894],[-39.43852,-4.952525],[-39.39426,-4.927515],[-39.374272,-4.973443],[-39.350001,-4.974353],[-39.348097,-4.960256],[-39.366182,-4.932971],[-39.346669,-4.896137],[-39.356188,-4.859304],[-39.36523,-4.846571],[-39.348097,-4.820196],[-39.340007,-4.792002],[-39.343338,-4.771993],[-39.303362,-4.750166],[-39.300982,-4.722427],[-39.318591,-4.723336],[-39.346193,-4.747437],[-39.369513,-4.741981],[-39.367133,-4.7247],[-39.371417,-4.717425],[-39.389977,-4.7247],[-39.509906,-4.7247],[-39.575582,-4.748802],[-39.628883,-4.731521],[-39.665528,-4.731976],[-39.692179,-4.745164],[-39.726445,-4.749711],[-39.722637,-4.77745],[-39.677426,-4.789274],[-39.662673,-4.807918],[-39.650299,-4.870217],[-39.618413,-4.907961],[-39.60366,-4.959801],[-39.61413,-4.974353],[-39.597473,-4.998909],[-39.60604,-5.02301],[-39.628883,-5.043019]]]},"properties":{"cod_ibge":"230763","name":"Madalena","uf":"CE"}},
{"type":"Feature","geometry":{"type":"Polygon","coordinates":[[[-37.950352,-4.661946],[-37.908948,-4.663765],[-37.8447,-4.683319],[-37.828995,-4.666039],[-37.806152,-4.679226],[-37.800917,-4.697416],[-37.776645,-4.711968],[-37.744284,-4.719698],[-37.652909,-4.715606],[-37.616264,-4.717879],[-37.611505,-4.768355],[-37.588661,-4.808373],[-37.640535,-4.926605],[-37.467305,-4.886133],[-37.446365,-4.881131],[-37.356894,-4.857939],[-37.355942,-4.794276],[-37.36546,-4.785181],[-37.39925,-4.776086],[-37.416858,-4.782452],[-37.462545,-4.781088],[-37.50395,-4.792002],[-37.527269,-4.755623],[-37.557251,-4.722427],[-37.540595,-4.661491],[-37.540595,-4.644666],[-37.55392,-4.642847],[-37.602939,-4.617382],[-37.652433,-4.573272],[-37.688126,-4.5328],[-37.712874,-4.515065],[-37.732386,-4.48869],[-37.754278,-4.437305],[-37.769507,-4.426391],[-37.785212,-4.443216],[-37.770459,-4.475503],[-37.788543,-4.507335],[-37.824236,-4.504151],[-37.846604,-4.520977],[-37.850887,-4.537347],[-37.867544,-4.542804],[-37.963202,-4.530526],[-37.98081,-4.54144],[-37.986521,-4.583731],[-37.973672,-4.615563],[-37.994136,-4.64694],[-37.993184,-4.660582],[-37.950352,-4.661946]]]},"properties":{"cod_ibge":"230110","name":"Aracati","uf":"CE"}},
{"type":"Feature","geometry":{"type":"Polygon","coordinates":[[[-39.363326,-5.980693],[-39.354284,-5.95159],[-39.368561,-5.901568],[-39.341434,-5.851547],[-39.340958,-5.808346],[-39.327633,-5.782881],[-39.434713,-5.728767],[-39.452321,-5.737407],[-39.475165,-5.701028],[-39.503243,-5.730131],[-39.556545,-5.849273],[-39.546075,-5.862461],[-39.565588,-5.962503],[-39.567015,-5.986605],[-39.547027,-6.006613],[-39.535605,-5.979784],[-39.481352,-5.987969],[-39.465171,-5.980693],[-39.4152,-5.985695],[-39.412821,-5.9766],[-39.381887,-5.973417],[-39.363326,-5.980693]]]},"properties":{"cod_ibge":"231090","name":"Piquet Carneiro","uf":"CE"}},
{"type":"Feature","geometry":{"type":"Polygon","coordinates":[[[-39.094438,-4.386828],[-39.160589,-4.386828],[-39.167728,-4.381826],[-39.191523,-4.308158],[-39.207704,-4.289969],[-39.23959,-4.283602],[-39.334772,-4.194018],[-39.491822,-4.290423],[-39.505147,-4.267686],[-39.506575,-4.242676],[-39.532274,-4.237674],[-39.553214,-4.220848],[-39.569871,-4.219029],[-39.559877,-4.181286],[-39.54084,-4.159913],[-39.547503,-4.142178],[-39.547027,-4.109892],[-39.53275,-4.084426],[-39.557497,-4.101251],[-39.575582,-4.091702],[-39.597473,-4.09443],[-39.628408,-4.069874],[-39.665052,-4.081698],[-39.683137,-4.081243],[-39.70836,-4.100797],[-39.740246,-4.110346],[-39.754999,-4.133538],[-39.757379,-4.157639],[-39.774036,-4.173555],[-39.787837,-4.188562],[-39.765945,-4.248133],[-39.748812,-4.254954],[-39.730252,-4.274962],[-39.739294,-4.294971],[-39.726445,-4.308158],[-39.734535,-4.333169],[-39.714071,-4.354087],[-39.711692,-4.380007],[-39.751668,-4.407292],[-39.738342,-4.422753],[-39.7293,-4.447309],[-39.733107,-4.465498],[-39.722637,-4.484143],[-39.755951,-4.501878],[-39.768325,-4.523705],[-39.745957,-4.544623],[-39.704553,-4.544168],[-39.642685,-4.50688],[-39.607468,-4.502787],[-39.562256,-4.470501],[-39.529894,-4.488235],[-39.510858,-4.469591],[-39.493725,-4.481869],[-39.482779,-4.527343],[-39.468978,-4.534619],[-39.464695,-4.563268],[-39.443279,-4.576],[-39.452321,-4.600102],[-39.435188,-4.618746],[-39.421387,-4.645121],[-39.42567,-4.679226],[-39.400923,-4.686502],[-39.371417,-4.717425],[-39.367133,-4.7247],[-39.36285,-4.738797],[-39.332392,-4.718789],[-39.304789,-4.70742],[-39.294795,-4.688321],[-39.292892,-4.66331],[-39.282422,-4.651487],[-39.237686,-4.643757],[-39.230548,-4.652851],[-39.180101,-4.655125],[-39.160113,-4.635571],[-39.129655,-4.628295],[-39.065407,-4.560994],[-39.083968,-4.535983],[-39.079208,-4.485507],[-39.084919,-4.471865],[-39.028286,-4.460496],[-39.052558,-4.451856],[-39.055889,-4.434576],[-39.090154,-4.413203],[-39.094438,-4.386828]]]},"properties":{"cod_ibge":"230280","name":"Canindé","uf":"CE"}},
{"type":"Feature","geometry":{"type":"Polygon","coordinates":[[[-40.58784,-4.557356],[-40.613539,-4.551899],[-40.642094,-4.510518],[-40.645901,-4.489145],[-40.668745,-4.448673],[-40.695396,-4.450492],[-40.706817,-4.483233],[-40.793433,-4.423662],[-40.809138,-4.431848],[-40.826271,-4.458677],[-40.888615,-4.471865],[-41.025201,-4.454585],[-41.06137,-4.473684],[-41.117527,-4.478231],[-41.177491,-4.467772],[-41.187961,-4.485962],[-41.190817,-4.51552],[-41.203666,-4.528253],[-41.221751,-4.56736],[-41.239836,-4.573727],[-41.220799,-4.573727],[-41.215088,-4.584186],[-41.162738,-4.591916],[-41.147509,-4.599647],[-41.098966,-4.602375],[-41.068984,-4.615108],[-41.051851,-4.629205],[-40.987128,-4.660127],[-40.976658,-4.685593],[-40.963332,-4.688321],[-40.955242,-4.716515],[-40.888139,-4.716515],[-40.871958,-4.712422],[-40.844355,-4.718789],[-40.806282,-4.705601],[-40.784866,-4.712422],[-40.762023,-4.706056],[-40.732041,-4.715151],[-40.669696,-4.705147],[-40.660178,-4.686502],[-40.626865,-4.62102],[-40.596406,-4.611925],[-40.583081,-4.577365],[-40.58784,-4.557356]]]},"properties":{"cod_ibge":"230590","name":"Ipueiras","uf":"CE"}},
{"type":"Feature","geometry":{"type":"Polygon","coordinates":[[[-38.639944,-3.968467],[-38.620432,-3.944821],[-38.61139,-3.922539],[-38.618053,-3.899347],[-38.612818,-3.88434],[-38.586643,-3.880702],[-38.568082,-3.865696],[-38.542383,-3.85933],[-38.614721,-3.82386],[-38.638041,-3.801578],[-38.640896,-3.821586],[-38.669451,-3.827498],[-38.688011,-3.856601],[-38.651842,-3.872972],[-38.648035,-3.89389],[-38.658505,-3.918901],[-38.658505,-3.953916],[-38.639944,-3.968467]]]},"properties":{"cod_ibge":"230765","name":"Maracanaú","uf":"CE"}},
{"type":"Feature","geometry":{"type":"Polygon","coordinates":[[[-40.555002,-5.426819],[-40.645901,-5.426819],[-40.659702,-5.448192],[-40.684926,-5.450921],[-40.687781,-5.472293],[-40.722046,-5.463653],[-40.738703,-5.484117],[-40.762023,-5.476386],[-40.774396,-5.493211],[-40.797716,-5.495485],[-40.81009,-5.481843],[-40.845783,-5.479115],[-40.862916,-5.493211],[-40.901464,-5.477296],[-40.929543,-5.493666],[-40.936681,-5.526407],[-40.932398,-5.54869],[-40.915741,-5.564151],[-40.911934,-5.595073],[-40.902416,-5.607806],[-40.907651,-5.642366],[-40.91479,-5.660101],[-40.938585,-5.673289],[-40.928115,-5.704211],[-40.913838,-5.725129],[-40.917645,-5.742864],[-40.910031,-5.764237],[-40.881476,-5.769694],[-40.872434,-5.762418],[-40.843879,-5.770603],[-40.814849,-5.754687],[-40.792005,-5.733314],[-40.749649,-5.719672],[-40.725378,-5.690114],[-40.679691,-5.690114],[-40.663986,-5.676927],[-40.629244,-5.635545],[-40.636859,-5.613718],[-40.620678,-5.600985],[-40.625437,-5.586888],[-40.608304,-5.559149],[-40.617822,-5.545052],[-40.612587,-5.520041],[-40.569756,-5.439097],[-40.555002,-5.426819]]]},"properties":{"cod_ibge":"230940","name":"Novo Oriente","uf":"CE"}},
{"type":"Feature","geometry":{"type":"Polygon","coordinates":[[[-38.529058,-4.680591],[-38.498599,-4.651487],[-38.457671,-4.653306],[-38.434352,-4.6383],[-38.408177,-4.598283],[-38.380574,-4.578274],[-38.364869,-4.543259],[-38.382002,-4.518703],[-38.360586,-4.501423],[-38.358682,-4.479141],[-38.367724,-4.464589],[-38.436731,-4.383645],[-38.443394,-4.409111],[-38.471949,-4.390466],[-38.494316,-4.388647],[-38.533817,-4.369093],[-38.533341,-4.378188],[-38.567606,-4.413203],[-38.601872,-4.420479],[-38.637089,-4.455039],[-38.635661,-4.485962],[-38.622812,-4.505061],[-38.62186,-4.535528],[-38.649463,-4.555537],[-38.612342,-4.652397],[-38.592829,-4.668767],[-38.573793,-4.669677],[-38.529058,-4.680591]]]},"properties":{"cod_ibge":"230945","name":"Ocara","uf":"CE"}},
{"type":"Feature","geometry":{"type":"Polygon","coordinates":[[[-40.686829,-4.20948],[-40.699203,-4.244949],[-40.695871,-4.267232],[-40.703486,-4.283148],[-40.663986,-4.309068],[-40.648756,-4.294061],[-40.620678,-4.306339],[-40.568804,-4.314525],[-40.477905,-4.292242],[-40.450778,-4.260411],[-40.439832,-4.253135],[-40.450778,-4.209025],[-40.484092,-4.233126],[-40.491231,-4.245859],[-40.517406,-4.256318],[-40.530731,-4.250406],[-40.549767,-4.214937],[-40.562141,-4.206296],[-40.59831,-4.202204],[-40.605449,-4.207661],[-40.686829,-4.20948]]]},"properties":{"cod_ibge":"231095","name":"Pires Ferreira","uf":"CE"}},
{"type":"Feature","geometry":{"type":"Polygon","coordinates":[[[-39.632215,-5.337236],[-39.624124,-5.255382],[-39.536081,-5.11896],[-39.582244,-5.095768],[-39.61413,-5.0844],[-39.634118,-5.057116],[-39.628883,-5.043019],[-39.60604,-5.02301],[-39.597473,-4.998909],[-39.61413,-4.974353],[-39.60366,-4.959801],[-39.618413,-4.907961],[-39.650299,-4.870217],[-39.662673,-4.807918],[-39.677426,-4.789274],[-39.722637,-4.77745],[-39.726445,-4.749711],[-39.737391,-4.736069],[-39.7293,-4.696052],[-39.742626,-4.719698],[-39.806873,-4.707875],[-39.798783,-4.743799],[-39.82353,-4.730157],[-39.855892,-4.736524],[-39.884922,-4.790183],[-39.915857,-4.788364],[-39.928706,-4.774722],[-39.929182,-4.797004],[-39.94917,-4.817467],[-39.945839,-4.839295],[-39.916332,-4.871581],[-39.894441,-4.885224],[-39.901103,-4.904778],[-39.929182,-4.912963],[-39.934417,-4.924786],[-39.956785,-4.925241],[-39.968682,-4.947523],[-39.957737,-5.025284],[-39.997713,-5.0844],[-40.159998,-5.164889],[-40.136678,-5.157613],[-40.096702,-5.159432],[-40.053394,-5.18035],[-40.038641,-5.178531],[-40.023412,-5.20718],[-40.047207,-5.239466],[-40.048635,-5.279029],[-40.027219,-5.296764],[-40.021032,-5.328141],[-39.992954,-5.349968],[-39.957261,-5.348149],[-39.934893,-5.364065],[-39.922519,-5.389985],[-39.89682,-5.396807],[-39.876356,-5.374069],[-39.842567,-5.369067],[-39.799259,-5.39908],[-39.782602,-5.379526],[-39.75262,-5.367703],[-39.728824,-5.369977],[-39.68742,-5.358608],[-39.664101,-5.361792],[-39.644112,-5.333143],[-39.632215,-5.337236]]]},"properties":{"cod_ibge":"230240","name":"Boa Viagem","uf":"CE"}},
{"type":"Feature","geometry":{"type":"Polygon","coordinates":[[[-39.164872,-3.326374],[-39.191047,-3.284993],[-39.227692,-3.240883],[-39.257198,-3.21951],[-39.277187,-3.21951],[-39.322398,-3.200866],[-39.341434,-3.180402],[-39.364754,-3.173127],[-39.379031,-3.183131],[-39.399019,-3.18495],[-39.431381,-3.208142],[-39.464695,-3.205413],[-39.475641,-3.197228],[-39.508003,-3.20223],[-39.504195,-3.240883],[-39.52228,-3.274534],[-39.504671,-3.297271],[-39.505147,-3.340471],[-39.480876,-3.395949],[-39.468026,-3.401861],[-39.434237,-3.420505],[-39.430905,-3.431419],[-39.330964,-3.501449],[-39.343814,-3.541011],[-39.374272,-3.577845],[-39.348097,-3.572843],[-39.314783,-3.580119],[-39.303362,-3.53419],[-39.286705,-3.524641],[-39.284325,-3.503268],[-39.262433,-3.490535],[-39.25815,-3.471436],[-39.253391,-3.396404],[-39.262909,-3.38549],[-39.238162,-3.35957],[-39.2058,-3.356387],[-39.164872,-3.326374]]]},"properties":{"cod_ibge":"231350","name":"Trairi","uf":"CE"}},
{"type":"Feature","geometry":{"type":"Polygon","coordinates":[[[-39.056365,-6.258994],[-39.071594,-6.234893],[-39.097293,-6.242169],[-39.13489,-6.289007],[-39.162968,-6.304468],[-39.209608,-6.290371],[-39.241018,-6.290826],[-39.256723,-6.271727],[-39.286229,-6.279003],[-39.317639,-6.265815],[-39.294795,-6.23171],[-39.265765,-6.22307],[-39.276711,-6.203971],[-39.277187,-6.171684],[-39.307645,-6.174412],[-39.356663,-6.225798],[-39.374748,-6.216703],[-39.390453,-6.22216],[-39.417104,-6.245807],[-39.417104,-6.261268],[-39.463743,-6.280367],[-39.45946,-6.324931],[-39.473261,-6.374498],[-39.434237,-6.398145],[-39.416628,-6.390414],[-39.408062,-6.408604],[-39.40711,-6.4418],[-39.398068,-6.464991],[-39.375224,-6.474996],[-39.353808,-6.466356],[-39.348097,-6.485455],[-39.358567,-6.508646],[-39.340483,-6.535021],[-39.28147,-6.525927],[-39.235307,-6.523653],[-39.225313,-6.515922],[-39.229596,-6.491366],[-39.209132,-6.484545],[-39.205324,-6.463172],[-39.144884,-6.4418],[-39.129179,-6.408604],[-39.093962,-6.334936],[-39.08254,-6.333117],[-39.070166,-6.309925],[-39.053033,-6.296283],[-39.056365,-6.258994]]]},"properties":{"cod_ibge":"230550","name":"Iguatu","uf":"CE"}},
{"type":"Feature","geometry":{"type":"Polygon","coordinates":[[[-39.346669,-7.265334],[-39.363802,-7.213039],[-39.366658,-7.163927],[-39.343814,-7.141645],[-39.340007,-7.108449],[-39.337151,-7.099354],[-39.359519,-7.074798],[-39.361423,-7.057518],[-39.420435,-7.060246],[-39.454701,-7.056609],[-39.452321,-7.009316],[-39.50134,-7.012499],[-39.517045,-7.002494],[-39.554642,-7.011134],[-39.581293,-7.023412],[-39.579865,-7.043876],[-39.577485,-7.073889],[-39.599377,-7.080255],[-39.599853,-7.209856],[-39.599853,-7.428131],[-39.571774,-7.42995],[-39.562732,-7.460418],[-39.546075,-7.484064],[-39.502292,-7.464056],[-39.492298,-7.471332],[-39.460888,-7.471332],[-39.455653,-7.501799],[-39.484683,-7.532722],[-39.473261,-7.572739],[-39.445183,-7.572739],[-39.446134,-7.335819],[-39.400923,-7.30717],[-39.3757,-7.305351],[-39.346669,-7.265334]]]},"properties":{"cod_ibge":"230420","name":"Crato","uf":"CE"}},
{"type":"Feature","geometry":{"type":"Polygon","coordinates":[[[-38.882182,-7.457235],[-38.776054,-7.604116],[-38.717042,-7.626398],[-38.715138,-7.621851],[-38.703716,-7.580924],[-38.682776,-7.57865],[-38.66136,-7.568191],[-38.652794,-7.55273],[-38.646131,-7.501799],[-38.630902,-7.487248],[-38.644704,-7.459963],[-38.603299,-7.457689],[-38.605679,-7.444502],[-38.585215,-7.434952],[-38.595685,-7.415399],[-38.579028,-7.380838],[-38.549522,-7.33491],[-38.549522,-7.314446],[-38.534769,-7.290345],[-38.554281,-7.251692],[-38.55904,-7.239414],[-38.592829,-7.247599],[-38.619956,-7.220315],[-38.658029,-7.223043],[-38.672782,-7.232138],[-38.738458,-7.237595],[-38.774627,-7.235321],[-38.783193,-7.226681],[-38.86029,-7.354463],[-38.882182,-7.457235]]]},"properties":{"cod_ibge":"230810","name":"Mauriti","uf":"CE"}},
{"type":"Feature","geometry":{"type":"Polygon","coordinates":[[[-39.644588,-5.384074],[-39.612703,-5.406356],[-39.544172,-5.405447],[-39.527991,-5.453194],[-39.500388,-5.453649],[-39.464219,-5.475931],[-39.438044,-5.47866],[-39.419959,-5.498668],[-39.367609,-5.525953],[-39.321446,-5.509582],[-39.296699,-5.512311],[-39.280042,-5.525953],[-39.254343,-5.562332],[-39.26053,-5.580067],[-39.246728,-5.592345],[-39.220553,-5.566879],[-39.224837,-5.545961],[-39.206752,-5.544597],[-39.191047,-5.525043],[-39.177246,-5.525498],[-39.116329,-5.507308],[-39.087775,-5.510946],[-39.073022,-5.529591],[-39.060172,-5.510946],[-39.071118,-5.48639],[-39.055413,-5.429548],[-39.05922,-5.414996],[-39.084919,-5.402263],[-39.054461,-5.299947],[-39.033521,-5.266296],[-39.046847,-5.226279],[-39.05922,-5.219003],[-39.088727,-5.173074],[-39.083016,-5.151247],[-39.149167,-5.143971],[-39.161065,-5.118505],[-39.147739,-5.061663],[-39.170583,-5.052568],[-39.191047,-5.029376],[-39.216746,-5.009823],[-39.226264,-5.013006],[-39.233879,-4.977081],[-39.224837,-4.961165],[-39.253391,-4.918874],[-39.272428,-4.90887],[-39.30003,-4.880222],[-39.303362,-4.844297],[-39.33144,-4.835202],[-39.34191,-4.814284],[-39.340007,-4.792002],[-39.348097,-4.820196],[-39.36523,-4.846571],[-39.356188,-4.859304],[-39.346669,-4.896137],[-39.366182,-4.932971],[-39.348097,-4.960256],[-39.350001,-4.974353],[-39.374272,-4.973443],[-39.39426,-4.927515],[-39.43852,-4.952525],[-39.466598,-4.963894],[-39.480876,-4.976626],[-39.472785,-5.008913],[-39.493725,-5.030286],[-39.502292,-5.052113],[-39.628883,-5.043019],[-39.634118,-5.057116],[-39.61413,-5.0844],[-39.582244,-5.095768],[-39.536081,-5.11896],[-39.624124,-5.255382],[-39.632215,-5.337236],[-39.622697,-5.359063],[-39.644588,-5.384074]]]},"properties":{"cod_ibge":"231140","name":"Quixeramobim","uf":"CE"}},
{"type":"Feature","geometry":{"type":"Polygon","coordinates":[[[-40.169992,-2.943937],[-40.169516,-2.93075],[-40.149528,-2.905739],[-40.150956,-2.884366],[-40.18189,-2.86936],[-40.196167,-2.872998],[-40.272312,-2.869815],[-40.289445,-2.876181],[-40.324187,-2.861175],[-40.361307,-2.866632],[-40.371777,-2.812518],[-40.408898,-2.813427],[-40.455062,-2.803423],[-40.456965,-2.83389],[-40.447923,-2.848442],[-40.452206,-2.889823],[-40.432218,-2.901192],[-40.43317,-2.941209],[-40.410326,-2.950759],[-40.382723,-2.947575],[-40.372253,-2.964856],[-40.330849,-2.963946],[-40.319903,-2.943937],[-40.263746,-2.939845],[-40.236619,-2.952123],[-40.208541,-2.944847],[-40.169992,-2.943937]]]},"properties":{"cod_ibge":"230425","name":"Cruz","uf":"CE"}},
{"type":"Feature","geometry":{"type":"Polygon","coordinates":[[[-38.158324,-5.357699],[-38.230187,-5.393169],[-38.260169,-5.394533],[-38.260645,-5.410449],[-38.313471,-5.383619],[-38.341074,-5.403628],[-38.394375,-5.363156],[-38.412936,-5.374069],[-38.424358,-5.390895],[-38.426261,-5.414996],[-38.439587,-5.425455],[-38.428165,-5.447737],[-38.430069,-5.467746],[-38.459575,-5.512765],[-38.437683,-5.545052],[-38.432924,-5.626905],[-38.267308,-5.60144],[-38.264928,-5.628724],[-38.248747,-5.645549],[-38.21353,-5.632362],[-38.194018,-5.632817],[-38.13786,-5.675108],[-38.082655,-5.672379],[-38.053149,-5.646004],[-38.036492,-5.639638],[-38.027925,-5.622812],[-38.059335,-5.629634],[-38.057432,-5.61008],[-38.036016,-5.567334],[-38.049817,-5.515494],[-38.067902,-5.485026],[-38.077896,-5.445009],[-38.10645,-5.409994],[-38.158324,-5.357699]]]},"properties":{"cod_ibge":"230070","name":"Alto Santo","uf":"CE"}},
{"type":"Feature","geometry":{"type":"Polygon","coordinates":[[[-38.930249,-4.13854],[-38.894556,-4.14718],[-38.880278,-4.171736],[-38.854579,-4.177193],[-38.803181,-4.161277],[-38.788904,-4.142178],[-38.781765,-4.130355],[-38.755114,-4.128081],[-38.748452,-4.093066],[-38.784621,-4.09443],[-38.834591,-4.072603],[-38.840778,-4.10398],[-38.862194,-4.112165],[-38.908357,-4.103525],[-38.919303,-4.118986],[-38.943574,-4.103525],[-38.943574,-4.119896],[-38.930249,-4.13854]]]},"properties":{"cod_ibge":"231010","name":"Palmácia","uf":"CE"}},
{"type":"Feature","geometry":{"type":"Polygon","coordinates":[[[-38.158324,-5.357699],[-38.10645,-5.409994],[-38.077896,-5.445009],[-38.067902,-5.485026],[-38.049817,-5.515494],[-38.036016,-5.567334],[-38.057432,-5.61008],[-38.059335,-5.629634],[-38.027925,-5.622812],[-38.014124,-5.594619],[-37.998419,-5.585524],[-37.989853,-5.555966],[-37.950828,-5.536412],[-37.934647,-5.505489],[-37.902285,-5.500487],[-37.892291,-5.480933],[-37.889436,-5.452285],[-37.860405,-5.406811],[-37.863737,-5.374069],[-37.847556,-5.339964],[-37.812814,-5.316772],[-37.786639,-5.296764],[-37.930364,-5.297218],[-37.967485,-5.254473],[-37.994136,-5.245833],[-38.071709,-5.182169],[-38.107402,-5.196266],[-38.134529,-5.213546],[-38.208295,-5.193538],[-38.224476,-5.19854],[-38.233518,-5.217184],[-38.210674,-5.245378],[-38.224952,-5.289488],[-38.207819,-5.320865],[-38.175457,-5.335871],[-38.158324,-5.357699]]]},"properties":{"cod_ibge":"231310","name":"Tabuleiro do Norte","uf":"CE"}},
{"type":"Feature","geometry":{"type":"Polygon","coordinates":[[[-41.177491,-4.467772],[-41.117527,-4.478231],[-41.06137,-4.473684],[-41.025201,-4.454585],[-40.888615,-4.471865],[-40.826271,-4.458677],[-40.809138,-4.431848],[-40.793433,-4.423662],[-40.782487,-4.388193],[-40.770113,-4.380917],[-40.776776,-4.361363],[-40.800096,-4.362272],[-40.802475,-4.344992],[-40.847211,-4.321346],[-40.870054,-4.323165],[-40.927163,-4.289514],[-41.007592,-4.273143],[-41.140371,-4.370003],[-41.148461,-4.366365],[-41.157979,-4.378643],[-41.159883,-4.410475],[-41.177491,-4.443216],[-41.177491,-4.467772]]]},"properties":{"cod_ibge":"230423","name":"Croatá","uf":"CE"}},
{"type":"Feature","geometry":{"type":"Polygon","coordinates":[[[-38.508594,-3.936635],[-38.488129,-3.925722],[-38.448629,-3.923448],[-38.432448,-3.885705],[-38.415791,-3.879793],[-38.413888,-3.855237],[-38.422454,-3.843868],[-38.409604,-3.819312],[-38.442918,-3.801578],[-38.450057,-3.837957],[-38.488605,-3.866605],[-38.501931,-3.887978],[-38.508594,-3.936635]]]},"properties":{"cod_ibge":"230428","name":"Eusébio","uf":"CE"}},
{"type":"Feature","geometry":{"type":"Polygon","coordinates":[[[-39.162968,-5.798342],[-39.210083,-5.788338],[-39.22674,-5.764691],[-39.257674,-5.757416],[-39.272903,-5.761963],[-39.282898,-5.756051],[-39.316211,-5.782426],[-39.327633,-5.782881],[-39.340958,-5.808346],[-39.341434,-5.851547],[-39.368561,-5.901568],[-39.354284,-5.95159],[-39.363326,-5.980693],[-39.337151,-6.001611],[-39.320494,-6.007068],[-39.306693,-5.99388],[-39.277663,-6.004794],[-39.265765,-5.997064],[-39.212463,-5.991607],[-39.203421,-5.98615],[-39.19771,-5.957501],[-39.170107,-5.96023],[-39.180101,-5.919758],[-39.172011,-5.904297],[-39.173438,-5.86337],[-39.182005,-5.859732],[-39.162968,-5.798342]]]},"properties":{"cod_ibge":"230426","name":"Deputado Irapuan Pinheiro","uf":"CE"}},
{"type":"Feature","geometry":{"type":"Polygon","coordinates":[[[-38.404845,-6.057089],[-38.382002,-6.053451],[-38.367724,-6.087557],[-38.339646,-6.077553],[-38.306332,-6.087102],[-38.274922,-6.065729],[-38.252554,-6.042992],[-38.252079,-6.010251],[-38.202108,-5.962049],[-38.164987,-5.946588],[-38.163559,-5.938857],[-38.159276,-5.92476],[-38.23209,-5.917029],[-38.259217,-5.920667],[-38.274922,-5.892019],[-38.318706,-5.90657],[-38.333459,-5.919303],[-38.402466,-5.917029],[-38.379146,-5.95068],[-38.397707,-5.994335],[-38.421978,-6.01207],[-38.404845,-6.057089]]]},"properties":{"cod_ibge":"230427","name":"Ereré","uf":"CE"}},
{"type":"Feature","geometry":{"type":"Polygon","coordinates":[[[-38.432924,-5.626905],[-38.437683,-5.545052],[-38.459575,-5.512765],[-38.430069,-5.467746],[-38.428165,-5.447737],[-38.439587,-5.425455],[-38.426261,-5.414996],[-38.424358,-5.390895],[-38.412936,-5.374069],[-38.442918,-5.396352],[-38.51716,-5.442735],[-38.551901,-5.46911],[-38.529058,-5.490483],[-38.562847,-5.508218],[-38.569034,-5.520951],[-38.559992,-5.565515],[-38.582835,-5.569608],[-38.608534,-5.604623],[-38.621384,-5.656918],[-38.641848,-5.664649],[-38.664216,-5.695116],[-38.676114,-5.745592],[-38.560944,-5.745138],[-38.531437,-5.758325],[-38.497172,-5.782881],[-38.474328,-5.778788],[-38.486702,-5.76651],[-38.479563,-5.743319],[-38.451484,-5.710577],[-38.458623,-5.678291],[-38.44149,-5.656918],[-38.432924,-5.626905]]]},"properties":{"cod_ibge":"230680","name":"Jaguaribara","uf":"CE"}},
{"type":"Feature","geometry":{"type":"Polygon","coordinates":[[[-40.665413,-3.938909],[-40.676835,-3.953916],[-40.731089,-3.967558],[-40.71348,-4.05987],[-40.682546,-4.057596],[-40.652564,-4.043499],[-40.634003,-4.028038],[-40.639238,-4.01576],[-40.643046,-3.997571],[-40.667317,-3.985747],[-40.653991,-3.956189],[-40.665413,-3.938909]]]},"properties":{"cod_ibge":"230990","name":"Pacujá","uf":"CE"}},
{"type":"Feature","geometry":{"type":"Polygon","coordinates":[[[-39.783554,-3.464615],[-39.768801,-3.457794],[-39.767373,-3.437785],[-39.735011,-3.400497],[-39.732156,-3.375486],[-39.737867,-3.357296],[-39.723113,-3.336378],[-39.702649,-3.323191],[-39.728824,-3.244976],[-39.703601,-3.245885],[-39.681233,-3.205413],[-39.679806,-3.183131],[-39.626028,-3.149025],[-39.608895,-3.154027],[-39.566063,-3.13129],[-39.550834,-3.07945],[-39.592238,-3.069446],[-39.619841,-3.025791],[-39.660769,-3.021243],[-39.67695,-3.001235],[-39.720734,-2.997142],[-39.708836,-3.014422],[-39.86779,-3.124469],[-39.868742,-3.169489],[-39.902531,-3.208142],[-39.889206,-3.224057],[-39.907766,-3.273624],[-39.934417,-3.315915],[-39.939176,-3.334559],[-39.987243,-3.365482],[-39.996285,-3.408682],[-40.027695,-3.437331],[-39.985339,-3.440969],[-39.951074,-3.433238],[-39.853988,-3.453701],[-39.783554,-3.464615]]]},"properties":{"cod_ibge":"230075","name":"Amontada","uf":"CE"}},
{"type":"Feature","geometry":{"type":"Polygon","coordinates":[[[-38.402466,-5.917029],[-38.333459,-5.919303],[-38.318706,-5.90657],[-38.274922,-5.892019],[-38.259217,-5.920667],[-38.23209,-5.917029],[-38.159276,-5.92476],[-38.164035,-5.914756],[-38.146427,-5.892019],[-38.15071,-5.860187],[-38.185927,-5.842907],[-38.226855,-5.833812],[-38.226855,-5.816077],[-38.249699,-5.770603],[-38.25541,-5.743773],[-38.248747,-5.730586],[-38.266356,-5.69739],[-38.266832,-5.678291],[-38.248747,-5.645549],[-38.264928,-5.628724],[-38.267308,-5.60144],[-38.432924,-5.626905],[-38.44149,-5.656918],[-38.458623,-5.678291],[-38.451484,-5.710577],[-38.479563,-5.743319],[-38.486702,-5.76651],[-38.474328,-5.778788],[-38.462906,-5.780607],[-38.46481,-5.821534],[-38.48337,-5.883833],[-38.456719,-5.871101],[-38.419599,-5.89884],[-38.402466,-5.917029]]]},"properties":{"cod_ibge":"230600","name":"Iracema","uf":"CE"}},
{"type":"Feature","geometry":{"type":"Polygon","coordinates":[[[-39.475165,-5.701028],[-39.452321,-5.737407],[-39.434713,-5.728767],[-39.327633,-5.782881],[-39.316211,-5.782426],[-39.282898,-5.756051],[-39.272903,-5.761963],[-39.26053,-5.715579],[-39.271476,-5.711032],[-39.260054,-5.674653],[-39.277663,-5.67147],[-39.269096,-5.633726],[-39.246728,-5.592345],[-39.26053,-5.580067],[-39.254343,-5.562332],[-39.280042,-5.525953],[-39.296699,-5.512311],[-39.321446,-5.509582],[-39.367609,-5.525953],[-39.419959,-5.498668],[-39.438044,-5.47866],[-39.464219,-5.475931],[-39.500388,-5.453649],[-39.527991,-5.453194],[-39.544172,-5.405447],[-39.612703,-5.406356],[-39.644588,-5.384074],[-39.661245,-5.382255],[-39.668384,-5.412722],[-39.644112,-5.446373],[-39.638877,-5.472748],[-39.579865,-5.504125],[-39.570823,-5.525043],[-39.585576,-5.540504],[-39.596522,-5.580522],[-39.613654,-5.599621],[-39.632215,-5.606442],[-39.630311,-5.622812],[-39.601757,-5.625086],[-39.587003,-5.606442],[-39.563208,-5.615991],[-39.545599,-5.612808],[-39.507527,-5.627815],[-39.494201,-5.615537],[-39.482779,-5.636455],[-39.439472,-5.665558],[-39.475165,-5.701028]]]},"properties":{"cod_ibge":"231270","name":"Senador Pompeu","uf":"CE"}},
{"type":"Feature","geometry":{"type":"Polygon","coordinates":[[[-40.159998,-5.164889],[-39.997713,-5.0844],[-39.957737,-5.025284],[-39.968682,-4.947523],[-39.956785,-4.925241],[-39.934417,-4.924786],[-39.929182,-4.912963],[-39.901103,-4.904778],[-39.894441,-4.885224],[-39.916332,-4.871581],[-39.945839,-4.839295],[-39.94917,-4.817467],[-39.929182,-4.797004],[-39.928706,-4.774722],[-39.926327,-4.734705],[-40.059581,-4.71697],[-40.120022,-4.747892],[-40.136202,-4.81292],[-40.136678,-4.825198],[-40.110027,-4.850663],[-40.113835,-4.88295],[-40.136202,-4.888862],[-40.143817,-4.902959],[-40.163329,-4.899321],[-40.195691,-4.906596],[-40.168564,-4.93479],[-40.165709,-4.964349],[-40.139534,-4.970715],[-40.113359,-5.000728],[-40.105744,-5.023919],[-40.149528,-5.034379],[-40.13763,-5.072577],[-40.135251,-5.128964],[-40.159998,-5.164889]]]},"properties":{"cod_ibge":"230860","name":"Monsenhor Tabosa","uf":"CE"}},
{"type":"Feature","geometry":{"type":"Polygon","coordinates":[[[-38.765584,-4.623293],[-38.718469,-4.62011],[-38.700385,-4.61238],[-38.688963,-4.651942],[-38.662312,-4.661946],[-38.630902,-4.700599],[-38.573793,-4.669677],[-38.592829,-4.668767],[-38.612342,-4.652397],[-38.649463,-4.555537],[-38.62186,-4.535528],[-38.622812,-4.505061],[-38.635661,-4.485962],[-38.637089,-4.455039],[-38.601872,-4.420479],[-38.567606,-4.413203],[-38.533341,-4.378188],[-38.533817,-4.369093],[-38.574269,-4.385009],[-38.611866,-4.379553],[-38.622812,-4.402744],[-38.643752,-4.415022],[-38.669451,-4.412749],[-38.693722,-4.380007],[-38.711331,-4.3841],[-38.731795,-4.358634],[-38.745596,-4.352268],[-38.765584,-4.30543],[-38.787,-4.320891],[-38.823645,-4.31407],[-38.84173,-4.361363],[-38.842206,-4.45413],[-38.833639,-4.474138],[-38.790808,-4.510063],[-38.747024,-4.527343],[-38.765584,-4.623293]]]},"properties":{"cod_ibge":"230120","name":"Aracoiaba","uf":"CE"}},
{"type":"Feature","geometry":{"type":"Polygon","coordinates":[[[-40.882428,-4.784271],[-40.842927,-4.785181],[-40.824367,-4.810192],[-40.796288,-4.815194],[-40.769161,-4.838385],[-40.762023,-4.866579],[-40.722998,-4.842023],[-40.699203,-4.862032],[-40.665413,-4.844297],[-40.648281,-4.808827],[-40.628292,-4.790183],[-40.647329,-4.746983],[-40.642094,-4.728793],[-40.659226,-4.701509],[-40.660178,-4.686502],[-40.669696,-4.705147],[-40.732041,-4.715151],[-40.762023,-4.706056],[-40.784866,-4.712422],[-40.806282,-4.705601],[-40.844355,-4.718789],[-40.871958,-4.712422],[-40.868151,-4.733795],[-40.882904,-4.75153],[-40.882428,-4.784271]]]},"properties":{"cod_ibge":"230125","name":"Ararendá","uf":"CE"}},
{"type":"Feature","geometry":{"type":"Polygon","coordinates":[[[-39.107763,-6.715553],[-39.068263,-6.705549],[-39.047323,-6.674627],[-39.002587,-6.657801],[-38.968322,-6.659166],[-38.924538,-6.610963],[-38.921683,-6.566853],[-38.917875,-6.549573],[-38.957852,-6.526836],[-39.060648,-6.445438],[-39.122992,-6.466356],[-39.144884,-6.4418],[-39.205324,-6.463172],[-39.209132,-6.484545],[-39.229596,-6.491366],[-39.225313,-6.515922],[-39.235307,-6.523653],[-39.28147,-6.525927],[-39.298603,-6.561851],[-39.239114,-6.583679],[-39.210083,-6.60778],[-39.178673,-6.613237],[-39.172963,-6.672808],[-39.14298,-6.675991],[-39.129655,-6.710551],[-39.107763,-6.715553]]]},"properties":{"cod_ibge":"230380","name":"Cedro","uf":"CE"}},
{"type":"Feature","geometry":{"type":"Polygon","coordinates":[[[-38.717042,-7.626398],[-38.776054,-7.604116],[-38.882182,-7.457235],[-38.940719,-7.428131],[-38.969749,-7.427222],[-39.078257,-7.42222],[-39.081588,-7.458144],[-39.093962,-7.464056],[-39.15345,-7.450868],[-39.098245,-7.48361],[-39.088251,-7.485429],[-39.029714,-7.533176],[-39.031618,-7.609573],[-39.027334,-7.634129],[-38.968322,-7.60639],[-38.94643,-7.613665],[-38.913592,-7.607754],[-38.8917,-7.610937],[-38.895032,-7.750542],[-38.88123,-7.747359],[-38.879803,-7.723258],[-38.869808,-7.711435],[-38.827928,-7.71962],[-38.815079,-7.697338],[-38.824121,-7.678238],[-38.760825,-7.655956],[-38.742741,-7.660504],[-38.732271,-7.633674],[-38.717042,-7.626398]]]},"properties":{"cod_ibge":"230250","name":"Brejo Santo","uf":"CE"}},
{"type":"Feature","geometry":{"type":"Polygon","coordinates":[[[-39.193427,-7.15074],[-39.20818,-7.135279],[-39.243873,-7.118453],[-39.25006,-7.105266],[-39.280994,-7.092533],[-39.292892,-7.110268],[-39.340007,-7.108449],[-39.343814,-7.141645],[-39.366658,-7.163927],[-39.363802,-7.213039],[-39.346669,-7.265334],[-39.320018,-7.260787],[-39.257674,-7.263061],[-39.233879,-7.225317],[-39.215794,-7.221224],[-39.213415,-7.198487],[-39.198186,-7.183936],[-39.203897,-7.164837],[-39.193427,-7.15074]]]},"properties":{"cod_ibge":"230730","name":"Juazeiro do Norte","uf":"CE"}},
{"type":"Feature","geometry":{"type":"Polygon","coordinates":[[[-39.003063,-4.260865],[-39.045419,-4.299973],[-39.025907,-4.319072],[-39.038756,-4.34954],[-39.053509,-4.352268],[-39.013533,-4.373641],[-38.98593,-4.362727],[-38.970225,-4.368184],[-38.959279,-4.356816],[-38.93358,-4.323165],[-38.941195,-4.303156],[-38.985454,-4.265867],[-39.003063,-4.260865]]]},"properties":{"cod_ibge":"230910","name":"Mulungu","uf":"CE"}},
{"type":"Feature","geometry":{"type":"Polygon","coordinates":[[[-38.060763,-5.080307],[-38.008413,-5.078943],[-37.973196,-5.107137],[-37.941786,-5.144426],[-37.926081,-5.173529],[-37.832803,-5.222641],[-37.786639,-5.22355],[-37.788067,-5.219003],[-37.776169,-5.187171],[-37.764748,-5.139424],[-37.733338,-5.100771],[-37.725247,-5.070758],[-37.67718,-5.053023],[-37.809483,-4.989359],[-37.813766,-5.002092],[-37.8447,-4.992542],[-37.862309,-4.977991],[-37.885629,-4.985267],[-37.902285,-4.981174],[-37.933695,-5.002547],[-37.963202,-5.006639],[-38.017931,-5.024374],[-38.046486,-5.052568],[-38.060763,-5.080307]]]},"properties":{"cod_ibge":"231150","name":"Quixeré","uf":"CE"}},
{"type":"Feature","geometry":{"type":"Polygon","coordinates":[[[-39.166776,-3.522822],[-39.100624,-3.532371],[-39.1011,-3.549652],[-39.081588,-3.553289],[-39.070166,-3.54283],[-39.049702,-3.554199],[-38.9964,-3.554199],[-38.98831,-3.56102],[-38.957852,-3.541921],[-38.968322,-3.511453],[-38.928345,-3.473255],[-38.936912,-3.453701],[-38.973557,-3.410956],[-39.007346,-3.396859],[-39.04875,-3.412775],[-39.064455,-3.406863],[-39.083492,-3.407318],[-39.110143,-3.425053],[-39.117757,-3.44688],[-39.118709,-3.485533],[-39.141077,-3.480076],[-39.164872,-3.507815],[-39.166776,-3.522822]]]},"properties":{"cod_ibge":"231020","name":"Paracuru","uf":"CE"}},
{"type":"Feature","geometry":{"type":"Polygon","coordinates":[[[-39.833048,-6.700092],[-39.837807,-6.679174],[-39.876832,-6.679629],[-39.913477,-6.688724],[-39.939652,-6.711915],[-39.986767,-6.680084],[-40.004852,-6.686905],[-40.009611,-6.710096],[-40.046732,-6.755116],[-40.069575,-6.771032],[-40.080997,-6.791495],[-40.113835,-6.817415],[-40.145245,-6.818779],[-40.147148,-6.830603],[-40.087184,-6.846519],[-40.07719,-6.856523],[-40.051491,-6.844245],[-40.053394,-6.825146],[-40.001996,-6.803318],[-39.986767,-6.815141],[-39.90967,-6.763301],[-39.878736,-6.735107],[-39.833048,-6.700092]]]},"properties":{"cod_ibge":"230080","name":"Antonina do Norte","uf":"CE"}},
{"type":"Feature","geometry":{"type":"Polygon","coordinates":[[[-40.136202,-4.81292],[-40.184269,-4.784726],[-40.209968,-4.792457],[-40.244234,-4.776996],[-40.273264,-4.770174],[-40.279451,-4.75244],[-40.304674,-4.732431],[-40.315144,-4.70833],[-40.309433,-4.69105],[-40.337512,-4.665584],[-40.318952,-4.622839],[-40.293252,-4.600556],[-40.293252,-4.588733],[-40.322283,-4.576455],[-40.346078,-4.580548],[-40.381296,-4.548716],[-40.446019,-4.732431],[-40.524068,-4.847935],[-40.540249,-4.842933],[-40.541201,-4.915237],[-40.635431,-4.924786],[-40.596406,-4.957527],[-40.566424,-5.019827],[-40.539297,-5.012551],[-40.505032,-5.024374],[-40.49599,-5.036652],[-40.45411,-5.044838],[-40.447923,-5.033469],[-40.398904,-5.09304],[-40.373205,-5.105773],[-40.374633,-5.11896],[-40.404139,-5.200359],[-40.390814,-5.211272],[-40.313241,-5.155339],[-40.304198,-5.168527],[-40.267077,-5.162615],[-40.243758,-5.171255],[-40.229005,-5.152611],[-40.204257,-5.158523],[-40.191408,-5.170801],[-40.159998,-5.164889],[-40.135251,-5.128964],[-40.13763,-5.072577],[-40.149528,-5.034379],[-40.105744,-5.023919],[-40.113359,-5.000728],[-40.139534,-4.970715],[-40.165709,-4.964349],[-40.168564,-4.93479],[-40.195691,-4.906596],[-40.163329,-4.899321],[-40.143817,-4.902959],[-40.136202,-4.888862],[-40.113835,-4.88295],[-40.110027,-4.850663],[-40.136678,-4.825198],[-40.136202,-4.81292]]]},"properties":{"cod_ibge":"231320","name":"Tamboril","uf":"CE"}},
{"type":"Feature","geometry":{"type":"Polygon","coordinates":[[[-40.565472,-5.840633],[-40.529779,-5.817441],[-40.486947,-5.834721],[-40.474098,-5.825627],[-40.452206,-5.829265],[-40.410802,-5.81062],[-40.397477,-5.781972],[-40.363211,-5.743319],[-40.33894,-5.748775],[-40.321807,-5.742409],[-40.290397,-5.756051],[-40.229481,-5.711032],[-40.21092,-5.691023],[-40.235667,-5.633271],[-40.228529,-5.59189],[-40.172372,-5.560058],[-40.166661,-5.543233],[-40.144293,-5.542778],[-40.124305,-5.554147],[-40.110503,-5.534593],[-40.112407,-5.490483],[-40.10622,-5.453194],[-40.058629,-5.397261],[-40.054822,-5.362701],[-40.031502,-5.349514],[-40.021032,-5.328141],[-40.027219,-5.296764],[-40.048635,-5.279029],[-40.047207,-5.239466],[-40.023412,-5.20718],[-40.038641,-5.178531],[-40.053394,-5.18035],[-40.096702,-5.159432],[-40.136678,-5.157613],[-40.159998,-5.164889],[-40.191408,-5.170801],[-40.204257,-5.158523],[-40.229005,-5.152611],[-40.243758,-5.171255],[-40.267077,-5.162615],[-40.304198,-5.168527],[-40.313241,-5.155339],[-40.390814,-5.211272],[-40.404139,-5.200359],[-40.414133,-5.228553],[-40.479333,-5.274481],[-40.524544,-5.389985],[-40.550719,-5.401809],[-40.555002,-5.426819],[-40.569756,-5.439097],[-40.612587,-5.520041],[-40.617822,-5.545052],[-40.608304,-5.559149],[-40.625437,-5.586888],[-40.620678,-5.600985],[-40.636859,-5.613718],[-40.629244,-5.635545],[-40.663986,-5.676927],[-40.653991,-5.699664],[-40.624009,-5.733314],[-40.557382,-5.7415],[-40.570232,-5.757416],[-40.563093,-5.787883],[-40.568804,-5.81062],[-40.565472,-5.840633]]]},"properties":{"cod_ibge":"230560","name":"Independência","uf":"CE"}},
{"type":"Feature","geometry":{"type":"Polygon","coordinates":[[[-39.510382,-6.776943],[-39.544172,-6.768303],[-39.556545,-6.776489],[-39.615558,-6.788312],[-39.650775,-6.801499],[-39.653155,-6.820598],[-39.63745,-6.845609],[-39.654582,-6.862434],[-39.66648,-6.902452],[-39.646968,-6.892902],[-39.617938,-6.897449],[-39.607468,-6.917458],[-39.639829,-6.945652],[-39.633643,-6.968844],[-39.659342,-7.007042],[-39.680757,-7.016137],[-39.632215,-7.022503],[-39.579865,-7.043876],[-39.581293,-7.023412],[-39.554642,-7.011134],[-39.517045,-7.002494],[-39.50134,-7.012499],[-39.452321,-7.009316],[-39.435664,-6.963387],[-39.422815,-6.962023],[-39.394736,-6.92246],[-39.418532,-6.895176],[-39.483255,-6.897904],[-39.485635,-6.876077],[-39.473261,-6.864708],[-39.478496,-6.846519],[-39.502768,-6.84379],[-39.517045,-6.810139],[-39.510382,-6.776943]]]},"properties":{"cod_ibge":"230430","name":"Farias Brito","uf":"CE"}},
{"type":"Feature","geometry":{"type":"Polygon","coordinates":[[[-40.628292,-4.790183],[-40.648281,-4.808827],[-40.665413,-4.844297],[-40.699203,-4.862032],[-40.722998,-4.842023],[-40.762023,-4.866579],[-40.769161,-4.838385],[-40.796288,-4.815194],[-40.824367,-4.810192],[-40.842927,-4.785181],[-40.882428,-4.784271],[-40.886235,-4.797459],[-40.876241,-4.832019],[-40.875765,-4.854301],[-40.885283,-4.86567],[-40.928591,-4.886133],[-40.941916,-4.882495],[-40.992363,-4.915237],[-41.007592,-4.939338],[-41.033291,-4.965258],[-41.050424,-5.026193],[-40.827698,-4.978445],[-40.715384,-4.946159],[-40.651612,-4.986176],[-40.635431,-4.924786],[-40.541201,-4.915237],[-40.616395,-4.81292],[-40.628292,-4.790183]]]},"properties":{"cod_ibge":"230565","name":"Ipaporanga","uf":"CE"}},
{"type":"Feature","geometry":{"type":"Polygon","coordinates":[[[-38.600444,-6.17805],[-38.588546,-6.164408],[-38.561895,-6.093469],[-38.544287,-6.07346],[-38.540479,-6.042083],[-38.520015,-6.027077],[-38.507642,-6.002975],[-38.511449,-5.97751],[-38.491461,-5.925669],[-38.503834,-5.916575],[-38.511925,-5.877922],[-38.482419,-5.849728],[-38.478135,-5.82017],[-38.485274,-5.792431],[-38.474328,-5.778788],[-38.497172,-5.782881],[-38.531437,-5.758325],[-38.560944,-5.745138],[-38.676114,-5.745592],[-38.694674,-5.759235],[-38.752259,-5.76651],[-38.762253,-5.781517],[-38.805085,-5.786519],[-38.836971,-5.812894],[-38.839826,-5.832902],[-38.879327,-5.866098],[-38.882182,-5.882014],[-38.919303,-5.949316],[-38.938339,-5.956137],[-38.953093,-5.987514],[-38.953568,-6.016618],[-38.962611,-6.021165],[-38.975936,-6.103018],[-38.950713,-6.080736],[-38.906929,-6.088466],[-38.901218,-6.141216],[-38.876947,-6.147583],[-38.863146,-6.135305],[-38.82079,-6.136669],[-38.800802,-6.122117],[-38.782241,-6.114387],[-38.767964,-6.123936],[-38.754638,-6.111203],[-38.723704,-6.121663],[-38.724656,-6.147583],[-38.735602,-6.164863],[-38.727036,-6.199878],[-38.678969,-6.205335],[-38.655649,-6.18669],[-38.612818,-6.17032],[-38.600444,-6.17805]]]},"properties":{"cod_ibge":"230690","name":"Jaguaribe","uf":"CE"}},
{"type":"Feature","geometry":{"type":"Polygon","coordinates":[[[-39.166776,-3.522822],[-39.164872,-3.507815],[-39.141077,-3.480076],[-39.118709,-3.485533],[-39.117757,-3.44688],[-39.110143,-3.425053],[-39.083492,-3.407318],[-39.064455,-3.406863],[-39.091106,-3.384581],[-39.112522,-3.347292],[-39.139173,-3.345928],[-39.164872,-3.326374],[-39.2058,-3.356387],[-39.238162,-3.35957],[-39.262909,-3.38549],[-39.253391,-3.396404],[-39.25815,-3.471436],[-39.262433,-3.490535],[-39.221505,-3.500085],[-39.211511,-3.512818],[-39.166776,-3.522822]]]},"properties":{"cod_ibge":"231025","name":"Paraipaba","uf":"CE"}},
{"type":"Feature","geometry":{"type":"Polygon","coordinates":[[[-40.30515,-3.932998],[-40.188552,-3.958918],[-40.177607,-3.949823],[-40.138106,-3.896618],[-40.135727,-3.856601],[-40.126684,-3.847052],[-40.114787,-3.786116],[-40.126208,-3.70108],[-40.188077,-3.695623],[-40.235667,-3.697442],[-40.284686,-3.730183],[-40.30515,-3.748828],[-40.30753,-3.786571],[-40.340367,-3.783388],[-40.369874,-3.861603],[-40.353217,-3.873881],[-40.319427,-3.863877],[-40.30515,-3.932998]]]},"properties":{"cod_ibge":"230435","name":"Forquilha","uf":"CE"}},
{"type":"Feature","geometry":{"type":"Polygon","coordinates":[[[-39.334772,-4.194018],[-39.23959,-4.283602],[-39.207704,-4.289969],[-39.191523,-4.308158],[-39.167728,-4.381826],[-39.160589,-4.386828],[-39.094438,-4.386828],[-39.067311,-4.398652],[-39.053509,-4.352268],[-39.038756,-4.34954],[-39.025907,-4.319072],[-39.045419,-4.299973],[-39.003063,-4.260865],[-38.998304,-4.244949],[-39.005918,-4.211753],[-38.980219,-4.202659],[-38.966894,-4.185833],[-38.950713,-4.182195],[-38.962135,-4.168098],[-38.95452,-4.137176],[-38.930249,-4.13854],[-38.943574,-4.119896],[-38.943574,-4.103525],[-38.956424,-4.072603],[-38.984027,-4.044409],[-39.003539,-3.991659],[-39.02781,-4.063053],[-39.063979,-4.066691],[-39.203897,-4.046683],[-39.182005,-4.066691],[-39.172487,-4.092611],[-39.155354,-4.098068],[-39.160589,-4.126717],[-39.206276,-4.131264],[-39.204848,-4.175829],[-39.309073,-4.178103],[-39.334772,-4.194018]]]},"properties":{"cod_ibge":"230300","name":"Caridade","uf":"CE"}},
{"type":"Feature","geometry":{"type":"Polygon","coordinates":[[[-39.90967,-6.763301],[-39.878736,-6.767394],[-39.790692,-6.802409],[-39.741198,-6.805592],[-39.722162,-6.785129],[-39.70836,-6.785129],[-39.691227,-6.824691],[-39.653155,-6.820598],[-39.650775,-6.801499],[-39.615558,-6.788312],[-39.599377,-6.758754],[-39.616986,-6.742383],[-39.641257,-6.7392],[-39.646968,-6.685086],[-39.666004,-6.637338],[-39.696462,-6.641885],[-39.737391,-6.633245],[-39.736439,-6.612782],[-39.767849,-6.626879],[-39.774987,-6.656892],[-39.810205,-6.687814],[-39.833048,-6.700092],[-39.878736,-6.735107],[-39.90967,-6.763301]]]},"properties":{"cod_ibge":"231325","name":"Tarrafas","uf":"CE"}},
{"type":"Feature","geometry":{"type":"Polygon","coordinates":[[[-40.014846,-3.711994],[-40.01199,-3.760196],[-39.976297,-3.776567],[-39.924899,-3.946185],[-40.006755,-3.898892],[-39.999141,-3.930724],[-39.954405,-3.962556],[-39.941556,-3.985747],[-39.922519,-3.991659],[-39.913953,-4.01667],[-39.917284,-4.03395],[-39.872073,-4.046228],[-39.876832,-4.06078],[-39.853512,-4.078514],[-39.857796,-4.101251],[-39.840663,-4.113529],[-39.818771,-4.118077],[-39.7945,-4.161277],[-39.774036,-4.173555],[-39.757379,-4.157639],[-39.754999,-4.133538],[-39.740246,-4.110346],[-39.70836,-4.100797],[-39.683137,-4.081243],[-39.665052,-4.081698],[-39.692655,-4.021672],[-39.707408,-4.018489],[-39.706932,-3.977562],[-39.715499,-3.95528],[-39.705505,-3.943457],[-39.715975,-3.91981],[-39.717878,-3.877519],[-39.703601,-3.85069],[-39.678378,-3.8325],[-39.639353,-3.822041],[-39.658866,-3.764744],[-39.685517,-3.746554],[-39.6898,-3.714267],[-39.707408,-3.689257],[-39.696938,-3.640145],[-39.701697,-3.617863],[-39.713119,-3.655151],[-39.781174,-3.641964],[-39.812584,-3.604675],[-39.831145,-3.603311],[-39.8992,-3.663337],[-39.8992,-3.679252],[-39.913001,-3.720634],[-40.014846,-3.711994]]]},"properties":{"cod_ibge":"230610","name":"Irauçuba","uf":"CE"}},
{"type":"Feature","geometry":{"type":"Polygon","coordinates":[[[-40.244234,-7.316265],[-40.220914,-7.341276],[-40.195691,-7.358101],[-40.157142,-7.371289],[-40.127636,-7.381748],[-40.045304,-7.380838],[-40.000568,-7.374472],[-39.926327,-7.340821],[-39.904435,-7.338547],[-39.889206,-7.339912],[-39.889206,-7.142554],[-39.897296,-7.09708],[-39.91776,-7.094352],[-39.981056,-7.145283],[-40.000092,-7.151194],[-40.071955,-7.145738],[-40.095274,-7.128912],[-40.136202,-7.112542],[-40.164757,-7.047514],[-40.182842,-7.085257],[-40.240427,-7.114361],[-40.24233,-7.128003],[-40.262794,-7.148466],[-40.268505,-7.174841],[-40.251372,-7.202125],[-40.250897,-7.229865],[-40.266602,-7.248509],[-40.244234,-7.316265]]]},"properties":{"cod_ibge":"230130","name":"Araripe","uf":"CE"}}
]}