{"type":"FeatureCollection", "features": [
{"type":"Feature","geometry":{"type":"Polygon","coordinates":[[[-53.24321,-24.62459],[-53.17897,-24.52045],[-53.15945,-24.39449],[-53.27462,-24.33765],[-53.31746,-24.4286],[-53.35124,-24.49817],[-53.44405,-24.53955],[-53.43834,-24.57411],[-53.42644,-24.64187],[-53.24321,-24.62459]]]},"properties":{"cod_ibge":"411670","name":"Nova Aurora","uf":"PR"}},
{"type":"Feature","geometry":{"type":"Polygon","coordinates":[[[-52.05868,-22.95387],[-52.25665,-22.89794],[-52.26998,-22.91386],[-52.24761,-23.02618],[-52.18241,-23.04255],[-52.03678,-23.02208],[-52.05868,-22.95387]]]},"properties":{"cod_ibge":"410670","name":"Cruzeiro do Sul","uf":"PR"}},
{"type":"Feature","geometry":{"type":"Polygon","coordinates":[[[-52.79919,-26.16343],[-52.6607,-26.30122],[-52.53316,-26.23573],[-52.53792,-26.16843],[-52.57409,-26.11477],[-52.73447,-26.01018],[-52.74303,-26.10977],[-52.79919,-26.16343]]]},"properties":{"cod_ibge":"411850","name":"Pato Branco","uf":"PR"}},
{"type":"Feature","geometry":{"type":"Polygon","coordinates":[[[-52.14577,-23.94157],[-52.04392,-23.81106],[-52.1115,-23.70556],[-52.26474,-23.88927],[-52.14577,-23.94157]]]},"properties":{"cod_ibge":"412110","name":"Quinta do Sol","uf":"PR"}},
{"type":"Feature","geometry":{"type":"Polygon","coordinates":[[[-51.22203,-26.59361],[-51.27057,-26.38671],[-51.25201,-26.35169],[-51.28675,-26.24437],[-51.4281,-26.34806],[-51.57801,-26.29349],[-51.51186,-26.58179],[-51.41144,-26.7173],[-51.23868,-26.62772],[-51.22203,-26.59361]]]},"properties":{"cod_ibge":"410850","name":"General Carneiro","uf":"PR"}},
{"type":"Feature","geometry":{"type":"Polygon","coordinates":[[[-51.49187,-23.06665],[-51.53184,-22.93114],[-51.57753,-22.91295],[-51.59133,-22.99025],[-51.75029,-23.028],[-51.74933,-23.03936],[-51.67224,-23.08666],[-51.59276,-23.13077],[-51.52042,-23.19625],[-51.4181,-23.16897],[-51.39811,-23.0903],[-51.49187,-23.06665]]]},"properties":{"cod_ibge":"411190","name":"Jaguapitã","uf":"PR"}},
{"type":"Feature","geometry":{"type":"Polygon","coordinates":[[[-50.69758,-23.55686],[-50.85796,-23.58414],[-50.65808,-23.62234],[-50.6971,-23.55686],[-50.69758,-23.55686]]]},"properties":{"cod_ibge":"411721","name":"Nova Santa Bárbara","uf":"PR"}},
{"type":"Feature","geometry":{"type":"Polygon","coordinates":[[[-50.76087,-23.28765],[-50.84558,-23.28311],[-50.96361,-23.30357],[-50.98074,-23.34268],[-50.94838,-23.51957],[-50.88318,-23.54367],[-50.79609,-23.49229],[-50.76706,-23.34722],[-50.76087,-23.28765]]]},"properties":{"cod_ibge":"410190","name":"Assaí","uf":"PR"}},
{"type":"Feature","geometry":{"type":"Polygon","coordinates":[[[-53.76576,-24.15985],[-53.69247,-24.20214],[-53.66677,-24.20896],[-53.55589,-24.09118],[-53.68057,-23.9111],[-53.73863,-23.95066],[-53.96612,-24.0025],[-53.96802,-24.02342],[-53.79003,-24.01069],[-53.76576,-24.15985]]]},"properties":{"cod_ibge":"411060","name":"Iporã","uf":"PR"}},
{"type":"Feature","geometry":{"type":"Polygon","coordinates":[[[-51.21965,-23.58733],[-51.24202,-23.73603],[-51.14588,-23.76649],[-50.89413,-23.74376],[-50.94838,-23.51957],[-50.98074,-23.34268],[-51.07212,-23.33722],[-51.17063,-23.19625],[-51.17015,-23.17169],[-51.21108,-23.30721],[-51.31007,-23.3836],[-51.3015,-23.54776],[-51.21965,-23.58733]]]},"properties":{"cod_ibge":"411370","name":"Londrina","uf":"PR"}},
{"type":"Feature","geometry":{"type":"Polygon","coordinates":[[[-53.95946,-24.50681],[-53.88188,-24.4677],[-53.90758,-24.36994],[-53.9666,-24.36994],[-54.12127,-24.38994],[-54.09842,-24.41905],[-53.98754,-24.48498],[-53.95946,-24.50681]]]},"properties":{"cod_ibge":"411722","name":"Nova Santa Rosa","uf":"PR"}},
{"type":"Feature","geometry":{"type":"Polygon","coordinates":[[[-52.37135,-22.92977],[-52.35707,-23.06347],[-52.42084,-23.14123],[-52.42037,-23.23399],[-52.23286,-23.13941],[-52.24761,-23.02618],[-52.26998,-22.91386],[-52.37135,-22.92977]]]},"properties":{"cod_ibge":"410060","name":"Alto Paraná","uf":"PR"}},
{"type":"Feature","geometry":{"type":"Polygon","coordinates":[[[-51.31007,-23.3836],[-51.21108,-23.30721],[-51.17015,-23.17169],[-51.17015,-23.11804],[-51.32054,-23.01299],[-51.39811,-23.0903],[-51.4181,-23.16897],[-51.30626,-23.17169],[-51.31007,-23.3836]]]},"properties":{"cod_ibge":"410370","name":"Cambé","uf":"PR"}},
{"type":"Feature","geometry":{"type":"Polygon","coordinates":[[[-52.21858,-25.25531],[-52.24476,-25.14891],[-52.08247,-25.13708],[-52.18812,-24.98156],[-52.40561,-25.05614],[-52.39705,-25.12753],[-52.25856,-25.25622],[-52.21858,-25.25531]]]},"properties":{"cod_ibge":"411545","name":"Marquinho","uf":"PR"}},
{"type":"Feature","geometry":{"type":"Polygon","coordinates":[[[-53.11662,-23.47137],[-53.11948,-23.5032],[-53.03952,-23.4932],[-53.02334,-23.47637],[-53.0281,-23.35632],[-53.11662,-23.47137]]]},"properties":{"cod_ibge":"411720","name":"Nova Olímpia","uf":"PR"}},
{"type":"Feature","geometry":{"type":"Polygon","coordinates":[[[-52.22191,-24.19304],[-52.32709,-24.15393],[-52.44321,-24.29809],[-52.50841,-24.52318],[-52.39324,-24.53501],[-52.27759,-24.45588],[-52.08342,-24.22305],[-52.22191,-24.19304]]]},"properties":{"cod_ibge":"411373","name":"Luiziana","uf":"PR"}},
{"type":"Feature","geometry":{"type":"Polygon","coordinates":[[[-51.84166,-24.17531],[-51.8488,-24.07299],[-51.91781,-24.10391],[-51.99252,-24.20259],[-51.95826,-24.24079],[-51.84166,-24.17531]]]},"properties":{"cod_ibge":"410855","name":"Godoy Moreira","uf":"PR"}},
{"type":"Feature","geometry":{"type":"Polygon","coordinates":[[[-52.97861,-25.7819],[-53.0638,-25.61683],[-53.16897,-25.65594],[-53.25987,-25.6996],[-53.14898,-25.7769],[-53.07998,-25.87694],[-52.97861,-25.7819]]]},"properties":{"cod_ibge":"410720","name":"Dois Vizinhos","uf":"PR"}},
{"type":"Feature","geometry":{"type":"Polygon","coordinates":[[[-52.42132,-22.76288],[-52.27521,-22.73014],[-52.28997,-22.62828],[-52.42132,-22.61054],[-52.42132,-22.76288]]]},"properties":{"cod_ibge":"412420","name":"Santo Antônio do Caiuá","uf":"PR"}},
{"type":"Feature","geometry":{"type":"Polygon","coordinates":[[[-53.26177,-25.59182],[-53.34411,-25.47996],[-53.47879,-25.53134],[-53.5002,-25.54999],[-53.47926,-25.64093],[-53.38884,-25.69232],[-53.30223,-25.67049],[-53.26177,-25.59182]]]},"properties":{"cod_ibge":"411725","name":"Nova Prata do Iguaçu","uf":"PR"}},
{"type":"Feature","geometry":{"type":"Polygon","coordinates":[[[-53.84286,-25.77054],[-53.59634,-25.80191],[-53.57683,-25.79964],[-53.62204,-25.64821],[-53.85,-25.69096],[-53.84286,-25.77054]]]},"properties":{"cod_ibge":"411980","name":"Planalto","uf":"PR"}},
{"type":"Feature","geometry":{"type":"Polygon","coordinates":[[[-53.21609,-23.45409],[-53.20181,-23.24172],[-53.34791,-23.23354],[-53.3779,-23.24081],[-53.36267,-23.44863],[-53.35172,-23.48456],[-53.21609,-23.45409]]]},"properties":{"cod_ibge":"410725","name":"Douradina","uf":"PR"}},
{"type":"Feature","geometry":{"type":"Polygon","coordinates":[[[-53.34506,-24.36539],[-53.35124,-24.49817],[-53.31746,-24.4286],[-53.34506,-24.36539]]]},"properties":{"cod_ibge":"411065","name":"Iracema do Oeste","uf":"PR"}},
{"type":"Feature","geometry":{"type":"Polygon","coordinates":[[[-48.59549,-25.97699],[-48.5498,-25.85239],[-48.63451,-25.7046],[-48.68829,-25.62684],[-48.84724,-25.61047],[-48.97336,-25.72643],[-48.96289,-25.83102],[-48.96812,-25.98654],[-48.95051,-25.99017],[-48.6821,-25.98381],[-48.59549,-25.97699]]]},"properties":{"cod_ibge":"410960","name":"Guaratuba","uf":"PR"}},
{"type":"Feature","geometry":{"type":"Polygon","coordinates":[[[-52.74779,-23.55504],[-52.82489,-23.61643],[-52.98479,-23.54094],[-53.02334,-23.47637],[-53.03952,-23.4932],[-53.02001,-23.67737],[-52.95957,-23.78559],[-52.83631,-23.77877],[-52.74161,-23.68919],[-52.69592,-23.56686],[-52.74779,-23.55504]]]},"properties":{"cod_ibge":"412680","name":"Tapejara","uf":"PR"}},
{"type":"Feature","geometry":{"type":"Polygon","coordinates":[[[-51.48092,-23.69965],[-51.59324,-23.70465],[-51.58991,-23.83471],[-51.58705,-23.86154],[-51.50662,-23.85744],[-51.47474,-23.72511],[-51.48092,-23.69965]]]},"properties":{"cod_ibge":"411729","name":"Novo Itacolomi","uf":"PR"}},
{"type":"Feature","geometry":{"type":"Polygon","coordinates":[[[-51.9159,-24.32583],[-51.95398,-24.2467],[-52.03393,-24.41404],[-52.04773,-24.56684],[-51.88069,-24.59412],[-51.82453,-24.44997],[-51.84594,-24.4195],[-51.9159,-24.32583]]]},"properties":{"cod_ibge":"411727","name":"Nova Tebas","uf":"PR"}},
{"type":"Feature","geometry":{"type":"Polygon","coordinates":[[[-51.84166,-24.17531],[-51.71221,-24.09436],[-51.67509,-24.00205],[-51.68366,-23.97658],[-51.8488,-24.07299],[-51.84166,-24.17531]]]},"properties":{"cod_ibge":"411375","name":"Lunardelli","uf":"PR"}},
{"type":"Feature","geometry":{"type":"Polygon","coordinates":[[[-52.60074,-23.47683],[-52.46463,-23.45454],[-52.53982,-23.36678],[-52.61644,-23.41498],[-52.60074,-23.47683]]]},"properties":{"cod_ibge":"411240","name":"Japurá","uf":"PR"}},
{"type":"Feature","geometry":{"type":"Polygon","coordinates":[[[-50.03844,-23.54867],[-49.90281,-23.60051],[-49.85046,-23.57141],[-50.00418,-23.53367],[-50.03844,-23.54867]]]},"properties":{"cod_ibge":"412070","name":"Quatiguá","uf":"PR"}},
{"type":"Feature","geometry":{"type":"Polygon","coordinates":[[[-49.20798,-25.8251],[-49.14706,-25.75235],[-48.96289,-25.83102],[-48.97336,-25.72643],[-48.97003,-25.5227],[-49.07092,-25.53953],[-49.17562,-25.46268],[-49.18466,-25.47177],[-49.27366,-25.61183],[-49.24558,-25.75416],[-49.20798,-25.8251]]]},"properties":{"cod_ibge":"412550","name":"São José dos Pinhais","uf":"PR"}},
{"type":"Feature","geometry":{"type":"Polygon","coordinates":[[[-50.225,-23.22444],[-50.2407,-23.13532],[-50.25022,-23.10121],[-50.37015,-23.05937],[-50.44772,-23.03118],[-50.46533,-23.19443],[-50.46866,-23.20853],[-50.304,-23.259],[-50.225,-23.22444]]]},"properties":{"cod_ibge":"410240","name":"Bandeirantes","uf":"PR"}},
{"type":"Feature","geometry":{"type":"Polygon","coordinates":[[[-52.66927,-23.39816],[-52.61644,-23.41498],[-52.53982,-23.36678],[-52.57361,-23.33176],[-52.63786,-23.33176],[-52.66927,-23.39816]]]},"properties":{"cod_ibge":"412555","name":"São Manoel do Paraná","uf":"PR"}},
{"type":"Feature","geometry":{"type":"Polygon","coordinates":[[[-52.84916,-22.78244],[-52.78015,-22.84519],[-52.59503,-22.87293],[-52.53792,-22.616],[-52.58931,-22.56598],[-52.76445,-22.60873],[-52.78301,-22.6019],[-52.81585,-22.70922],[-52.84916,-22.78244]]]},"properties":{"cod_ibge":"412730","name":"Terra Rica","uf":"PR"}},
{"type":"Feature","geometry":{"type":"Polygon","coordinates":[[[-54.03084,-23.62825],[-53.88046,-23.66418],[-53.75006,-23.671],[-53.65725,-23.65417],[-53.66392,-23.45545],[-53.76243,-23.3595],[-53.96041,-23.44363],[-54.03084,-23.62825]]]},"properties":{"cod_ibge":"412862","name":"Alto Paraíso","uf":"PR"}},
{"type":"Feature","geometry":{"type":"Polygon","coordinates":[[[-49.5297,-24.71554],[-49.29222,-24.78284],[-49.20798,-24.70099],[-49.3122,-24.6637],[-49.25034,-24.44542],[-49.25224,-24.43405],[-49.49115,-24.55183],[-49.51066,-24.61413],[-49.57348,-24.61368],[-49.64153,-24.64187],[-49.5297,-24.71554]]]},"properties":{"cod_ibge":"412863","name":"Doutor Ulysses","uf":"PR"}},
{"type":"Feature","geometry":{"type":"Polygon","coordinates":[[[-52.31614,-26.27166],[-52.22286,-26.2089],[-52.37516,-26.04111],[-52.41513,-26.10477],[-52.57409,-26.11477],[-52.53792,-26.16843],[-52.31614,-26.27166]]]},"properties":{"cod_ibge":"410965","name":"Honório Serpa","uf":"PR"}},
{"type":"Feature","geometry":{"type":"Polygon","coordinates":[[[-52.86725,-25.86603],[-52.94434,-25.78236],[-52.97861,-25.7819],[-53.07998,-25.87694],[-53.09568,-25.9497],[-52.91817,-25.94243],[-52.86725,-25.86603]]]},"properties":{"cod_ibge":"412860","name":"Verê","uf":"PR"}},
{"type":"Feature","geometry":{"type":"Polygon","coordinates":[[[-51.9397,-23.67282],[-52.06153,-23.65099],[-52.11626,-23.67282],[-52.1115,-23.70556],[-52.04392,-23.81106],[-51.99633,-23.7906],[-51.91923,-23.72602],[-51.9397,-23.67282]]]},"properties":{"cod_ibge":"411110","name":"Itambé","uf":"PR"}},
{"type":"Feature","geometry":{"type":"Polygon","coordinates":[[[-53.62632,-25.34672],[-53.51496,-25.44085],[-53.48022,-25.34217],[-53.62632,-25.34672]]]},"properties":{"cod_ibge":"412382","name":"Santa Lúcia","uf":"PR"}},
{"type":"Feature","geometry":{"type":"Polygon","coordinates":[[[-50.37015,-23.05937],[-50.25022,-23.10121],[-50.17027,-23.07756],[-50.20406,-22.95296],[-50.34017,-22.94796],[-50.37015,-23.05937]]]},"properties":{"cod_ibge":"410110","name":"Andirá","uf":"PR"}},
{"type":"Feature","geometry":{"type":"Polygon","coordinates":[[[-51.96254,-23.16169],[-51.96587,-23.254],[-51.93922,-23.26401],[-51.86593,-23.13304],[-51.91448,-23.13713],[-51.96254,-23.16169]]]},"properties":{"cod_ibge":"410115","name":"Ângulo","uf":"PR"}},
{"type":"Feature","geometry":{"type":"Polygon","coordinates":[[[-53.50306,-25.81101],[-53.34696,-25.92697],[-53.35505,-25.87785],[-53.38884,-25.69232],[-53.47926,-25.64093],[-53.50306,-25.81101]]]},"properties":{"cod_ibge":"412380","name":"Santa Izabel do Oeste","uf":"PR"}},
{"type":"Feature","geometry":{"type":"Polygon","coordinates":[[[-51.6256,-23.55004],[-51.61132,-23.48365],[-51.62607,-23.42635],[-51.69032,-23.37769],[-51.77646,-23.3354],[-51.76885,-23.55095],[-51.83595,-23.63189],[-51.79597,-23.63098],[-51.6256,-23.55004]]]},"properties":{"cod_ibge":"411420","name":"Mandaguari","uf":"PR"}},
{"type":"Feature","geometry":{"type":"Polygon","coordinates":[[[-52.19288,-25.47814],[-52.21858,-25.25531],[-52.25856,-25.25622],[-52.29853,-25.48405],[-52.27474,-25.57682],[-52.19288,-25.47814]]]},"properties":{"cod_ibge":"412865","name":"Virmond","uf":"PR"}},
{"type":"Feature","geometry":{"type":"Polygon","coordinates":[[[-49.37455,-25.51361],[-49.38359,-25.41902],[-49.57586,-25.24258],[-49.55539,-25.17801],[-49.60441,-24.98656],[-49.70483,-25.02931],[-49.68246,-25.16528],[-49.81952,-25.27169],[-49.7567,-25.36036],[-49.56348,-25.54817],[-49.37455,-25.51361]]]},"properties":{"cod_ibge":"410420","name":"Campo Largo","uf":"PR"}},
{"type":"Feature","geometry":{"type":"Polygon","coordinates":[[[-53.69723,-25.90196],[-53.603,-25.81328],[-53.59634,-25.80191],[-53.84286,-25.77054],[-53.81906,-25.91241],[-53.69723,-25.90196]]]},"properties":{"cod_ibge":"411900","name":"Pérola d'Oeste","uf":"PR"}},
{"type":"Feature","geometry":{"type":"Polygon","coordinates":[[[-50.76706,-23.34722],[-50.79609,-23.49229],[-50.69758,-23.55686],[-50.6971,-23.55686],[-50.62952,-23.45545],[-50.63761,-23.41907],[-50.76706,-23.34722]]]},"properties":{"cod_ibge":"412600","name":"São Sebastião da Amoreira","uf":"PR"}},
{"type":"Feature","geometry":{"type":"Polygon","coordinates":[[[-52.70401,-24.74737],[-52.54077,-24.76965],[-52.4532,-24.74646],[-52.42513,-24.71281],[-52.50841,-24.52318],[-52.65689,-24.49863],[-52.59598,-24.57548],[-52.70401,-24.74737]]]},"properties":{"cod_ibge":"411680","name":"Nova Cantu","uf":"PR"}},
{"type":"Feature","geometry":{"type":"Polygon","coordinates":[[[-51.61941,-26.00382],[-51.48187,-26.08021],[-51.26153,-26.10113],[-51.22012,-26.04338],[-50.93743,-25.94061],[-51.03975,-25.80737],[-50.95647,-25.68641],[-50.96313,-25.68277],[-51.17158,-25.74598],[-51.30293,-25.83329],[-51.44904,-25.95152],[-51.61941,-26.00382]]]},"properties":{"cod_ibge":"410680","name":"Cruz Machado","uf":"PR"}},
{"type":"Feature","geometry":{"type":"Polygon","coordinates":[[[-53.69723,-25.90196],[-53.81906,-25.91241],[-53.73435,-26.04292],[-53.56588,-25.95743],[-53.57445,-25.92969],[-53.69723,-25.90196]]]},"properties":{"cod_ibge":"412035","name":"Pranchita","uf":"PR"}},
{"type":"Feature","geometry":{"type":"Polygon","coordinates":[[[-51.34434,-22.9616],[-51.45665,-22.97798],[-51.49187,-23.06665],[-51.39811,-23.0903],[-51.32054,-23.01299],[-51.34434,-22.9616]]]},"properties":{"cod_ibge":"412033","name":"Prado Ferreira","uf":"PR"}},
{"type":"Feature","geometry":{"type":"Polygon","coordinates":[[[-49.55539,-25.17801],[-49.57586,-25.24258],[-49.38359,-25.41902],[-49.34028,-25.34945],[-49.45212,-25.24395],[-49.55539,-25.17801]]]},"properties":{"cod_ibge":"410425","name":"Campo Magro","uf":"PR"}},
{"type":"Feature","geometry":{"type":"Polygon","coordinates":[[[-49.3755,-26.05975],[-49.36075,-26.13751],[-49.23463,-26.03065],[-49.30554,-25.94516],[-49.36075,-25.95198],[-49.3755,-26.05975]]]},"properties":{"cod_ibge":"410030","name":"Agudos do Sul","uf":"PR"}},
{"type":"Feature","geometry":{"type":"Polygon","coordinates":[[[-50.60192,-25.41084],[-50.78657,-25.38173],[-50.92221,-25.39037],[-51.13303,-25.50087],[-50.99787,-25.58864],[-50.78752,-25.60001],[-50.62191,-25.58455],[-50.60192,-25.41084]]]},"properties":{"cod_ibge":"411070","name":"Irati","uf":"PR"}},
{"type":"Feature","geometry":{"type":"Polygon","coordinates":[[[-51.58991,-23.83471],[-51.59324,-23.70465],[-51.61037,-23.68737],[-51.69508,-23.7042],[-51.76647,-23.79423],[-51.76647,-23.8388],[-51.58991,-23.83471]]]},"properties":{"cod_ibge":"411550","name":"Marumbi","uf":"PR"}},
{"type":"Feature","geometry":{"type":"Polygon","coordinates":[[[-51.86593,-23.13304],[-51.7955,-23.17442],[-51.74933,-23.03936],[-51.75029,-23.028],[-51.79455,-23.00571],[-51.87355,-22.9566],[-51.90543,-22.94978],[-51.91495,-23.04891],[-51.91448,-23.13713],[-51.86593,-23.13304]]]},"properties":{"cod_ibge":"412340","name":"Santa Fé","uf":"PR"}},
{"type":"Feature","geometry":{"type":"Polygon","coordinates":[[[-53.51924,-24.05025],[-53.43643,-24.1121],[-53.48117,-24.21805],[-53.46832,-24.22123],[-53.32079,-24.1985],[-53.32079,-24.09163],[-53.35315,-23.9784],[-53.45785,-23.97977],[-53.51924,-24.05025]]]},"properties":{"cod_ibge":"410070","name":"Alto Piquiri","uf":"PR"}},
{"type":"Feature","geometry":{"type":"Polygon","coordinates":[[[-52.54505,-23.74694],[-52.45273,-23.54958],[-52.54553,-23.58551],[-52.67069,-23.53731],[-52.69592,-23.56686],[-52.74161,-23.68919],[-52.70544,-23.92793],[-52.61977,-23.95339],[-52.54505,-23.74694]]]},"properties":{"cod_ibge":"410550","name":"Cianorte","uf":"PR"}},
{"type":"Feature","geometry":{"type":"Polygon","coordinates":[[[-51.42334,-23.8629],[-51.43857,-23.70965],[-51.47474,-23.72511],[-51.50662,-23.85744],[-51.45713,-23.88018],[-51.42334,-23.8629]]]},"properties":{"cod_ibge":"412210","name":"Rio Bom","uf":"PR"}},
{"type":"Feature","geometry":{"type":"Polygon","coordinates":[[[-50.72328,-24.314],[-50.74041,-24.14075],[-50.69282,-24.03661],[-50.70281,-24.02479],[-50.80513,-23.87654],[-50.89889,-23.7956],[-51.01644,-23.91883],[-51.08211,-23.9061],[-51.09544,-23.98795],[-51.08544,-24.07435],[-51.37242,-24.14256],[-51.33387,-24.15894],[-51.09782,-24.32583],[-50.88461,-24.41132],[-50.72328,-24.314]]]},"properties":{"cod_ibge":"411730","name":"Ortigueira","uf":"PR"}},
{"type":"Feature","geometry":{"type":"Polygon","coordinates":[[[-51.5504,-24.09345],[-51.45332,-24.11983],[-51.38003,-24.05889],[-51.45951,-23.88336],[-51.54279,-24.01569],[-51.61894,-24.0257],[-51.5504,-24.09345]]]},"properties":{"cod_ibge":"410685","name":"Cruzmaltina","uf":"PR"}},
{"type":"Feature","geometry":{"type":"Polygon","coordinates":[[[-52.10008,-23.51957],[-52.22429,-23.52275],[-52.30472,-23.57278],[-52.26998,-23.62553],[-52.10865,-23.52867],[-52.10008,-23.51957]]]},"properties":{"cod_ibge":"410730","name":"Doutor Camargo","uf":"PR"}},
{"type":"Feature","geometry":{"type":"Polygon","coordinates":[[[-50.65808,-23.62234],[-50.85796,-23.58414],[-50.88318,-23.54367],[-50.94838,-23.51957],[-50.89413,-23.74376],[-50.89889,-23.7956],[-50.80513,-23.87654],[-50.55861,-23.74785],[-50.58098,-23.71193],[-50.65808,-23.62234]]]},"properties":{"cod_ibge":"412470","name":"São Jerônimo da Serra","uf":"PR"}},
{"type":"Feature","geometry":{"type":"Polygon","coordinates":[[[-51.23868,-24.43542],[-51.1692,-24.38221],[-51.33482,-24.25125],[-51.48663,-24.30081],[-51.48758,-24.32946],[-51.42667,-24.40359],[-51.23868,-24.43542]]]},"properties":{"cod_ibge":"412217","name":"Rio Branco do Ivaí","uf":"PR"}},
{"type":"Feature","geometry":{"type":"Polygon","coordinates":[[[-50.69758,-26.18162],[-50.79038,-26.08067],[-50.89746,-26.05702],[-50.99169,-26.23482],[-50.89984,-26.28939],[-50.70329,-26.18799],[-50.69758,-26.18162]]]},"properties":{"cod_ibge":"411860","name":"Paula Freitas","uf":"PR"}},
{"type":"Feature","geometry":{"type":"Polygon","coordinates":[[[-53.25749,-24.2326],[-53.08997,-24.22715],[-53.00859,-24.28126],[-52.86344,-24.13893],[-52.85487,-24.11755],[-53.03762,-24.06162],[-53.13137,-24.103],[-53.24036,-24.16621],[-53.25749,-24.2326]]]},"properties":{"cod_ibge":"410860","name":"Goioerê","uf":"PR"}},
{"type":"Feature","geometry":{"type":"Polygon","coordinates":[[[-52.9748,-24.34674],[-52.87296,-24.51136],[-52.7673,-24.49453],[-52.70163,-24.29854],[-52.86915,-24.31628],[-52.9748,-24.34674]]]},"properties":{"cod_ibge":"411295","name":"Juranda","uf":"PR"}},
{"type":"Feature","geometry":{"type":"Polygon","coordinates":[[[-52.53078,-25.64594],[-52.43417,-25.50542],[-52.56457,-25.42766],[-52.76159,-25.45585],[-52.78111,-25.49633],[-52.78491,-25.56681],[-52.78301,-25.56999],[-52.67688,-25.65549],[-52.5441,-25.69641],[-52.53078,-25.64594]]]},"properties":{"cod_ibge":"412215","name":"Rio Bonito do Iguaçu","uf":"PR"}},
{"type":"Feature","geometry":{"type":"Polygon","coordinates":[[[-49.75956,-24.0839],[-49.79287,-24.00387],[-49.92327,-23.8438],[-49.97324,-23.90201],[-50.04225,-23.98977],[-50.1617,-23.94202],[-50.22072,-23.9975],[-50.0965,-24.11983],[-50.18455,-24.17258],[-50.16932,-24.2899],[-49.98514,-24.24579],[-49.91042,-24.1935],[-49.78669,-24.23533],[-49.75956,-24.0839]]]},"properties":{"cod_ibge":"410160","name":"Arapoti","uf":"PR"}},
{"type":"Feature","geometry":{"type":"Polygon","coordinates":[[[-52.16385,-22.71195],[-52.18289,-22.65556],[-52.28997,-22.62828],[-52.27521,-22.73014],[-52.23857,-22.81609],[-52.16385,-22.71195]]]},"properties":{"cod_ibge":"411030","name":"Inajá","uf":"PR"}},
{"type":"Feature","geometry":{"type":"Polygon","coordinates":[[[-51.57801,-26.29349],[-51.4281,-26.34806],[-51.28675,-26.24437],[-51.28152,-26.14115],[-51.26153,-26.10113],[-51.48187,-26.08021],[-51.61941,-26.00382],[-51.73982,-25.99427],[-51.78884,-26.20527],[-51.72602,-26.25893],[-51.57801,-26.29349]]]},"properties":{"cod_ibge":"410290","name":"Bituruna","uf":"PR"}},
{"type":"Feature","geometry":{"type":"Polygon","coordinates":[[[-52.08247,-25.13708],[-52.00299,-25.30988],[-51.87307,-25.22212],[-51.89496,-25.01612],[-52.15005,-24.96837],[-52.18812,-24.98156],[-52.08247,-25.13708]]]},"properties":{"cod_ibge":"410865","name":"Goioxim","uf":"PR"}},
{"type":"Feature","geometry":{"type":"Polygon","coordinates":[[[-51.45665,-22.97798],[-51.48092,-22.91704],[-51.53184,-22.93114],[-51.49187,-23.06665],[-51.45665,-22.97798]]]},"properties":{"cod_ibge":"411600","name":"Miraselva","uf":"PR"}},
{"type":"Feature","geometry":{"type":"Polygon","coordinates":[[[-53.17563,-23.71147],[-53.11948,-23.5032],[-53.11662,-23.47137],[-53.21609,-23.45409],[-53.35172,-23.48456],[-53.33649,-23.65281],[-53.17563,-23.71147]]]},"properties":{"cod_ibge":"411470","name":"Maria Helena","uf":"PR"}},
{"type":"Feature","geometry":{"type":"Polygon","coordinates":[[[-49.63773,-23.3495],[-49.84142,-23.43453],[-49.81857,-23.55868],[-49.65248,-23.54686],[-49.6244,-23.52321],[-49.59823,-23.45818],[-49.63773,-23.3495]]]},"properties":{"cod_ibge":"410470","name":"Carlópolis","uf":"PR"}},
{"type":"Feature","geometry":{"type":"Polygon","coordinates":[[[-50.27592,-25.28897],[-50.23452,-25.38582],[-50.03606,-25.29942],[-49.94136,-25.32807],[-49.81952,-25.27169],[-49.68246,-25.16528],[-49.70483,-25.02931],[-49.93803,-25.07251],[-49.97848,-25.02112],[-50.12506,-25.01066],[-50.32304,-24.89243],[-50.43012,-25.0043],[-50.37063,-25.09706],[-50.27354,-25.14663],[-50.27592,-25.28897]]]},"properties":{"cod_ibge":"411990","name":"Ponta Grossa","uf":"PR"}},
{"type":"Feature","geometry":{"type":"Polygon","coordinates":[[[-50.59954,-23.49411],[-50.58098,-23.71193],[-50.55861,-23.74785],[-50.47533,-23.75012],[-50.38776,-23.59779],[-50.42774,-23.48228],[-50.59954,-23.49411]]]},"properties":{"cod_ibge":"410600","name":"Congonhinhas","uf":"PR"}},
{"type":"Feature","geometry":{"type":"Polygon","coordinates":[[[-50.1203,-23.85608],[-50.17503,-23.81743],[-50.24118,-23.58232],[-50.29829,-23.58824],[-50.38776,-23.59779],[-50.47533,-23.75012],[-50.44963,-23.75604],[-50.38348,-23.85926],[-50.2902,-23.95885],[-50.22072,-23.9975],[-50.1617,-23.94202],[-50.1203,-23.85608]]]},"properties":{"cod_ibge":"410970","name":"Ibaiti","uf":"PR"}},
{"type":"Feature","geometry":{"type":"Polygon","coordinates":[[[-49.90281,-23.60051],[-50.03844,-23.54867],[-50.0827,-23.53731],[-50.04939,-23.65145],[-50.01988,-23.7383],[-49.97324,-23.90201],[-49.92327,-23.8438],[-49.82571,-23.76559],[-49.90281,-23.60051]]]},"properties":{"cod_ibge":"412780","name":"Tomazina","uf":"PR"}},
{"type":"Feature","geometry":{"type":"Polygon","coordinates":[[[-53.08236,-25.35354],[-53.31222,-25.36718],[-53.33173,-25.36354],[-53.34411,-25.47996],[-53.26177,-25.59182],[-53.19515,-25.56363],[-53.14375,-25.51361],[-53.08236,-25.35354]]]},"properties":{"cod_ibge":"412785","name":"Três Barras do Paraná","uf":"PR"}},
{"type":"Feature","geometry":{"type":"Polygon","coordinates":[[[-53.34506,-24.36539],[-53.31746,-24.4286],[-53.27462,-24.33765],[-53.25749,-24.2326],[-53.24036,-24.16621],[-53.32079,-24.1985],[-53.46832,-24.22123],[-53.46118,-24.2849],[-53.34506,-24.36539]]]},"properties":{"cod_ibge":"410820","name":"Formosa do Oeste","uf":"PR"}},
{"type":"Feature","geometry":{"type":"Polygon","coordinates":[[[-48.47698,-25.71369],[-48.35848,-25.58591],[-48.46033,-25.54544],[-48.59025,-25.73325],[-48.47698,-25.71369]]]},"properties":{"cod_ibge":"411995","name":"Pontal do Paraná","uf":"PR"}},
{"type":"Feature","geometry":{"type":"Polygon","coordinates":[[[-51.5504,-24.09345],[-51.61894,-24.0257],[-51.67509,-24.00205],[-51.71221,-24.09436],[-51.58039,-24.12528],[-51.5504,-24.09345]]]},"properties":{"cod_ibge":"411342","name":"Lidianópolis","uf":"PR"}},
{"type":"Feature","geometry":{"type":"Polygon","coordinates":[[[-53.07855,-25.09706],[-52.97004,-25.20893],[-52.97813,-25.10298],[-53.07855,-25.09706]]]},"properties":{"cod_ibge":"410975","name":"Ibema","uf":"PR"}},
{"type":"Feature","geometry":{"type":"Polygon","coordinates":[[[-50.79609,-22.95115],[-50.84273,-23.1103],[-50.8018,-23.13668],[-50.62095,-23.01435],[-50.63714,-22.90704],[-50.79609,-22.95115]]]},"properties":{"cod_ibge":"411340","name":"Leópolis","uf":"PR"}},
{"type":"Feature","geometry":{"type":"Polygon","coordinates":[[[-51.73886,-24.4054],[-51.76504,-24.24443],[-51.9159,-24.32583],[-51.84594,-24.4195],[-51.73886,-24.4054]]]},"properties":{"cod_ibge":"410165","name":"Arapuã","uf":"PR"}},
{"type":"Feature","geometry":{"type":"Polygon","coordinates":[[[-51.64035,-22.83109],[-51.72506,-22.70104],[-51.80026,-22.83109],[-51.72554,-22.89112],[-51.63179,-22.88885],[-51.64035,-22.83109]]]},"properties":{"cod_ibge":"410340","name":"Cafeara","uf":"PR"}},
{"type":"Feature","geometry":{"type":"Polygon","coordinates":[[[-54.09985,-25.16619],[-54.16838,-25.03067],[-54.16457,-25.01794],[-54.40158,-25.03386],[-54.20122,-25.19438],[-54.09985,-25.16619]]]},"properties":{"cod_ibge":"411605","name":"Missal","uf":"PR"}},
{"type":"Feature","geometry":{"type":"Polygon","coordinates":[[[-53.48022,-25.34217],[-53.44357,-25.22485],[-53.52781,-25.16891],[-53.65487,-25.14663],[-53.65868,-25.35172],[-53.62632,-25.34672],[-53.48022,-25.34217]]]},"properties":{"cod_ibge":"411345","name":"Lindoeste","uf":"PR"}},
{"type":"Feature","geometry":{"type":"Polygon","coordinates":[[[-53.34553,-24.79057],[-53.24321,-24.62459],[-53.42644,-24.64187],[-53.4569,-24.74373],[-53.34553,-24.79057]]]},"properties":{"cod_ibge":"410345","name":"Cafelândia","uf":"PR"}},
{"type":"Feature","geometry":{"type":"Polygon","coordinates":[[[-52.94434,-25.78236],[-52.84821,-25.70369],[-52.85678,-25.60274],[-53.06903,-25.56636],[-53.0638,-25.61683],[-52.97861,-25.7819],[-52.94434,-25.78236]]]},"properties":{"cod_ibge":"412520","name":"São Jorge d'Oeste","uf":"PR"}},
{"type":"Feature","geometry":{"type":"Polygon","coordinates":[[[-49.05426,-25.05114],[-48.82583,-25.03067],[-48.65022,-24.94382],[-48.85152,-24.8274],[-48.99477,-24.92381],[-49.10518,-24.89243],[-49.05426,-25.05114]]]},"properties":{"cod_ibge":"412788","name":"Tunas do Paraná","uf":"PR"}},
{"type":"Feature","geometry":{"type":"Polygon","coordinates":[[[-52.66308,-25.09797],[-52.79491,-25.0043],[-52.74684,-24.87515],[-52.86011,-24.75874],[-52.9196,-24.76192],[-52.97861,-24.83741],[-52.97813,-25.10298],[-52.97004,-25.20893],[-53.03239,-25.32898],[-52.91626,-25.27942],[-52.84012,-25.2735],[-52.72162,-25.21257],[-52.66308,-25.09797]]]},"properties":{"cod_ibge":"410930","name":"Guaraniaçu","uf":"PR"}},
{"type":"Feature","geometry":{"type":"Polygon","coordinates":[[[-50.94838,-23.10621],[-50.94648,-22.98207],[-50.97931,-22.93705],[-51.16968,-22.96706],[-51.17015,-23.11804],[-51.17015,-23.17169],[-51.17063,-23.19625],[-50.94838,-23.10621]]]},"properties":{"cod_ibge":"412650","name":"Sertanópolis","uf":"PR"}},
{"type":"Feature","geometry":{"type":"Polygon","coordinates":[[[-52.03678,-23.02208],[-52.18241,-23.04255],[-52.15386,-23.10394],[-52.02727,-23.05983],[-52.03678,-23.02208]]]},"properties":{"cod_ibge":"412830","name":"Uniflor","uf":"PR"}},
{"type":"Feature","geometry":{"type":"Polygon","coordinates":[[[-53.45785,-23.97977],[-53.49973,-23.8388],[-53.5359,-23.8197],[-53.61871,-23.84789],[-53.68057,-23.9111],[-53.55589,-24.09118],[-53.51924,-24.05025],[-53.45785,-23.97977]]]},"properties":{"cod_ibge":"410347","name":"Cafezal do Sul","uf":"PR"}},
{"type":"Feature","geometry":{"type":"Polygon","coordinates":[[[-50.71994,-24.56002],[-50.88461,-24.41132],[-51.09782,-24.32583],[-51.13922,-24.46816],[-51.15921,-24.5682],[-51.07973,-24.64414],[-51.06688,-24.81604],[-51.00168,-24.86287],[-50.87604,-24.83195],[-50.76896,-24.70917],[-50.71994,-24.56002]]]},"properties":{"cod_ibge":"412170","name":"Reserva","uf":"PR"}},
{"type":"Feature","geometry":{"type":"Polygon","coordinates":[[[-51.61037,-23.68737],[-51.6256,-23.55004],[-51.79597,-23.63098],[-51.69508,-23.7042],[-51.61037,-23.68737]]]},"properties":{"cod_ibge":"411210","name":"Jandaia do Sul","uf":"PR"}},
{"type":"Feature","geometry":{"type":"Polygon","coordinates":[[[-51.59276,-23.13077],[-51.67224,-23.08666],[-51.73173,-23.22263],[-51.86831,-23.28811],[-51.84642,-23.32813],[-51.77646,-23.3354],[-51.69032,-23.37769],[-51.59181,-23.28311],[-51.59276,-23.13077]]]},"properties":{"cod_ibge":"410210","name":"Astorga","uf":"PR"}},
{"type":"Feature","geometry":{"type":"Polygon","coordinates":[[[-51.7955,-25.99881],[-51.80406,-25.84238],[-51.86403,-25.74461],[-52.02584,-25.73461],[-52.1234,-25.77463],[-52.08675,-25.93788],[-51.86546,-26.0261],[-51.7955,-25.99881]]]},"properties":{"cod_ibge":"412175","name":"Reserva do Iguaçu","uf":"PR"}},
{"type":"Feature","geometry":{"type":"Polygon","coordinates":[[[-52.10817,-23.19034],[-52.2438,-23.2681],[-52.23857,-23.31448],[-52.17908,-23.34995],[-52.1786,-23.3495],[-52.07105,-23.18988],[-52.10817,-23.19034]]]},"properties":{"cod_ibge":"412040","name":"Presidente Castelo Branco","uf":"PR"}},
{"type":"Feature","geometry":{"type":"Polygon","coordinates":[[[-54.16553,-24.75555],[-54.33257,-24.69462],[-54.39015,-24.77738],[-54.45726,-25.03931],[-54.40158,-25.03386],[-54.16457,-25.01794],[-54.20883,-24.86833],[-54.16553,-24.75555]]]},"properties":{"cod_ibge":"412350","name":"Santa Helena","uf":"PR"}},
{"type":"Feature","geometry":{"type":"Polygon","coordinates":[[[-49.32125,-25.23121],[-49.25367,-25.23394],[-49.22178,-25.2303],[-49.09376,-25.07433],[-49.24034,-25.07478],[-49.49876,-24.90516],[-49.57491,-24.95928],[-49.50257,-25.00839],[-49.45783,-25.16482],[-49.32125,-25.23121]]]},"properties":{"cod_ibge":"412220","name":"Rio Branco do Sul","uf":"PR"}},
{"type":"Feature","geometry":{"type":"Polygon","coordinates":[[[-52.12007,-24.7792],[-52.39419,-24.71645],[-52.42513,-24.71281],[-52.4532,-24.74646],[-52.38229,-24.8897],[-52.4118,-25.01885],[-52.40561,-25.05614],[-52.18812,-24.98156],[-52.15005,-24.96837],[-52.10674,-24.78375],[-52.12007,-24.7792]]]},"properties":{"cod_ibge":"411780","name":"Palmital","uf":"PR"}},
{"type":"Feature","geometry":{"type":"Polygon","coordinates":[[[-50.56432,-25.30897],[-50.53101,-25.4654],[-50.35825,-25.5277],[-50.27592,-25.28897],[-50.27354,-25.14663],[-50.37063,-25.09706],[-50.44868,-25.21484],[-50.56432,-25.30897]]]},"properties":{"cod_ibge":"412700","name":"Teixeira Soares","uf":"PR"}},
{"type":"Feature","geometry":{"type":"Polygon","coordinates":[[[-52.2438,-23.2681],[-52.42084,-23.25082],[-52.42132,-23.26628],[-52.42132,-23.41316],[-52.23857,-23.31448],[-52.2438,-23.2681]]]},"properties":{"cod_ibge":"410780","name":"Floraí","uf":"PR"}},
{"type":"Feature","geometry":{"type":"Polygon","coordinates":[[[-53.3422,-26.24892],[-53.16945,-26.34806],[-53.16516,-26.18026],[-53.25844,-26.19435],[-53.29889,-26.18753],[-53.46213,-26.16479],[-53.47403,-26.19845],[-53.43072,-26.28212],[-53.3422,-26.24892]]]},"properties":{"cod_ibge":"410785","name":"Flor da Serra do Sul","uf":"PR"}},
{"type":"Feature","geometry":{"type":"Polygon","coordinates":[[[-49.2294,-25.3499],[-49.25367,-25.23394],[-49.32125,-25.23121],[-49.45212,-25.24395],[-49.34028,-25.34945],[-49.2294,-25.3499]]]},"properties":{"cod_ibge":"410040","name":"Almirante Tamandaré","uf":"PR"}},
{"type":"Feature","geometry":{"type":"Polygon","coordinates":[[[-51.86831,-23.28811],[-51.93922,-23.26401],[-51.96587,-23.254],[-52.09484,-23.40043],[-52.10008,-23.51957],[-51.99966,-23.5564],[-51.91162,-23.47728],[-51.84309,-23.39361],[-51.84642,-23.32813],[-51.86831,-23.28811]]]},"properties":{"cod_ibge":"411520","name":"Maringá","uf":"PR"}},
{"type":"Feature","geometry":{"type":"Polygon","coordinates":[[[-49.49876,-24.90516],[-49.24034,-25.07478],[-49.09376,-25.07433],[-49.05426,-25.05114],[-49.10518,-24.89243],[-49.06188,-24.78739],[-49.12993,-24.68189],[-49.15801,-24.67188],[-49.20798,-24.70099],[-49.29222,-24.78284],[-49.5297,-24.71554],[-49.56729,-24.79557],[-49.49876,-24.90516]]]},"properties":{"cod_ibge":"410520","name":"Cerro Azul","uf":"PR"}},
{"type":"Feature","geometry":{"type":"Polygon","coordinates":[[[-52.64975,-23.11713],[-52.70163,-23.21126],[-52.54696,-23.17943],[-52.54696,-23.13077],[-52.64975,-23.11713]]]},"properties":{"cod_ibge":"411650","name":"Nova Aliança do Ivaí","uf":"PR"}},
{"type":"Feature","geometry":{"type":"Polygon","coordinates":[[[-52.73447,-26.01018],[-52.57409,-26.11477],[-52.41513,-26.10477],[-52.37516,-26.04111],[-52.38277,-25.94516],[-52.56457,-25.9306],[-52.72257,-25.87149],[-52.80823,-25.9065],[-52.73447,-26.01018]]]},"properties":{"cod_ibge":"410650","name":"Coronel Vivida","uf":"PR"}},
{"type":"Feature","geometry":{"type":"Polygon","coordinates":[[[-52.85678,-25.60274],[-52.84821,-25.70369],[-52.94434,-25.78236],[-52.86725,-25.86603],[-52.80823,-25.9065],[-52.72257,-25.87149],[-52.70401,-25.75098],[-52.78158,-25.73734],[-52.78301,-25.56999],[-52.78491,-25.56681],[-52.85678,-25.60274]]]},"properties":{"cod_ibge":"412480","name":"São João","uf":"PR"}},
{"type":"Feature","geometry":{"type":"Polygon","coordinates":[[[-52.74684,-24.87515],[-52.65594,-24.92927],[-52.54077,-24.76965],[-52.70401,-24.74737],[-52.86011,-24.75874],[-52.74684,-24.87515]]]},"properties":{"cod_ibge":"410045","name":"Altamira do Paraná","uf":"PR"}},
{"type":"Feature","geometry":{"type":"Polygon","coordinates":[[[-52.96385,-23.96476],[-52.87248,-23.99205],[-52.76683,-24.02933],[-52.75208,-24.02433],[-52.70544,-23.92793],[-52.74161,-23.68919],[-52.83631,-23.77877],[-52.95957,-23.78559],[-53.0262,-23.86381],[-52.96385,-23.96476]]]},"properties":{"cod_ibge":"412790","name":"Tuneiras do Oeste","uf":"PR"}},
{"type":"Feature","geometry":{"type":"Polygon","coordinates":[[[-52.00395,-22.61509],[-52.15243,-22.56916],[-52.18289,-22.65556],[-52.16385,-22.71195],[-52.05582,-22.72923],[-52.03345,-22.67739],[-52.00395,-22.61509]]]},"properties":{"cod_ibge":"411830","name":"Paranapoema","uf":"PR"}},
{"type":"Feature","geometry":{"type":"Polygon","coordinates":[[[-54.47344,-25.21166],[-54.61907,-25.45085],[-54.59337,-25.59228],[-54.42537,-25.65912],[-54.2964,-25.55772],[-54.32686,-25.53316],[-54.48629,-25.55226],[-54.48581,-25.40401],[-54.3992,-25.37718],[-54.39158,-25.23576],[-54.47344,-25.21166]]]},"properties":{"cod_ibge":"410830","name":"Foz do Iguaçu","uf":"PR"}},
{"type":"Feature","geometry":{"type":"Polygon","coordinates":[[[-50.01988,-23.7383],[-50.04939,-23.65145],[-50.16884,-23.67873],[-50.09412,-23.79151],[-50.01988,-23.7383]]]},"properties":{"cod_ibge":"411170","name":"Jaboti","uf":"PR"}},
{"type":"Feature","geometry":{"type":"Polygon","coordinates":[[[-52.46225,-23.95521],[-52.48319,-23.83834],[-52.51888,-23.77604],[-52.54505,-23.74694],[-52.61977,-23.95339],[-52.70544,-23.92793],[-52.75208,-24.02433],[-52.54315,-24.10482],[-52.46225,-23.95521]]]},"properties":{"cod_ibge":"410170","name":"Araruna","uf":"PR"}},
{"type":"Feature","geometry":{"type":"Polygon","coordinates":[[[-53.16897,-25.65594],[-53.0638,-25.61683],[-53.06903,-25.56636],[-53.14375,-25.51361],[-53.19515,-25.56363],[-53.16897,-25.65594]]]},"properties":{"cod_ibge":"410657","name":"Cruzeiro do Iguaçu","uf":"PR"}},
{"type":"Feature","geometry":{"type":"Polygon","coordinates":[[[-52.67069,-23.53731],[-52.60074,-23.47683],[-52.61644,-23.41498],[-52.66927,-23.39816],[-52.74779,-23.55504],[-52.69592,-23.56686],[-52.67069,-23.53731]]]},"properties":{"cod_ibge":"411040","name":"Indianópolis","uf":"PR"}},
{"type":"Feature","geometry":{"type":"Polygon","coordinates":[[[-53.22941,-22.97297],[-53.12995,-23.043],[-53.03286,-23.10576],[-52.88628,-22.94069],[-52.87676,-22.90294],[-53.03429,-22.8552],[-53.09901,-22.8361],[-53.25559,-22.8993],[-53.28462,-22.93523],[-53.22941,-22.97297]]]},"properties":{"cod_ibge":"411350","name":"Loanda","uf":"PR"}},
{"type":"Feature","geometry":{"type":"Polygon","coordinates":[[[-51.23964,-23.62507],[-51.3886,-23.62825],[-51.42905,-23.69919],[-51.3015,-23.71556],[-51.23964,-23.62507]]]},"properties":{"cod_ibge":"410350","name":"Califórnia","uf":"PR"}},
{"type":"Feature","geometry":{"type":"Polygon","coordinates":[[[-52.22762,-24.17849],[-52.1867,-24.05207],[-52.18812,-24.05298],[-52.22762,-24.17849]]]},"properties":{"cod_ibge":"410655","name":"Corumbataí do Sul","uf":"PR"}},
{"type":"Feature","geometry":{"type":"Polygon","coordinates":[[[-53.65487,-25.14663],[-53.52781,-25.16891],[-53.55065,-24.94927],[-53.62489,-24.87106],[-53.68438,-24.93972],[-53.73245,-24.99975],[-53.65487,-25.14663]]]},"properties":{"cod_ibge":"412402","name":"Santa Tereza do Oeste","uf":"PR"}},
{"type":"Feature","geometry":{"type":"Polygon","coordinates":[[[-50.48294,-23.32585],[-50.64047,-23.34541],[-50.63761,-23.41907],[-50.62952,-23.45545],[-50.59954,-23.49411],[-50.42774,-23.48228],[-50.48294,-23.32585]]]},"properties":{"cod_ibge":"411700","name":"Nova Fátima","uf":"PR"}},
{"type":"Feature","geometry":{"type":"Polygon","coordinates":[[[-50.69282,-24.03661],[-50.33065,-24.12256],[-50.2902,-23.95885],[-50.38348,-23.85926],[-50.48342,-23.95157],[-50.70281,-24.02479],[-50.69282,-24.03661]]]},"properties":{"cod_ibge":"410700","name":"Curiúva","uf":"PR"}},
{"type":"Feature","geometry":{"type":"Polygon","coordinates":[[[-52.39705,-25.12753],[-52.40561,-25.05614],[-52.4118,-25.01885],[-52.55505,-25.03522],[-52.59169,-24.96474],[-52.66308,-25.09797],[-52.72162,-25.21257],[-52.84012,-25.2735],[-52.69306,-25.27441],[-52.76159,-25.45585],[-52.56457,-25.42766],[-52.43036,-25.33035],[-52.39705,-25.12753]]]},"properties":{"cod_ibge":"411705","name":"Nova Laranjeiras","uf":"PR"}},
{"type":"Feature","geometry":{"type":"Polygon","coordinates":[[[-51.83595,-23.63189],[-51.76885,-23.55095],[-51.77646,-23.3354],[-51.84642,-23.32813],[-51.84309,-23.39361],[-51.85308,-23.51093],[-51.91162,-23.47728],[-51.99966,-23.5564],[-52.06153,-23.65099],[-51.9397,-23.67282],[-51.83595,-23.63189]]]},"properties":{"cod_ibge":"411480","name":"Marialva","uf":"PR"}},
{"type":"Feature","geometry":{"type":"Polygon","coordinates":[[[-53.76576,-24.15985],[-53.79003,-24.01069],[-53.96802,-24.02342],[-53.9585,-24.12028],[-53.76576,-24.15985]]]},"properties":{"cod_ibge":"410832","name":"Francisco Alves","uf":"PR"}},
{"type":"Feature","geometry":{"type":"Polygon","coordinates":[[[-49.67818,-23.82607],[-49.60822,-23.83925],[-49.55968,-23.79378],[-49.57491,-23.676],[-49.60203,-23.6519],[-49.73814,-23.7142],[-49.76241,-23.73694],[-49.67818,-23.82607]]]},"properties":{"cod_ibge":"412400","name":"Santana do Itararé","uf":"PR"}},
{"type":"Feature","geometry":{"type":"Polygon","coordinates":[[[-53.52781,-25.16891],[-53.44357,-25.22485],[-53.48022,-25.34217],[-53.33173,-25.36354],[-53.31222,-25.36718],[-53.22132,-25.13617],[-53.10092,-25.0957],[-53.08331,-24.91926],[-53.18468,-24.93745],[-53.34553,-24.79057],[-53.4569,-24.74373],[-53.53685,-24.74691],[-53.62489,-24.87106],[-53.55065,-24.94927],[-53.52781,-25.16891]]]},"properties":{"cod_ibge":"410480","name":"Cascavel","uf":"PR"}},
{"type":"Feature","geometry":{"type":"Polygon","coordinates":[[[-52.10674,-24.78375],[-51.92875,-24.75283],[-51.87497,-24.83877],[-51.7322,-24.88925],[-51.5466,-24.7842],[-51.47188,-24.64733],[-51.46855,-24.55501],[-51.72506,-24.59594],[-51.82453,-24.44997],[-51.88069,-24.59412],[-52.04773,-24.56684],[-52.09484,-24.59685],[-52.12007,-24.7792],[-52.10674,-24.78375]]]},"properties":{"cod_ibge":"411960","name":"Pitanga","uf":"PR"}},
{"type":"Feature","geometry":{"type":"Polygon","coordinates":[[[-51.7974,-25.59591],[-51.63179,-25.59319],[-51.40478,-25.64412],[-51.2739,-25.5991],[-51.29341,-25.47768],[-51.14541,-25.48359],[-51.14493,-25.33444],[-51.24059,-25.09297],[-51.2977,-25.06341],[-51.55897,-25.1771],[-51.67081,-25.09388],[-51.65273,-25.22075],[-51.87307,-25.22212],[-52.00299,-25.30988],[-52.00918,-25.36445],[-51.85689,-25.31216],[-51.76599,-25.3599],[-51.7974,-25.59591]]]},"properties":{"cod_ibge":"410940","name":"Guarapuava","uf":"PR"}},
{"type":"Feature","geometry":{"type":"Polygon","coordinates":[[[-53.43834,-24.57411],[-53.54827,-24.53273],[-53.59586,-24.68962],[-53.53685,-24.74691],[-53.4569,-24.74373],[-53.42644,-24.64187],[-53.43834,-24.57411]]]},"properties":{"cod_ibge":"412795","name":"Tupãssi","uf":"PR"}},
{"type":"Feature","geometry":{"type":"Polygon","coordinates":[[[-49.90281,-23.60051],[-49.82571,-23.76559],[-49.76241,-23.73694],[-49.73814,-23.7142],[-49.7805,-23.61188],[-49.65248,-23.54686],[-49.81857,-23.55868],[-49.85046,-23.57141],[-49.90281,-23.60051]]]},"properties":{"cod_ibge":"412660","name":"Siqueira Campos","uf":"PR"}},
{"type":"Feature","geometry":{"type":"Polygon","coordinates":[[[-51.2977,-25.06341],[-51.39954,-24.90971],[-51.33291,-24.75965],[-51.41001,-24.75646],[-51.51899,-24.94336],[-51.65891,-25.01339],[-51.77265,-25.02385],[-51.67081,-25.09388],[-51.55897,-25.1771],[-51.2977,-25.06341]]]},"properties":{"cod_ibge":"412796","name":"Turvo","uf":"PR"}},
{"type":"Feature","geometry":{"type":"Polygon","coordinates":[[[-54.32686,-25.53316],[-54.3992,-25.37718],[-54.48581,-25.40401],[-54.48629,-25.55226],[-54.32686,-25.53316]]]},"properties":{"cod_ibge":"412405","name":"Santa Terezinha de Itaipu","uf":"PR"}},
{"type":"Feature","geometry":{"type":"Polygon","coordinates":[[[-49.84142,-23.43453],[-49.63773,-23.3495],[-49.62726,-23.28174],[-49.71673,-23.1485],[-49.80953,-23.08939],[-49.89139,-23.33495],[-49.84142,-23.43453]]]},"properties":{"cod_ibge":"412180","name":"Ribeirão Claro","uf":"PR"}},
{"type":"Feature","geometry":{"type":"Polygon","coordinates":[[[-52.7021,-24.13938],[-52.76683,-24.02933],[-52.87248,-23.99205],[-52.85487,-24.11755],[-52.86344,-24.13893],[-52.86915,-24.31628],[-52.80538,-24.18667],[-52.7021,-24.13938]]]},"properties":{"cod_ibge":"411220","name":"Janiópolis","uf":"PR"}},
{"type":"Feature","geometry":{"type":"Polygon","coordinates":[[[-52.15386,-23.10394],[-52.10817,-23.19034],[-52.07105,-23.18988],[-51.97349,-23.15578],[-52.01204,-23.07711],[-52.02727,-23.05983],[-52.15386,-23.10394]]]},"properties":{"cod_ibge":"410220","name":"Atalaia","uf":"PR"}},
{"type":"Feature","geometry":{"type":"Polygon","coordinates":[[[-50.97931,-22.93705],[-51.00454,-22.79381],[-51.17586,-22.73878],[-51.17729,-22.89976],[-51.16968,-22.96706],[-50.97931,-22.93705]]]},"properties":{"cod_ibge":"412050","name":"Primeiro de Maio","uf":"PR"}},
{"type":"Feature","geometry":{"type":"Polygon","coordinates":[[[-52.23857,-23.31448],[-52.42132,-23.41316],[-52.42179,-23.46955],[-52.40228,-23.53549],[-52.32756,-23.55231],[-52.32471,-23.55413],[-52.17908,-23.34995],[-52.23857,-23.31448]]]},"properties":{"cod_ibge":"412530","name":"São Jorge do Ivaí","uf":"PR"}},
{"type":"Feature","geometry":{"type":"Polygon","coordinates":[[[-52.78301,-25.56999],[-52.78158,-25.73734],[-52.70401,-25.75098],[-52.66213,-25.75871],[-52.67688,-25.65549],[-52.78301,-25.56999]]]},"properties":{"cod_ibge":"412665","name":"Sulina","uf":"PR"}},
{"type":"Feature","geometry":{"type":"Polygon","coordinates":[[[-53.90758,-24.36994],[-53.71484,-24.36948],[-53.71532,-24.4677],[-53.69247,-24.20214],[-53.76576,-24.15985],[-53.9585,-24.12028],[-53.9666,-24.36994],[-53.90758,-24.36994]]]},"properties":{"cod_ibge":"411790","name":"Palotina","uf":"PR"}},
{"type":"Feature","geometry":{"type":"Polygon","coordinates":[[[-54.08367,-23.8056],[-53.76909,-23.81788],[-53.77528,-23.78559],[-53.88046,-23.66418],[-54.03084,-23.62825],[-54.05131,-23.68737],[-54.08367,-23.8056]]]},"properties":{"cod_ibge":"412535","name":"São Jorge do Patrocínio","uf":"PR"}},
{"type":"Feature","geometry":{"type":"Polygon","coordinates":[[[-50.72328,-24.314],[-50.60477,-24.39449],[-50.48151,-24.47043],[-50.3592,-24.37585],[-50.33065,-24.12256],[-50.69282,-24.03661],[-50.74041,-24.14075],[-50.72328,-24.314]]]},"properties":{"cod_ibge":"412710","name":"Telêmaco Borba","uf":"PR"}},
{"type":"Feature","geometry":{"type":"Polygon","coordinates":[[[-51.99966,-23.5564],[-52.10008,-23.51957],[-52.10865,-23.52867],[-52.1886,-23.64462],[-52.11626,-23.67282],[-52.06153,-23.65099],[-51.99966,-23.5564]]]},"properties":{"cod_ibge":"410790","name":"Floresta","uf":"PR"}},
{"type":"Feature","geometry":{"type":"Polygon","coordinates":[[[-51.59181,-23.28311],[-51.53803,-23.2631],[-51.52042,-23.19625],[-51.59276,-23.13077],[-51.59181,-23.28311]]]},"properties":{"cod_ibge":"411965","name":"Pitangueiras","uf":"PR"}},
{"type":"Feature","geometry":{"type":"Polygon","coordinates":[[[-50.90317,-23.14714],[-50.84558,-23.28311],[-50.76087,-23.28765],[-50.73612,-23.25082],[-50.8018,-23.13668],[-50.84273,-23.1103],[-50.8551,-23.11167],[-50.90317,-23.14714]]]},"properties":{"cod_ibge":"412840","name":"Uraí","uf":"PR"}},
{"type":"Feature","geometry":{"type":"Polygon","coordinates":[[[-50.89413,-23.74376],[-51.14588,-23.76649],[-51.17824,-23.83971],[-51.08211,-23.9061],[-51.01644,-23.91883],[-50.89889,-23.7956],[-50.89413,-23.74376]]]},"properties":{"cod_ibge":"412667","name":"Tamarana","uf":"PR"}},
{"type":"Feature","geometry":{"type":"Polygon","coordinates":[[[-49.76717,-25.46677],[-49.90995,-25.44903],[-49.98609,-25.59955],[-49.80953,-25.55362],[-49.76717,-25.46677]]]},"properties":{"cod_ibge":"412010","name":"Porto Amazonas","uf":"PR"}},
{"type":"Feature","geometry":{"type":"Polygon","coordinates":[[[-52.50841,-24.52318],[-52.44321,-24.29809],[-52.52269,-24.22396],[-52.64928,-24.2085],[-52.70163,-24.29854],[-52.7673,-24.49453],[-52.65689,-24.49863],[-52.50841,-24.52318]]]},"properties":{"cod_ibge":"411400","name":"Mamborê","uf":"PR"}},
{"type":"Feature","geometry":{"type":"Polygon","coordinates":[[[-49.12374,-25.37082],[-48.90625,-25.33307],[-48.84486,-25.30988],[-48.84581,-25.16346],[-48.73064,-25.08933],[-48.64355,-25.13117],[-48.55646,-25.08433],[-48.59787,-25.00339],[-48.85962,-25.10389],[-48.96907,-25.25304],[-49.09376,-25.27532],[-49.12374,-25.37082]]]},"properties":{"cod_ibge":"410400","name":"Campina Grande do Sul","uf":"PR"}},
{"type":"Feature","geometry":{"type":"Polygon","coordinates":[[[-50.76706,-23.34722],[-50.63761,-23.41907],[-50.64047,-23.34541],[-50.73612,-23.25082],[-50.76087,-23.28765],[-50.76706,-23.34722]]]},"properties":{"cod_ibge":"411660","name":"Nova América da Colina","uf":"PR"}},
{"type":"Feature","geometry":{"type":"Polygon","coordinates":[[[-53.20752,-23.9202],[-53.1071,-23.92838],[-52.96385,-23.96476],[-53.0262,-23.86381],[-52.95957,-23.78559],[-53.02001,-23.67737],[-53.03952,-23.4932],[-53.11948,-23.5032],[-53.17563,-23.71147],[-53.20752,-23.9202]]]},"properties":{"cod_ibge":"410660","name":"Cruzeiro do Oeste","uf":"PR"}},
{"type":"Feature","geometry":{"type":"Polygon","coordinates":[[[-52.27521,-22.73014],[-52.42132,-22.76288],[-52.37135,-22.92977],[-52.26998,-22.91386],[-52.25665,-22.89794],[-52.23857,-22.81609],[-52.27521,-22.73014]]]},"properties":{"cod_ibge":"412490","name":"São João do Caiuá","uf":"PR"}},
{"type":"Feature","geometry":{"type":"Polygon","coordinates":[[[-52.39514,-25.70005],[-52.27474,-25.57682],[-52.29853,-25.48405],[-52.43417,-25.50542],[-52.53078,-25.64594],[-52.39514,-25.70005]]]},"properties":{"cod_ibge":"412015","name":"Porto Barreiro","uf":"PR"}},
{"type":"Feature","geometry":{"type":"Polygon","coordinates":[[[-50.1341,-23.14486],[-49.93279,-23.3063],[-49.89139,-23.33495],[-49.80953,-23.08939],[-49.81952,-23.07711],[-49.8338,-23.06574],[-49.97229,-22.95842],[-49.97419,-22.95433],[-50.06271,-23.09302],[-50.1341,-23.14486]]]},"properties":{"cod_ibge":"411180","name":"Jacarezinho","uf":"PR"}},
{"type":"Feature","geometry":{"type":"Polygon","coordinates":[[[-53.07855,-25.09706],[-52.97813,-25.10298],[-52.97861,-24.83741],[-52.9196,-24.76192],[-52.96338,-24.70462],[-53.08331,-24.91926],[-53.10092,-25.0957],[-53.07855,-25.09706]]]},"properties":{"cod_ibge":"410405","name":"Campo Bonito","uf":"PR"}},
{"type":"Feature","geometry":{"type":"Polygon","coordinates":[[[-49.58585,-25.60001],[-49.48068,-25.64866],[-49.38502,-25.78372],[-49.36979,-25.78872],[-49.35504,-25.67368],[-49.3598,-25.64321],[-49.37455,-25.51361],[-49.56348,-25.54817],[-49.58585,-25.60001]]]},"properties":{"cod_ibge":"410180","name":"Araucária","uf":"PR"}},
{"type":"Feature","geometry":{"type":"Polygon","coordinates":[[[-50.46819,-23.26037],[-50.304,-23.38224],[-50.23499,-23.35677],[-50.225,-23.22444],[-50.304,-23.259],[-50.46676,-23.26037],[-50.46819,-23.26037]]]},"properties":{"cod_ibge":"410010","name":"Abatiá","uf":"PR"}},
{"type":"Feature","geometry":{"type":"Polygon","coordinates":[[[-50.69948,-25.0384],[-50.44868,-25.21484],[-50.37063,-25.09706],[-50.43012,-25.0043],[-50.65141,-24.85014],[-50.84987,-24.85651],[-50.69948,-25.0384]]]},"properties":{"cod_ibge":"411050","name":"Ipiranga","uf":"PR"}},
{"type":"Feature","geometry":{"type":"Polygon","coordinates":[[[-52.70068,-26.35806],[-52.645,-26.3808],[-52.55695,-26.40763],[-52.52316,-26.39944],[-52.53316,-26.23573],[-52.6607,-26.30122],[-52.70068,-26.35806]]]},"properties":{"cod_ibge":"411530","name":"Mariópolis","uf":"PR"}},
{"type":"Feature","geometry":{"type":"Polygon","coordinates":[[[-50.69758,-23.55686],[-50.79609,-23.49229],[-50.88318,-23.54367],[-50.85796,-23.58414],[-50.69758,-23.55686]]]},"properties":{"cod_ibge":"412320","name":"Santa Cecília do Pavão","uf":"PR"}},
{"type":"Feature","geometry":{"type":"Polygon","coordinates":[[[-53.95422,-25.10252],[-53.90378,-25.27578],[-53.79384,-25.31852],[-53.80859,-25.53998],[-53.682,-25.50497],[-53.65868,-25.35172],[-53.65487,-25.14663],[-53.73245,-24.99975],[-53.81145,-24.97656],[-53.81383,-25.09661],[-53.95422,-25.10252]]]},"properties":{"cod_ibge":"410530","name":"Céu Azul","uf":"PR"}},
{"type":"Feature","geometry":{"type":"Polygon","coordinates":[[[-53.88188,-24.4677],[-53.71532,-24.57502],[-53.71532,-24.4677],[-53.71484,-24.36948],[-53.90758,-24.36994],[-53.88188,-24.4677]]]},"properties":{"cod_ibge":"411535","name":"Maripá","uf":"PR"}},
{"type":"Feature","geometry":{"type":"Polygon","coordinates":[[[-50.95933,-23.14805],[-50.96361,-23.30357],[-50.84558,-23.28311],[-50.90317,-23.14714],[-50.95933,-23.14805]]]},"properties":{"cod_ibge":"411270","name":"Jataizinho","uf":"PR"}},
{"type":"Feature","geometry":{"type":"Polygon","coordinates":[[[-53.03857,-22.61828],[-52.99479,-22.70877],[-53.03429,-22.8552],[-52.87676,-22.90294],[-52.84916,-22.78244],[-52.96814,-22.67876],[-53.01145,-22.59872],[-53.03857,-22.61828]]]},"properties":{"cod_ibge":"411710","name":"Nova Londrina","uf":"PR"}},
{"type":"Feature","geometry":{"type":"Polygon","coordinates":[[[-52.96814,-22.67876],[-52.81585,-22.70922],[-52.78301,-22.6019],[-53.01145,-22.59872],[-52.96814,-22.67876]]]},"properties":{"cod_ibge":"410710","name":"Diamante do Norte","uf":"PR"}},
{"type":"Feature","geometry":{"type":"Polygon","coordinates":[[[-51.93922,-23.90837],[-51.79597,-23.9202],[-51.76647,-23.8388],[-51.76647,-23.79423],[-51.91923,-23.72602],[-51.99633,-23.7906],[-51.93922,-23.90837]]]},"properties":{"cod_ibge":"412580","name":"São Pedro do Ivaí","uf":"PR"}},
{"type":"Feature","geometry":{"type":"Polygon","coordinates":[[[-51.85594,-22.63192],[-51.86688,-22.83018],[-51.83976,-22.82973],[-51.80026,-22.83109],[-51.72506,-22.70104],[-51.7184,-22.66921],[-51.85594,-22.63192]]]},"properties":{"cod_ibge":"412450","name":"Santo Inácio","uf":"PR"}},
{"type":"Feature","geometry":{"type":"Polygon","coordinates":[[[-52.54696,-23.13077],[-52.42084,-23.14123],[-52.35707,-23.06347],[-52.37135,-22.92977],[-52.42132,-22.76288],[-52.42132,-22.61054],[-52.44559,-22.60827],[-52.53792,-22.616],[-52.59503,-22.87293],[-52.59455,-22.95569],[-52.71495,-23.05892],[-52.75017,-23.10894],[-52.64975,-23.11713],[-52.54696,-23.13077]]]},"properties":{"cod_ibge":"411840","name":"Paranavaí","uf":"PR"}},
{"type":"Feature","geometry":{"type":"Polygon","coordinates":[[[-52.93007,-26.07066],[-52.89294,-26.00245],[-52.91817,-25.94243],[-53.09568,-25.9497],[-53.23179,-25.98699],[-53.34553,-25.94652],[-53.36076,-26.01609],[-53.26225,-26.09567],[-53.25844,-26.19435],[-53.16516,-26.18026],[-52.99336,-26.09886],[-52.93007,-26.07066]]]},"properties":{"cod_ibge":"410840","name":"Francisco Beltrão","uf":"PR"}},
{"type":"Feature","geometry":{"type":"Polygon","coordinates":[[[-51.3015,-23.54776],[-51.50757,-23.49138],[-51.59086,-23.42635],[-51.62607,-23.42635],[-51.61132,-23.48365],[-51.48092,-23.69965],[-51.47474,-23.72511],[-51.43857,-23.70965],[-51.42905,-23.69919],[-51.3886,-23.62825],[-51.23964,-23.62507],[-51.21965,-23.58733],[-51.3015,-23.54776]]]},"properties":{"cod_ibge":"410140","name":"Apucarana","uf":"PR"}},
{"type":"Feature","geometry":{"type":"Polygon","coordinates":[[[-50.93839,-25.07296],[-50.76896,-25.15936],[-50.69948,-25.0384],[-50.84987,-24.85651],[-50.87604,-24.83195],[-51.00168,-24.86287],[-51.01739,-24.96928],[-50.93839,-25.07296]]]},"properties":{"cod_ibge":"411140","name":"Ivaí","uf":"PR"}},
{"type":"Feature","geometry":{"type":"Polygon","coordinates":[[[-53.44405,-24.53955],[-53.35124,-24.49817],[-53.34506,-24.36539],[-53.46118,-24.2849],[-53.44405,-24.53955]]]},"properties":{"cod_ibge":"411275","name":"Jesuítas","uf":"PR"}},
{"type":"Feature","geometry":{"type":"Polygon","coordinates":[[[-50.44868,-25.21484],[-50.69948,-25.0384],[-50.76896,-25.15936],[-50.80466,-25.2735],[-50.78657,-25.38173],[-50.60192,-25.41084],[-50.56432,-25.30897],[-50.44868,-25.21484]]]},"properties":{"cod_ibge":"411010","name":"Imbituva","uf":"PR"}},
{"type":"Feature","geometry":{"type":"Polygon","coordinates":[[[-54.1779,-24.68371],[-54.31829,-24.59048],[-54.32686,-24.6596],[-54.1779,-24.68371]]]},"properties":{"cod_ibge":"411845","name":"Pato Bragado","uf":"PR"}},
{"type":"Feature","geometry":{"type":"Polygon","coordinates":[[[-50.2407,-23.13532],[-50.1341,-23.14486],[-50.06271,-23.09302],[-50.17027,-23.07756],[-50.25022,-23.10121],[-50.2407,-23.13532]]]},"properties":{"cod_ibge":"410270","name":"Barra do Jacaré","uf":"PR"}},
{"type":"Feature","geometry":{"type":"Polygon","coordinates":[[[-53.46213,-26.16479],[-53.29889,-26.18753],[-53.49069,-26.05338],[-53.52019,-26.05384],[-53.53637,-26.09295],[-53.46213,-26.16479]]]},"properties":{"cod_ibge":"412280","name":"Salgado Filho","uf":"PR"}},
{"type":"Feature","geometry":{"type":"Polygon","coordinates":[[[-52.88628,-22.94069],[-53.03286,-23.10576],[-53.02667,-23.19534],[-52.99812,-23.23627],[-52.93054,-23.24036],[-52.91864,-23.08302],[-52.78872,-23.00526],[-52.88628,-22.94069]]]},"properties":{"cod_ibge":"411970","name":"Planaltina do Paraná","uf":"PR"}},
{"type":"Feature","geometry":{"type":"Polygon","coordinates":[[[-53.682,-25.50497],[-53.80859,-25.53998],[-53.91662,-25.58273],[-53.99134,-25.58591],[-53.85,-25.69096],[-53.62204,-25.64821],[-53.60443,-25.56181],[-53.682,-25.50497]]]},"properties":{"cod_ibge":"410450","name":"Capanema","uf":"PR"}},
{"type":"Feature","geometry":{"type":"Polygon","coordinates":[[[-51.46855,-24.55501],[-51.48045,-24.4286],[-51.65939,-24.39404],[-51.73886,-24.4054],[-51.84594,-24.4195],[-51.82453,-24.44997],[-51.72506,-24.59594],[-51.46855,-24.55501]]]},"properties":{"cod_ibge":"411450","name":"Manoel Ribas","uf":"PR"}},
{"type":"Feature","geometry":{"type":"Polygon","coordinates":[[[-49.23463,-26.03065],[-48.96812,-25.98654],[-48.96289,-25.83102],[-49.14706,-25.75235],[-49.20798,-25.8251],[-49.30554,-25.94516],[-49.23463,-26.03065]]]},"properties":{"cod_ibge":"412760","name":"Tijucas do Sul","uf":"PR"}},
{"type":"Feature","geometry":{"type":"Polygon","coordinates":[[[-48.30994,-25.49314],[-48.21381,-25.47313],[-48.09626,-25.30897],[-48.23951,-24.99157],[-48.41178,-24.9802],[-48.55646,-25.08433],[-48.64355,-25.13117],[-48.55408,-25.39037],[-48.42797,-25.39356],[-48.30994,-25.49314]]]},"properties":{"cod_ibge":"410950","name":"Guaraqueçaba","uf":"PR"}},
{"type":"Feature","geometry":{"type":"Polygon","coordinates":[[[-51.48092,-22.91704],[-51.45665,-22.97798],[-51.34434,-22.9616],[-51.31578,-22.91568],[-51.31769,-22.83018],[-51.48425,-22.7979],[-51.48092,-22.91704]]]},"properties":{"cod_ibge":"410800","name":"Florestópolis","uf":"PR"}},
{"type":"Feature","geometry":{"type":"Polygon","coordinates":[[[-52.54696,-23.17943],[-52.70163,-23.21126],[-52.7635,-23.29584],[-52.72352,-23.3113],[-52.63786,-23.33176],[-52.57361,-23.33176],[-52.54696,-23.26764],[-52.54696,-23.17943]]]},"properties":{"cod_ibge":"411800","name":"Paraíso do Norte","uf":"PR"}},
{"type":"Feature","geometry":{"type":"Polygon","coordinates":[[[-52.93007,-26.07066],[-52.82013,-26.14661],[-52.79919,-26.16343],[-52.74303,-26.10977],[-52.89294,-26.00245],[-52.93007,-26.07066]]]},"properties":{"cod_ibge":"410322","name":"Bom Sucesso do Sul","uf":"PR"}},
{"type":"Feature","geometry":{"type":"Polygon","coordinates":[[[-53.69723,-25.90196],[-53.57445,-25.92969],[-53.603,-25.81328],[-53.69723,-25.90196]]]},"properties":{"cod_ibge":"410275","name":"Bela Vista da Caroba","uf":"PR"}},
{"type":"Feature","geometry":{"type":"Polygon","coordinates":[[[-51.69508,-23.7042],[-51.79597,-23.63098],[-51.83595,-23.63189],[-51.9397,-23.67282],[-51.91923,-23.72602],[-51.76647,-23.79423],[-51.69508,-23.7042]]]},"properties":{"cod_ibge":"410320","name":"Bom Sucesso","uf":"PR"}},
{"type":"Feature","geometry":{"type":"Polygon","coordinates":[[[-49.51923,-25.80691],[-49.60251,-25.75689],[-49.60156,-25.60774],[-49.80953,-25.55362],[-49.98609,-25.59955],[-50.09508,-25.63548],[-50.22833,-25.81283],[-50.03987,-25.87922],[-49.99323,-26.01155],[-49.93422,-26.01882],[-49.79192,-25.94652],[-49.64439,-25.89331],[-49.51923,-25.80691]]]},"properties":{"cod_ibge":"411320","name":"Lapa","uf":"PR"}},
{"type":"Feature","geometry":{"type":"Polygon","coordinates":[[[-52.4118,-25.01885],[-52.38229,-24.8897],[-52.4532,-24.74646],[-52.54077,-24.76965],[-52.65594,-24.92927],[-52.59169,-24.96474],[-52.55505,-25.03522],[-52.4118,-25.01885]]]},"properties":{"cod_ibge":"411325","name":"Laranjal","uf":"PR"}},
{"type":"Feature","geometry":{"type":"Polygon","coordinates":[[[-49.2294,-25.3499],[-49.1937,-25.39037],[-49.11994,-25.37855],[-49.12374,-25.37082],[-49.09376,-25.27532],[-49.22178,-25.2303],[-49.25367,-25.23394],[-49.2294,-25.3499]]]},"properties":{"cod_ibge":"410580","name":"Colombo","uf":"PR"}},
{"type":"Feature","geometry":{"type":"Polygon","coordinates":[[[-54.1936,-25.21803],[-54.11365,-25.36172],[-53.99277,-25.36309],[-54.02132,-25.17528],[-54.09985,-25.16619],[-54.20122,-25.19438],[-54.1936,-25.21803]]]},"properties":{"cod_ibge":"411580","name":"Medianeira","uf":"PR"}},
{"type":"Feature","geometry":{"type":"Polygon","coordinates":[[[-51.8488,-24.07299],[-51.68366,-23.97658],[-51.73077,-23.93884],[-51.79597,-23.9202],[-51.93922,-23.90837],[-51.96778,-23.9493],[-51.91781,-24.10391],[-51.8488,-24.07299]]]},"properties":{"cod_ibge":"412500","name":"São João do Ivaí","uf":"PR"}},
{"type":"Feature","geometry":{"type":"Polygon","coordinates":[[[-49.63392,-24.07026],[-49.58062,-24.24625],[-49.60156,-24.36721],[-49.46259,-24.36721],[-49.52827,-24.52318],[-49.51066,-24.61413],[-49.49115,-24.55183],[-49.25224,-24.43405],[-49.25367,-24.40495],[-49.25414,-24.31809],[-49.35075,-24.22078],[-49.52256,-23.91656],[-49.53588,-23.92793],[-49.63392,-24.07026]]]},"properties":{"cod_ibge":"412630","name":"Sengés","uf":"PR"}},
{"type":"Feature","geometry":{"type":"Polygon","coordinates":[[[-52.86011,-23.38861],[-52.72352,-23.3113],[-52.7635,-23.29584],[-52.86296,-23.2681],[-52.9353,-23.26264],[-52.86011,-23.38861]]]},"properties":{"cod_ibge":"410910","name":"Guaporema","uf":"PR"}},
{"type":"Feature","geometry":{"type":"Polygon","coordinates":[[[-52.78872,-23.00526],[-52.71495,-23.05892],[-52.59455,-22.95569],[-52.59503,-22.87293],[-52.78015,-22.84519],[-52.84916,-22.78244],[-52.87676,-22.90294],[-52.88628,-22.94069],[-52.78872,-23.00526]]]},"properties":{"cod_ibge":"410890","name":"Guairaçá","uf":"PR"}},
{"type":"Feature","geometry":{"type":"Polygon","coordinates":[[[-53.61871,-23.84789],[-53.72388,-23.70965],[-53.77528,-23.78559],[-53.76909,-23.81788],[-53.73863,-23.95066],[-53.68057,-23.9111],[-53.61871,-23.84789]]]},"properties":{"cod_ibge":"411890","name":"Pérola","uf":"PR"}},
{"type":"Feature","geometry":{"type":"Polygon","coordinates":[[[-53.49973,-23.8388],[-53.31555,-23.83334],[-53.2375,-23.95976],[-53.20752,-23.9202],[-53.17563,-23.71147],[-53.33649,-23.65281],[-53.35172,-23.48456],[-53.36267,-23.44863],[-53.45452,-23.47228],[-53.53209,-23.53594],[-53.66392,-23.45545],[-53.65725,-23.65417],[-53.48973,-23.67418],[-53.5359,-23.8197],[-53.49973,-23.8388]]]},"properties":{"cod_ibge":"412810","name":"Umuarama","uf":"PR"}},
{"type":"Feature","geometry":{"type":"Polygon","coordinates":[[[-50.78752,-25.60001],[-50.60097,-25.78418],[-50.49008,-25.73461],[-50.47533,-25.65549],[-50.62191,-25.58455],[-50.78752,-25.60001]]]},"properties":{"cod_ibge":"412150","name":"Rebouças","uf":"PR"}},
{"type":"Feature","geometry":{"type":"Polygon","coordinates":[[[-53.25559,-22.8993],[-53.23988,-22.73332],[-53.32745,-22.7647],[-53.41026,-22.81381],[-53.3165,-22.91249],[-53.28462,-22.93523],[-53.25559,-22.8993]]]},"properties":{"cod_ibge":"412020","name":"Porto Rico","uf":"PR"}},
{"type":"Feature","geometry":{"type":"Polygon","coordinates":[[[-53.28462,-22.93523],[-53.3165,-22.91249],[-53.51591,-23.19761],[-53.3779,-23.24081],[-53.34791,-23.23354],[-53.22941,-22.97297],[-53.28462,-22.93523]]]},"properties":{"cod_ibge":"412330","name":"Santa Cruz de Monte Castelo","uf":"PR"}},
{"type":"Feature","geometry":{"type":"Polygon","coordinates":[[[-50.95647,-25.68641],[-50.67711,-25.87376],[-50.60097,-25.78418],[-50.78752,-25.60001],[-50.99787,-25.58864],[-50.96313,-25.68277],[-50.95647,-25.68641]]]},"properties":{"cod_ibge":"412200","name":"Rio Azul","uf":"PR"}},
{"type":"Feature","geometry":{"type":"Polygon","coordinates":[[[-54.11365,-25.36172],[-54.14411,-25.52088],[-53.99134,-25.58591],[-53.91662,-25.58273],[-53.89759,-25.51906],[-53.99277,-25.36309],[-54.11365,-25.36172]]]},"properties":{"cod_ibge":"412635","name":"Serranópolis do Iguaçu","uf":"PR"}},
{"type":"Feature","geometry":{"type":"Polygon","coordinates":[[[-50.00418,-23.53367],[-49.85046,-23.57141],[-49.81857,-23.55868],[-49.84142,-23.43453],[-49.89139,-23.33495],[-49.93279,-23.3063],[-50.00418,-23.44499],[-50.00418,-23.53367]]]},"properties":{"cod_ibge":"411280","name":"Joaquim Távora","uf":"PR"}},
{"type":"Feature","geometry":{"type":"Polygon","coordinates":[[[-54.17171,-24.37767],[-54.26166,-24.37494],[-54.29545,-24.42769],[-54.20645,-24.49635],[-54.09842,-24.41905],[-54.12127,-24.38994],[-54.17171,-24.37767]]]},"properties":{"cod_ibge":"411585","name":"Mercedes","uf":"PR"}},
{"type":"Feature","geometry":{"type":"Polygon","coordinates":[[[-51.37242,-24.14256],[-51.08544,-24.07435],[-51.09544,-23.98795],[-51.27533,-23.88882],[-51.42334,-23.8629],[-51.45713,-23.88018],[-51.45951,-23.88336],[-51.38003,-24.05889],[-51.45332,-24.11983],[-51.37242,-24.14256]]]},"properties":{"cod_ibge":"410760","name":"Faxinal","uf":"PR"}},
{"type":"Feature","geometry":{"type":"Polygon","coordinates":[[[-52.02917,-26.54678],[-51.82405,-26.58179],[-51.51186,-26.58179],[-51.57801,-26.29349],[-51.72602,-26.25893],[-51.84785,-26.40171],[-52.17575,-26.3426],[-52.15862,-26.46629],[-52.02917,-26.54678]]]},"properties":{"cod_ibge":"411760","name":"Palmas","uf":"PR"}},
{"type":"Feature","geometry":{"type":"Polygon","coordinates":[[[-50.80466,-25.2735],[-50.76896,-25.15936],[-50.93839,-25.07296],[-50.94362,-25.14754],[-50.80466,-25.2735]]]},"properties":{"cod_ibge":"410895","name":"Guamiranga","uf":"PR"}},
{"type":"Feature","geometry":{"type":"Polygon","coordinates":[[[-49.35504,-25.67368],[-49.24558,-25.75416],[-49.27366,-25.61183],[-49.3598,-25.64321],[-49.35504,-25.67368]]]},"properties":{"cod_ibge":"410765","name":"Fazenda Rio Grande","uf":"PR"}},
{"type":"Feature","geometry":{"type":"Polygon","coordinates":[[[-49.10518,-24.89243],[-48.99477,-24.92381],[-48.85152,-24.8274],[-48.65022,-24.94382],[-48.56646,-24.91699],[-48.53838,-24.726],[-48.61643,-24.6687],[-48.8106,-24.67507],[-48.91244,-24.67416],[-49.12993,-24.68189],[-49.06188,-24.78739],[-49.10518,-24.89243]]]},"properties":{"cod_ibge":"410020","name":"Adrianópolis","uf":"PR"}},
{"type":"Feature","geometry":{"type":"Polygon","coordinates":[[[-52.97004,-25.20893],[-53.07855,-25.09706],[-53.10092,-25.0957],[-53.22132,-25.13617],[-53.31222,-25.36718],[-53.08236,-25.35354],[-53.03239,-25.32898],[-52.97004,-25.20893]]]},"properties":{"cod_ibge":"410500","name":"Catanduvas","uf":"PR"}},
{"type":"Feature","geometry":{"type":"Polygon","coordinates":[[[-53.03429,-22.8552],[-52.99479,-22.70877],[-53.03857,-22.61828],[-53.1052,-22.62191],[-53.12804,-22.65238],[-53.09901,-22.8361],[-53.03429,-22.8552]]]},"properties":{"cod_ibge":"411500","name":"Marilena","uf":"PR"}},
{"type":"Feature","geometry":{"type":"Polygon","coordinates":[[[-51.17729,-22.89976],[-51.31578,-22.91568],[-51.34434,-22.9616],[-51.32054,-23.01299],[-51.17015,-23.11804],[-51.16968,-22.96706],[-51.17729,-22.89976]]]},"properties":{"cod_ibge":"410280","name":"Bela Vista do Paraíso","uf":"PR"}},
{"type":"Feature","geometry":{"type":"Polygon","coordinates":[[[-53.09901,-22.8361],[-53.12804,-22.65238],[-53.23988,-22.73332],[-53.25559,-22.8993],[-53.09901,-22.8361]]]},"properties":{"cod_ibge":"412590","name":"São Pedro do Paraná","uf":"PR"}},
{"type":"Feature","geometry":{"type":"Polygon","coordinates":[[[-53.34553,-24.79057],[-53.18468,-24.93745],[-53.13518,-24.74601],[-53.14613,-24.71235],[-53.1071,-24.56957],[-53.17897,-24.52045],[-53.24321,-24.62459],[-53.34553,-24.79057]]]},"properties":{"cod_ibge":"410630","name":"Corbélia","uf":"PR"}},
{"type":"Feature","geometry":{"type":"Polygon","coordinates":[[[-51.7955,-23.17442],[-51.73173,-23.22263],[-51.67224,-23.08666],[-51.74933,-23.03936],[-51.7955,-23.17442]]]},"properties":{"cod_ibge":"411630","name":"Munhoz de Melo","uf":"PR"}},
{"type":"Feature","geometry":{"type":"Polygon","coordinates":[[[-52.53982,-23.36678],[-52.46463,-23.45454],[-52.42179,-23.46955],[-52.42132,-23.41316],[-52.42132,-23.26628],[-52.54696,-23.26764],[-52.57361,-23.33176],[-52.53982,-23.36678]]]},"properties":{"cod_ibge":"412460","name":"São Carlos do Ivaí","uf":"PR"}},
{"type":"Feature","geometry":{"type":"Polygon","coordinates":[[[-53.71532,-24.57502],[-53.88188,-24.4677],[-53.95946,-24.50681],[-54.00514,-24.65824],[-54.02942,-24.74055],[-53.80812,-24.76965],[-53.84905,-24.87652],[-53.68438,-24.93972],[-53.62489,-24.87106],[-53.53685,-24.74691],[-53.59586,-24.68962],[-53.71532,-24.57502]]]},"properties":{"cod_ibge":"412770","name":"Toledo","uf":"PR"}},
{"type":"Feature","geometry":{"type":"Polygon","coordinates":[[[-51.91495,-23.04891],[-52.01204,-23.07711],[-51.97349,-23.15578],[-51.96254,-23.16169],[-51.91448,-23.13713],[-51.91495,-23.04891]]]},"properties":{"cod_ibge":"410810","name":"Flórida","uf":"PR"}},
{"type":"Feature","geometry":{"type":"Polygon","coordinates":[[[-52.25665,-22.89794],[-52.05868,-22.95387],[-52.06629,-22.87702],[-52.05582,-22.72923],[-52.16385,-22.71195],[-52.23857,-22.81609],[-52.25665,-22.89794]]]},"properties":{"cod_ibge":"411810","name":"Paranacity","uf":"PR"}},
{"type":"Feature","geometry":{"type":"Polygon","coordinates":[[[-51.59086,-23.42635],[-51.50757,-23.49138],[-51.3015,-23.54776],[-51.31007,-23.3836],[-51.50043,-23.34222],[-51.59086,-23.42635]]]},"properties":{"cod_ibge":"410150","name":"Arapongas","uf":"PR"}},
{"type":"Feature","geometry":{"type":"Polygon","coordinates":[[[-51.48663,-24.30081],[-51.55897,-24.15712],[-51.76504,-24.24443],[-51.73886,-24.4054],[-51.65939,-24.39404],[-51.62227,-24.31764],[-51.48758,-24.32946],[-51.48663,-24.30081]]]},"properties":{"cod_ibge":"411150","name":"Ivaiporã","uf":"PR"}},
{"type":"Feature","geometry":{"type":"Polygon","coordinates":[[[-50.99787,-25.58864],[-51.13303,-25.50087],[-51.14541,-25.48359],[-51.29341,-25.47768],[-51.2739,-25.5991],[-51.40478,-25.64412],[-51.30293,-25.83329],[-51.17158,-25.74598],[-50.96313,-25.68277],[-50.99787,-25.58864]]]},"properties":{"cod_ibge":"411020","name":"Inácio Martins","uf":"PR"}},
{"type":"Feature","geometry":{"type":"Polygon","coordinates":[[[-53.36267,-23.44863],[-53.3779,-23.24081],[-53.51591,-23.19761],[-53.55731,-23.2158],[-53.46261,-23.34404],[-53.45452,-23.47228],[-53.36267,-23.44863]]]},"properties":{"cod_ibge":"411155","name":"Ivaté","uf":"PR"}},
{"type":"Feature","geometry":{"type":"Polygon","coordinates":[[[-51.50662,-23.85744],[-51.58705,-23.86154],[-51.73077,-23.93884],[-51.68366,-23.97658],[-51.67509,-24.00205],[-51.61894,-24.0257],[-51.54279,-24.01569],[-51.45951,-23.88336],[-51.45713,-23.88018],[-51.50662,-23.85744]]]},"properties":{"cod_ibge":"410330","name":"Borrazópolis","uf":"PR"}},
{"type":"Feature","geometry":{"type":"Polygon","coordinates":[[[-52.29853,-25.48405],[-52.25856,-25.25622],[-52.39705,-25.12753],[-52.43036,-25.33035],[-52.56457,-25.42766],[-52.43417,-25.50542],[-52.29853,-25.48405]]]},"properties":{"cod_ibge":"411330","name":"Laranjeiras do Sul","uf":"PR"}},
{"type":"Feature","geometry":{"type":"Polygon","coordinates":[[[-54.00514,-24.65824],[-53.98754,-24.48498],[-54.09842,-24.41905],[-54.20645,-24.49635],[-54.29545,-24.42769],[-54.31829,-24.59048],[-54.1779,-24.68371],[-54.09604,-24.7551],[-54.0632,-24.76329],[-54.02942,-24.74055],[-54.00514,-24.65824]]]},"properties":{"cod_ibge":"411460","name":"Marechal Cândido Rondon","uf":"PR"}},
{"type":"Feature","geometry":{"type":"Polygon","coordinates":[[[-49.60203,-23.6519],[-49.6244,-23.52321],[-49.65248,-23.54686],[-49.7805,-23.61188],[-49.73814,-23.7142],[-49.60203,-23.6519]]]},"properties":{"cod_ibge":"412290","name":"Salto do Itararé","uf":"PR"}},
{"type":"Feature","geometry":{"type":"Polygon","coordinates":[[[-53.47879,-25.53134],[-53.51496,-25.44085],[-53.62632,-25.34672],[-53.65868,-25.35172],[-53.682,-25.50497],[-53.60443,-25.56181],[-53.5002,-25.54999],[-53.47879,-25.53134]]]},"properties":{"cod_ibge":"410460","name":"Capitão Leônidas Marques","uf":"PR"}},
{"type":"Feature","geometry":{"type":"Polygon","coordinates":[[[-50.13505,-24.54092],[-49.99275,-24.64596],[-49.9109,-24.58412],[-49.64153,-24.64187],[-49.57348,-24.61368],[-49.63392,-24.49726],[-49.93945,-24.3713],[-49.98514,-24.24579],[-50.16932,-24.2899],[-50.20977,-24.42632],[-50.13505,-24.54092]]]},"properties":{"cod_ibge":"411940","name":"Piraí do Sul","uf":"PR"}},
{"type":"Feature","geometry":{"type":"Polygon","coordinates":[[[-50.94648,-22.98207],[-50.8551,-23.11167],[-50.84273,-23.1103],[-50.79609,-22.95115],[-50.82369,-22.86611],[-50.92792,-22.7979],[-50.97884,-22.78244],[-51.00454,-22.79381],[-50.97931,-22.93705],[-50.94648,-22.98207]]]},"properties":{"cod_ibge":"412640","name":"Sertaneja","uf":"PR"}},
{"type":"Feature","geometry":{"type":"Polygon","coordinates":[[[-51.63179,-22.88885],[-51.72554,-22.89112],[-51.79455,-23.00571],[-51.75029,-23.028],[-51.59133,-22.99025],[-51.57753,-22.91295],[-51.63179,-22.88885]]]},"properties":{"cod_ibge":"410920","name":"Guaraci","uf":"PR"}},
{"type":"Feature","geometry":{"type":"Polygon","coordinates":[[[-53.48117,-24.21805],[-53.43643,-24.1121],[-53.51924,-24.05025],[-53.55589,-24.09118],[-53.66677,-24.20896],[-53.48117,-24.21805]]]},"properties":{"cod_ibge":"410337","name":"Brasilândia do Sul","uf":"PR"}},
{"type":"Feature","geometry":{"type":"Polygon","coordinates":[[[-50.32304,-24.89243],[-50.12506,-25.01066],[-49.97848,-25.02112],[-50.10412,-24.80649],[-50.24641,-24.7651],[-50.32304,-24.89243]]]},"properties":{"cod_ibge":"410465","name":"Carambeí","uf":"PR"}},
{"type":"Feature","geometry":{"type":"Polygon","coordinates":[[[-52.90817,-26.35942],[-52.82013,-26.14661],[-52.93007,-26.07066],[-52.99336,-26.09886],[-53.06808,-26.23573],[-53.0281,-26.37034],[-52.93768,-26.36215],[-52.90817,-26.35942]]]},"properties":{"cod_ibge":"412160","name":"Renascença","uf":"PR"}},
{"type":"Feature","geometry":{"type":"Polygon","coordinates":[[[-49.98514,-24.24579],[-49.93945,-24.3713],[-49.63392,-24.49726],[-49.57348,-24.61368],[-49.51066,-24.61413],[-49.52827,-24.52318],[-49.46259,-24.36721],[-49.60156,-24.36721],[-49.58062,-24.24625],[-49.63392,-24.07026],[-49.75956,-24.0839],[-49.78669,-24.23533],[-49.91042,-24.1935],[-49.98514,-24.24579]]]},"properties":{"cod_ibge":"411200","name":"Jaguariaíva","uf":"PR"}},
{"type":"Feature","geometry":{"type":"Polygon","coordinates":[[[-53.08331,-24.91926],[-52.96338,-24.70462],[-52.97908,-24.67006],[-53.04428,-24.65051],[-53.13518,-24.74601],[-53.18468,-24.93745],[-53.08331,-24.91926]]]},"properties":{"cod_ibge":"410335","name":"Braganey","uf":"PR"}},
{"type":"Feature","geometry":{"type":"Polygon","coordinates":[[[-51.20299,-26.29803],[-51.1297,-26.19162],[-51.28152,-26.14115],[-51.28675,-26.24437],[-51.25201,-26.35169],[-51.20299,-26.29803]]]},"properties":{"cod_ibge":"412030","name":"Porto Vitória","uf":"PR"}},
{"type":"Feature","geometry":{"type":"Polygon","coordinates":[[[-53.48117,-24.21805],[-53.66677,-24.20896],[-53.69247,-24.20214],[-53.71532,-24.4677],[-53.71532,-24.57502],[-53.59586,-24.68962],[-53.54827,-24.53273],[-53.43834,-24.57411],[-53.44405,-24.53955],[-53.46118,-24.2849],[-53.46832,-24.22123],[-53.48117,-24.21805]]]},"properties":{"cod_ibge":"410200","name":"Assis Chateaubriand","uf":"PR"}},
{"type":"Feature","geometry":{"type":"Polygon","coordinates":[[[-52.06629,-22.87702],[-51.90543,-22.94978],[-51.87355,-22.9566],[-51.83976,-22.82973],[-51.86688,-22.83018],[-51.92066,-22.80335],[-52.03345,-22.67739],[-52.05582,-22.72923],[-52.06629,-22.87702]]]},"properties":{"cod_ibge":"410590","name":"Colorado","uf":"PR"}},
{"type":"Feature","geometry":{"type":"Polygon","coordinates":[[[-52.86296,-23.2681],[-52.7635,-23.29584],[-52.70163,-23.21126],[-52.64975,-23.11713],[-52.75017,-23.10894],[-52.86296,-23.2681]]]},"properties":{"cod_ibge":"411590","name":"Mirador","uf":"PR"}},
{"type":"Feature","geometry":{"type":"Polygon","coordinates":[[[-52.39419,-24.71645],[-52.09484,-24.59685],[-52.04773,-24.56684],[-52.03393,-24.41404],[-52.21097,-24.51409],[-52.27759,-24.45588],[-52.39324,-24.53501],[-52.50841,-24.52318],[-52.42513,-24.71281],[-52.39419,-24.71645]]]},"properties":{"cod_ibge":"412250","name":"Roncador","uf":"PR"}},
{"type":"Feature","geometry":{"type":"Polygon","coordinates":[[[-50.49008,-25.73461],[-50.36158,-25.72961],[-50.26355,-25.83966],[-50.22833,-25.81283],[-50.09508,-25.63548],[-50.35825,-25.5277],[-50.47533,-25.65549],[-50.49008,-25.73461]]]},"properties":{"cod_ibge":"412510","name":"São João do Triunfo","uf":"PR"}},
{"type":"Feature","geometry":{"type":"Polygon","coordinates":[[[-52.15005,-24.96837],[-51.89496,-25.01612],[-51.77265,-25.02385],[-51.65891,-25.01339],[-51.7322,-24.88925],[-51.87497,-24.83877],[-51.92875,-24.75283],[-52.10674,-24.78375],[-52.15005,-24.96837]]]},"properties":{"cod_ibge":"412385","name":"Santa Maria do Oeste","uf":"PR"}},
{"type":"Feature","geometry":{"type":"Polygon","coordinates":[[[-51.93922,-23.90837],[-51.99633,-23.7906],[-52.04392,-23.81106],[-52.14577,-23.94157],[-52.11816,-23.95612],[-51.96778,-23.9493],[-51.93922,-23.90837]]]},"properties":{"cod_ibge":"410770","name":"Fênix","uf":"PR"}},
{"type":"Feature","geometry":{"type":"Polygon","coordinates":[[[-49.98609,-25.59955],[-49.90995,-25.44903],[-49.76717,-25.46677],[-49.7567,-25.36036],[-49.81952,-25.27169],[-49.94136,-25.32807],[-50.03606,-25.29942],[-50.23452,-25.38582],[-50.27592,-25.28897],[-50.35825,-25.5277],[-50.09508,-25.63548],[-49.98609,-25.59955]]]},"properties":{"cod_ibge":"411770","name":"Palmeira","uf":"PR"}},
{"type":"Feature","geometry":{"type":"Polygon","coordinates":[[[-50.93743,-25.94061],[-51.22012,-26.04338],[-51.26153,-26.10113],[-51.28152,-26.14115],[-51.1297,-26.19162],[-51.20299,-26.29803],[-50.99169,-26.23482],[-50.89746,-26.05702],[-50.93743,-25.94061]]]},"properties":{"cod_ibge":"412820","name":"União da Vitória","uf":"PR"}},
{"type":"Feature","geometry":{"type":"Polygon","coordinates":[[[-50.62191,-25.58455],[-50.47533,-25.65549],[-50.35825,-25.5277],[-50.53101,-25.4654],[-50.56432,-25.30897],[-50.60192,-25.41084],[-50.62191,-25.58455]]]},"properties":{"cod_ibge":"410773","name":"Fernandes Pinheiro","uf":"PR"}},
{"type":"Feature","geometry":{"type":"Polygon","coordinates":[[[-49.54064,-25.94834],[-49.3755,-26.05975],[-49.36075,-25.95198],[-49.43451,-25.88149],[-49.36979,-25.78872],[-49.38502,-25.78372],[-49.51923,-25.80691],[-49.64439,-25.89331],[-49.54064,-25.94834]]]},"properties":{"cod_ibge":"412120","name":"Quitandinha","uf":"PR"}},
{"type":"Feature","geometry":{"type":"Polygon","coordinates":[[[-50.17122,-23.39725],[-50.23499,-23.35677],[-50.304,-23.38224],[-50.29829,-23.58824],[-50.24118,-23.58232],[-50.19073,-23.57005],[-50.14076,-23.48956],[-50.17122,-23.39725]]]},"properties":{"cod_ibge":"411290","name":"Jundiaí do Sul","uf":"PR"}},
{"type":"Feature","geometry":{"type":"Polygon","coordinates":[[[-50.6971,-23.55686],[-50.65808,-23.62234],[-50.58098,-23.71193],[-50.59954,-23.49411],[-50.62952,-23.45545],[-50.6971,-23.55686]]]},"properties":{"cod_ibge":"412430","name":"Santo Antônio do Paraíso","uf":"PR"}},
{"type":"Feature","geometry":{"type":"Polygon","coordinates":[[[-50.73612,-23.25082],[-50.64047,-23.34541],[-50.48294,-23.32585],[-50.46819,-23.26037],[-50.46676,-23.26037],[-50.46866,-23.20853],[-50.46533,-23.19443],[-50.541,-23.19761],[-50.62095,-23.01435],[-50.8018,-23.13668],[-50.73612,-23.25082]]]},"properties":{"cod_ibge":"410640","name":"Cornélio Procópio","uf":"PR"}},
{"type":"Feature","geometry":{"type":"Polygon","coordinates":[[[-51.79455,-23.00571],[-51.72554,-22.89112],[-51.80026,-22.83109],[-51.83976,-22.82973],[-51.87355,-22.9566],[-51.79455,-23.00571]]]},"properties":{"cod_ibge":"411640","name":"Nossa Senhora das Graças","uf":"PR"}},
{"type":"Feature","geometry":{"type":"Polygon","coordinates":[[[-50.38348,-23.85926],[-50.44963,-23.75604],[-50.48342,-23.95157],[-50.38348,-23.85926]]]},"properties":{"cod_ibge":"410775","name":"Figueira","uf":"PR"}},
{"type":"Feature","geometry":{"type":"Polygon","coordinates":[[[-52.10865,-23.52867],[-52.26998,-23.62553],[-52.26427,-23.64281],[-52.1886,-23.64462],[-52.10865,-23.52867]]]},"properties":{"cod_ibge":"411160","name":"Ivatuba","uf":"PR"}},
{"type":"Feature","geometry":{"type":"Polygon","coordinates":[[[-54.16838,-25.03067],[-54.09985,-25.16619],[-54.02132,-25.17528],[-53.98468,-25.07797],[-54.16838,-25.03067]]]},"properties":{"cod_ibge":"412125","name":"Ramilândia","uf":"PR"}},
{"type":"Feature","geometry":{"type":"Polygon","coordinates":[[[-53.35505,-25.87785],[-53.19515,-25.7819],[-53.14898,-25.7769],[-53.25987,-25.6996],[-53.30223,-25.67049],[-53.38884,-25.69232],[-53.35505,-25.87785]]]},"properties":{"cod_ibge":"412300","name":"Salto do Lontra","uf":"PR"}},
{"type":"Feature","geometry":{"type":"Polygon","coordinates":[[[-51.72506,-22.70104],[-51.64035,-22.83109],[-51.63036,-22.65784],[-51.7184,-22.66921],[-51.72506,-22.70104]]]},"properties":{"cod_ibge":"411380","name":"Lupionópolis","uf":"PR"}},
{"type":"Feature","geometry":{"type":"Polygon","coordinates":[[[-51.57753,-22.91295],[-51.53184,-22.93114],[-51.48092,-22.91704],[-51.48425,-22.7979],[-51.51709,-22.69012],[-51.62798,-22.65829],[-51.63036,-22.65784],[-51.64035,-22.83109],[-51.63179,-22.88885],[-51.57753,-22.91295]]]},"properties":{"cod_ibge":"410510","name":"Centenário do Sul","uf":"PR"}},
{"type":"Feature","geometry":{"type":"Polygon","coordinates":[[[-53.1071,-23.92838],[-53.20752,-23.9202],[-53.2375,-23.95976],[-53.32079,-24.09163],[-53.32079,-24.1985],[-53.24036,-24.16621],[-53.13137,-24.103],[-53.1071,-23.92838]]]},"properties":{"cod_ibge":"411510","name":"Mariluz","uf":"PR"}},
{"type":"Feature","geometry":{"type":"Polygon","coordinates":[[[-51.72602,-26.25893],[-51.78884,-26.20527],[-51.73982,-25.99427],[-51.7955,-25.99881],[-51.86546,-26.0261],[-52.08675,-25.93788],[-52.09247,-26.19845],[-52.18907,-26.32032],[-52.17575,-26.3426],[-51.84785,-26.40171],[-51.72602,-26.25893]]]},"properties":{"cod_ibge":"410645","name":"Coronel Domingos Soares","uf":"PR"}},
{"type":"Feature","geometry":{"type":"Polygon","coordinates":[[[-51.59324,-23.70465],[-51.48092,-23.69965],[-51.61132,-23.48365],[-51.6256,-23.55004],[-51.61037,-23.68737],[-51.59324,-23.70465]]]},"properties":{"cod_ibge":"410380","name":"Cambira","uf":"PR"}},
{"type":"Feature","geometry":{"type":"Polygon","coordinates":[[[-51.76504,-24.24443],[-51.55897,-24.15712],[-51.58039,-24.12528],[-51.71221,-24.09436],[-51.84166,-24.17531],[-51.95826,-24.24079],[-51.95398,-24.2467],[-51.9159,-24.32583],[-51.76504,-24.24443]]]},"properties":{"cod_ibge":"411250","name":"Jardim Alegre","uf":"PR"}},
{"type":"Feature","geometry":{"type":"Polygon","coordinates":[[[-50.62857,-26.06293],[-50.46105,-26.02655],[-50.36587,-26.11205],[-50.26831,-26.04292],[-50.22024,-25.94106],[-50.26355,-25.83966],[-50.36158,-25.72961],[-50.49008,-25.73461],[-50.60097,-25.78418],[-50.67711,-25.87376],[-50.67045,-25.9688],[-50.62857,-26.06293]]]},"properties":{"cod_ibge":"412560","name":"São Mateus do Sul","uf":"PR"}},
{"type":"Feature","geometry":{"type":"Polygon","coordinates":[[[-48.59025,-25.73325],[-48.46033,-25.54544],[-48.35848,-25.58591],[-48.30994,-25.49314],[-48.42797,-25.39356],[-48.55408,-25.39037],[-48.684,-25.50269],[-48.68829,-25.62684],[-48.63451,-25.7046],[-48.59025,-25.73325]]]},"properties":{"cod_ibge":"411820","name":"Paranaguá","uf":"PR"}},
{"type":"Feature","geometry":{"type":"Polygon","coordinates":[[[-53.11662,-23.47137],[-53.0281,-23.35632],[-52.99812,-23.23627],[-53.02667,-23.19534],[-53.20371,-23.19489],[-53.20181,-23.24172],[-53.21609,-23.45409],[-53.11662,-23.47137]]]},"properties":{"cod_ibge":"412690","name":"Tapira","uf":"PR"}},
{"type":"Feature","geometry":{"type":"Polygon","coordinates":[[[-52.6607,-26.30122],[-52.79919,-26.16343],[-52.82013,-26.14661],[-52.90817,-26.35942],[-52.76255,-26.35351],[-52.70068,-26.35806],[-52.6607,-26.30122]]]},"properties":{"cod_ibge":"412870","name":"Vitorino","uf":"PR"}},
{"type":"Feature","geometry":{"type":"Polygon","coordinates":[[[-52.89294,-26.00245],[-52.74303,-26.10977],[-52.73447,-26.01018],[-52.80823,-25.9065],[-52.86725,-25.86603],[-52.91817,-25.94243],[-52.89294,-26.00245]]]},"properties":{"cod_ibge":"411120","name":"Itapejara d'Oeste","uf":"PR"}},
{"type":"Feature","geometry":{"type":"Polygon","coordinates":[[[-48.84486,-25.30988],[-48.79632,-25.47086],[-48.684,-25.50269],[-48.55408,-25.39037],[-48.64355,-25.13117],[-48.73064,-25.08933],[-48.84581,-25.16346],[-48.84486,-25.30988]]]},"properties":{"cod_ibge":"410120","name":"Antonina","uf":"PR"}},
{"type":"Feature","geometry":{"type":"Polygon","coordinates":[[[-49.10376,-25.39401],[-48.96289,-25.44494],[-48.90625,-25.33307],[-49.12374,-25.37082],[-49.11994,-25.37855],[-49.10376,-25.39401]]]},"properties":{"cod_ibge":"412080","name":"Quatro Barras","uf":"PR"}},
{"type":"Feature","geometry":{"type":"Polygon","coordinates":[[[-50.44772,-23.03118],[-50.52672,-22.93477],[-50.57717,-22.90385],[-50.63714,-22.90704],[-50.62095,-23.01435],[-50.541,-23.19761],[-50.46533,-23.19443],[-50.44772,-23.03118]]]},"properties":{"cod_ibge":"412390","name":"Santa Mariana","uf":"PR"}},
{"type":"Feature","geometry":{"type":"Polygon","coordinates":[[[-51.91781,-24.10391],[-51.96778,-23.9493],[-52.11816,-23.95612],[-52.1867,-24.05207],[-52.22762,-24.17849],[-52.22191,-24.19304],[-52.08342,-24.22305],[-51.99252,-24.20259],[-51.91781,-24.10391]]]},"properties":{"cod_ibge":"410250","name":"Barbosa Ferraz","uf":"PR"}},
{"type":"Feature","geometry":{"type":"Polygon","coordinates":[[[-52.72352,-23.3113],[-52.86011,-23.38861],[-52.98479,-23.54094],[-52.82489,-23.61643],[-52.74779,-23.55504],[-52.66927,-23.39816],[-52.63786,-23.33176],[-52.72352,-23.3113]]]},"properties":{"cod_ibge":"412260","name":"Rondon","uf":"PR"}},
{"type":"Feature","geometry":{"type":"Polygon","coordinates":[[[-49.36075,-25.95198],[-49.30554,-25.94516],[-49.20798,-25.8251],[-49.24558,-25.75416],[-49.35504,-25.67368],[-49.36979,-25.78872],[-49.43451,-25.88149],[-49.36075,-25.95198]]]},"properties":{"cod_ibge":"411430","name":"Mandirituba","uf":"PR"}},
{"type":"Feature","geometry":{"type":"Polygon","coordinates":[[[-53.9585,-24.12028],[-53.96802,-24.02342],[-53.96612,-24.0025],[-54.09842,-24.02524],[-54.1679,-24.06117],[-54.17171,-24.37767],[-54.12127,-24.38994],[-53.9666,-24.36994],[-53.9585,-24.12028]]]},"properties":{"cod_ibge":"412740","name":"Terra Roxa","uf":"PR"}},
{"type":"Feature","geometry":{"type":"Polygon","coordinates":[[[-49.17562,-25.46268],[-49.07092,-25.53953],[-48.97003,-25.5227],[-48.96289,-25.44494],[-49.10376,-25.39401],[-49.17562,-25.46268]]]},"properties":{"cod_ibge":"411950","name":"Piraquara","uf":"PR"}},
{"type":"Feature","geometry":{"type":"Polygon","coordinates":[[[-52.18812,-24.05298],[-52.25047,-23.99523],[-52.4237,-24.00751],[-52.46225,-23.95521],[-52.54315,-24.10482],[-52.52269,-24.22396],[-52.44321,-24.29809],[-52.32709,-24.15393],[-52.22191,-24.19304],[-52.22762,-24.17849],[-52.18812,-24.05298]]]},"properties":{"cod_ibge":"410430","name":"Campo Mourão","uf":"PR"}},
{"type":"Feature","geometry":{"type":"Polygon","coordinates":[[[-54.00514,-24.65824],[-53.95946,-24.50681],[-53.98754,-24.48498],[-54.00514,-24.65824]]]},"properties":{"cod_ibge":"412085","name":"Quatro Pontes","uf":"PR"}},
{"type":"Feature","geometry":{"type":"Polygon","coordinates":[[[-53.16897,-25.65594],[-53.19515,-25.56363],[-53.26177,-25.59182],[-53.30223,-25.67049],[-53.25987,-25.6996],[-53.16897,-25.65594]]]},"properties":{"cod_ibge":"410302","name":"Boa Esperança do Iguaçu","uf":"PR"}},
{"type":"Feature","geometry":{"type":"Polygon","coordinates":[[[-49.32125,-25.23121],[-49.45783,-25.16482],[-49.50257,-25.00839],[-49.57491,-24.95928],[-49.60441,-24.98656],[-49.55539,-25.17801],[-49.45212,-25.24395],[-49.32125,-25.23121]]]},"properties":{"cod_ibge":"411125","name":"Itaperuçu","uf":"PR"}},
{"type":"Feature","geometry":{"type":"Polygon","coordinates":[[[-52.51888,-23.77604],[-52.32756,-23.55231],[-52.40228,-23.53549],[-52.45273,-23.54958],[-52.54505,-23.74694],[-52.51888,-23.77604]]]},"properties":{"cod_ibge":"411300","name":"Jussara","uf":"PR"}},
{"type":"Feature","geometry":{"type":"Polygon","coordinates":[[[-51.33482,-24.25125],[-51.1692,-24.38221],[-51.23868,-24.43542],[-51.13922,-24.46816],[-51.09782,-24.32583],[-51.33387,-24.15894],[-51.33482,-24.25125]]]},"properties":{"cod_ibge":"412265","name":"Rosário do Ivaí","uf":"PR"}},
{"type":"Feature","geometry":{"type":"Polygon","coordinates":[[[-52.70163,-24.29854],[-52.64928,-24.2085],[-52.7021,-24.13938],[-52.80538,-24.18667],[-52.86915,-24.31628],[-52.70163,-24.29854]]]},"properties":{"cod_ibge":"410300","name":"Boa Esperança","uf":"PR"}},
{"type":"Feature","geometry":{"type":"Polygon","coordinates":[[[-53.49069,-26.05338],[-53.29889,-26.18753],[-53.25844,-26.19435],[-53.26225,-26.09567],[-53.36076,-26.01609],[-53.36505,-26.02019],[-53.49069,-26.05338]]]},"properties":{"cod_ibge":"411435","name":"Manfrinópolis","uf":"PR"}},
{"type":"Feature","geometry":{"type":"Polygon","coordinates":[[[-53.33173,-25.36354],[-53.48022,-25.34217],[-53.51496,-25.44085],[-53.47879,-25.53134],[-53.34411,-25.47996],[-53.33173,-25.36354]]]},"properties":{"cod_ibge":"410305","name":"Boa Vista da Aparecida","uf":"PR"}},
{"type":"Feature","geometry":{"type":"Polygon","coordinates":[[[-53.99277,-25.36309],[-53.89759,-25.51906],[-53.91662,-25.58273],[-53.80859,-25.53998],[-53.79384,-25.31852],[-53.90378,-25.27578],[-53.95422,-25.10252],[-53.96564,-25.07615],[-53.98468,-25.07797],[-54.02132,-25.17528],[-53.99277,-25.36309]]]},"properties":{"cod_ibge":"411560","name":"Matelândia","uf":"PR"}},
{"type":"Feature","geometry":{"type":"Polygon","coordinates":[[[-53.20371,-23.19489],[-53.02667,-23.19534],[-53.03286,-23.10576],[-53.12995,-23.043],[-53.20371,-23.19489]]]},"properties":{"cod_ibge":"412395","name":"Santa Mônica","uf":"PR"}},
{"type":"Feature","geometry":{"type":"Polygon","coordinates":[[[-52.98479,-23.54094],[-52.86011,-23.38861],[-52.9353,-23.26264],[-52.93054,-23.24036],[-52.99812,-23.23627],[-53.0281,-23.35632],[-53.02334,-23.47637],[-52.98479,-23.54094]]]},"properties":{"cod_ibge":"410560","name":"Cidade Gaúcha","uf":"PR"}},
{"type":"Feature","geometry":{"type":"Polygon","coordinates":[[[-52.67069,-23.53731],[-52.54553,-23.58551],[-52.45273,-23.54958],[-52.40228,-23.53549],[-52.42179,-23.46955],[-52.46463,-23.45454],[-52.60074,-23.47683],[-52.67069,-23.53731]]]},"properties":{"cod_ibge":"412610","name":"São Tomé","uf":"PR"}},
{"type":"Feature","geometry":{"type":"Polygon","coordinates":[[[-51.65891,-25.01339],[-51.51899,-24.94336],[-51.41001,-24.75646],[-51.47188,-24.64733],[-51.5466,-24.7842],[-51.7322,-24.88925],[-51.65891,-25.01339]]]},"properties":{"cod_ibge":"410304","name":"Boa Ventura de São Roque","uf":"PR"}},
{"type":"Feature","geometry":{"type":"Polygon","coordinates":[[[-49.36075,-26.13751],[-49.3755,-26.05975],[-49.54064,-25.94834],[-49.53969,-26.07021],[-49.48591,-26.18526],[-49.42928,-26.1698],[-49.36075,-26.13751]]]},"properties":{"cod_ibge":"411910","name":"Piên","uf":"PR"}},
{"type":"Feature","geometry":{"type":"Polygon","coordinates":[[[-49.11994,-25.37855],[-49.1937,-25.39037],[-49.18466,-25.47177],[-49.17562,-25.46268],[-49.10376,-25.39401],[-49.11994,-25.37855]]]},"properties":{"cod_ibge":"411915","name":"Pinhais","uf":"PR"}},
{"type":"Feature","geometry":{"type":"Polygon","coordinates":[[[-52.15386,-23.10394],[-52.18241,-23.04255],[-52.24761,-23.02618],[-52.23286,-23.13941],[-52.42037,-23.23399],[-52.42084,-23.25082],[-52.2438,-23.2681],[-52.10817,-23.19034],[-52.15386,-23.10394]]]},"properties":{"cod_ibge":"411690","name":"Nova Esperança","uf":"PR"}},
{"type":"Feature","geometry":{"type":"Polygon","coordinates":[[[-49.2294,-25.3499],[-49.34028,-25.34945],[-49.38359,-25.41902],[-49.37455,-25.51361],[-49.3598,-25.64321],[-49.27366,-25.61183],[-49.18466,-25.47177],[-49.1937,-25.39037],[-49.2294,-25.3499]]]},"properties":{"cod_ibge":"410690","name":"Curitiba","uf":"PR"}},
{"type":"Feature","geometry":{"type":"Polygon","coordinates":[[[-50.69758,-26.18162],[-50.62857,-26.06293],[-50.67045,-25.9688],[-50.89746,-26.05702],[-50.79038,-26.08067],[-50.69758,-26.18162]]]},"properties":{"cod_ibge":"411870","name":"Paulo Frontin","uf":"PR"}},
{"type":"Feature","geometry":{"type":"Polygon","coordinates":[[[-50.8551,-23.11167],[-50.94648,-22.98207],[-50.94838,-23.10621],[-50.95933,-23.14805],[-50.90317,-23.14714],[-50.8551,-23.11167]]]},"properties":{"cod_ibge":"412130","name":"Rancho Alegre","uf":"PR"}},
{"type":"Feature","geometry":{"type":"Polygon","coordinates":[[[-51.55897,-24.15712],[-51.48663,-24.30081],[-51.33482,-24.25125],[-51.33387,-24.15894],[-51.37242,-24.14256],[-51.45332,-24.11983],[-51.5504,-24.09345],[-51.58039,-24.12528],[-51.55897,-24.15712]]]},"properties":{"cod_ibge":"410870","name":"Grandes Rios","uf":"PR"}},
{"type":"Feature","geometry":{"type":"Polygon","coordinates":[[[-51.33291,-22.66693],[-51.44618,-22.65284],[-51.51709,-22.69012],[-51.48425,-22.7979],[-51.31769,-22.83018],[-51.33291,-22.66693]]]},"properties":{"cod_ibge":"412000","name":"Porecatu","uf":"PR"}},
{"type":"Feature","geometry":{"type":"Polygon","coordinates":[[[-53.00859,-24.28126],[-53.07855,-24.39904],[-52.9748,-24.34674],[-52.86915,-24.31628],[-52.86344,-24.13893],[-53.00859,-24.28126]]]},"properties":{"cod_ibge":"412135","name":"Rancho Alegre D'Oeste","uf":"PR"}},
{"type":"Feature","geometry":{"type":"Polygon","coordinates":[[[-50.46676,-23.26037],[-50.304,-23.259],[-50.46866,-23.20853],[-50.46676,-23.26037]]]},"properties":{"cod_ibge":"412310","name":"Santa Amélia","uf":"PR"}},
{"type":"Feature","geometry":{"type":"Polygon","coordinates":[[[-52.27759,-24.45588],[-52.21097,-24.51409],[-52.03393,-24.41404],[-51.95398,-24.2467],[-51.95826,-24.24079],[-51.99252,-24.20259],[-52.08342,-24.22305],[-52.27759,-24.45588]]]},"properties":{"cod_ibge":"411080","name":"Iretama","uf":"PR"}},
{"type":"Feature","geometry":{"type":"Polygon","coordinates":[[[-50.67711,-25.87376],[-50.95647,-25.68641],[-51.03975,-25.80737],[-50.93743,-25.94061],[-50.89746,-26.05702],[-50.67045,-25.9688],[-50.67711,-25.87376]]]},"properties":{"cod_ibge":"411390","name":"Mallet","uf":"PR"}},
{"type":"Feature","geometry":{"type":"Polygon","coordinates":[[[-51.31578,-22.91568],[-51.17729,-22.89976],[-51.17586,-22.73878],[-51.21394,-22.72378],[-51.29817,-22.6733],[-51.33291,-22.66693],[-51.31769,-22.83018],[-51.31578,-22.91568]]]},"properties":{"cod_ibge":"410080","name":"Alvorada do Sul","uf":"PR"}},
{"type":"Feature","geometry":{"type":"Polygon","coordinates":[[[-52.70401,-24.74737],[-52.59598,-24.57548],[-52.65689,-24.49863],[-52.7673,-24.49453],[-52.87296,-24.51136],[-52.97908,-24.67006],[-52.96338,-24.70462],[-52.9196,-24.76192],[-52.86011,-24.75874],[-52.70401,-24.74737]]]},"properties":{"cod_ibge":"410390","name":"Campina da Lagoa","uf":"PR"}},
{"type":"Feature","geometry":{"type":"Polygon","coordinates":[[[-52.00395,-22.61509],[-52.02822,-22.53961],[-52.03298,-22.53915],[-52.13577,-22.52687],[-52.15243,-22.56916],[-52.00395,-22.61509]]]},"properties":{"cod_ibge":"411260","name":"Jardim Olinda","uf":"PR"}},
{"type":"Feature","geometry":{"type":"Polygon","coordinates":[[[-53.23179,-25.98699],[-53.19515,-25.7819],[-53.35505,-25.87785],[-53.34696,-25.92697],[-53.34553,-25.94652],[-53.23179,-25.98699]]]},"properties":{"cod_ibge":"411695","name":"Nova Esperança do Sudoeste","uf":"PR"}},
{"type":"Feature","geometry":{"type":"Polygon","coordinates":[[[-52.14862,-23.41407],[-52.1786,-23.3495],[-52.17908,-23.34995],[-52.32471,-23.55413],[-52.30472,-23.57278],[-52.22429,-23.52275],[-52.14862,-23.41407]]]},"properties":{"cod_ibge":"411740","name":"Ourizona","uf":"PR"}},
{"type":"Feature","geometry":{"type":"Polygon","coordinates":[[[-53.09568,-25.9497],[-53.07998,-25.87694],[-53.14898,-25.7769],[-53.19515,-25.7819],[-53.23179,-25.98699],[-53.09568,-25.9497]]]},"properties":{"cod_ibge":"410740","name":"Enéas Marques","uf":"PR"}},
{"type":"Feature","geometry":{"type":"Polygon","coordinates":[[[-53.73435,-26.04292],[-53.67201,-26.17616],[-53.53637,-26.09295],[-53.52019,-26.05384],[-53.53875,-25.97108],[-53.56588,-25.95743],[-53.73435,-26.04292]]]},"properties":{"cod_ibge":"412440","name":"Santo Antônio do Sudoeste","uf":"PR"}},
{"type":"Feature","geometry":{"type":"Polygon","coordinates":[[[-54.0356,-24.78921],[-53.84905,-24.87652],[-53.80812,-24.76965],[-54.02942,-24.74055],[-54.0632,-24.76329],[-54.0356,-24.78921]]]},"properties":{"cod_ibge":"411745","name":"Ouro Verde do Oeste","uf":"PR"}},
{"type":"Feature","geometry":{"type":"Polygon","coordinates":[[[-51.17063,-23.19625],[-51.07212,-23.33722],[-50.98074,-23.34268],[-50.96361,-23.30357],[-50.95933,-23.14805],[-50.94838,-23.10621],[-51.17063,-23.19625]]]},"properties":{"cod_ibge":"410980","name":"Ibiporã","uf":"PR"}},
{"type":"Feature","geometry":{"type":"Polygon","coordinates":[[[-52.78111,-25.49633],[-52.91626,-25.27942],[-53.03239,-25.32898],[-53.08236,-25.35354],[-53.14375,-25.51361],[-53.06903,-25.56636],[-52.85678,-25.60274],[-52.78491,-25.56681],[-52.78111,-25.49633]]]},"properties":{"cod_ibge":"412090","name":"Quedas do Iguaçu","uf":"PR"}},
{"type":"Feature","geometry":{"type":"Polygon","coordinates":[[[-51.67081,-25.09388],[-51.77265,-25.02385],[-51.89496,-25.01612],[-51.87307,-25.22212],[-51.65273,-25.22075],[-51.67081,-25.09388]]]},"properties":{"cod_ibge":"410395","name":"Campina do Simão","uf":"PR"}},
{"type":"Feature","geometry":{"type":"Polygon","coordinates":[[[-54.32686,-25.53316],[-54.2964,-25.55772],[-54.14411,-25.52088],[-54.11365,-25.36172],[-54.1936,-25.21803],[-54.39158,-25.23576],[-54.3992,-25.37718],[-54.32686,-25.53316]]]},"properties":{"cod_ibge":"412570","name":"São Miguel do Iguaçu","uf":"PR"}},
{"type":"Feature","geometry":{"type":"Polygon","coordinates":[[[-53.63917,-26.25074],[-53.43072,-26.28212],[-53.47403,-26.19845],[-53.65154,-26.20663],[-53.63917,-26.25074]]]},"properties":{"cod_ibge":"410260","name":"Barracão","uf":"PR"}},
{"type":"Feature","geometry":{"type":"Polygon","coordinates":[[[-53.13137,-24.103],[-53.03762,-24.06162],[-52.85487,-24.11755],[-52.87248,-23.99205],[-52.96385,-23.96476],[-53.1071,-23.92838],[-53.13137,-24.103]]]},"properties":{"cod_ibge":"411610","name":"Moreira Sales","uf":"PR"}},
{"type":"Feature","geometry":{"type":"Polygon","coordinates":[[[-53.81145,-24.97656],[-53.73245,-24.99975],[-53.68438,-24.93972],[-53.84905,-24.87652],[-54.0356,-24.78921],[-54.06558,-24.87288],[-54.04464,-24.89061],[-53.81145,-24.97656]]]},"properties":{"cod_ibge":"412575","name":"São Pedro do Iguaçu","uf":"PR"}},
{"type":"Feature","geometry":{"type":"Polygon","coordinates":[[[-50.84987,-24.85651],[-50.65141,-24.85014],[-50.43012,-25.0043],[-50.32304,-24.89243],[-50.24641,-24.7651],[-50.13505,-24.54092],[-50.20977,-24.42632],[-50.3592,-24.37585],[-50.48151,-24.47043],[-50.60477,-24.39449],[-50.71994,-24.56002],[-50.76896,-24.70917],[-50.87604,-24.83195],[-50.84987,-24.85651]]]},"properties":{"cod_ibge":"412750","name":"Tibagi","uf":"PR"}},
{"type":"Feature","geometry":{"type":"Polygon","coordinates":[[[-50.04939,-23.65145],[-50.0827,-23.53731],[-50.14076,-23.48956],[-50.19073,-23.57005],[-50.16884,-23.67873],[-50.04939,-23.65145]]]},"properties":{"cod_ibge":"410610","name":"Conselheiro Mairinck","uf":"PR"}},
{"type":"Feature","geometry":{"type":"Polygon","coordinates":[[[-53.5359,-23.8197],[-53.48973,-23.67418],[-53.65725,-23.65417],[-53.75006,-23.671],[-53.72388,-23.70965],[-53.61871,-23.84789],[-53.5359,-23.8197]]]},"properties":{"cod_ibge":"412880","name":"Xambrê","uf":"PR"}},
{"type":"Feature","geometry":{"type":"Polygon","coordinates":[[[-52.96814,-22.67876],[-52.84916,-22.78244],[-52.81585,-22.70922],[-52.96814,-22.67876]]]},"properties":{"cod_ibge":"411130","name":"Itaúna do Sul","uf":"PR"}},
{"type":"Feature","geometry":{"type":"Polygon","coordinates":[[[-49.99323,-26.01155],[-50.03987,-25.87922],[-50.22833,-25.81283],[-50.26355,-25.83966],[-50.22024,-25.94106],[-50.26831,-26.04292],[-50.18978,-26.07021],[-49.99323,-26.01155]]]},"properties":{"cod_ibge":"410130","name":"Antônio Olinto","uf":"PR"}},
{"type":"Feature","geometry":{"type":"Polygon","coordinates":[[[-51.93922,-23.26401],[-51.86831,-23.28811],[-51.73173,-23.22263],[-51.7955,-23.17442],[-51.86593,-23.13304],[-51.93922,-23.26401]]]},"properties":{"cod_ibge":"411000","name":"Iguaraçu","uf":"PR"}},
{"type":"Feature","geometry":{"type":"Polygon","coordinates":[[[-51.58991,-23.83471],[-51.76647,-23.8388],[-51.79597,-23.9202],[-51.73077,-23.93884],[-51.58705,-23.86154],[-51.58991,-23.83471]]]},"properties":{"cod_ibge":"411310","name":"Kaloré","uf":"PR"}},
{"type":"Feature","geometry":{"type":"Polygon","coordinates":[[[-49.09376,-25.27532],[-48.96907,-25.25304],[-48.85962,-25.10389],[-48.59787,-25.00339],[-48.56646,-24.91699],[-48.65022,-24.94382],[-48.82583,-25.03067],[-49.05426,-25.05114],[-49.09376,-25.07433],[-49.22178,-25.2303],[-49.09376,-25.27532]]]},"properties":{"cod_ibge":"410310","name":"Bocaiúva do Sul","uf":"PR"}},
{"type":"Feature","geometry":{"type":"Polygon","coordinates":[[[-51.7974,-25.59591],[-51.76599,-25.3599],[-51.85689,-25.31216],[-52.00918,-25.36445],[-52.19288,-25.47814],[-52.27474,-25.57682],[-52.39514,-25.70005],[-52.23048,-25.74007],[-52.04725,-25.62411],[-51.97396,-25.64957],[-51.7974,-25.59591]]]},"properties":{"cod_ibge":"410442","name":"Candói","uf":"PR"}},
{"type":"Feature","geometry":{"type":"Polygon","coordinates":[[[-51.50043,-23.34222],[-51.53803,-23.2631],[-51.59181,-23.28311],[-51.69032,-23.37769],[-51.62607,-23.42635],[-51.59086,-23.42635],[-51.50043,-23.34222]]]},"properties":{"cod_ibge":"412270","name":"Sabáudia","uf":"PR"}},
{"type":"Feature","geometry":{"type":"Polygon","coordinates":[[[-50.88461,-24.41132],[-50.71994,-24.56002],[-50.60477,-24.39449],[-50.72328,-24.314],[-50.88461,-24.41132]]]},"properties":{"cod_ibge":"411007","name":"Imbaú","uf":"PR"}},
{"type":"Feature","geometry":{"type":"Polygon","coordinates":[[[-52.18907,-26.32032],[-52.09247,-26.19845],[-52.08675,-25.93788],[-52.1234,-25.77463],[-52.21382,-25.75644],[-52.26332,-25.85966],[-52.38277,-25.94516],[-52.37516,-26.04111],[-52.22286,-26.2089],[-52.31614,-26.27166],[-52.18907,-26.32032]]]},"properties":{"cod_ibge":"411440","name":"Mangueirinha","uf":"PR"}},
{"type":"Feature","geometry":{"type":"Polygon","coordinates":[[[-51.41001,-24.75646],[-51.33291,-24.75965],[-51.15635,-24.80785],[-51.01739,-24.96928],[-51.00168,-24.86287],[-51.06688,-24.81604],[-51.07973,-24.64414],[-51.15921,-24.5682],[-51.13922,-24.46816],[-51.23868,-24.43542],[-51.42667,-24.40359],[-51.48045,-24.4286],[-51.46855,-24.55501],[-51.47188,-24.64733],[-51.41001,-24.75646]]]},"properties":{"cod_ibge":"410440","name":"Cândido de Abreu","uf":"PR"}},
{"type":"Feature","geometry":{"type":"Polygon","coordinates":[[[-50.48342,-23.95157],[-50.44963,-23.75604],[-50.47533,-23.75012],[-50.55861,-23.74785],[-50.80513,-23.87654],[-50.70281,-24.02479],[-50.48342,-23.95157]]]},"properties":{"cod_ibge":"412620","name":"Sapopema","uf":"PR"}},
{"type":"Feature","geometry":{"type":"Polygon","coordinates":[[[-50.1617,-23.94202],[-50.04225,-23.98977],[-49.97324,-23.90201],[-50.01988,-23.7383],[-50.09412,-23.79151],[-50.1203,-23.85608],[-50.1617,-23.94202]]]},"properties":{"cod_ibge":"411920","name":"Pinhalão","uf":"PR"}},
{"type":"Feature","geometry":{"type":"Polygon","coordinates":[[[-53.13518,-24.74601],[-53.04428,-24.65051],[-53.08521,-24.61095],[-53.14613,-24.71235],[-53.13518,-24.74601]]]},"properties":{"cod_ibge":"411005","name":"Iguatu","uf":"PR"}},
{"type":"Feature","geometry":{"type":"Polygon","coordinates":[[[-50.14076,-23.48956],[-50.0827,-23.53731],[-50.03844,-23.54867],[-50.00418,-23.53367],[-50.00418,-23.44499],[-50.17122,-23.39725],[-50.14076,-23.48956]]]},"properties":{"cod_ibge":"410900","name":"Guapirama","uf":"PR"}},
{"type":"Feature","geometry":{"type":"Polygon","coordinates":[[[-53.57683,-25.79964],[-53.50306,-25.81101],[-53.47926,-25.64093],[-53.5002,-25.54999],[-53.60443,-25.56181],[-53.62204,-25.64821],[-53.57683,-25.79964]]]},"properties":{"cod_ibge":"412140","name":"Realeza","uf":"PR"}},
{"type":"Feature","geometry":{"type":"Polygon","coordinates":[[[-52.19288,-25.47814],[-52.00918,-25.36445],[-52.00299,-25.30988],[-52.08247,-25.13708],[-52.24476,-25.14891],[-52.21858,-25.25531],[-52.19288,-25.47814]]]},"properties":{"cod_ibge":"410445","name":"Cantagalo","uf":"PR"}},
{"type":"Feature","geometry":{"type":"Polygon","coordinates":[[[-51.86688,-22.83018],[-51.85594,-22.63192],[-51.8902,-22.61327],[-51.90163,-22.6019],[-51.92066,-22.80335],[-51.86688,-22.83018]]]},"properties":{"cod_ibge":"412360","name":"Santa Inês","uf":"PR"}},
{"type":"Feature","geometry":{"type":"Polygon","coordinates":[[[-53.65154,-26.20663],[-53.47403,-26.19845],[-53.46213,-26.16479],[-53.53637,-26.09295],[-53.67201,-26.17616],[-53.65154,-26.20663]]]},"properties":{"cod_ibge":"410315","name":"Bom Jesus do Sul","uf":"PR"}},
{"type":"Feature","geometry":{"type":"Polygon","coordinates":[[[-52.03345,-22.67739],[-51.92066,-22.80335],[-51.90163,-22.6019],[-52.02822,-22.53961],[-52.00395,-22.61509],[-52.03345,-22.67739]]]},"properties":{"cod_ibge":"411090","name":"Itaguajé","uf":"PR"}},
{"type":"Feature","geometry":{"type":"Polygon","coordinates":[[[-51.91162,-23.47728],[-51.85308,-23.51093],[-51.84309,-23.39361],[-51.91162,-23.47728]]]},"properties":{"cod_ibge":"412625","name":"Sarandi","uf":"PR"}},
{"type":"Feature","geometry":{"type":"Polygon","coordinates":[[[-48.5498,-25.85239],[-48.47698,-25.71369],[-48.59025,-25.73325],[-48.63451,-25.7046],[-48.5498,-25.85239]]]},"properties":{"cod_ibge":"411570","name":"Matinhos","uf":"PR"}},
{"type":"Feature","geometry":{"type":"Polygon","coordinates":[[[-49.93422,-26.01882],[-49.86949,-26.03337],[-49.60299,-26.22664],[-49.48734,-26.19435],[-49.48591,-26.18526],[-49.53969,-26.07021],[-49.77336,-26.02837],[-49.79192,-25.94652],[-49.93422,-26.01882]]]},"properties":{"cod_ibge":"412230","name":"Rio Negro","uf":"PR"}},
{"type":"Feature","geometry":{"type":"Polygon","coordinates":[[[-52.78872,-23.00526],[-52.91864,-23.08302],[-52.93054,-23.24036],[-52.9353,-23.26264],[-52.86296,-23.2681],[-52.75017,-23.10894],[-52.71495,-23.05892],[-52.78872,-23.00526]]]},"properties":{"cod_ibge":"410090","name":"Amaporã","uf":"PR"}},
{"type":"Feature","geometry":{"type":"Polygon","coordinates":[[[-52.44273,-26.43809],[-52.15862,-26.46629],[-52.17575,-26.3426],[-52.18907,-26.32032],[-52.31614,-26.27166],[-52.53792,-26.16843],[-52.53316,-26.23573],[-52.52316,-26.39944],[-52.44273,-26.43809]]]},"properties":{"cod_ibge":"410570","name":"Clevelândia","uf":"PR"}},
{"type":"Feature","geometry":{"type":"Polygon","coordinates":[[[-51.27533,-23.88882],[-51.09544,-23.98795],[-51.08211,-23.9061],[-51.17824,-23.83971],[-51.27533,-23.88882]]]},"properties":{"cod_ibge":"411575","name":"Mauá da Serra","uf":"PR"}},
{"type":"Feature","geometry":{"type":"Polygon","coordinates":[[[-52.10008,-23.51957],[-52.09484,-23.40043],[-52.14862,-23.41407],[-52.22429,-23.52275],[-52.10008,-23.51957]]]},"properties":{"cod_ibge":"411750","name":"Paiçandu","uf":"PR"}},
{"type":"Feature","geometry":{"type":"Polygon","coordinates":[[[-52.26474,-23.88927],[-52.1115,-23.70556],[-52.11626,-23.67282],[-52.1886,-23.64462],[-52.26427,-23.64281],[-52.44464,-23.80697],[-52.26474,-23.88927]]]},"properties":{"cod_ibge":"410750","name":"Engenheiro Beltrão","uf":"PR"}},
{"type":"Feature","geometry":{"type":"Polygon","coordinates":[[[-53.36505,-26.02019],[-53.53875,-25.97108],[-53.52019,-26.05384],[-53.49069,-26.05338],[-53.36505,-26.02019]]]},"properties":{"cod_ibge":"411925","name":"Pinhal de São Bento","uf":"PR"}},
{"type":"Feature","geometry":{"type":"Polygon","coordinates":[[[-52.39419,-24.71645],[-52.12007,-24.7792],[-52.09484,-24.59685],[-52.39419,-24.71645]]]},"properties":{"cod_ibge":"411573","name":"Mato Rico","uf":"PR"}},
{"type":"Feature","geometry":{"type":"Polygon","coordinates":[[[-52.87296,-24.51136],[-52.9748,-24.34674],[-53.07855,-24.39904],[-53.15945,-24.39449],[-53.17897,-24.52045],[-53.1071,-24.56957],[-53.08521,-24.61095],[-53.04428,-24.65051],[-52.97908,-24.67006],[-52.87296,-24.51136]]]},"properties":{"cod_ibge":"412800","name":"Ubiratã","uf":"PR"}},
{"type":"Feature","geometry":{"type":"Polygon","coordinates":[[[-52.46225,-23.95521],[-52.4237,-24.00751],[-52.25047,-23.99523],[-52.18812,-24.05298],[-52.1867,-24.05207],[-52.11816,-23.95612],[-52.14577,-23.94157],[-52.26474,-23.88927],[-52.44464,-23.80697],[-52.48319,-23.83834],[-52.46225,-23.95521]]]},"properties":{"cod_ibge":"411880","name":"Peabiru","uf":"PR"}},
{"type":"Feature","geometry":{"type":"Polygon","coordinates":[[[-54.20122,-25.19438],[-54.40158,-25.03386],[-54.45726,-25.03931],[-54.47344,-25.21166],[-54.39158,-25.23576],[-54.1936,-25.21803],[-54.20122,-25.19438]]]},"properties":{"cod_ibge":"411095","name":"Itaipulândia","uf":"PR"}},
{"type":"Feature","geometry":{"type":"Polygon","coordinates":[[[-54.17171,-24.37767],[-54.1679,-24.06117],[-54.09842,-24.02524],[-54.16886,-23.99887],[-54.28641,-24.06844],[-54.34542,-24.15712],[-54.26166,-24.37494],[-54.17171,-24.37767]]]},"properties":{"cod_ibge":"410880","name":"Guaíra","uf":"PR"}},
{"type":"Feature","geometry":{"type":"Polygon","coordinates":[[[-54.1779,-24.68371],[-54.32686,-24.6596],[-54.33257,-24.69462],[-54.16553,-24.75555],[-54.09604,-24.7551],[-54.1779,-24.68371]]]},"properties":{"cod_ibge":"410753","name":"Entre Rios do Oeste","uf":"PR"}},
{"type":"Feature","geometry":{"type":"Polygon","coordinates":[[[-52.5441,-25.69641],[-52.67688,-25.65549],[-52.66213,-25.75871],[-52.5441,-25.69641]]]},"properties":{"cod_ibge":"412627","name":"Saudade do Iguaçu","uf":"PR"}},
{"type":"Feature","geometry":{"type":"Polygon","coordinates":[[[-53.41026,-22.81381],[-53.54684,-22.89021],[-53.63393,-23.00344],[-53.63679,-23.12486],[-53.71484,-23.28356],[-53.55731,-23.2158],[-53.51591,-23.19761],[-53.3165,-22.91249],[-53.41026,-22.81381]]]},"properties":{"cod_ibge":"412100","name":"Querência do Norte","uf":"PR"}},
{"type":"Feature","geometry":{"type":"Polygon","coordinates":[[[-52.84012,-25.2735],[-52.91626,-25.27942],[-52.78111,-25.49633],[-52.76159,-25.45585],[-52.69306,-25.27441],[-52.84012,-25.2735]]]},"properties":{"cod_ibge":"410754","name":"Espigão Alto do Iguaçu","uf":"PR"}},
{"type":"Feature","geometry":{"type":"Polygon","coordinates":[[[-53.73863,-23.95066],[-53.76909,-23.81788],[-54.08367,-23.8056],[-54.08414,-23.86517],[-54.16886,-23.99887],[-54.09842,-24.02524],[-53.96612,-24.0025],[-53.73863,-23.95066]]]},"properties":{"cod_ibge":"410050","name":"Altônia","uf":"PR"}},
{"type":"Feature","geometry":{"type":"Polygon","coordinates":[[[-53.88046,-23.66418],[-53.77528,-23.78559],[-53.72388,-23.70965],[-53.75006,-23.671],[-53.88046,-23.66418]]]},"properties":{"cod_ibge":"410752","name":"Esperança Nova","uf":"PR"}},
{"type":"Feature","geometry":{"type":"Polygon","coordinates":[[[-53.45785,-23.97977],[-53.35315,-23.9784],[-53.32079,-24.09163],[-53.2375,-23.95976],[-53.31555,-23.83334],[-53.49973,-23.8388],[-53.45785,-23.97977]]]},"properties":{"cod_ibge":"411885","name":"Perobal","uf":"PR"}},
{"type":"Feature","geometry":{"type":"Polygon","coordinates":[[[-50.17122,-23.39725],[-50.00418,-23.44499],[-49.93279,-23.3063],[-50.1341,-23.14486],[-50.2407,-23.13532],[-50.225,-23.22444],[-50.23499,-23.35677],[-50.17122,-23.39725]]]},"properties":{"cod_ibge":"412410","name":"Santo Antônio da Platina","uf":"PR"}},
{"type":"Feature","geometry":{"type":"Polygon","coordinates":[[[-48.68829,-25.62684],[-48.684,-25.50269],[-48.79632,-25.47086],[-48.84486,-25.30988],[-48.90625,-25.33307],[-48.96289,-25.44494],[-48.97003,-25.5227],[-48.97336,-25.72643],[-48.84724,-25.61047],[-48.68829,-25.62684]]]},"properties":{"cod_ibge":"411620","name":"Morretes","uf":"PR"}},
{"type":"Feature","geometry":{"type":"Polygon","coordinates":[[[-51.23964,-23.62507],[-51.3015,-23.71556],[-51.42905,-23.69919],[-51.43857,-23.70965],[-51.42334,-23.8629],[-51.27533,-23.88882],[-51.17824,-23.83971],[-51.14588,-23.76649],[-51.24202,-23.73603],[-51.21965,-23.58733],[-51.23964,-23.62507]]]},"properties":{"cod_ibge":"411490","name":"Marilândia do Sul","uf":"PR"}},
{"type":"Feature","geometry":{"type":"Polygon","coordinates":[[[-49.38502,-25.78372],[-49.48068,-25.64866],[-49.58585,-25.60001],[-49.60156,-25.60774],[-49.60251,-25.75689],[-49.51923,-25.80691],[-49.38502,-25.78372]]]},"properties":{"cod_ibge":"410620","name":"Contenda","uf":"PR"}},
{"type":"Feature","geometry":{"type":"Polygon","coordinates":[[[-52.64928,-24.2085],[-52.52269,-24.22396],[-52.54315,-24.10482],[-52.75208,-24.02433],[-52.76683,-24.02933],[-52.7021,-24.13938],[-52.64928,-24.2085]]]},"properties":{"cod_ibge":"410755","name":"Farol","uf":"PR"}},
{"type":"Feature","geometry":{"type":"Polygon","coordinates":[[[-50.24641,-24.7651],[-50.10412,-24.80649],[-49.97848,-25.02112],[-49.93803,-25.07251],[-49.70483,-25.02931],[-49.60441,-24.98656],[-49.57491,-24.95928],[-49.49876,-24.90516],[-49.56729,-24.79557],[-49.5297,-24.71554],[-49.64153,-24.64187],[-49.9109,-24.58412],[-49.99275,-24.64596],[-50.13505,-24.54092],[-50.24641,-24.7651]]]},"properties":{"cod_ibge":"410490","name":"Castro","uf":"PR"}},
{"type":"Feature","geometry":{"type":"Polygon","coordinates":[[[-53.66392,-23.45545],[-53.53209,-23.53594],[-53.45452,-23.47228],[-53.46261,-23.34404],[-53.55731,-23.2158],[-53.71484,-23.28356],[-53.76243,-23.3595],[-53.66392,-23.45545]]]},"properties":{"cod_ibge":"410990","name":"Icaraíma","uf":"PR"}},
{"type":"Feature","geometry":{"type":"Polygon","coordinates":[[[-51.90543,-22.94978],[-52.06629,-22.87702],[-52.05868,-22.95387],[-52.03678,-23.02208],[-52.02727,-23.05983],[-52.01204,-23.07711],[-51.91495,-23.04891],[-51.90543,-22.94978]]]},"properties":{"cod_ibge":"411360","name":"Lobato","uf":"PR"}},
{"type":"Feature","geometry":{"type":"Polygon","coordinates":[[[-51.65939,-24.39404],[-51.48045,-24.4286],[-51.42667,-24.40359],[-51.48758,-24.32946],[-51.62227,-24.31764],[-51.65939,-24.39404]]]},"properties":{"cod_ibge":"410185","name":"Ariranha do Ivaí","uf":"PR"}},
{"type":"Feature","geometry":{"type":"Polygon","coordinates":[[[-50.17027,-23.07756],[-50.06271,-23.09302],[-49.97419,-22.95433],[-50.05272,-22.90567],[-50.13315,-22.93978],[-50.20406,-22.95296],[-50.17027,-23.07756]]]},"properties":{"cod_ibge":"410360","name":"Cambará","uf":"PR"}},
{"type":"Feature","geometry":{"type":"Polygon","coordinates":[[[-52.66308,-25.09797],[-52.59169,-24.96474],[-52.65594,-24.92927],[-52.74684,-24.87515],[-52.79491,-25.0043],[-52.66308,-25.09797]]]},"properties":{"cod_ibge":"410712","name":"Diamante do Sul","uf":"PR"}},
{"type":"Feature","geometry":{"type":"Polygon","coordinates":[[[-49.63392,-24.07026],[-49.53588,-23.92793],[-49.60822,-23.83925],[-49.67818,-23.82607],[-49.79287,-24.00387],[-49.75956,-24.0839],[-49.63392,-24.07026]]]},"properties":{"cod_ibge":"412540","name":"São José da Boa Vista","uf":"PR"}},
{"type":"Feature","geometry":{"type":"Polygon","coordinates":[[[-51.97396,-25.64957],[-52.04725,-25.62411],[-52.23048,-25.74007],[-52.21382,-25.75644],[-52.1234,-25.77463],[-52.02584,-25.73461],[-51.97396,-25.64957]]]},"properties":{"cod_ibge":"410845","name":"Foz do Jordão","uf":"PR"}},
{"type":"Feature","geometry":{"type":"Polygon","coordinates":[[[-54.16838,-25.03067],[-53.98468,-25.07797],[-53.96564,-25.07615],[-54.04464,-24.89061],[-54.06558,-24.87288],[-54.20883,-24.86833],[-54.16457,-25.01794],[-54.16838,-25.03067]]]},"properties":{"cod_ibge":"410715","name":"Diamante D'Oeste","uf":"PR"}},
{"type":"Feature","geometry":{"type":"Polygon","coordinates":[[[-52.42084,-23.14123],[-52.54696,-23.13077],[-52.54696,-23.17943],[-52.54696,-23.26764],[-52.42132,-23.26628],[-52.42084,-23.25082],[-52.42037,-23.23399],[-52.42084,-23.14123]]]},"properties":{"cod_ibge":"412670","name":"Tamboara","uf":"PR"}},
{"type":"Feature","geometry":{"type":"Polygon","coordinates":[[[-50.37015,-23.05937],[-50.34017,-22.94796],[-50.3592,-22.91613],[-50.52672,-22.93477],[-50.44772,-23.03118],[-50.37015,-23.05937]]]},"properties":{"cod_ibge":"411100","name":"Itambaracá","uf":"PR"}},
{"type":"Feature","geometry":{"type":"Polygon","coordinates":[[[-49.92327,-23.8438],[-49.79287,-24.00387],[-49.67818,-23.82607],[-49.76241,-23.73694],[-49.82571,-23.76559],[-49.92327,-23.8438]]]},"properties":{"cod_ibge":"412850","name":"Wenceslau Braz","uf":"PR"}},
{"type":"Feature","geometry":{"type":"Polygon","coordinates":[[[-53.53875,-25.97108],[-53.36505,-26.02019],[-53.36076,-26.01609],[-53.34553,-25.94652],[-53.34696,-25.92697],[-53.50306,-25.81101],[-53.57683,-25.79964],[-53.59634,-25.80191],[-53.603,-25.81328],[-53.57445,-25.92969],[-53.56588,-25.95743],[-53.53875,-25.97108]]]},"properties":{"cod_ibge":"410100","name":"Ampére","uf":"PR"}},
{"type":"Feature","geometry":{"type":"Polygon","coordinates":[[[-50.42774,-23.48228],[-50.38776,-23.59779],[-50.29829,-23.58824],[-50.304,-23.38224],[-50.46819,-23.26037],[-50.48294,-23.32585],[-50.42774,-23.48228]]]},"properties":{"cod_ibge":"412190","name":"Ribeirão do Pinhal","uf":"PR"}},
{"type":"Feature","geometry":{"type":"Polygon","coordinates":[[[-50.24118,-23.58232],[-50.17503,-23.81743],[-50.1203,-23.85608],[-50.09412,-23.79151],[-50.16884,-23.67873],[-50.19073,-23.57005],[-50.24118,-23.58232]]]},"properties":{"cod_ibge":"411230","name":"Japira","uf":"PR"}},
{"type":"Feature","geometry":{"type":"Polygon","coordinates":[[[-51.2977,-25.06341],[-51.24059,-25.09297],[-51.14493,-25.33444],[-51.14541,-25.48359],[-51.13303,-25.50087],[-50.92221,-25.39037],[-50.78657,-25.38173],[-50.80466,-25.2735],[-50.94362,-25.14754],[-50.93839,-25.07296],[-51.01739,-24.96928],[-51.15635,-24.80785],[-51.33291,-24.75965],[-51.39954,-24.90971],[-51.2977,-25.06341]]]},"properties":{"cod_ibge":"412060","name":"Prudentópolis","uf":"PR"}},
{"type":"Feature","geometry":{"type":"Polygon","coordinates":[[[-53.12995,-23.043],[-53.22941,-22.97297],[-53.34791,-23.23354],[-53.20181,-23.24172],[-53.20371,-23.19489],[-53.12995,-23.043]]]},"properties":{"cod_ibge":"412370","name":"Santa Isabel do Ivaí","uf":"PR"}},
{"type":"Feature","geometry":{"type":"Polygon","coordinates":[[[-49.56348,-25.54817],[-49.7567,-25.36036],[-49.76717,-25.46677],[-49.80953,-25.55362],[-49.60156,-25.60774],[-49.58585,-25.60001],[-49.56348,-25.54817]]]},"properties":{"cod_ibge":"410230","name":"Balsa Nova","uf":"PR"}},
{"type":"Feature","geometry":{"type":"Polygon","coordinates":[[[-51.50043,-23.34222],[-51.31007,-23.3836],[-51.30626,-23.17169],[-51.4181,-23.16897],[-51.52042,-23.19625],[-51.53803,-23.2631],[-51.50043,-23.34222]]]},"properties":{"cod_ibge":"412240","name":"Rolândia","uf":"PR"}},
{"type":"Feature","geometry":{"type":"Polygon","coordinates":[[[-52.07105,-23.18988],[-52.1786,-23.3495],[-52.14862,-23.41407],[-52.09484,-23.40043],[-51.96587,-23.254],[-51.96254,-23.16169],[-51.97349,-23.15578],[-52.07105,-23.18988]]]},"properties":{"cod_ibge":"411410","name":"Mandaguaçu","uf":"PR"}},
{"type":"Feature","geometry":{"type":"Polygon","coordinates":[[[-54.09604,-24.7551],[-54.16553,-24.75555],[-54.20883,-24.86833],[-54.06558,-24.87288],[-54.0356,-24.78921],[-54.0632,-24.76329],[-54.09604,-24.7551]]]},"properties":{"cod_ibge":"412545","name":"São José das Palmeiras","uf":"PR"}},
{"type":"Feature","geometry":{"type":"Polygon","coordinates":[[[-52.32756,-23.55231],[-52.51888,-23.77604],[-52.48319,-23.83834],[-52.44464,-23.80697],[-52.26427,-23.64281],[-52.26998,-23.62553],[-52.30472,-23.57278],[-52.32471,-23.55413],[-52.32756,-23.55231]]]},"properties":{"cod_ibge":"412720","name":"Terra Boa","uf":"PR"}},
{"type":"Feature","geometry":{"type":"Polygon","coordinates":[[[-49.79192,-25.94652],[-49.77336,-26.02837],[-49.53969,-26.07021],[-49.54064,-25.94834],[-49.64439,-25.89331],[-49.79192,-25.94652]]]},"properties":{"cod_ibge":"410410","name":"Campo do Tenente","uf":"PR"}},
{"type":"Feature","geometry":{"type":"Polygon","coordinates":[[[-53.95422,-25.10252],[-53.81383,-25.09661],[-53.81145,-24.97656],[-54.04464,-24.89061],[-53.96564,-25.07615],[-53.95422,-25.10252]]]},"properties":{"cod_ibge":"412855","name":"Vera Cruz do Oeste","uf":"PR"}},
{"type":"Feature","geometry":{"type":"Polygon","coordinates":[[[-51.40478,-25.64412],[-51.63179,-25.59319],[-51.7974,-25.59591],[-51.97396,-25.64957],[-52.02584,-25.73461],[-51.86403,-25.74461],[-51.80406,-25.84238],[-51.7955,-25.99881],[-51.73982,-25.99427],[-51.61941,-26.00382],[-51.44904,-25.95152],[-51.30293,-25.83329],[-51.40478,-25.64412]]]},"properties":{"cod_ibge":"411930","name":"Pinhão","uf":"PR"}},
{"type":"Feature","geometry":{"type":"Polygon","coordinates":[[[-50.3592,-24.37585],[-50.20977,-24.42632],[-50.16932,-24.2899],[-50.18455,-24.17258],[-50.0965,-24.11983],[-50.22072,-23.9975],[-50.2902,-23.95885],[-50.33065,-24.12256],[-50.3592,-24.37585]]]},"properties":{"cod_ibge":"412853","name":"Ventania","uf":"PR"}},
{"type":"Feature","geometry":{"type":"Polygon","coordinates":[[[-53.15945,-24.39449],[-53.07855,-24.39904],[-53.00859,-24.28126],[-53.08997,-24.22715],[-53.25749,-24.2326],[-53.27462,-24.33765],[-53.15945,-24.39449]]]},"properties":{"cod_ibge":"412065","name":"Quarto Centenário","uf":"PR"}},
{"type":"Feature","geometry":{"type":"Polygon","coordinates":[[[-53.1071,-24.56957],[-53.14613,-24.71235],[-53.08521,-24.61095],[-53.1071,-24.56957]]]},"properties":{"cod_ibge":"410105","name":"Anahy","uf":"PR"}},
{"type":"Feature","geometry":{"type":"Polygon","coordinates":[[[-52.99336,-26.09886],[-53.16516,-26.18026],[-53.16945,-26.34806],[-53.15993,-26.35078],[-53.0281,-26.37034],[-53.06808,-26.23573],[-52.99336,-26.09886]]]},"properties":{"cod_ibge":"411540","name":"Marmeleiro","uf":"PR"}},
{"type":"Feature","geometry":{"type":"Polygon","coordinates":[[[-52.72257,-25.87149],[-52.56457,-25.9306],[-52.38277,-25.94516],[-52.26332,-25.85966],[-52.21382,-25.75644],[-52.23048,-25.74007],[-52.39514,-25.70005],[-52.53078,-25.64594],[-52.5441,-25.69641],[-52.66213,-25.75871],[-52.70401,-25.75098],[-52.72257,-25.87149]]]},"properties":{"cod_ibge":"410540","name":"Chopinzinho","uf":"PR"}}
]}