{"type":"FeatureCollection", "features": [
{"type":"Feature","geometry":{"type":"Polygon","coordinates":[[[-46.88745,-23.66782],[-46.81035,-23.61006],[-46.80797,-23.60915],[-46.81749,-23.58187],[-46.87603,-23.5655],[-46.91124,-23.56323],[-46.98168,-23.60233],[-47.05925,-23.62825],[-47.08162,-23.65326],[-46.98882,-23.8006],[-46.93789,-23.7765],[-46.88745,-23.66782]]]},"properties":{"cod_ibge":"351300","name":"Cotia","uf":"SP"}},
{"type":"Feature","geometry":{"type":"Polygon","coordinates":[[[-48.82202,-24.12801],[-48.98335,-24.10118],[-49.13707,-24.18577],[-49.14849,-24.25852],[-49.10804,-24.25079],[-48.98716,-24.31218],[-48.82202,-24.12801]]]},"properties":{"cod_ibge":"353282","name":"Nova Campina","uf":"SP"}},
{"type":"Feature","geometry":{"type":"Polygon","coordinates":[[[-45.23462,-23.00117],[-45.23747,-22.82427],[-45.27792,-22.85201],[-45.25794,-23.00799],[-45.23462,-23.00117]]]},"properties":{"cod_ibge":"350250","name":"Aparecida","uf":"SP"}},
{"type":"Feature","geometry":{"type":"Polygon","coordinates":[[[-46.38394,-23.61779],[-46.47484,-23.71829],[-46.42867,-23.76559],[-46.33063,-23.70874],[-46.38346,-23.61779],[-46.38394,-23.61779]]]},"properties":{"cod_ibge":"354330","name":"Ribeirão Pires","uf":"SP"}},
{"type":"Feature","geometry":{"type":"Polygon","coordinates":[[[-50.34588,-22.18855],[-50.27735,-22.11852],[-50.28449,-21.95936],[-50.34493,-22.06213],[-50.48389,-22.08032],[-50.52101,-22.11124],[-50.48532,-22.15217],[-50.45153,-22.17308],[-50.34588,-22.18855]]]},"properties":{"cod_ibge":"354200","name":"Quintana","uf":"SP"}},
{"type":"Feature","geometry":{"type":"Polygon","coordinates":[[[-50.80941,-21.56009],[-50.87366,-21.48916],[-50.89793,-21.49052],[-50.92268,-21.6324],[-50.91459,-21.66923],[-50.80941,-21.56009]]]},"properties":{"cod_ibge":"354510","name":"Salmourão","uf":"SP"}},
{"type":"Feature","geometry":{"type":"Polygon","coordinates":[[[-49.44594,-20.9853],[-49.50638,-20.94483],[-49.52256,-20.9753],[-49.5573,-21.02487],[-49.61869,-21.12764],[-49.49591,-21.1381],[-49.44594,-20.9853]]]},"properties":{"cod_ibge":"353280","name":"Nova Aliança","uf":"SP"}},
{"type":"Feature","geometry":{"type":"Polygon","coordinates":[[[-50.55147,-19.9917],[-50.64951,-20.00397],[-50.66331,-20.06173],[-50.61096,-20.13039],[-50.58479,-20.14085],[-50.51911,-20.03581],[-50.51816,-20.02944],[-50.55147,-19.9917]]]},"properties":{"cod_ibge":"353590","name":"Paranapuã","uf":"SP"}},
{"type":"Feature","geometry":{"type":"Polygon","coordinates":[[[-49.56682,-23.49411],[-49.49591,-23.65235],[-49.57491,-23.676],[-49.55968,-23.79378],[-49.3341,-23.7815],[-49.30126,-23.73785],[-49.47639,-23.54094],[-49.56682,-23.49411]]]},"properties":{"cod_ibge":"352280","name":"Itaporanga","uf":"SP"}},
{"type":"Feature","geometry":{"type":"Polygon","coordinates":[[[-46.80702,-23.25491],[-46.85366,-23.2008],[-46.79893,-23.18807],[-46.78656,-23.15305],[-46.79274,-23.10303],[-46.86556,-23.0762],[-46.99548,-23.11667],[-47.02832,-23.23672],[-46.95931,-23.32676],[-46.93789,-23.32176],[-46.83795,-23.28765],[-46.80274,-23.25719],[-46.80702,-23.25491]]]},"properties":{"cod_ibge":"352590","name":"Jundiaí","uf":"SP"}},
{"type":"Feature","geometry":{"type":"Polygon","coordinates":[[[-50.90412,-21.87023],[-50.82702,-21.68924],[-50.77991,-21.56783],[-50.77372,-21.54463],[-50.80941,-21.56009],[-50.91459,-21.66923],[-50.96123,-21.82248],[-50.90412,-21.87023]]]},"properties":{"cod_ibge":"353460","name":"Osvaldo Cruz","uf":"SP"}},
{"type":"Feature","geometry":{"type":"Polygon","coordinates":[[[-50.71756,-22.80063],[-50.82369,-22.86611],[-50.79609,-22.95115],[-50.63714,-22.90704],[-50.57717,-22.90385],[-50.55242,-22.84064],[-50.70614,-22.77289],[-50.71756,-22.80063]]]},"properties":{"cod_ibge":"351610","name":"Florínea","uf":"SP"}},
{"type":"Feature","geometry":{"type":"Polygon","coordinates":[[[-47.60893,-20.15949],[-47.7417,-20.15176],[-47.83641,-20.2418],[-47.64557,-20.28819],[-47.61083,-20.27727],[-47.60893,-20.15949]]]},"properties":{"cod_ibge":"350820","name":"Buritizal","uf":"SP"}},
{"type":"Feature","geometry":{"type":"Polygon","coordinates":[[[-48.22475,-23.19625],[-48.15955,-23.08666],[-48.13814,-22.96479],[-48.29138,-22.95842],[-48.34944,-23.01117],[-48.32612,-23.13622],[-48.42844,-23.20307],[-48.49174,-23.26128],[-48.35991,-23.30311],[-48.24141,-23.28038],[-48.22475,-23.19625]]]},"properties":{"cod_ibge":"350690","name":"Bofete","uf":"SP"}},
{"type":"Feature","geometry":{"type":"Polygon","coordinates":[[[-50.29638,-20.71291],[-50.43202,-20.7975],[-50.33636,-20.84615],[-50.29067,-20.83569],[-50.26545,-20.75202],[-50.29638,-20.71291]]]},"properties":{"cod_ibge":"353286","name":"Nova Castilho","uf":"SP"}},
{"type":"Feature","geometry":{"type":"Polygon","coordinates":[[[-49.07996,-22.41728],[-49.22321,-22.30405],[-49.28555,-22.34498],[-49.31696,-22.38863],[-49.26652,-22.49413],[-49.15087,-22.5196],[-49.07996,-22.41728]]]},"properties":{"cod_ibge":"353940","name":"Piratininga","uf":"SP"}},
{"type":"Feature","geometry":{"type":"Polygon","coordinates":[[[-47.94301,-24.76738],[-47.91827,-24.62732],[-48.08484,-24.58048],[-48.12909,-24.64915],[-48.04771,-24.71963],[-48.21143,-24.90744],[-48.21048,-24.957],[-48.02582,-24.94382],[-47.94301,-24.76738]]]},"properties":{"cod_ibge":"352460","name":"Jacupiranga","uf":"SP"}},
{"type":"Feature","geometry":{"type":"Polygon","coordinates":[[[-48.84486,-21.21904],[-48.84677,-21.13628],[-48.88293,-21.10535],[-49.01048,-21.2536],[-48.92006,-21.29953],[-48.84486,-21.21904]]]},"properties":{"cod_ibge":"353810","name":"Pindorama","uf":"SP"}},
{"type":"Feature","geometry":{"type":"Polygon","coordinates":[[[-52.20954,-22.28632],[-52.05392,-22.27267],[-51.8745,-22.17718],[-51.86355,-22.04303],[-51.91543,-22.00665],[-52.02298,-21.94844],[-52.14386,-21.99846],[-52.28473,-22.27313],[-52.20954,-22.28632]]]},"properties":{"cod_ibge":"352870","name":"Marabá Paulista","uf":"SP"}},
{"type":"Feature","geometry":{"type":"Polygon","coordinates":[[[-47.70411,-23.2158],[-47.75122,-23.12213],[-47.8188,-23.13259],[-47.81737,-23.1526],[-47.81452,-23.22808],[-47.77216,-23.25173],[-47.70411,-23.2158]]]},"properties":{"cod_ibge":"351150","name":"Cerquilho","uf":"SP"}},
{"type":"Feature","geometry":{"type":"Polygon","coordinates":[[[-50.96694,-20.40005],[-50.84368,-20.4146],[-50.85367,-20.38641],[-50.93315,-20.31092],[-50.96694,-20.40005]]]},"properties":{"cod_ibge":"353284","name":"Nova Canaã Paulista","uf":"SP"}},
{"type":"Feature","geometry":{"type":"Polygon","coordinates":[[[-48.58121,-21.16584],[-48.47698,-21.17948],[-48.49269,-21.0808],[-48.56788,-21.07534],[-48.59787,-21.1431],[-48.58121,-21.16584]]]},"properties":{"cod_ibge":"355310","name":"Taiaçu","uf":"SP"}},
{"type":"Feature","geometry":{"type":"Polygon","coordinates":[[[-51.4676,-21.9589],[-51.3924,-22.00119],[-51.32625,-21.87205],[-51.42381,-21.87705],[-51.4676,-21.9589]]]},"properties":{"cod_ibge":"350080","name":"Alfredo Marcondes","uf":"SP"}},
{"type":"Feature","geometry":{"type":"Polygon","coordinates":[[[-49.84332,-21.35546],[-49.91566,-21.55737],[-50.06081,-21.58374],[-50.10792,-21.68378],[-49.91328,-21.70652],[-49.76241,-21.55327],[-49.69722,-21.36274],[-49.74623,-21.2968],[-49.83142,-21.27497],[-49.84332,-21.35546]]]},"properties":{"cod_ibge":"354160","name":"Promissão","uf":"SP"}},
{"type":"Feature","geometry":{"type":"Polygon","coordinates":[[[-48.42083,-24.18031],[-48.31518,-24.11437],[-48.28091,-24.28172],[-48.13956,-24.19441],[-47.95301,-24.11983],[-48.20762,-23.84971],[-48.34896,-23.83107],[-48.5517,-23.93475],[-48.58168,-23.98295],[-48.56931,-24.09072],[-48.42083,-24.18031]]]},"properties":{"cod_ibge":"351020","name":"Capão Bonito","uf":"SP"}},
{"type":"Feature","geometry":{"type":"Polygon","coordinates":[[[-48.16907,-21.16129],[-48.13623,-21.26815],[-47.99489,-21.30453],[-48.042,-21.20358],[-48.16907,-21.16129]]]},"properties":{"cod_ibge":"350560","name":"Barrinha","uf":"SP"}},
{"type":"Feature","geometry":{"type":"Polygon","coordinates":[[[-49.81239,-20.19451],[-49.68722,-20.20133],[-49.65438,-20.17041],[-49.8062,-20.07355],[-49.81239,-20.19451]]]},"properties":{"cod_ibge":"354030","name":"Pontes Gestal","uf":"SP"}},
{"type":"Feature","geometry":{"type":"Polygon","coordinates":[[[-48.13861,-23.27128],[-48.08341,-23.37269],[-47.95015,-23.27947],[-48.00917,-23.22353],[-48.05723,-23.23263],[-48.13861,-23.27128]]]},"properties":{"cod_ibge":"354165","name":"Quadra","uf":"SP"}},
{"type":"Feature","geometry":{"type":"Polygon","coordinates":[[[-47.71172,-22.91204],[-47.66746,-22.79926],[-47.8069,-22.87702],[-47.71172,-22.91204]]]},"properties":{"cod_ibge":"354515","name":"Saltinho","uf":"SP"}},
{"type":"Feature","geometry":{"type":"Polygon","coordinates":[[[-51.00834,-21.80429],[-50.92268,-21.6324],[-50.89793,-21.49052],[-50.92411,-21.44186],[-50.98503,-21.43277],[-50.99312,-21.43732],[-50.97836,-21.59102],[-51.0921,-21.76564],[-51.09496,-21.83521],[-51.00834,-21.80429]]]},"properties":{"cod_ibge":"352740","name":"Lucélia","uf":"SP"}},
{"type":"Feature","geometry":{"type":"Polygon","coordinates":[[[-48.29852,-22.06395],[-48.25616,-22.15444],[-48.10768,-22.18036],[-48.04486,-22.07304],[-48.09102,-22.05985],[-48.16574,-21.97163],[-48.25426,-21.89296],[-48.29138,-21.98982],[-48.29852,-22.06395]]]},"properties":{"cod_ibge":"354290","name":"Ribeirão Bonito","uf":"SP"}},
{"type":"Feature","geometry":{"type":"Polygon","coordinates":[[[-48.21143,-20.45508],[-48.14956,-20.28955],[-48.15575,-20.23589],[-48.45176,-20.12584],[-48.53742,-20.13357],[-48.64688,-20.16723],[-48.50982,-20.29865],[-48.47794,-20.42825],[-48.38371,-20.53738],[-48.21143,-20.45508]]]},"properties":{"cod_ibge":"351740","name":"Guaíra","uf":"SP"}},
{"type":"Feature","geometry":{"type":"Polygon","coordinates":[[[-47.55753,-24.36812],[-47.56514,-24.18531],[-47.4771,-24.08117],[-47.68031,-24.04525],[-47.77264,-24.13438],[-47.80024,-24.35175],[-47.68364,-24.37903],[-47.55753,-24.36812]]]},"properties":{"cod_ibge":"352610","name":"Juquiá","uf":"SP"}},
{"type":"Feature","geometry":{"type":"Polygon","coordinates":[[[-51.73839,-22.17991],[-51.58753,-21.90115],[-51.66843,-21.82566],[-51.79645,-22.04076],[-51.86355,-22.04303],[-51.8745,-22.17718],[-51.73839,-22.17991]]]},"properties":{"cod_ibge":"354770","name":"Santo Anastácio","uf":"SP"}},
{"type":"Feature","geometry":{"type":"Polygon","coordinates":[[[-49.5987,-22.66466],[-49.77955,-22.87748],[-49.76337,-22.96979],[-49.75718,-22.9707],[-49.67723,-23.0089],[-49.55777,-23.00026],[-49.45878,-22.9134],[-49.36979,-22.88339],[-49.37598,-22.77743],[-49.37978,-22.73378],[-49.49495,-22.72741],[-49.45355,-22.58417],[-49.45165,-22.57644],[-49.50304,-22.51369],[-49.56634,-22.57508],[-49.5987,-22.66466]]]},"properties":{"cod_ibge":"354640","name":"Santa Cruz do Rio Pardo","uf":"SP"}},
{"type":"Feature","geometry":{"type":"Polygon","coordinates":[[[-47.74313,-20.59559],[-47.61226,-20.70018],[-47.59798,-20.69291],[-47.5285,-20.56285],[-47.55277,-20.51237],[-47.61511,-20.48145],[-47.62653,-20.48054],[-47.74313,-20.59559]]]},"properties":{"cod_ibge":"354950","name":"São José da Bela Vista","uf":"SP"}},
{"type":"Feature","geometry":{"type":"Polygon","coordinates":[[[-46.6119,-23.96794],[-46.6514,-23.73102],[-46.61618,-23.65781],[-46.58334,-23.64099],[-46.54813,-23.60597],[-46.48531,-23.6228],[-46.39488,-23.61234],[-46.36633,-23.51229],[-46.38679,-23.47455],[-46.57049,-23.45864],[-46.53528,-23.36314],[-46.66996,-23.41862],[-46.8232,-23.40088],[-46.8232,-23.42226],[-46.80083,-23.47046],[-46.7994,-23.47137],[-46.80797,-23.60915],[-46.79274,-23.64735],[-46.80131,-23.68555],[-46.77751,-23.76695],[-46.81083,-23.92065],[-46.80702,-23.93793],[-46.64997,-24.0016],[-46.6119,-23.96794]]]},"properties":{"cod_ibge":"355030","name":"São Paulo","uf":"SP"}},
{"type":"Feature","geometry":{"type":"Polygon","coordinates":[[[-47.7417,-20.15176],[-47.86972,-20.07628],[-47.89923,-20.12584],[-47.88971,-20.15586],[-47.83641,-20.2418],[-47.7417,-20.15176]]]},"properties":{"cod_ibge":"350300","name":"Aramina","uf":"SP"}},
{"type":"Feature","geometry":{"type":"Polygon","coordinates":[[[-45.61439,-22.79699],[-45.67626,-22.78744],[-45.71243,-22.7697],[-45.76811,-22.8361],[-45.67007,-22.87657],[-45.61439,-22.79699]]]},"properties":{"cod_ibge":"354820","name":"Santo Antônio do Pinhal","uf":"SP"}},
{"type":"Feature","geometry":{"type":"Polygon","coordinates":[[[-46.30636,-23.99296],[-46.19786,-23.99477],[-46.13313,-23.85653],[-46.17787,-23.88882],[-46.30636,-23.99296]]]},"properties":{"cod_ibge":"351870","name":"Guarujá","uf":"SP"}},
{"type":"Feature","geometry":{"type":"Polygon","coordinates":[[[-50.16408,-20.8748],[-50.29067,-20.83569],[-50.33636,-20.84615],[-50.2626,-20.90572],[-50.18121,-20.90072],[-50.16408,-20.8748]]]},"properties":{"cod_ibge":"353330","name":"Nova Luzitânia","uf":"SP"}},
{"type":"Feature","geometry":{"type":"Polygon","coordinates":[[[-46.68186,-22.88566],[-46.76086,-22.84792],[-46.837,-22.84337],[-46.85842,-22.8361],[-46.87841,-22.92704],[-46.68138,-22.93023],[-46.68186,-22.88566]]]},"properties":{"cod_ibge":"353200","name":"Morungaba","uf":"SP"}},
{"type":"Feature","geometry":{"type":"Polygon","coordinates":[[[-47.12064,-24.36493],[-47.02118,-24.28353],[-47.06734,-24.20168],[-47.14777,-24.20714],[-47.24724,-24.36175],[-47.12064,-24.36493]]]},"properties":{"cod_ibge":"352330","name":"Itariri","uf":"SP"}},
{"type":"Feature","geometry":{"type":"Polygon","coordinates":[[[-48.72684,-21.68651],[-48.66973,-21.83157],[-48.47889,-21.70789],[-48.58454,-21.62785],[-48.72684,-21.68651]]]},"properties":{"cod_ibge":"355270","name":"Tabatinga","uf":"SP"}},
{"type":"Feature","geometry":{"type":"Polygon","coordinates":[[[-46.80512,-21.66014],[-46.63046,-21.76882],[-46.61428,-21.67651],[-46.7599,-21.57237],[-46.80512,-21.66014]]]},"properties":{"cod_ibge":"351390","name":"Divinolândia","uf":"SP"}},
{"type":"Feature","geometry":{"type":"Polygon","coordinates":[[[-48.84677,-21.13628],[-48.77443,-21.10899],[-48.77681,-21.09944],[-48.81916,-21.04169],[-48.88293,-21.10535],[-48.84677,-21.13628]]]},"properties":{"cod_ibge":"353510","name":"Palmares Paulista","uf":"SP"}},
{"type":"Feature","geometry":{"type":"Polygon","coordinates":[[[-48.67877,-21.92798],[-48.89198,-21.90661],[-48.90292,-21.93344],[-48.86723,-22.02393],[-48.67925,-21.92889],[-48.67877,-21.92798]]]},"properties":{"cod_ibge":"352200","name":"Itaju","uf":"SP"}},
{"type":"Feature","geometry":{"type":"Polygon","coordinates":[[[-49.42262,-22.29405],[-49.28555,-22.34498],[-49.16087,-22.06577],[-49.24986,-22.04394],[-49.35504,-22.08987],[-49.45878,-22.2413],[-49.42262,-22.29405]]]},"properties":{"cod_ibge":"350430","name":"Avaí","uf":"SP"}},
{"type":"Feature","geometry":{"type":"Polygon","coordinates":[[[-49.47639,-23.54094],[-49.30126,-23.73785],[-49.13993,-23.70192],[-49.13612,-23.66145],[-49.24463,-23.65508],[-49.33124,-23.52548],[-49.47639,-23.54094]]]},"properties":{"cod_ibge":"351260","name":"Coronel Macedo","uf":"SP"}},
{"type":"Feature","geometry":{"type":"Polygon","coordinates":[[[-47.8721,-21.06443],[-47.71886,-21.11991],[-47.71839,-20.93846],[-47.77978,-20.89436],[-47.93968,-20.89981],[-47.98823,-20.99212],[-47.8721,-21.06443]]]},"properties":{"cod_ibge":"352510","name":"Jardinópolis","uf":"SP"}},
{"type":"Feature","geometry":{"type":"Polygon","coordinates":[[[-46.36633,-23.51229],[-46.39488,-23.61234],[-46.38394,-23.61779],[-46.38346,-23.61779],[-46.35015,-23.57368],[-46.36633,-23.51229]]]},"properties":{"cod_ibge":"351570","name":"Ferraz de Vasconcelos","uf":"SP"}},
{"type":"Feature","geometry":{"type":"Polygon","coordinates":[[[-48.36705,-20.94892],[-48.40941,-20.85434],[-48.44748,-20.78795],[-48.63594,-20.81887],[-48.5893,-20.89754],[-48.68591,-21.01031],[-48.56788,-21.07534],[-48.49269,-21.0808],[-48.45795,-21.07852],[-48.4332,-21.0376],[-48.36705,-20.94892]]]},"properties":{"cod_ibge":"350610","name":"Bebedouro","uf":"SP"}},
{"type":"Feature","geometry":{"type":"Polygon","coordinates":[[[-46.87841,-22.9275],[-46.98215,-22.90431],[-47.04878,-23.05119],[-47.03784,-23.0571],[-46.91029,-23.01754],[-46.87841,-22.9275]]]},"properties":{"cod_ibge":"355620","name":"Valinhos","uf":"SP"}},
{"type":"Feature","geometry":{"type":"Polygon","coordinates":[[[-51.23012,-22.22174],[-51.21917,-22.35544],[-51.27057,-22.54506],[-51.1002,-22.48686],[-51.11162,-22.35725],[-50.93791,-21.95117],[-50.96599,-21.92571],[-51.08259,-21.8816],[-51.14017,-21.85704],[-51.15492,-21.86341],[-51.20775,-22.06804],[-51.23012,-22.22129],[-51.23012,-22.22174]]]},"properties":{"cod_ibge":"352920","name":"Martinópolis","uf":"SP"}},
{"type":"Feature","geometry":{"type":"Polygon","coordinates":[[[-51.48521,-21.42777],[-51.66891,-21.43322],[-51.71412,-21.59602],[-51.69794,-21.63376],[-51.61037,-21.6756],[-51.53708,-21.68424],[-51.49568,-21.63831],[-51.48521,-21.42777]]]},"properties":{"cod_ibge":"351440","name":"Dracena","uf":"SP"}},
{"type":"Feature","geometry":{"type":"Polygon","coordinates":[[[-51.00834,-21.80429],[-51.08259,-21.8816],[-50.96599,-21.92571],[-50.90412,-21.87023],[-50.96123,-21.82248],[-51.00834,-21.80429]]]},"properties":{"cod_ibge":"354470","name":"Sagres","uf":"SP"}},
{"type":"Feature","geometry":{"type":"Polygon","coordinates":[[[-50.73708,-21.8775],[-50.66474,-21.93526],[-50.54005,-21.81475],[-50.51721,-21.7097],[-50.60953,-21.65695],[-50.61524,-21.65877],[-50.71852,-21.79974],[-50.73708,-21.8775]]]},"properties":{"cod_ibge":"351920","name":"Iacri","uf":"SP"}},
{"type":"Feature","geometry":{"type":"Polygon","coordinates":[[[-47.63129,-21.35955],[-47.45854,-21.36683],[-47.50185,-21.20767],[-47.52755,-21.2004],[-47.65176,-21.28043],[-47.63129,-21.35955]]]},"properties":{"cod_ibge":"355140","name":"Serra Azul","uf":"SP"}},
{"type":"Feature","geometry":{"type":"Polygon","coordinates":[[[-51.47616,-22.19764],[-51.3924,-22.00119],[-51.4676,-21.9589],[-51.60513,-22.15171],[-51.62084,-22.2845],[-51.60038,-22.28131],[-51.47616,-22.19764]]]},"properties":{"cod_ibge":"350130","name":"Álvares Machado","uf":"SP"}},
{"type":"Feature","geometry":{"type":"Polygon","coordinates":[[[-48.25949,-21.53918],[-48.16669,-21.60602],[-48.07437,-21.47915],[-48.10911,-21.42913],[-48.11339,-21.42049],[-48.23475,-21.47369],[-48.2633,-21.53417],[-48.25949,-21.53918]]]},"properties":{"cod_ibge":"353205","name":"Motuca","uf":"SP"}},
{"type":"Feature","geometry":{"type":"Polygon","coordinates":[[[-51.6394,-21.16265],[-51.65225,-21.28452],[-51.61608,-21.32681],[-51.49758,-21.31226],[-51.50186,-21.22086],[-51.6394,-21.16265]]]},"properties":{"cod_ibge":"353160","name":"Monte Castelo","uf":"SP"}},
{"type":"Feature","geometry":{"type":"Polygon","coordinates":[[[-49.18276,-22.72423],[-49.17229,-22.93978],[-49.00477,-22.88748],[-48.98335,-22.84064],[-49.09519,-22.66693],[-49.18276,-22.72423]]]},"properties":{"cod_ibge":"351925","name":"Iaras","uf":"SP"}},
{"type":"Feature","geometry":{"type":"Polygon","coordinates":[[[-51.35481,-21.63558],[-51.28628,-21.31908],[-51.32863,-21.29271],[-51.41382,-21.64286],[-51.35481,-21.63558]]]},"properties":{"cod_ibge":"352160","name":"Irapuru","uf":"SP"}},
{"type":"Feature","geometry":{"type":"Polygon","coordinates":[[[-49.48401,-20.69381],[-49.57633,-20.78931],[-49.57348,-20.86389],[-49.52256,-20.9753],[-49.50638,-20.94483],[-49.43689,-20.87935],[-49.46116,-20.68472],[-49.46545,-20.68154],[-49.48401,-20.69381]]]},"properties":{"cod_ibge":"353030","name":"Mirassol","uf":"SP"}},
{"type":"Feature","geometry":{"type":"Polygon","coordinates":[[[-50.66331,-20.06173],[-50.70424,-20.12994],[-50.6833,-20.19315],[-50.73422,-20.31229],[-50.65665,-20.32684],[-50.59192,-20.26227],[-50.61096,-20.13039],[-50.66331,-20.06173]]]},"properties":{"cod_ibge":"355580","name":"Urânia","uf":"SP"}},
{"type":"Feature","geometry":{"type":"Polygon","coordinates":[[[-47.55753,-24.36812],[-47.68364,-24.37903],[-47.62653,-24.51272],[-47.7279,-24.62232],[-47.83022,-24.75646],[-47.73457,-24.83559],[-47.54135,-24.70644],[-47.41523,-24.67552],[-47.07781,-24.44815],[-47.12064,-24.36493],[-47.24724,-24.36175],[-47.31957,-24.33947],[-47.36669,-24.38494],[-47.55753,-24.36812]]]},"properties":{"cod_ibge":"352030","name":"Iguape","uf":"SP"}},
{"type":"Feature","geometry":{"type":"Polygon","coordinates":[[[-47.6589,-21.19585],[-47.64652,-21.1481],[-47.71886,-21.11991],[-47.8721,-21.06443],[-47.94349,-21.2004],[-47.98918,-21.30953],[-47.90589,-21.36819],[-47.81785,-21.34318],[-47.6589,-21.19585]]]},"properties":{"cod_ibge":"354340","name":"Ribeirão Preto","uf":"SP"}},
{"type":"Feature","geometry":{"type":"Polygon","coordinates":[[[-47.75122,-23.12213],[-47.70411,-23.2158],[-47.62939,-23.1917],[-47.60845,-23.09939],[-47.66032,-22.99707],[-47.70125,-22.91886],[-47.71172,-22.91204],[-47.8069,-22.87702],[-47.80881,-22.87793],[-47.79168,-23.04891],[-47.75122,-23.12213]]]},"properties":{"cod_ibge":"355450","name":"Tietê","uf":"SP"}},
{"type":"Feature","geometry":{"type":"Polygon","coordinates":[[[-47.50851,-23.09166],[-47.6232,-22.99435],[-47.66032,-22.99707],[-47.60845,-23.09939],[-47.50851,-23.09166]]]},"properties":{"cod_ibge":"354210","name":"Rafard","uf":"SP"}},
{"type":"Feature","geometry":{"type":"Polygon","coordinates":[[[-49.31125,-21.00895],[-49.37502,-20.96029],[-49.44594,-20.9853],[-49.49591,-21.1381],[-49.46021,-21.1772],[-49.39692,-21.18039],[-49.31649,-21.12718],[-49.31125,-21.00895]]]},"properties":{"cod_ibge":"354080","name":"Potirendaba","uf":"SP"}},
{"type":"Feature","geometry":{"type":"Polygon","coordinates":[[[-48.99144,-21.45641],[-49.08234,-21.4646],[-49.21322,-21.67105],[-49.10471,-21.75109],[-49.08424,-21.75563],[-48.91149,-21.67423],[-48.97241,-21.66105],[-48.99144,-21.45641]]]},"properties":{"cod_ibge":"350740","name":"Borborema","uf":"SP"}},
{"type":"Feature","geometry":{"type":"Polygon","coordinates":[[[-48.47889,-21.70789],[-48.66973,-21.83157],[-48.65783,-21.84476],[-48.59453,-21.84613],[-48.44415,-21.7238],[-48.47889,-21.70789]]]},"properties":{"cod_ibge":"353290","name":"Nova Europa","uf":"SP"}},
{"type":"Feature","geometry":{"type":"Polygon","coordinates":[[[-48.73255,-22.31769],[-48.67401,-22.19264],[-48.71446,-22.18036],[-48.77157,-22.2272],[-48.73255,-22.31769]]]},"properties":{"cod_ibge":"352290","name":"Itapuí","uf":"SP"}},
{"type":"Feature","geometry":{"type":"Polygon","coordinates":[[[-50.541,-21.57374],[-50.65284,-21.49279],[-50.77372,-21.54463],[-50.77991,-21.56783],[-50.61524,-21.65877],[-50.60953,-21.65695],[-50.55623,-21.61103],[-50.541,-21.57374]]]},"properties":{"cod_ibge":"353770","name":"Piacatu","uf":"SP"}},
{"type":"Feature","geometry":{"type":"Polygon","coordinates":[[[-51.86117,-21.33682],[-51.80882,-21.37456],[-51.73173,-21.22495],[-51.68223,-21.14901],[-51.77265,-21.05124],[-51.87973,-21.19812],[-51.86117,-21.33682]]]},"properties":{"cod_ibge":"353640","name":"Paulicéia","uf":"SP"}},
{"type":"Feature","geometry":{"type":"Polygon","coordinates":[[[-46.7599,-21.57237],[-46.61428,-21.67651],[-46.55479,-21.65332],[-46.51196,-21.56555],[-46.5091,-21.48916],[-46.61618,-21.43004],[-46.76276,-21.54782],[-46.7599,-21.57237]]]},"properties":{"cod_ibge":"350870","name":"Caconde","uf":"SP"}},
{"type":"Feature","geometry":{"type":"Polygon","coordinates":[[[-48.31803,-21.06079],[-48.18716,-21.13037],[-48.12481,-21.08944],[-48.17907,-20.88708],[-48.20762,-20.87526],[-48.36705,-20.94892],[-48.4332,-21.0376],[-48.31803,-21.06079]]]},"properties":{"cod_ibge":"353950","name":"Pitangueiras","uf":"SP"}},
{"type":"Feature","geometry":{"type":"Polygon","coordinates":[[[-50.51435,-22.60372],[-50.69187,-22.54688],[-50.8275,-22.64511],[-50.94505,-22.67512],[-50.97884,-22.78244],[-50.92792,-22.7979],[-50.85367,-22.74515],[-50.65236,-22.68512],[-50.57146,-22.69149],[-50.51435,-22.60372]]]},"properties":{"cod_ibge":"352880","name":"Maracaí","uf":"SP"}},
{"type":"Feature","geometry":{"type":"Polygon","coordinates":[[[-46.62427,-22.83291],[-46.52766,-22.827],[-46.50672,-22.72741],[-46.62189,-22.72332],[-46.66092,-22.76879],[-46.62427,-22.83291]]]},"properties":{"cod_ibge":"353820","name":"Pinhalzinho","uf":"SP"}},
{"type":"Feature","geometry":{"type":"Polygon","coordinates":[[[-51.00834,-21.80429],[-51.09496,-21.83521],[-51.14017,-21.85704],[-51.08259,-21.8816],[-51.00834,-21.80429]]]},"properties":{"cod_ibge":"354085","name":"Pracinha","uf":"SP"}},
{"type":"Feature","geometry":{"type":"Polygon","coordinates":[[[-48.47698,-21.17948],[-48.45033,-21.21131],[-48.35372,-21.08171],[-48.45795,-21.07852],[-48.49269,-21.0808],[-48.47698,-21.17948]]]},"properties":{"cod_ibge":"355320","name":"Taiúva","uf":"SP"}},
{"type":"Feature","geometry":{"type":"Polygon","coordinates":[[[-46.84319,-21.75973],[-46.75039,-21.8343],[-46.6909,-21.83749],[-46.63046,-21.76882],[-46.80512,-21.66014],[-46.87174,-21.70879],[-46.84319,-21.75973]]]},"properties":{"cod_ibge":"355080","name":"São Sebastião da Grama","uf":"SP"}},
{"type":"Feature","geometry":{"type":"Polygon","coordinates":[[[-46.24783,-23.40543],[-46.33635,-23.33495],[-46.35824,-23.43726],[-46.27067,-23.42999],[-46.24783,-23.40543]]]},"properties":{"cod_ibge":"350390","name":"Arujá","uf":"SP"}},
{"type":"Feature","geometry":{"type":"Polygon","coordinates":[[[-47.6589,-21.19585],[-47.81785,-21.34318],[-47.90589,-21.36819],[-47.89495,-21.38047],[-47.82975,-21.42276],[-47.63129,-21.35955],[-47.65176,-21.28043],[-47.6589,-21.19585]]]},"properties":{"cod_ibge":"351310","name":"Cravinhos","uf":"SP"}},
{"type":"Feature","geometry":{"type":"Polygon","coordinates":[[[-50.84368,-20.4146],[-50.96694,-20.40005],[-50.97027,-20.40324],[-50.99074,-20.43188],[-50.96646,-20.54921],[-50.87319,-20.54239],[-50.83845,-20.41188],[-50.84368,-20.4146]]]},"properties":{"cod_ibge":"350260","name":"Aparecida d'Oeste","uf":"SP"}},
{"type":"Feature","geometry":{"type":"Polygon","coordinates":[[[-46.80083,-23.47046],[-46.96455,-23.49865],[-46.9298,-23.5132],[-46.8608,-23.54504],[-46.81749,-23.52093],[-46.7994,-23.47137],[-46.80083,-23.47046]]]},"properties":{"cod_ibge":"350570","name":"Barueri","uf":"SP"}},
{"type":"Feature","geometry":{"type":"Polygon","coordinates":[[[-50.70424,-20.12994],[-50.74422,-20.13494],[-50.75944,-20.16541],[-50.7485,-20.23453],[-50.6833,-20.19315],[-50.70424,-20.12994]]]},"properties":{"cod_ibge":"350395","name":"Aspásia","uf":"SP"}},
{"type":"Feature","geometry":{"type":"Polygon","coordinates":[[[-48.93195,-22.53006],[-49.09519,-22.66693],[-48.98335,-22.84064],[-48.94813,-22.82564],[-48.93195,-22.53006]]]},"properties":{"cod_ibge":"350745","name":"Borebi","uf":"SP"}},
{"type":"Feature","geometry":{"type":"Polygon","coordinates":[[[-46.92885,-23.3877],[-46.8232,-23.42226],[-46.8232,-23.40088],[-46.82368,-23.33085],[-46.83795,-23.28765],[-46.93789,-23.32176],[-46.92885,-23.3877]]]},"properties":{"cod_ibge":"350920","name":"Cajamar","uf":"SP"}},
{"type":"Feature","geometry":{"type":"Polygon","coordinates":[[[-49.14468,-21.18721],[-49.22892,-21.31454],[-49.23416,-21.32363],[-49.05902,-21.24223],[-49.09138,-21.22131],[-49.14468,-21.18721]]]},"properties":{"cod_ibge":"352885","name":"Marapoama","uf":"SP"}},
{"type":"Feature","geometry":{"type":"Polygon","coordinates":[[[-49.97229,-22.95842],[-49.8338,-23.06574],[-49.76337,-22.96979],[-49.77955,-22.87748],[-49.88425,-22.83837],[-49.97229,-22.95842]]]},"properties":{"cod_ibge":"353470","name":"Ourinhos","uf":"SP"}},
{"type":"Feature","geometry":{"type":"Polygon","coordinates":[[[-46.93123,-22.68285],[-47.03117,-22.61918],[-47.074,-22.68012],[-47.10113,-22.7506],[-46.95741,-22.72923],[-46.93123,-22.68285]]]},"properties":{"cod_ibge":"352470","name":"Jaguariúna","uf":"SP"}},
{"type":"Feature","geometry":{"type":"Polygon","coordinates":[[[-47.5285,-20.56285],[-47.3981,-20.61424],[-47.50899,-20.72474],[-47.45283,-20.75975],[-47.2401,-20.52329],[-47.14396,-20.54102],[-47.22344,-20.491],[-47.2934,-20.4187],[-47.49994,-20.45644],[-47.55277,-20.51237],[-47.5285,-20.56285]]]},"properties":{"cod_ibge":"351620","name":"Franca","uf":"SP"}},
{"type":"Feature","geometry":{"type":"Polygon","coordinates":[[[-46.56716,-23.65008],[-46.41011,-23.81515],[-46.32016,-23.80287],[-46.27828,-23.77013],[-46.32207,-23.74421],[-46.32826,-23.7283],[-46.42867,-23.76559],[-46.47484,-23.71829],[-46.48531,-23.6228],[-46.54813,-23.60597],[-46.56716,-23.65008]]]},"properties":{"cod_ibge":"354780","name":"Santo André","uf":"SP"}},
{"type":"Feature","geometry":{"type":"Polygon","coordinates":[[[-48.33564,-21.38502],[-48.46413,-21.48961],[-48.28234,-21.48142],[-48.33564,-21.38502]]]},"properties":{"cod_ibge":"354650","name":"Santa Ernestina","uf":"SP"}},
{"type":"Feature","geometry":{"type":"Polygon","coordinates":[[[-48.21143,-24.90744],[-48.04771,-24.71963],[-48.12909,-24.64915],[-48.30661,-24.73236],[-48.29614,-24.80103],[-48.21143,-24.90744]]]},"properties":{"cod_ibge":"350925","name":"Cajati","uf":"SP"}},
{"type":"Feature","geometry":{"type":"Polygon","coordinates":[[[-47.81737,-23.1526],[-47.91018,-23.16078],[-48.00917,-23.22353],[-47.95015,-23.27947],[-47.81452,-23.22808],[-47.81737,-23.1526]]]},"properties":{"cod_ibge":"351160","name":"Cesário Lange","uf":"SP"}},
{"type":"Feature","geometry":{"type":"Polygon","coordinates":[[[-46.6514,-23.73102],[-46.6119,-23.96794],[-46.49625,-23.89973],[-46.41011,-23.81515],[-46.56716,-23.65008],[-46.58334,-23.64099],[-46.61618,-23.65781],[-46.57858,-23.6901],[-46.6514,-23.73102]]]},"properties":{"cod_ibge":"354870","name":"São Bernardo do Campo","uf":"SP"}},
{"type":"Feature","geometry":{"type":"Polygon","coordinates":[[[-46.38679,-23.47455],[-46.35824,-23.43726],[-46.33635,-23.33495],[-46.36395,-23.27401],[-46.41868,-23.3163],[-46.53528,-23.36314],[-46.57049,-23.45864],[-46.38679,-23.47455]]]},"properties":{"cod_ibge":"351880","name":"Guarulhos","uf":"SP"}},
{"type":"Feature","geometry":{"type":"Polygon","coordinates":[[[-48.79251,-20.72519],[-48.8915,-20.82387],[-48.74492,-20.83979],[-48.71922,-20.81296],[-48.75349,-20.74293],[-48.79251,-20.72519]]]},"properties":{"cod_ibge":"355190","name":"Severínia","uf":"SP"}},
{"type":"Feature","geometry":{"type":"Polygon","coordinates":[[[-48.99001,-20.58195],[-49.089,-20.41915],[-49.2194,-20.4719],[-49.20037,-20.53557],[-49.13088,-20.59468],[-49.11899,-20.60423],[-48.99001,-20.58195]]]},"properties":{"cod_ibge":"350090","name":"Altair","uf":"SP"}},
{"type":"Feature","geometry":{"type":"Polygon","coordinates":[[[-52.14386,-21.99846],[-52.12578,-21.8816],[-51.9773,-21.767],[-51.94113,-21.54691],[-51.96207,-21.49325],[-52.10198,-21.56964],[-52.05582,-21.67696],[-52.16147,-21.77064],[-52.319,-21.97209],[-52.39181,-22.11488],[-52.45606,-22.18536],[-52.28473,-22.27313],[-52.14386,-21.99846]]]},"properties":{"cod_ibge":"354130","name":"Presidente Epitácio","uf":"SP"}},
{"type":"Feature","geometry":{"type":"Polygon","coordinates":[[[-47.76074,-23.56095],[-47.65081,-23.45864],[-47.72552,-23.38542],[-47.80738,-23.48865],[-47.77978,-23.5323],[-47.76074,-23.56095]]]},"properties":{"cod_ibge":"351030","name":"Capela do Alto","uf":"SP"}},
{"type":"Feature","geometry":{"type":"Polygon","coordinates":[[[-50.3316,-20.03581],[-50.33731,-19.86937],[-50.45391,-19.78615],[-50.43345,-19.98351],[-50.42298,-20.05445],[-50.3316,-20.03581]]]},"properties":{"cod_ibge":"353475","name":"Ouroeste","uf":"SP"}},
{"type":"Feature","geometry":{"type":"Polygon","coordinates":[[[-47.04831,-22.57007],[-46.87174,-22.54779],[-46.87222,-22.38818],[-46.9398,-22.40091],[-47.08352,-22.29996],[-47.13587,-22.47003],[-47.08638,-22.47412],[-47.05497,-22.57053],[-47.04831,-22.57007]]]},"properties":{"cod_ibge":"353080","name":"Mogi Mirim","uf":"SP"}},
{"type":"Feature","geometry":{"type":"Polygon","coordinates":[[[-47.3586,-22.81745],[-47.21107,-22.79471],[-47.21059,-22.74287],[-47.35098,-22.78517],[-47.3586,-22.81745]]]},"properties":{"cod_ibge":"353340","name":"Nova Odessa","uf":"SP"}},
{"type":"Feature","geometry":{"type":"Polygon","coordinates":[[[-50.12791,-21.81702],[-50.27069,-21.84158],[-50.28449,-21.95936],[-50.27735,-22.11852],[-50.34588,-22.18855],[-50.29924,-22.20855],[-50.17265,-22.2463],[-50.04891,-22.0453],[-50.06033,-21.87432],[-50.12791,-21.81702]]]},"properties":{"cod_ibge":"354000","name":"Pompéia","uf":"SP"}},
{"type":"Feature","geometry":{"type":"Polygon","coordinates":[[[-51.24202,-20.85798],[-51.40192,-21.07534],[-51.40525,-21.13537],[-51.33054,-21.11127],[-51.19823,-20.95029],[-51.24202,-20.85798]]]},"properties":{"cod_ibge":"353210","name":"Murutinga do Sul","uf":"SP"}},
{"type":"Feature","geometry":{"type":"Polygon","coordinates":[[[-46.86556,-23.0762],[-46.79274,-23.10303],[-46.71612,-22.97752],[-46.68138,-22.93023],[-46.87841,-22.92704],[-46.87841,-22.9275],[-46.91029,-23.01754],[-46.916,-23.04573],[-46.86556,-23.0762]]]},"properties":{"cod_ibge":"352340","name":"Itatiba","uf":"SP"}},
{"type":"Feature","geometry":{"type":"Polygon","coordinates":[[[-50.92268,-21.6324],[-51.00834,-21.80429],[-50.96123,-21.82248],[-50.91459,-21.66923],[-50.92268,-21.6324]]]},"properties":{"cod_ibge":"352080","name":"Inúbia Paulista","uf":"SP"}},
{"type":"Feature","geometry":{"type":"Polygon","coordinates":[[[-49.978,-21.34955],[-49.98704,-21.48688],[-50.06081,-21.58374],[-49.91566,-21.55737],[-49.84332,-21.35546],[-49.978,-21.34955]]]},"properties":{"cod_ibge":"350440","name":"Avanhandava","uf":"SP"}},
{"type":"Feature","geometry":{"type":"Polygon","coordinates":[[[-47.55039,-22.1508],[-47.71315,-22.23993],[-47.71363,-22.30178],[-47.46996,-22.24539],[-47.49042,-22.18764],[-47.55039,-22.1508]]]},"properties":{"cod_ibge":"351270","name":"Corumbataí","uf":"SP"}},
{"type":"Feature","geometry":{"type":"Polygon","coordinates":[[[-50.78372,-22.43502],[-50.71661,-22.24948],[-50.70567,-22.02211],[-50.93458,-22.42638],[-50.8294,-22.42819],[-50.78372,-22.43502]]]},"properties":{"cod_ibge":"352560","name":"João Ramalho","uf":"SP"}},
{"type":"Feature","geometry":{"type":"Polygon","coordinates":[[[-49.62868,-22.46912],[-49.56634,-22.57508],[-49.50304,-22.51369],[-49.48448,-22.50323],[-49.51256,-22.39591],[-49.60394,-22.4432],[-49.62868,-22.46912]]]},"properties":{"cod_ibge":"352750","name":"Lucianópolis","uf":"SP"}},
{"type":"Feature","geometry":{"type":"Polygon","coordinates":[[[-47.80643,-20.61287],[-47.98918,-20.61696],[-47.96205,-20.81432],[-47.82451,-20.74475],[-47.80643,-20.61287]]]},"properties":{"cod_ibge":"353430","name":"Orlândia","uf":"SP"}},
{"type":"Feature","geometry":{"type":"Polygon","coordinates":[[[-50.79514,-21.18675],[-50.79752,-20.9853],[-50.85034,-20.93574],[-50.94981,-21.17084],[-51.05403,-21.22904],[-51.14493,-21.37456],[-51.05879,-21.39866],[-50.99312,-21.43732],[-50.98503,-21.43277],[-50.79514,-21.18675]]]},"properties":{"cod_ibge":"355630","name":"Valparaíso","uf":"SP"}},
{"type":"Feature","geometry":{"type":"Polygon","coordinates":[[[-49.13088,-20.59468],[-49.26652,-20.68017],[-49.257,-20.85115],[-49.14183,-20.82478],[-49.099,-20.78294],[-49.11899,-20.60423],[-49.13088,-20.59468]]]},"properties":{"cod_ibge":"351750","name":"Guapiaçu","uf":"SP"}},
{"type":"Feature","geometry":{"type":"Polygon","coordinates":[[[-47.92731,-21.57601],[-47.89495,-21.38047],[-47.90589,-21.36819],[-47.98918,-21.30953],[-47.99489,-21.30453],[-48.10911,-21.42913],[-48.07437,-21.47915],[-47.92731,-21.57601]]]},"properties":{"cod_ibge":"351885","name":"Guatapará","uf":"SP"}},
{"type":"Feature","geometry":{"type":"Polygon","coordinates":[[[-47.12731,-24.00887],[-46.97882,-24.06435],[-46.80702,-23.93793],[-46.81083,-23.92065],[-46.9122,-23.93429],[-47.02879,-23.84607],[-47.12921,-23.86063],[-47.20012,-24.00069],[-47.12731,-24.00887]]]},"properties":{"cod_ibge":"352620","name":"Juquitiba","uf":"SP"}},
{"type":"Feature","geometry":{"type":"Polygon","coordinates":[[[-48.33088,-21.69743],[-48.25949,-21.53918],[-48.2633,-21.53417],[-48.47127,-21.5128],[-48.62928,-21.55873],[-48.58454,-21.62785],[-48.47889,-21.70789],[-48.44415,-21.7238],[-48.33088,-21.69743]]]},"properties":{"cod_ibge":"352930","name":"Matão","uf":"SP"}},
{"type":"Feature","geometry":{"type":"Polygon","coordinates":[[[-48.42701,-21.31863],[-48.31184,-21.36092],[-48.14147,-21.31772],[-48.13623,-21.26815],[-48.16907,-21.16129],[-48.18716,-21.13037],[-48.31803,-21.06079],[-48.35372,-21.08171],[-48.45033,-21.21131],[-48.42701,-21.31863]]]},"properties":{"cod_ibge":"352430","name":"Jaboticabal","uf":"SP"}},
{"type":"Feature","geometry":{"type":"Polygon","coordinates":[[[-47.96871,-21.82021],[-48.06961,-21.95299],[-48.16574,-21.97163],[-48.09102,-22.05985],[-47.99584,-22.02984],[-47.92445,-21.8966],[-47.96871,-21.82021]]]},"properties":{"cod_ibge":"351930","name":"Ibaté","uf":"SP"}},
{"type":"Feature","geometry":{"type":"Polygon","coordinates":[[[-50.88604,-19.99033],[-50.87128,-20.13221],[-50.86462,-20.16586],[-50.82274,-20.21679],[-50.75944,-20.16541],[-50.74422,-20.13494],[-50.84416,-19.96759],[-50.88604,-19.99033]]]},"properties":{"cod_ibge":"354740","name":"Santa Rita d'Oeste","uf":"SP"}},
{"type":"Feature","geometry":{"type":"Polygon","coordinates":[[[-50.9184,-20.13039],[-50.87128,-20.13221],[-50.88604,-19.99033],[-51.00025,-20.08537],[-51.00121,-20.09629],[-50.9184,-20.13039]]]},"properties":{"cod_ibge":"354610","name":"Santa Clara d'Oeste","uf":"SP"}},
{"type":"Feature","geometry":{"type":"Polygon","coordinates":[[[-49.01286,-23.26219],[-48.97907,-23.1435],[-49.06759,-23.09302],[-49.15135,-23.25991],[-49.01286,-23.26219]]]},"properties":{"cod_ibge":"350310","name":"Arandu","uf":"SP"}},
{"type":"Feature","geometry":{"type":"Polygon","coordinates":[[[-48.96384,-21.05351],[-49.1109,-21.02714],[-49.13136,-21.07034],[-49.11994,-21.08535],[-49.0457,-21.13537],[-48.96384,-21.05351]]]},"properties":{"cod_ibge":"351120","name":"Catiguá","uf":"SP"}},
{"type":"Feature","geometry":{"type":"Polygon","coordinates":[[[-45.3812,-23.28902],[-45.17513,-23.39497],[-45.07423,-23.30402],[-45.1461,-23.18761],[-45.30029,-23.09211],[-45.3969,-23.18079],[-45.3812,-23.28902]]]},"properties":{"cod_ibge":"355000","name":"São Luiz do Paraitinga","uf":"SP"}},
{"type":"Feature","geometry":{"type":"Polygon","coordinates":[[[-44.46602,-22.61555],[-44.50838,-22.76925],[-44.41272,-22.72468],[-44.36085,-22.61191],[-44.46602,-22.61555]]]},"properties":{"cod_ibge":"350315","name":"Arapeí","uf":"SP"}},
{"type":"Feature","geometry":{"type":"Polygon","coordinates":[[[-48.42701,-21.31863],[-48.5774,-21.33955],[-48.68448,-21.3832],[-48.72588,-21.42003],[-48.62928,-21.55873],[-48.47127,-21.5128],[-48.46413,-21.48961],[-48.33564,-21.38502],[-48.31184,-21.36092],[-48.42701,-21.31863]]]},"properties":{"cod_ibge":"355370","name":"Taquaritinga","uf":"SP"}},
{"type":"Feature","geometry":{"type":"Polygon","coordinates":[[[-49.2194,-20.4719],[-49.3084,-20.31138],[-49.30745,-20.30137],[-49.4783,-20.5051],[-49.44594,-20.5433],[-49.36455,-20.6056],[-49.20037,-20.53557],[-49.2194,-20.4719]]]},"properties":{"cod_ibge":"353300","name":"Nova Granada","uf":"SP"}},
{"type":"Feature","geometry":{"type":"Polygon","coordinates":[[[-51.57515,-20.62333],[-51.41953,-20.68108],[-51.34291,-20.68199],[-51.41905,-20.46508],[-51.56754,-20.61833],[-51.57515,-20.62333]]]},"properties":{"cod_ibge":"352300","name":"Itapura","uf":"SP"}},
{"type":"Feature","geometry":{"type":"Polygon","coordinates":[[[-48.79537,-20.93574],[-48.90721,-20.89208],[-48.90863,-20.91527],[-48.85962,-21.00622],[-48.84439,-21.01532],[-48.79537,-20.93574]]]},"properties":{"cod_ibge":"351495","name":"Embaúba","uf":"SP"}},
{"type":"Feature","geometry":{"type":"Polygon","coordinates":[[[-47.93064,-22.88339],[-48.04771,-22.832],[-48.13814,-22.96479],[-48.15955,-23.08666],[-48.05723,-23.10394],[-47.93683,-23.01435],[-47.93064,-22.88339]]]},"properties":{"cod_ibge":"351230","name":"Conchas","uf":"SP"}},
{"type":"Feature","geometry":{"type":"Polygon","coordinates":[[[-47.46996,-22.24539],[-47.71363,-22.30178],[-47.76027,-22.34043],[-47.66651,-22.38045],[-47.65461,-22.52096],[-47.58275,-22.54188],[-47.56276,-22.52642],[-47.46711,-22.41319],[-47.46996,-22.24539]]]},"properties":{"cod_ibge":"354390","name":"Rio Claro","uf":"SP"}},
{"type":"Feature","geometry":{"type":"Polygon","coordinates":[[[-49.80953,-23.08939],[-49.71673,-23.1485],[-49.66533,-23.11303],[-49.67723,-23.0089],[-49.75718,-22.9707],[-49.81952,-23.07711],[-49.80953,-23.08939]]]},"properties":{"cod_ibge":"355720","name":"Chavantes","uf":"SP"}},
{"type":"Feature","geometry":{"type":"Polygon","coordinates":[[[-50.79514,-21.18675],[-50.98503,-21.43277],[-50.92411,-21.44186],[-50.81988,-21.37456],[-50.73612,-21.19903],[-50.79514,-21.18675]]]},"properties":{"cod_ibge":"350620","name":"Bento de Abreu","uf":"SP"}},
{"type":"Feature","geometry":{"type":"Polygon","coordinates":[[[-47.7279,-24.62232],[-47.62653,-24.51272],[-47.68364,-24.37903],[-47.80024,-24.35175],[-48.01345,-24.51],[-48.08484,-24.58048],[-47.91827,-24.62732],[-47.7279,-24.62232]]]},"properties":{"cod_ibge":"354260","name":"Registro","uf":"SP"}},
{"type":"Feature","geometry":{"type":"Polygon","coordinates":[[[-50.84416,-19.96759],[-50.74422,-20.13494],[-50.70424,-20.12994],[-50.66331,-20.06173],[-50.64951,-20.00397],[-50.68663,-19.91621],[-50.84416,-19.96759]]]},"properties":{"cod_ibge":"354570","name":"Santa Albertina","uf":"SP"}},
{"type":"Feature","geometry":{"type":"Polygon","coordinates":[[[-47.57418,-23.86335],[-47.43998,-23.9011],[-47.38858,-23.98295],[-47.27769,-23.83652],[-47.36859,-23.63371],[-47.49423,-23.65008],[-47.61892,-23.75695],[-47.57418,-23.86335]]]},"properties":{"cod_ibge":"353780","name":"Piedade","uf":"SP"}},
{"type":"Feature","geometry":{"type":"Polygon","coordinates":[[[-50.87366,-21.48916],[-50.70091,-21.34],[-50.73612,-21.19903],[-50.81988,-21.37456],[-50.92411,-21.44186],[-50.89793,-21.49052],[-50.87366,-21.48916]]]},"properties":{"cod_ibge":"354440","name":"Rubiácea","uf":"SP"}},
{"type":"Feature","geometry":{"type":"Polygon","coordinates":[[[-49.17229,-22.93978],[-49.18276,-22.72423],[-49.37598,-22.77743],[-49.36979,-22.88339],[-49.30364,-22.95251],[-49.22226,-23.03664],[-49.17229,-22.93978]]]},"properties":{"cod_ibge":"350055","name":"Águas de Santa Bárbara","uf":"SP"}},
{"type":"Feature","geometry":{"type":"Polygon","coordinates":[[[-50.33922,-20.33866],[-50.43012,-20.41233],[-50.44582,-20.48282],[-50.37301,-20.47281],[-50.33922,-20.33866]]]},"properties":{"cod_ibge":"354920","name":"São João das Duas Pontes","uf":"SP"}},
{"type":"Feature","geometry":{"type":"Polygon","coordinates":[[[-48.82678,-22.48822],[-48.67401,-22.55188],[-48.65307,-22.53233],[-48.62118,-22.50186],[-48.64212,-22.48231],[-48.70304,-22.36862],[-48.82678,-22.48822]]]},"properties":{"cod_ibge":"352800","name":"Macatuba","uf":"SP"}},
{"type":"Feature","geometry":{"type":"Polygon","coordinates":[[[-49.5178,-21.60239],[-49.57348,-21.7047],[-49.77193,-21.80429],[-49.80953,-21.89024],[-49.73434,-21.94071],[-49.65867,-21.86022],[-49.54588,-21.85659],[-49.43118,-21.77928],[-49.31173,-21.61739],[-49.44546,-21.52417],[-49.5178,-21.60239]]]},"properties":{"cod_ibge":"350880","name":"Cafelândia","uf":"SP"}},
{"type":"Feature","geometry":{"type":"Polygon","coordinates":[[[-50.3316,-20.03581],[-50.42298,-20.05445],[-50.39395,-20.10356],[-50.38919,-20.10584],[-50.30876,-20.08856],[-50.29543,-20.01716],[-50.3316,-20.03581]]]},"properties":{"cod_ibge":"351800","name":"Guarani d'Oeste","uf":"SP"}},
{"type":"Feature","geometry":{"type":"Polygon","coordinates":[[[-47.91018,-23.60597],[-47.84831,-23.74967],[-47.63463,-23.70738],[-47.70601,-23.62871],[-47.76074,-23.56095],[-47.77978,-23.5323],[-47.91018,-23.60597]]]},"properties":{"cod_ibge":"355110","name":"Sarapuí","uf":"SP"}},
{"type":"Feature","geometry":{"type":"Polygon","coordinates":[[[-47.58275,-22.54188],[-47.65461,-22.52096],[-47.66937,-22.54006],[-47.8031,-22.5819],[-47.82118,-22.67375],[-48.07103,-22.6442],[-48.08864,-22.65193],[-48.04771,-22.832],[-47.93064,-22.88339],[-47.80881,-22.87793],[-47.8069,-22.87702],[-47.66746,-22.79926],[-47.49518,-22.76743],[-47.49042,-22.72423],[-47.51184,-22.69149],[-47.58275,-22.54188]]]},"properties":{"cod_ibge":"353870","name":"Piracicaba","uf":"SP"}},
{"type":"Feature","geometry":{"type":"Polygon","coordinates":[[[-48.45033,-21.21131],[-48.47698,-21.17948],[-48.58121,-21.16584],[-48.70685,-21.20676],[-48.69543,-21.22086],[-48.61928,-21.2868],[-48.5774,-21.33955],[-48.42701,-21.31863],[-48.45033,-21.21131]]]},"properties":{"cod_ibge":"353130","name":"Monte Alto","uf":"SP"}},
{"type":"Feature","geometry":{"type":"Polygon","coordinates":[[[-48.13385,-20.49373],[-48.00821,-20.53147],[-47.91636,-20.43416],[-47.91446,-20.41642],[-48.0401,-20.35321],[-48.14956,-20.28955],[-48.21143,-20.45508],[-48.13385,-20.49373]]]},"properties":{"cod_ibge":"352130","name":"Ipuã","uf":"SP"}},
{"type":"Feature","geometry":{"type":"Polygon","coordinates":[[[-50.19026,-19.98624],[-50.11126,-20.03762],[-50.04415,-19.91621],[-50.10602,-19.87437],[-50.1717,-19.87574],[-50.19026,-19.98624]]]},"properties":{"cod_ibge":"353000","name":"Mira Estrela","uf":"SP"}},
{"type":"Feature","geometry":{"type":"Polygon","coordinates":[[[-50.44868,-20.486],[-50.28591,-20.58604],[-50.28496,-20.46963],[-50.31114,-20.46917],[-50.37301,-20.47281],[-50.44582,-20.48282],[-50.44868,-20.486]]]},"properties":{"cod_ibge":"354925","name":"São João de Iracema","uf":"SP"}},
{"type":"Feature","geometry":{"type":"Polygon","coordinates":[[[-47.16348,-22.80563],[-47.21107,-22.79471],[-47.3586,-22.81745],[-47.34194,-22.8602],[-47.25771,-22.89885],[-47.15776,-22.86111],[-47.16348,-22.80563]]]},"properties":{"cod_ibge":"355240","name":"Sumaré","uf":"SP"}},
{"type":"Feature","geometry":{"type":"Polygon","coordinates":[[[-48.78918,-24.5582],[-48.6545,-24.45588],[-48.605,-24.33219],[-48.64498,-24.33219],[-48.69019,-24.39131],[-48.98716,-24.31218],[-49.10804,-24.25079],[-49.11994,-24.32992],[-48.95147,-24.45315],[-48.98192,-24.52364],[-48.9015,-24.55638],[-48.78918,-24.5582]]]},"properties":{"cod_ibge":"350270","name":"Apiaí","uf":"SP"}},
{"type":"Feature","geometry":{"type":"Polygon","coordinates":[[[-49.77193,-22.5005],[-49.73672,-22.58826],[-49.5987,-22.66466],[-49.56634,-22.57508],[-49.62868,-22.46912],[-49.70388,-22.43956],[-49.77193,-22.5005]]]},"properties":{"cod_ibge":"355550","name":"Ubirajara","uf":"SP"}},
{"type":"Feature","geometry":{"type":"Polygon","coordinates":[[[-47.19536,-21.97391],[-46.98215,-21.96754],[-46.96264,-21.81657],[-46.97977,-21.70015],[-47.03736,-21.6233],[-47.09732,-21.56783],[-47.24105,-21.75791],[-47.18679,-21.79065],[-47.19536,-21.97391]]]},"properties":{"cod_ibge":"351080","name":"Casa Branca","uf":"SP"}},
{"type":"Feature","geometry":{"type":"Polygon","coordinates":[[[-48.62118,-22.50186],[-48.65307,-22.53233],[-48.64498,-22.53688],[-48.49031,-22.54597],[-48.62118,-22.50186]]]},"properties":{"cod_ibge":"352000","name":"Igaraçu do Tietê","uf":"SP"}},
{"type":"Feature","geometry":{"type":"Polygon","coordinates":[[[-48.10911,-21.42913],[-47.99489,-21.30453],[-48.13623,-21.26815],[-48.14147,-21.31772],[-48.11339,-21.42049],[-48.10911,-21.42913]]]},"properties":{"cod_ibge":"354090","name":"Pradópolis","uf":"SP"}},
{"type":"Feature","geometry":{"type":"Polygon","coordinates":[[[-49.39501,-23.39543],[-49.41833,-23.33677],[-49.44213,-23.33586],[-49.54017,-23.28083],[-49.62726,-23.28174],[-49.63773,-23.3495],[-49.59823,-23.45818],[-49.56682,-23.49411],[-49.47639,-23.54094],[-49.39501,-23.39543]]]},"properties":{"cod_ibge":"351540","name":"Fartura","uf":"SP"}},
{"type":"Feature","geometry":{"type":"Polygon","coordinates":[[[-48.29138,-22.95842],[-48.24617,-22.61918],[-48.2614,-22.60554],[-48.36515,-22.60873],[-48.56741,-22.85338],[-48.80251,-22.84519],[-48.77776,-22.9657],[-48.47651,-23.08166],[-48.34944,-23.01117],[-48.29138,-22.95842]]]},"properties":{"cod_ibge":"350750","name":"Botucatu","uf":"SP"}},
{"type":"Feature","geometry":{"type":"Polygon","coordinates":[[[-49.2175,-23.29857],[-49.38359,-23.26446],[-49.41833,-23.33677],[-49.39501,-23.39543],[-49.36027,-23.43499],[-49.21322,-23.41771],[-49.2175,-23.29857]]]},"properties":{"cod_ibge":"355420","name":"Tejupá","uf":"SP"}},
{"type":"Feature","geometry":{"type":"Polygon","coordinates":[[[-44.31802,-22.84519],[-44.16572,-22.6733],[-44.34229,-22.58917],[-44.36085,-22.61191],[-44.41272,-22.72468],[-44.50838,-22.76925],[-44.49458,-22.84701],[-44.31802,-22.84519]]]},"properties":{"cod_ibge":"350490","name":"Bananal","uf":"SP"}},
{"type":"Feature","geometry":{"type":"Polygon","coordinates":[[[-48.90721,-20.89208],[-48.79537,-20.93574],[-48.78585,-20.93392],[-48.74492,-20.83979],[-48.8915,-20.82387],[-48.94909,-20.86934],[-48.90721,-20.89208]]]},"properties":{"cod_ibge":"350930","name":"Cajobi","uf":"SP"}},
{"type":"Feature","geometry":{"type":"Polygon","coordinates":[[[-48.48079,-22.35635],[-48.36419,-22.49459],[-48.38466,-22.58008],[-48.36515,-22.60873],[-48.2614,-22.60554],[-48.23475,-22.52051],[-48.23951,-22.36771],[-48.31422,-22.19855],[-48.3423,-22.18082],[-48.48079,-22.35635]]]},"properties":{"cod_ibge":"351410","name":"Dois Córregos","uf":"SP"}},
{"type":"Feature","geometry":{"type":"Polygon","coordinates":[[[-51.31531,-20.67426],[-51.23345,-20.64607],[-51.14303,-20.85434],[-51.07116,-20.83069],[-50.89984,-20.90982],[-50.86652,-20.83069],[-50.87271,-20.8266],[-51.05784,-20.7261],[-50.97789,-20.56512],[-51.23155,-20.45735],[-51.31531,-20.67426]]]},"properties":{"cod_ibge":"353740","name":"Pereira Barreto","uf":"SP"}},
{"type":"Feature","geometry":{"type":"Polygon","coordinates":[[[-48.42844,-23.20307],[-48.32612,-23.13622],[-48.34944,-23.01117],[-48.47651,-23.08166],[-48.42844,-23.20307]]]},"properties":{"cod_ibge":"353610","name":"Pardinho","uf":"SP"}},
{"type":"Feature","geometry":{"type":"Polygon","coordinates":[[[-47.46996,-22.24539],[-47.22439,-22.20628],[-47.19726,-22.09851],[-47.39953,-22.08487],[-47.49042,-22.18764],[-47.46996,-22.24539]]]},"properties":{"cod_ibge":"352670","name":"Leme","uf":"SP"}},
{"type":"Feature","geometry":{"type":"Polygon","coordinates":[[[-49.63344,-22.07577],[-49.70721,-22.14171],[-49.82476,-22.1126],[-49.7429,-22.29314],[-49.85474,-22.3568],[-49.73529,-22.38227],[-49.7291,-22.37635],[-49.53017,-22.18172],[-49.55635,-22.12988],[-49.63344,-22.07577]]]},"properties":{"cod_ibge":"351670","name":"Garça","uf":"SP"}},
{"type":"Feature","geometry":{"type":"Polygon","coordinates":[[[-47.30863,-21.10172],[-47.18108,-20.95393],[-47.22725,-20.85661],[-47.4119,-20.80932],[-47.4395,-20.96029],[-47.54087,-21.03442],[-47.62844,-21.1481],[-47.52755,-21.2004],[-47.50185,-21.20767],[-47.47805,-21.2054],[-47.30863,-21.10172]]]},"properties":{"cod_ibge":"350100","name":"Altinópolis","uf":"SP"}},
{"type":"Feature","geometry":{"type":"Polygon","coordinates":[[[-46.54813,-23.60597],[-46.58334,-23.64099],[-46.56716,-23.65008],[-46.54813,-23.60597]]]},"properties":{"cod_ibge":"354880","name":"São Caetano do Sul","uf":"SP"}},
{"type":"Feature","geometry":{"type":"Polygon","coordinates":[[[-47.44617,-21.5842],[-47.37954,-21.39548],[-47.41523,-21.34318],[-47.45854,-21.36683],[-47.63129,-21.35955],[-47.82975,-21.42276],[-47.66128,-21.4978],[-47.64272,-21.59238],[-47.44617,-21.5842]]]},"properties":{"cod_ibge":"355090","name":"São Simão","uf":"SP"}},
{"type":"Feature","geometry":{"type":"Polygon","coordinates":[[[-48.68876,-22.69422],[-48.64498,-22.53688],[-48.65307,-22.53233],[-48.67401,-22.55188],[-48.68876,-22.69422]]]},"properties":{"cod_ibge":"350360","name":"Areiópolis","uf":"SP"}},
{"type":"Feature","geometry":{"type":"Polygon","coordinates":[[[-48.24617,-22.61918],[-48.29138,-22.95842],[-48.13814,-22.96479],[-48.04771,-22.832],[-48.08864,-22.65193],[-48.24617,-22.61918]]]},"properties":{"cod_ibge":"350230","name":"Anhembi","uf":"SP"}},
{"type":"Feature","geometry":{"type":"Polygon","coordinates":[[[-47.61511,-20.48145],[-47.55277,-20.51237],[-47.49994,-20.45644],[-47.52945,-20.39141],[-47.62606,-20.40733],[-47.61511,-20.48145]]]},"properties":{"cod_ibge":"354310","name":"Ribeirão Corrente","uf":"SP"}},
{"type":"Feature","geometry":{"type":"Polygon","coordinates":[[[-48.852,-20.54466],[-48.99001,-20.58195],[-49.11899,-20.60423],[-49.099,-20.78294],[-49.07901,-20.81159],[-48.94909,-20.86934],[-48.8915,-20.82387],[-48.79251,-20.72519],[-48.852,-20.54466]]]},"properties":{"cod_ibge":"353390","name":"Olímpia","uf":"SP"}},
{"type":"Feature","geometry":{"type":"Polygon","coordinates":[[[-49.94802,-20.69927],[-49.98276,-20.5724],[-50.1203,-20.52147],[-50.11411,-20.76339],[-50.12125,-20.83115],[-50.02416,-20.82387],[-49.92518,-20.72337],[-49.94802,-20.69927]]]},"properties":{"cod_ibge":"353260","name":"Nhandeara","uf":"SP"}},
{"type":"Feature","geometry":{"type":"Polygon","coordinates":[[[-48.81916,-21.04169],[-48.77681,-21.09944],[-48.694,-21.00668],[-48.78585,-20.93392],[-48.79537,-20.93574],[-48.84439,-21.01532],[-48.81916,-21.04169]]]},"properties":{"cod_ibge":"353570","name":"Paraíso","uf":"SP"}},
{"type":"Feature","geometry":{"type":"Polygon","coordinates":[[[-47.13349,-23.38042],[-47.11588,-23.2249],[-47.19584,-23.18716],[-47.32576,-23.23445],[-47.38953,-23.15487],[-47.41856,-23.16851],[-47.41809,-23.35768],[-47.32624,-23.43999],[-47.18727,-23.41771],[-47.13825,-23.41134],[-47.13349,-23.38042]]]},"properties":{"cod_ibge":"352390","name":"Itu","uf":"SP"}},
{"type":"Feature","geometry":{"type":"Polygon","coordinates":[[[-46.61618,-22.43865],[-46.66092,-22.36589],[-46.72326,-22.30678],[-46.79131,-22.29723],[-46.87222,-22.38818],[-46.87174,-22.54779],[-46.86936,-22.58372],[-46.7975,-22.54142],[-46.71279,-22.50368],[-46.65806,-22.47321],[-46.61618,-22.43865]]]},"properties":{"cod_ibge":"352260","name":"Itapira","uf":"SP"}},
{"type":"Feature","geometry":{"type":"Polygon","coordinates":[[[-49.61869,-21.12764],[-49.5573,-21.02487],[-49.63487,-20.97166],[-49.72625,-20.9321],[-49.82714,-20.95347],[-49.95992,-21.13309],[-49.9918,-21.22677],[-49.85664,-21.26042],[-49.73624,-21.13446],[-49.66057,-21.16129],[-49.61869,-21.12764]]]},"properties":{"cod_ibge":"352570","name":"José Bonifácio","uf":"SP"}},
{"type":"Feature","geometry":{"type":"Polygon","coordinates":[[[-46.80797,-23.60915],[-46.7994,-23.47137],[-46.81749,-23.52093],[-46.81749,-23.58187],[-46.80797,-23.60915]]]},"properties":{"cod_ibge":"353440","name":"Osasco","uf":"SP"}},
{"type":"Feature","geometry":{"type":"Polygon","coordinates":[[[-51.43381,-22.20537],[-51.47616,-22.19764],[-51.60038,-22.28131],[-51.57087,-22.39909],[-51.61846,-22.55825],[-51.78455,-22.5346],[-51.8902,-22.61327],[-51.85594,-22.63192],[-51.7184,-22.66921],[-51.63036,-22.65784],[-51.62798,-22.65829],[-51.49282,-22.3618],[-51.43381,-22.20537]]]},"properties":{"cod_ibge":"353920","name":"Pirapozinho","uf":"SP"}},
{"type":"Feature","geometry":{"type":"Polygon","coordinates":[[[-48.73445,-23.85426],[-48.5517,-23.93475],[-48.34896,-23.83107],[-48.40798,-23.71465],[-48.53505,-23.54094],[-48.60976,-23.58187],[-48.78109,-23.64281],[-48.73445,-23.85426]]]},"properties":{"cod_ibge":"350800","name":"Buri","uf":"SP"}},
{"type":"Feature","geometry":{"type":"Polygon","coordinates":[[[-48.25521,-20.80614],[-48.40941,-20.85434],[-48.36705,-20.94892],[-48.20762,-20.87526],[-48.25521,-20.80614]]]},"properties":{"cod_ibge":"355680","name":"Viradouro","uf":"SP"}},
{"type":"Feature","geometry":{"type":"Polygon","coordinates":[[[-48.50982,-22.43592],[-48.45176,-22.53961],[-48.38466,-22.58008],[-48.36419,-22.49459],[-48.48079,-22.35635],[-48.50982,-22.43592]]]},"properties":{"cod_ibge":"352980","name":"Mineiros do Tietê","uf":"SP"}},
{"type":"Feature","geometry":{"type":"Polygon","coordinates":[[[-45.79381,-23.2922],[-45.90422,-23.29493],[-45.95562,-23.20398],[-46.0746,-23.18079],[-46.14598,-23.25673],[-46.10125,-23.30857],[-45.9875,-23.41998],[-45.80285,-23.32949],[-45.79381,-23.2922]]]},"properties":{"cod_ibge":"352440","name":"Jacareí","uf":"SP"}},
{"type":"Feature","geometry":{"type":"Polygon","coordinates":[[[-48.25426,-21.89296],[-48.39656,-21.85431],[-48.59453,-21.84613],[-48.65783,-21.84476],[-48.67877,-21.92798],[-48.67925,-21.92889],[-48.60691,-21.98755],[-48.4451,-22.06304],[-48.44129,-22.06122],[-48.29138,-21.98982],[-48.25426,-21.89296]]]},"properties":{"cod_ibge":"350670","name":"Boa Esperança do Sul","uf":"SP"}},
{"type":"Feature","geometry":{"type":"Polygon","coordinates":[[[-49.3084,-20.31138],[-49.2194,-20.4719],[-49.089,-20.41915],[-49.12089,-20.27045],[-49.25985,-20.25863],[-49.3084,-20.31138]]]},"properties":{"cod_ibge":"351980","name":"Icém","uf":"SP"}},
{"type":"Feature","geometry":{"type":"Polygon","coordinates":[[[-46.837,-22.84337],[-46.76086,-22.84792],[-46.70803,-22.77971],[-46.72754,-22.65511],[-46.7975,-22.54142],[-46.86936,-22.58372],[-46.93076,-22.68194],[-46.837,-22.84337]]]},"properties":{"cod_ibge":"350190","name":"Amparo","uf":"SP"}},
{"type":"Feature","geometry":{"type":"Polygon","coordinates":[[[-49.257,-20.85115],[-49.34599,-20.93164],[-49.37502,-20.96029],[-49.31125,-21.00895],[-49.25748,-20.95847],[-49.14183,-20.82478],[-49.257,-20.85115]]]},"properties":{"cod_ibge":"351130","name":"Cedral","uf":"SP"}},
{"type":"Feature","geometry":{"type":"Polygon","coordinates":[[[-51.3924,-22.00119],[-51.47616,-22.19764],[-51.43381,-22.20537],[-51.39907,-22.20355],[-51.31578,-22.12943],[-51.28866,-22.04485],[-51.22393,-21.82885],[-51.24154,-21.73653],[-51.28342,-21.72153],[-51.34291,-21.77473],[-51.32625,-21.87205],[-51.3924,-22.00119]]]},"properties":{"cod_ibge":"354140","name":"Presidente Prudente","uf":"SP"}},
{"type":"Feature","geometry":{"type":"Polygon","coordinates":[[[-49.13231,-24.53773],[-49.25034,-24.44542],[-49.3122,-24.6637],[-49.20798,-24.70099],[-49.15801,-24.67188],[-49.13231,-24.53773]]]},"properties":{"cod_ibge":"352265","name":"Itapirapuã Paulista","uf":"SP"}},
{"type":"Feature","geometry":{"type":"Polygon","coordinates":[[[-50.3592,-22.91613],[-50.26212,-22.70149],[-50.32494,-22.67739],[-50.50816,-22.7024],[-50.55242,-22.84064],[-50.57717,-22.90385],[-50.52672,-22.93477],[-50.3592,-22.91613]]]},"properties":{"cod_ibge":"351000","name":"Cândido Mota","uf":"SP"}},
{"type":"Feature","geometry":{"type":"Polygon","coordinates":[[[-49.33124,-23.52548],[-49.24463,-23.65508],[-49.13612,-23.66145],[-49.1266,-23.58142],[-49.21322,-23.41771],[-49.36027,-23.43499],[-49.33124,-23.52548]]]},"properties":{"cod_ibge":"355380","name":"Taquarituba","uf":"SP"}},
{"type":"Feature","geometry":{"type":"Polygon","coordinates":[[[-47.86497,-22.61009],[-47.86116,-22.60281],[-47.87401,-22.5919],[-47.88115,-22.6019],[-47.86497,-22.61009]]]},"properties":{"cod_ibge":"350060","name":"Águas de São Pedro","uf":"SP"}},
{"type":"Feature","geometry":{"type":"Polygon","coordinates":[[[-47.51946,-22.88703],[-47.70125,-22.91886],[-47.66032,-22.99707],[-47.6232,-22.99435],[-47.51946,-22.88703]]]},"properties":{"cod_ibge":"353090","name":"Mombuca","uf":"SP"}},
{"type":"Feature","geometry":{"type":"Polygon","coordinates":[[[-48.46461,-24.66006],[-48.53838,-24.726],[-48.56646,-24.91699],[-48.59787,-25.00339],[-48.55646,-25.08433],[-48.41178,-24.9802],[-48.23951,-24.99157],[-48.21048,-24.957],[-48.21143,-24.90744],[-48.29614,-24.80103],[-48.46461,-24.66006]]]},"properties":{"cod_ibge":"350540","name":"Barra do Turvo","uf":"SP"}},
{"type":"Feature","geometry":{"type":"Polygon","coordinates":[[[-49.39121,-21.83067],[-49.27318,-21.65923],[-49.31173,-21.61739],[-49.43118,-21.77928],[-49.4031,-21.82612],[-49.39121,-21.83067]]]},"properties":{"cod_ibge":"354010","name":"Pongaí","uf":"SP"}},
{"type":"Feature","geometry":{"type":"Polygon","coordinates":[[[-49.67723,-23.0089],[-49.66533,-23.11303],[-49.57348,-23.1385],[-49.5473,-23.12895],[-49.55777,-23.00026],[-49.67723,-23.0089]]]},"properties":{"cod_ibge":"352090","name":"Ipaussu","uf":"SP"}},
{"type":"Feature","geometry":{"type":"Polygon","coordinates":[[[-45.20368,-22.65602],[-45.10041,-22.87748],[-45.0295,-22.92068],[-44.91052,-22.88566],[-44.89529,-22.84474],[-44.97525,-22.8079],[-45.06091,-22.75015],[-45.069,-22.67648],[-45.11231,-22.63465],[-45.20368,-22.65602]]]},"properties":{"cod_ibge":"352720","name":"Lorena","uf":"SP"}},
{"type":"Feature","geometry":{"type":"Polygon","coordinates":[[[-47.50899,-20.72474],[-47.3981,-20.61424],[-47.5285,-20.56285],[-47.59798,-20.69291],[-47.50899,-20.72474]]]},"properties":{"cod_ibge":"354270","name":"Restinga","uf":"SP"}},
{"type":"Feature","geometry":{"type":"Polygon","coordinates":[[[-49.86902,-21.74063],[-49.63297,-21.48916],[-49.69722,-21.36274],[-49.76241,-21.55327],[-49.91328,-21.70652],[-49.86902,-21.74063]]]},"properties":{"cod_ibge":"351720","name":"Guaiçara","uf":"SP"}},
{"type":"Feature","geometry":{"type":"Polygon","coordinates":[[[-47.2934,-21.75245],[-47.39905,-21.61375],[-47.44617,-21.5842],[-47.64272,-21.59238],[-47.7241,-21.70607],[-47.52421,-21.80247],[-47.3467,-21.80656],[-47.2934,-21.75245]]]},"properties":{"cod_ibge":"354750","name":"Santa Rita do Passa Quatro","uf":"SP"}},
{"type":"Feature","geometry":{"type":"Polygon","coordinates":[[[-47.39953,-22.08487],[-47.57847,-22.08896],[-47.55039,-22.1508],[-47.49042,-22.18764],[-47.39953,-22.08487]]]},"properties":{"cod_ibge":"354620","name":"Santa Cruz da Conceição","uf":"SP"}},
{"type":"Feature","geometry":{"type":"Polygon","coordinates":[[[-51.68223,-21.14901],[-51.73173,-21.22495],[-51.68176,-21.30362],[-51.65225,-21.28452],[-51.6394,-21.16265],[-51.63988,-21.16311],[-51.68223,-21.14901]]]},"properties":{"cod_ibge":"354930","name":"São João do Pau d'Alho","uf":"SP"}},
{"type":"Feature","geometry":{"type":"Polygon","coordinates":[[[-46.51529,-23.23763],[-46.63712,-23.2581],[-46.66996,-23.36314],[-46.66996,-23.41862],[-46.53528,-23.36314],[-46.41868,-23.3163],[-46.51529,-23.23763]]]},"properties":{"cod_ibge":"352850","name":"Mairiporã","uf":"SP"}},
{"type":"Feature","geometry":{"type":"Polygon","coordinates":[[[-49.21084,-23.24536],[-49.24558,-23.14486],[-49.38787,-23.05346],[-49.41215,-23.05164],[-49.5473,-23.12895],[-49.57348,-23.1385],[-49.53779,-23.19625],[-49.44213,-23.33586],[-49.41833,-23.33677],[-49.38359,-23.26446],[-49.2175,-23.29857],[-49.21084,-23.24536]]]},"properties":{"cod_ibge":"353880","name":"Piraju","uf":"SP"}},
{"type":"Feature","geometry":{"type":"Polygon","coordinates":[[[-47.03117,-22.61918],[-46.93123,-22.68285],[-46.93076,-22.68194],[-46.86936,-22.58372],[-46.87174,-22.54779],[-47.04831,-22.57007],[-47.03117,-22.61918]]]},"properties":{"cod_ibge":"354800","name":"Santo Antônio de Posse","uf":"SP"}},
{"type":"Feature","geometry":{"type":"Polygon","coordinates":[[[-48.19287,-23.49001],[-48.04867,-23.42408],[-48.08341,-23.37269],[-48.13861,-23.27128],[-48.15527,-23.26173],[-48.24141,-23.28038],[-48.35991,-23.30311],[-48.3561,-23.37542],[-48.19287,-23.49001]]]},"properties":{"cod_ibge":"351850","name":"Guareí","uf":"SP"}},
{"type":"Feature","geometry":{"type":"Polygon","coordinates":[[[-48.56741,-22.85338],[-48.36515,-22.60873],[-48.38466,-22.58008],[-48.45176,-22.53961],[-48.49031,-22.54597],[-48.64498,-22.53688],[-48.68876,-22.69422],[-48.72922,-22.7647],[-48.56741,-22.85338]]]},"properties":{"cod_ibge":"355010","name":"São Manuel","uf":"SP"}},
{"type":"Feature","geometry":{"type":"Polygon","coordinates":[[[-51.68176,-21.30362],[-51.67604,-21.34682],[-51.61608,-21.32681],[-51.65225,-21.28452],[-51.68176,-21.30362]]]},"properties":{"cod_ibge":"353310","name":"Nova Guataporanga","uf":"SP"}},
{"type":"Feature","geometry":{"type":"Polygon","coordinates":[[[-48.73445,-23.85426],[-48.77871,-23.95339],[-48.69162,-24.0216],[-48.58168,-23.98295],[-48.5517,-23.93475],[-48.73445,-23.85426]]]},"properties":{"cod_ibge":"355385","name":"Taquarivaí","uf":"SP"}},
{"type":"Feature","geometry":{"type":"Polygon","coordinates":[[[-46.28828,-23.48956],[-46.27067,-23.42999],[-46.35824,-23.43726],[-46.38679,-23.47455],[-46.36633,-23.51229],[-46.32968,-23.50593],[-46.28828,-23.48956]]]},"properties":{"cod_ibge":"352310","name":"Itaquaquecetuba","uf":"SP"}},
{"type":"Feature","geometry":{"type":"Polygon","coordinates":[[[-46.32207,-23.74421],[-46.26686,-23.68555],[-46.28828,-23.48956],[-46.32968,-23.50593],[-46.35015,-23.57368],[-46.38346,-23.61779],[-46.33063,-23.70874],[-46.32826,-23.7283],[-46.32207,-23.74421]]]},"properties":{"cod_ibge":"355250","name":"Suzano","uf":"SP"}},
{"type":"Feature","geometry":{"type":"Polygon","coordinates":[[[-47.62653,-22.04348],[-47.51184,-21.93571],[-47.52421,-21.80247],[-47.7241,-21.70607],[-47.73695,-21.71198],[-47.79215,-21.87841],[-47.72648,-22.04166],[-47.62653,-22.04348]]]},"properties":{"cod_ibge":"351370","name":"Descalvado","uf":"SP"}},
{"type":"Feature","geometry":{"type":"Polygon","coordinates":[[[-47.46711,-22.41864],[-47.48947,-22.52369],[-47.4771,-22.52642],[-47.30196,-22.44502],[-47.46711,-22.41864]]]},"properties":{"cod_ibge":"351240","name":"Cordeirópolis","uf":"SP"}},
{"type":"Feature","geometry":{"type":"Polygon","coordinates":[[[-47.50185,-21.20767],[-47.45854,-21.36683],[-47.41523,-21.34318],[-47.47805,-21.2054],[-47.50185,-21.20767]]]},"properties":{"cod_ibge":"354625","name":"Santa Cruz da Esperança","uf":"SP"}},
{"type":"Feature","geometry":{"type":"Polygon","coordinates":[[[-50.14505,-20.31365],[-50.22214,-20.20542],[-50.30876,-20.08856],[-50.38919,-20.10584],[-50.33922,-20.33866],[-50.37301,-20.47281],[-50.31114,-20.46917],[-50.14505,-20.31365]]]},"properties":{"cod_ibge":"351550","name":"Fernandópolis","uf":"SP"}},
{"type":"Feature","geometry":{"type":"Polygon","coordinates":[[[-46.43248,-23.038],[-46.69566,-23.01072],[-46.71136,-23.21126],[-46.70422,-23.25218],[-46.63855,-23.25764],[-46.63712,-23.2581],[-46.51529,-23.23763],[-46.50958,-23.23263],[-46.48245,-23.11212],[-46.43248,-23.038]]]},"properties":{"cod_ibge":"350410","name":"Atibaia","uf":"SP"}},
{"type":"Feature","geometry":{"type":"Polygon","coordinates":[[[-46.89697,-22.20492],[-46.98358,-22.19991],[-46.96978,-22.29541],[-46.89982,-22.24584],[-46.89697,-22.20492]]]},"properties":{"cod_ibge":"355730","name":"Estiva Gerbi","uf":"SP"}},
{"type":"Feature","geometry":{"type":"Polygon","coordinates":[[[-50.18121,-20.90072],[-50.2626,-20.90572],[-50.29924,-20.9994],[-50.17979,-20.98257],[-50.18121,-20.90072]]]},"properties":{"cod_ibge":"352725","name":"Lourdes","uf":"SP"}},
{"type":"Feature","geometry":{"type":"Polygon","coordinates":[[[-50.86652,-20.83069],[-50.67759,-20.89254],[-50.52625,-21.03351],[-50.35825,-21.04351],[-50.29924,-20.9994],[-50.2626,-20.90572],[-50.33636,-20.84615],[-50.43202,-20.7975],[-50.50578,-20.76157],[-50.68568,-20.70791],[-50.7999,-20.67153],[-50.87271,-20.8266],[-50.86652,-20.83069]]]},"properties":{"cod_ibge":"354805","name":"Santo Antônio do Aracanguá","uf":"SP"}},
{"type":"Feature","geometry":{"type":"Polygon","coordinates":[[[-49.91328,-22.33588],[-49.84951,-22.09714],[-49.76813,-22.04667],[-49.88187,-21.96982],[-49.96658,-21.94026],[-50.06033,-21.87432],[-50.04891,-22.0453],[-50.07128,-22.21538],[-50.1498,-22.26039],[-50.06938,-22.49277],[-50.06081,-22.49868],[-49.91328,-22.33588]]]},"properties":{"cod_ibge":"352900","name":"Marília","uf":"SP"}},
{"type":"Feature","geometry":{"type":"Polygon","coordinates":[[[-49.39692,-21.18039],[-49.2846,-21.28907],[-49.22892,-21.31454],[-49.14468,-21.18721],[-49.15325,-21.18448],[-49.31649,-21.12718],[-49.39692,-21.18039]]]},"properties":{"cod_ibge":"355600","name":"Urupês","uf":"SP"}},
{"type":"Feature","geometry":{"type":"Polygon","coordinates":[[[-47.35098,-22.78517],[-47.3881,-22.69922],[-47.49042,-22.72423],[-47.49518,-22.76743],[-47.50708,-22.85247],[-47.39619,-22.90431],[-47.34194,-22.8602],[-47.3586,-22.81745],[-47.35098,-22.78517]]]},"properties":{"cod_ibge":"354580","name":"Santa Bárbara d'Oeste","uf":"SP"}},
{"type":"Feature","geometry":{"type":"Polygon","coordinates":[[[-50.58479,-20.14085],[-50.52054,-20.17587],[-50.48104,-20.15358],[-50.51911,-20.03581],[-50.58479,-20.14085]]]},"properties":{"cod_ibge":"351420","name":"Dolcinópolis","uf":"SP"}},
{"type":"Feature","geometry":{"type":"Polygon","coordinates":[[[-50.97027,-20.40324],[-51.02548,-20.27818],[-50.9184,-20.13039],[-51.00121,-20.09629],[-51.10924,-20.28],[-51.0388,-20.37095],[-50.99074,-20.43188],[-50.97027,-20.40324]]]},"properties":{"cod_ibge":"354450","name":"Rubinéia","uf":"SP"}},
{"type":"Feature","geometry":{"type":"Polygon","coordinates":[[[-50.48389,-22.08032],[-50.34493,-22.06213],[-50.28449,-21.95936],[-50.27069,-21.84158],[-50.33826,-21.80656],[-50.36206,-21.82794],[-50.48389,-22.08032]]]},"properties":{"cod_ibge":"351900","name":"Herculândia","uf":"SP"}},
{"type":"Feature","geometry":{"type":"Polygon","coordinates":[[[-50.1065,-22.68057],[-50.00989,-22.78426],[-49.90233,-22.66648],[-49.88805,-22.52551],[-50.06081,-22.49868],[-50.06938,-22.49277],[-50.13886,-22.57417],[-50.1065,-22.68057]]]},"properties":{"cod_ibge":"350980","name":"Campos Novos Paulista","uf":"SP"}},
{"type":"Feature","geometry":{"type":"Polygon","coordinates":[[[-49.44213,-23.33586],[-49.53779,-23.19625],[-49.54017,-23.28083],[-49.44213,-23.33586]]]},"properties":{"cod_ibge":"355120","name":"Sarutaiá","uf":"SP"}},
{"type":"Feature","geometry":{"type":"Polygon","coordinates":[[[-47.15776,-22.86111],[-47.25771,-22.89885],[-47.24676,-22.90931],[-47.15776,-22.86111]]]},"properties":{"cod_ibge":"351907","name":"Hortolândia","uf":"SP"}},
{"type":"Feature","geometry":{"type":"Polygon","coordinates":[[[-51.0388,-20.37095],[-51.23155,-20.45735],[-50.97789,-20.56512],[-50.96646,-20.54921],[-50.99074,-20.43188],[-51.0388,-20.37095]]]},"properties":{"cod_ibge":"355255","name":"Suzanápolis","uf":"SP"}},
{"type":"Feature","geometry":{"type":"Polygon","coordinates":[[[-50.06081,-21.58374],[-50.14695,-21.52781],[-50.27402,-21.55919],[-50.30019,-21.62467],[-50.24594,-21.69697],[-50.10792,-21.68378],[-50.06081,-21.58374]]]},"properties":{"cod_ibge":"350110","name":"Alto Alegre","uf":"SP"}},
{"type":"Feature","geometry":{"type":"Polygon","coordinates":[[[-49.8338,-20.84934],[-49.7015,-20.8607],[-49.62583,-20.75793],[-49.60536,-20.70746],[-49.83856,-20.61424],[-49.94802,-20.69927],[-49.92518,-20.72337],[-49.90519,-20.76021],[-49.82,-20.67426],[-49.77717,-20.81159],[-49.90519,-20.76157],[-49.90709,-20.85934],[-49.8338,-20.84934]]]},"properties":{"cod_ibge":"353140","name":"Monte Aprazível","uf":"SP"}},
{"type":"Feature","geometry":{"type":"Polygon","coordinates":[[[-47.05497,-22.57053],[-47.09732,-22.6351],[-47.10351,-22.69012],[-47.074,-22.68012],[-47.03117,-22.61918],[-47.04831,-22.57007],[-47.05497,-22.57053]]]},"properties":{"cod_ibge":"351905","name":"Holambra","uf":"SP"}},
{"type":"Feature","geometry":{"type":"Polygon","coordinates":[[[-47.51184,-22.69149],[-47.4771,-22.52642],[-47.48947,-22.52369],[-47.56276,-22.52642],[-47.58275,-22.54188],[-47.51184,-22.69149]]]},"properties":{"cod_ibge":"352140","name":"Iracemápolis","uf":"SP"}},
{"type":"Feature","geometry":{"type":"Polygon","coordinates":[[[-51.22536,-21.34182],[-51.0526,-21.06943],[-50.89984,-20.90982],[-51.07116,-20.83069],[-51.14303,-20.85434],[-51.11638,-20.98849],[-51.30674,-21.17175],[-51.32863,-21.29271],[-51.28628,-21.31908],[-51.22536,-21.34182]]]},"properties":{"cod_ibge":"353010","name":"Mirandópolis","uf":"SP"}},
{"type":"Feature","geometry":{"type":"Polygon","coordinates":[[[-49.25748,-20.95847],[-49.13136,-21.07034],[-49.1109,-21.02714],[-49.07901,-20.81159],[-49.099,-20.78294],[-49.14183,-20.82478],[-49.25748,-20.95847]]]},"properties":{"cod_ibge":"355560","name":"Uchoa","uf":"SP"}},
{"type":"Feature","geometry":{"type":"Polygon","coordinates":[[[-47.18965,-21.21222],[-47.19203,-21.34819],[-47.04402,-21.26724],[-47.11874,-21.18584],[-47.18965,-21.21222]]]},"properties":{"cod_ibge":"351090","name":"Cássia dos Coqueiros","uf":"SP"}},
{"type":"Feature","geometry":{"type":"Polygon","coordinates":[[[-47.7417,-20.15176],[-47.60893,-20.15949],[-47.5423,-20.01307],[-47.54944,-19.99397],[-47.63986,-20.04717],[-47.76264,-19.98624],[-47.85069,-19.98988],[-47.86972,-20.07628],[-47.7417,-20.15176]]]},"properties":{"cod_ibge":"352010","name":"Igarapava","uf":"SP"}},
{"type":"Feature","geometry":{"type":"Polygon","coordinates":[[[-50.00846,-22.78653],[-49.88568,-22.81427],[-49.90233,-22.66648],[-50.00989,-22.78426],[-50.00846,-22.78653]]]},"properties":{"cod_ibge":"354320","name":"Ribeirão do Sul","uf":"SP"}},
{"type":"Feature","geometry":{"type":"Polygon","coordinates":[[[-49.7015,-20.8607],[-49.8338,-20.84934],[-49.85093,-20.93164],[-49.82714,-20.95347],[-49.72625,-20.9321],[-49.7015,-20.8607]]]},"properties":{"cod_ibge":"353270","name":"Nipoã","uf":"SP"}},
{"type":"Feature","geometry":{"type":"Polygon","coordinates":[[[-52.65547,-22.30314],[-52.61168,-22.40136],[-52.51174,-22.38772],[-52.44559,-22.60827],[-52.42132,-22.61054],[-52.28997,-22.62828],[-52.18289,-22.65556],[-52.15243,-22.56916],[-52.13577,-22.52687],[-52.22715,-22.37453],[-52.20954,-22.28632],[-52.28473,-22.27313],[-52.45606,-22.18536],[-52.65547,-22.30314]]]},"properties":{"cod_ibge":"355430","name":"Teodoro Sampaio","uf":"SP"}},
{"type":"Feature","geometry":{"type":"Polygon","coordinates":[[[-47.42808,-23.10121],[-47.50851,-23.09166],[-47.60845,-23.09939],[-47.62939,-23.1917],[-47.57799,-23.36359],[-47.56514,-23.38269],[-47.41809,-23.35768],[-47.41856,-23.16851],[-47.42808,-23.10121]]]},"properties":{"cod_ibge":"354060","name":"Porto Feliz","uf":"SP"}},
{"type":"Feature","geometry":{"type":"Polygon","coordinates":[[[-50.55861,-22.29541],[-50.46533,-22.31587],[-50.45153,-22.17308],[-50.48532,-22.15217],[-50.55861,-22.29541]]]},"properties":{"cod_ibge":"350720","name":"Borá","uf":"SP"}},
{"type":"Feature","geometry":{"type":"Polygon","coordinates":[[[-48.91149,-21.67423],[-48.72684,-21.68651],[-48.58454,-21.62785],[-48.62928,-21.55873],[-48.72588,-21.42003],[-48.75444,-21.42049],[-48.90007,-21.37047],[-48.99144,-21.45641],[-48.97241,-21.66105],[-48.91149,-21.67423]]]},"properties":{"cod_ibge":"352270","name":"Itápolis","uf":"SP"}},
{"type":"Feature","geometry":{"type":"Polygon","coordinates":[[[-47.93683,-23.01435],[-48.05723,-23.10394],[-48.05723,-23.23263],[-48.00917,-23.22353],[-47.91018,-23.16078],[-47.93683,-23.01435]]]},"properties":{"cod_ibge":"353750","name":"Pereiras","uf":"SP"}},
{"type":"Feature","geometry":{"type":"Polygon","coordinates":[[[-47.94301,-24.76738],[-47.83022,-24.75646],[-47.7279,-24.62232],[-47.91827,-24.62732],[-47.94301,-24.76738]]]},"properties":{"cod_ibge":"353620","name":"Pariquera-Açu","uf":"SP"}},
{"type":"Feature","geometry":{"type":"Polygon","coordinates":[[[-47.57847,-22.08896],[-47.39953,-22.08487],[-47.19726,-22.09851],[-47.2163,-21.97618],[-47.34289,-21.83976],[-47.51184,-21.93571],[-47.62653,-22.04348],[-47.57847,-22.08896]]]},"properties":{"cod_ibge":"353930","name":"Pirassununga","uf":"SP"}},
{"type":"Feature","geometry":{"type":"Polygon","coordinates":[[[-51.66843,-21.82566],[-51.58753,-21.90115],[-51.57372,-21.85067],[-51.51186,-21.70197],[-51.53708,-21.68424],[-51.61037,-21.6756],[-51.66843,-21.82566]]]},"properties":{"cod_ibge":"354323","name":"Ribeirão dos Índios","uf":"SP"}},
{"type":"Feature","geometry":{"type":"Polygon","coordinates":[[[-48.70685,-21.20676],[-48.58121,-21.16584],[-48.59787,-21.1431],[-48.72874,-21.16493],[-48.70685,-21.20676]]]},"properties":{"cod_ibge":"355690","name":"Vista Alegre do Alto","uf":"SP"}},
{"type":"Feature","geometry":{"type":"Polygon","coordinates":[[[-46.33063,-23.70874],[-46.42867,-23.76559],[-46.32826,-23.7283],[-46.33063,-23.70874]]]},"properties":{"cod_ibge":"354410","name":"Rio Grande da Serra","uf":"SP"}},
{"type":"Feature","geometry":{"type":"Polygon","coordinates":[[[-48.67401,-22.55188],[-48.82678,-22.48822],[-48.86104,-22.48413],[-48.93195,-22.53006],[-48.94813,-22.82564],[-48.80251,-22.84519],[-48.72922,-22.7647],[-48.68876,-22.69422],[-48.67401,-22.55188]]]},"properties":{"cod_ibge":"352680","name":"Lençóis Paulista","uf":"SP"}},
{"type":"Feature","geometry":{"type":"Polygon","coordinates":[[[-47.31957,-24.33947],[-47.26722,-24.11483],[-47.12731,-24.00887],[-47.20012,-24.00069],[-47.35527,-24.0216],[-47.4771,-24.08117],[-47.56514,-24.18531],[-47.55753,-24.36812],[-47.36669,-24.38494],[-47.31957,-24.33947]]]},"properties":{"cod_ibge":"352990","name":"Miracatu","uf":"SP"}},
{"type":"Feature","geometry":{"type":"Polygon","coordinates":[[[-45.84188,-23.04118],[-45.72147,-23.23809],[-45.64057,-23.19625],[-45.60963,-23.16351],[-45.72528,-22.96933],[-45.84188,-23.04118]]]},"properties":{"cod_ibge":"350850","name":"Caçapava","uf":"SP"}},
{"type":"Feature","geometry":{"type":"Polygon","coordinates":[[[-50.29067,-20.83569],[-50.16408,-20.8748],[-50.12125,-20.83115],[-50.11411,-20.76339],[-50.2507,-20.73656],[-50.26545,-20.75202],[-50.29067,-20.83569]]]},"properties":{"cod_ibge":"351680","name":"Gastão Vidigal","uf":"SP"}},
{"type":"Feature","geometry":{"type":"Polygon","coordinates":[[[-51.1002,-22.48686],[-51.21394,-22.72378],[-51.17586,-22.73878],[-51.00454,-22.79381],[-50.97884,-22.78244],[-50.94505,-22.67512],[-50.97313,-22.54415],[-51.1002,-22.48686]]]},"properties":{"cod_ibge":"351990","name":"Iepê","uf":"SP"}},
{"type":"Feature","geometry":{"type":"Polygon","coordinates":[[[-47.31719,-23.46364],[-47.30768,-23.56095],[-47.29673,-23.6037],[-47.27722,-23.59733],[-47.31719,-23.46364]]]},"properties":{"cod_ibge":"350115","name":"Alumínio","uf":"SP"}},
{"type":"Feature","geometry":{"type":"Polygon","coordinates":[[[-48.04486,-22.07304],[-47.89971,-22.15762],[-47.79977,-22.12807],[-47.72648,-22.04166],[-47.79215,-21.87841],[-47.73695,-21.71198],[-47.86306,-21.61148],[-47.9097,-21.67833],[-47.96776,-21.74154],[-47.96871,-21.82021],[-47.92445,-21.8966],[-47.99584,-22.02984],[-48.09102,-22.05985],[-48.04486,-22.07304]]]},"properties":{"cod_ibge":"354890","name":"São Carlos","uf":"SP"}},
{"type":"Feature","geometry":{"type":"Polygon","coordinates":[[[-49.39501,-23.39543],[-49.47639,-23.54094],[-49.33124,-23.52548],[-49.36027,-23.43499],[-49.39501,-23.39543]]]},"properties":{"cod_ibge":"355300","name":"Taguaí","uf":"SP"}},
{"type":"Feature","geometry":{"type":"Polygon","coordinates":[[[-47.73695,-23.33176],[-47.72552,-23.38542],[-47.65081,-23.45864],[-47.56514,-23.46773],[-47.56514,-23.38269],[-47.57799,-23.36359],[-47.73695,-23.33176]]]},"properties":{"cod_ibge":"352100","name":"Iperó","uf":"SP"}},
{"type":"Feature","geometry":{"type":"Polygon","coordinates":[[[-47.20536,-23.61689],[-47.08162,-23.65326],[-47.05925,-23.62825],[-47.02784,-23.58142],[-46.995,-23.50684],[-47.04402,-23.51593],[-47.06687,-23.47819],[-47.12064,-23.48092],[-47.13825,-23.41134],[-47.18727,-23.41771],[-47.20536,-23.61689]]]},"properties":{"cod_ibge":"355060","name":"São Roque","uf":"SP"}},
{"type":"Feature","geometry":{"type":"Polygon","coordinates":[[[-48.84486,-21.21904],[-48.74159,-21.24541],[-48.69543,-21.22086],[-48.70685,-21.20676],[-48.72874,-21.16493],[-48.77443,-21.10899],[-48.84677,-21.13628],[-48.84486,-21.21904]]]},"properties":{"cod_ibge":"350370","name":"Ariranha","uf":"SP"}},
{"type":"Feature","geometry":{"type":"Polygon","coordinates":[[[-51.35243,-22.32406],[-51.39907,-22.20355],[-51.43381,-22.20537],[-51.49282,-22.3618],[-51.45284,-22.5155],[-51.35243,-22.32406]]]},"properties":{"cod_ibge":"350240","name":"Anhumas","uf":"SP"}},
{"type":"Feature","geometry":{"type":"Polygon","coordinates":[[[-50.45058,-20.15904],[-50.48104,-20.15358],[-50.52054,-20.17587],[-50.46581,-20.2368],[-50.45058,-20.15904]]]},"properties":{"cod_ibge":"355695","name":"Vitória Brasil","uf":"SP"}},
{"type":"Feature","geometry":{"type":"Polygon","coordinates":[[[-50.00751,-20.33184],[-50.02797,-20.18178],[-50.07794,-20.30456],[-50.0532,-20.33639],[-50.00751,-20.33184]]]},"properties":{"cod_ibge":"353625","name":"Parisi","uf":"SP"}},
{"type":"Feature","geometry":{"type":"Polygon","coordinates":[[[-48.50982,-20.29865],[-48.86723,-20.39869],[-48.88627,-20.43689],[-48.852,-20.54466],[-48.79251,-20.72519],[-48.75349,-20.74293],[-48.52553,-20.63515],[-48.34468,-20.57513],[-48.38371,-20.53738],[-48.47794,-20.42825],[-48.50982,-20.29865]]]},"properties":{"cod_ibge":"350550","name":"Barretos","uf":"SP"}},
{"type":"Feature","geometry":{"type":"Polygon","coordinates":[[[-44.84389,-22.42774],[-44.84961,-22.60236],[-44.81677,-22.61373],[-44.68827,-22.52142],[-44.80963,-22.40546],[-44.84389,-22.42774]]]},"properties":{"cod_ibge":"354190","name":"Queluz","uf":"SP"}},
{"type":"Feature","geometry":{"type":"Polygon","coordinates":[[[-48.60976,-23.58187],[-48.64736,-23.32903],[-48.77395,-23.3022],[-48.98478,-23.28765],[-49.00096,-23.37769],[-48.83344,-23.59824],[-48.78109,-23.64281],[-48.60976,-23.58187]]]},"properties":{"cod_ibge":"353580","name":"Paranapanema","uf":"SP"}},
{"type":"Feature","geometry":{"type":"Polygon","coordinates":[[[-48.44415,-21.7238],[-48.59453,-21.84613],[-48.39656,-21.85431],[-48.33088,-21.69743],[-48.44415,-21.7238]]]},"properties":{"cod_ibge":"351685","name":"Gavião Peixoto","uf":"SP"}},
{"type":"Feature","geometry":{"type":"Polygon","coordinates":[[[-46.8232,-23.40088],[-46.66996,-23.41862],[-46.66996,-23.36314],[-46.82368,-23.33085],[-46.8232,-23.40088]]]},"properties":{"cod_ibge":"350900","name":"Caieiras","uf":"SP"}},
{"type":"Feature","geometry":{"type":"Polygon","coordinates":[[[-49.88187,-21.96982],[-49.76813,-22.04667],[-49.74052,-22.0262],[-49.73434,-21.94071],[-49.80953,-21.89024],[-49.88187,-21.96982]]]},"properties":{"cod_ibge":"352580","name":"Júlio Mesquita","uf":"SP"}},
{"type":"Feature","geometry":{"type":"Polygon","coordinates":[[[-50.29924,-22.20855],[-50.32446,-22.35907],[-50.2369,-22.37954],[-50.17265,-22.2463],[-50.29924,-22.20855]]]},"properties":{"cod_ibge":"353450","name":"Oscar Bressane","uf":"SP"}},
{"type":"Feature","geometry":{"type":"Polygon","coordinates":[[[-51.17729,-21.69242],[-51.08021,-21.61512],[-51.05879,-21.39866],[-51.14493,-21.37456],[-51.21394,-21.35501],[-51.2325,-21.62876],[-51.26486,-21.67514],[-51.28342,-21.72153],[-51.24154,-21.73653],[-51.17729,-21.69242]]]},"properties":{"cod_ibge":"351600","name":"Flórida Paulista","uf":"SP"}},
{"type":"Feature","geometry":{"type":"Polygon","coordinates":[[[-48.4451,-22.06304],[-48.60691,-21.98755],[-48.63261,-22.16717],[-48.50744,-22.194],[-48.39608,-22.1217],[-48.4451,-22.06304]]]},"properties":{"cod_ibge":"350680","name":"Bocaina","uf":"SP"}},
{"type":"Feature","geometry":{"type":"Polygon","coordinates":[[[-47.26437,-21.45141],[-47.37954,-21.39548],[-47.44617,-21.5842],[-47.39905,-21.61375],[-47.26437,-21.45141]]]},"properties":{"cod_ibge":"354760","name":"Santa Rosa de Viterbo","uf":"SP"}},
{"type":"Feature","geometry":{"type":"Polygon","coordinates":[[[-45.30743,-23.02527],[-45.32409,-22.85565],[-45.34598,-22.7888],[-45.43926,-22.70331],[-45.61439,-22.79699],[-45.67007,-22.87657],[-45.66627,-22.88157],[-45.5035,-22.97888],[-45.43926,-23.07165],[-45.30743,-23.02527]]]},"properties":{"cod_ibge":"353800","name":"Pindamonhangaba","uf":"SP"}},
{"type":"Feature","geometry":{"type":"Polygon","coordinates":[[[-49.38787,-23.05346],[-49.24558,-23.14486],[-49.22226,-23.03664],[-49.30364,-22.95251],[-49.38787,-23.05346]]]},"properties":{"cod_ibge":"352860","name":"Manduri","uf":"SP"}},
{"type":"Feature","geometry":{"type":"Polygon","coordinates":[[[-47.94349,-21.2004],[-47.8721,-21.06443],[-47.98823,-20.99212],[-48.12481,-21.08944],[-48.18716,-21.13037],[-48.16907,-21.16129],[-48.042,-21.20358],[-47.94349,-21.2004]]]},"properties":{"cod_ibge":"355170","name":"Sertãozinho","uf":"SP"}},
{"type":"Feature","geometry":{"type":"Polygon","coordinates":[[[-49.06759,-23.09302],[-49.00477,-22.88748],[-49.17229,-22.93978],[-49.22226,-23.03664],[-49.24558,-23.14486],[-49.21084,-23.24536],[-49.15135,-23.25991],[-49.06759,-23.09302]]]},"properties":{"cod_ibge":"351140","name":"Cerqueira César","uf":"SP"}},
{"type":"Feature","geometry":{"type":"Polygon","coordinates":[[[-48.33564,-21.38502],[-48.28234,-21.48142],[-48.23475,-21.47369],[-48.11339,-21.42049],[-48.14147,-21.31772],[-48.31184,-21.36092],[-48.33564,-21.38502]]]},"properties":{"cod_ibge":"351860","name":"Guariba","uf":"SP"}},
{"type":"Feature","geometry":{"type":"Polygon","coordinates":[[[-49.43689,-20.87935],[-49.34599,-20.93164],[-49.257,-20.85115],[-49.26652,-20.68017],[-49.35266,-20.63515],[-49.46116,-20.68472],[-49.43689,-20.87935]]]},"properties":{"cod_ibge":"354980","name":"São José do Rio Preto","uf":"SP"}},
{"type":"Feature","geometry":{"type":"Polygon","coordinates":[[[-46.35491,-23.97113],[-46.30636,-23.99296],[-46.17787,-23.88882],[-46.20214,-23.75149],[-46.27828,-23.77013],[-46.32016,-23.80287],[-46.38632,-23.93293],[-46.35491,-23.97113]]]},"properties":{"cod_ibge":"354850","name":"Santos","uf":"SP"}},
{"type":"Feature","geometry":{"type":"Polygon","coordinates":[[[-48.93433,-22.34088],[-49.07996,-22.41728],[-49.15087,-22.5196],[-49.35123,-22.64238],[-49.37978,-22.73378],[-49.37598,-22.77743],[-49.18276,-22.72423],[-49.09519,-22.66693],[-48.93195,-22.53006],[-48.86104,-22.48413],[-48.93433,-22.34088]]]},"properties":{"cod_ibge":"350070","name":"Agudos","uf":"SP"}},
{"type":"Feature","geometry":{"type":"Polygon","coordinates":[[[-47.96205,-20.81432],[-47.98918,-20.61696],[-48.13385,-20.49373],[-48.21143,-20.45508],[-48.38371,-20.53738],[-48.34468,-20.57513],[-48.33849,-20.69563],[-48.25521,-20.80614],[-48.20762,-20.87526],[-48.17907,-20.88708],[-48.05771,-20.93028],[-47.98537,-20.87617],[-47.96205,-20.81432]]]},"properties":{"cod_ibge":"353190","name":"Morro Agudo","uf":"SP"}},
{"type":"Feature","geometry":{"type":"Polygon","coordinates":[[[-49.24986,-22.04394],[-49.30269,-22.01393],[-49.55635,-22.12988],[-49.53017,-22.18172],[-49.45878,-22.2413],[-49.35504,-22.08987],[-49.24986,-22.04394]]]},"properties":{"cod_ibge":"354110","name":"Presidente Alves","uf":"SP"}},
{"type":"Feature","geometry":{"type":"Polygon","coordinates":[[[-51.40192,-21.07534],[-51.47569,-21.04988],[-51.59133,-21.08716],[-51.63988,-21.16311],[-51.6394,-21.16265],[-51.50186,-21.22086],[-51.48568,-21.23268],[-51.40525,-21.13537],[-51.40192,-21.07534]]]},"properties":{"cod_ibge":"353320","name":"Nova Independência","uf":"SP"}},
{"type":"Feature","geometry":{"type":"Polygon","coordinates":[[[-48.90007,-21.37047],[-48.92006,-21.29953],[-49.01048,-21.2536],[-49.05902,-21.24223],[-49.23416,-21.32363],[-49.08234,-21.4646],[-48.99144,-21.45641],[-48.90007,-21.37047]]]},"properties":{"cod_ibge":"352190","name":"Itajobi","uf":"SP"}},
{"type":"Feature","geometry":{"type":"Polygon","coordinates":[[[-46.1574,-23.34268],[-46.24783,-23.40543],[-46.27067,-23.42999],[-46.28828,-23.48956],[-46.26686,-23.68555],[-46.32207,-23.74421],[-46.27828,-23.77013],[-46.20214,-23.75149],[-46.10077,-23.71829],[-46.07698,-23.51457],[-46.1574,-23.34268]]]},"properties":{"cod_ibge":"353060","name":"Mogi das Cruzes","uf":"SP"}},
{"type":"Feature","geometry":{"type":"Polygon","coordinates":[[[-51.31578,-22.12943],[-51.23012,-22.22129],[-51.20775,-22.06804],[-51.28866,-22.04485],[-51.31578,-22.12943]]]},"properties":{"cod_ibge":"352060","name":"Indiana","uf":"SP"}},
{"type":"Feature","geometry":{"type":"Polygon","coordinates":[[[-51.80882,-21.37456],[-51.86117,-21.33682],[-51.96207,-21.49325],[-51.94113,-21.54691],[-51.86022,-21.58056],[-51.84261,-21.57828],[-51.77313,-21.3882],[-51.80882,-21.37456]]]},"properties":{"cod_ibge":"353540","name":"Panorama","uf":"SP"}},
{"type":"Feature","geometry":{"type":"Polygon","coordinates":[[[-46.6514,-23.73102],[-46.57858,-23.6901],[-46.61618,-23.65781],[-46.6514,-23.73102]]]},"properties":{"cod_ibge":"351380","name":"Diadema","uf":"SP"}},
{"type":"Feature","geometry":{"type":"Polygon","coordinates":[[[-47.61083,-20.27727],[-47.64557,-20.28819],[-47.62606,-20.40733],[-47.52945,-20.39141],[-47.49852,-20.31638],[-47.61083,-20.27727]]]},"properties":{"cod_ibge":"352540","name":"Jeriquara","uf":"SP"}},
{"type":"Feature","geometry":{"type":"Polygon","coordinates":[[[-50.24879,-21.21313],[-50.35397,-21.4505],[-50.4225,-21.4455],[-50.44059,-21.48825],[-50.38443,-21.48961],[-50.29972,-21.45687],[-50.20644,-21.2586],[-50.24879,-21.21313]]]},"properties":{"cod_ibge":"351250","name":"Coroados","uf":"SP"}},
{"type":"Feature","geometry":{"type":"Polygon","coordinates":[[[-46.99548,-23.11667],[-46.86556,-23.0762],[-46.916,-23.04573],[-46.99548,-23.11531],[-46.99548,-23.11667]]]},"properties":{"cod_ibge":"352730","name":"Louveira","uf":"SP"}},
{"type":"Feature","geometry":{"type":"Polygon","coordinates":[[[-45.5035,-22.97888],[-45.66627,-22.88157],[-45.70481,-22.94796],[-45.5035,-22.97888]]]},"properties":{"cod_ibge":"355480","name":"Tremembé","uf":"SP"}},
{"type":"Feature","geometry":{"type":"Polygon","coordinates":[[[-50.50578,-20.76157],[-50.47628,-20.6879],[-50.55433,-20.52829],[-50.62476,-20.50828],[-50.6557,-20.51692],[-50.67949,-20.53011],[-50.61715,-20.6588],[-50.68568,-20.70791],[-50.50578,-20.76157]]]},"properties":{"cod_ibge":"350420","name":"Auriflama","uf":"SP"}},
{"type":"Feature","geometry":{"type":"Polygon","coordinates":[[[-50.1498,-22.26039],[-50.07128,-22.21538],[-50.04891,-22.0453],[-50.17265,-22.2463],[-50.1498,-22.26039]]]},"properties":{"cod_ibge":"353410","name":"Oriente","uf":"SP"}},
{"type":"Feature","geometry":{"type":"Polygon","coordinates":[[[-50.83845,-20.41188],[-50.87319,-20.54239],[-50.81227,-20.53102],[-50.83845,-20.41188]]]},"properties":{"cod_ibge":"352910","name":"Marinópolis","uf":"SP"}},
{"type":"Feature","geometry":{"type":"Polygon","coordinates":[[[-49.83904,-21.76064],[-49.96658,-21.94026],[-49.88187,-21.96982],[-49.80953,-21.89024],[-49.77193,-21.80429],[-49.83904,-21.76064]]]},"properties":{"cod_ibge":"351730","name":"Guaimbê","uf":"SP"}},
{"type":"Feature","geometry":{"type":"Polygon","coordinates":[[[-47.91446,-20.41642],[-47.80167,-20.39232],[-47.62653,-20.48054],[-47.61511,-20.48145],[-47.62606,-20.40733],[-47.64557,-20.28819],[-47.83641,-20.2418],[-47.88971,-20.15586],[-48.0401,-20.35321],[-47.91446,-20.41642]]]},"properties":{"cod_ibge":"352410","name":"Ituverava","uf":"SP"}},
{"type":"Feature","geometry":{"type":"Polygon","coordinates":[[[-50.30114,-22.54597],[-50.13886,-22.57417],[-50.06938,-22.49277],[-50.1498,-22.26039],[-50.17265,-22.2463],[-50.2369,-22.37954],[-50.35016,-22.47912],[-50.30114,-22.54597]]]},"properties":{"cod_ibge":"351470","name":"Echaporã","uf":"SP"}},
{"type":"Feature","geometry":{"type":"Polygon","coordinates":[[[-49.13421,-22.04985],[-48.90292,-21.93344],[-48.89198,-21.90661],[-49.08424,-21.75563],[-49.10471,-21.75109],[-49.1523,-21.85977],[-49.13421,-22.04985]]]},"properties":{"cod_ibge":"351910","name":"Iacanga","uf":"SP"}},
{"type":"Feature","geometry":{"type":"Polygon","coordinates":[[[-47.91018,-23.60597],[-47.77978,-23.5323],[-47.80738,-23.48865],[-47.91018,-23.60597]]]},"properties":{"cod_ibge":"350075","name":"Alambari","uf":"SP"}},
{"type":"Feature","geometry":{"type":"Polygon","coordinates":[[[-50.82274,-20.21679],[-50.82655,-20.33093],[-50.78514,-20.33593],[-50.7485,-20.23453],[-50.75944,-20.16541],[-50.82274,-20.21679]]]},"properties":{"cod_ibge":"354720","name":"Santana da Ponte Pensa","uf":"SP"}},
{"type":"Feature","geometry":{"type":"Polygon","coordinates":[[[-47.94301,-24.76738],[-48.02582,-24.94382],[-48.21048,-24.957],[-48.23951,-24.99157],[-48.09626,-25.30897],[-47.92398,-25.16073],[-47.9097,-25.05295],[-47.89733,-24.97338],[-47.73457,-24.83559],[-47.83022,-24.75646],[-47.94301,-24.76738]]]},"properties":{"cod_ibge":"350990","name":"Cananéia","uf":"SP"}},
{"type":"Feature","geometry":{"type":"Polygon","coordinates":[[[-51.47569,-21.04988],[-51.41953,-20.68108],[-51.57515,-20.62333],[-51.63512,-20.75475],[-51.62369,-20.94438],[-51.77265,-21.05124],[-51.68223,-21.14901],[-51.63988,-21.16311],[-51.59133,-21.08716],[-51.47569,-21.04988]]]},"properties":{"cod_ibge":"351100","name":"Castilho","uf":"SP"}},
{"type":"Feature","geometry":{"type":"Polygon","coordinates":[[[-46.98215,-21.96754],[-47.19536,-21.97391],[-47.2163,-21.97618],[-47.19726,-22.09851],[-47.10066,-22.06713],[-46.93694,-22.14626],[-46.87507,-22.11306],[-46.89221,-22.08623],[-46.9398,-21.978],[-46.98215,-21.96754]]]},"properties":{"cod_ibge":"350030","name":"Aguaí","uf":"SP"}},
{"type":"Feature","geometry":{"type":"Polygon","coordinates":[[[-45.10374,-22.5628],[-44.92765,-22.65465],[-44.90529,-22.61191],[-44.96573,-22.47503],[-45.10279,-22.49004],[-45.12421,-22.49731],[-45.10374,-22.5628]]]},"properties":{"cod_ibge":"351340","name":"Cruzeiro","uf":"SP"}},
{"type":"Feature","geometry":{"type":"Polygon","coordinates":[[[-48.50982,-20.29865],[-48.64688,-20.16723],[-48.72969,-20.1504],[-48.82202,-20.16177],[-48.88722,-20.27545],[-48.86723,-20.39869],[-48.50982,-20.29865]]]},"properties":{"cod_ibge":"351210","name":"Colômbia","uf":"SP"}},
{"type":"Feature","geometry":{"type":"Polygon","coordinates":[[[-47.30768,-23.56095],[-47.49233,-23.58414],[-47.49423,-23.65008],[-47.36859,-23.63371],[-47.29673,-23.6037],[-47.30768,-23.56095]]]},"properties":{"cod_ibge":"355700","name":"Votorantim","uf":"SP"}},
{"type":"Feature","geometry":{"type":"Polygon","coordinates":[[[-48.1705,-21.65468],[-47.99774,-21.63513],[-47.9097,-21.67833],[-47.86306,-21.61148],[-47.92731,-21.57601],[-48.07437,-21.47915],[-48.16669,-21.60602],[-48.1705,-21.65468]]]},"properties":{"cod_ibge":"354370","name":"Rincão","uf":"SP"}},
{"type":"Feature","geometry":{"type":"Polygon","coordinates":[[[-48.93433,-22.34088],[-49.03427,-22.20719],[-49.13088,-22.06167],[-49.16087,-22.06577],[-49.28555,-22.34498],[-49.22321,-22.30405],[-49.07996,-22.41728],[-48.93433,-22.34088]]]},"properties":{"cod_ibge":"350600","name":"Bauru","uf":"SP"}},
{"type":"Feature","geometry":{"type":"Polygon","coordinates":[[[-51.21917,-22.35544],[-51.23012,-22.22174],[-51.23012,-22.22129],[-51.31578,-22.12943],[-51.39907,-22.20355],[-51.35243,-22.32406],[-51.21917,-22.35544]]]},"properties":{"cod_ibge":"354240","name":"Regente Feijó","uf":"SP"}},
{"type":"Feature","geometry":{"type":"Polygon","coordinates":[[[-51.83833,-22.35771],[-51.94779,-22.51459],[-52.03298,-22.53915],[-52.02822,-22.53961],[-51.90163,-22.6019],[-51.8902,-22.61327],[-51.78455,-22.5346],[-51.71126,-22.39227],[-51.71221,-22.35134],[-51.83833,-22.35771]]]},"properties":{"cod_ibge":"354550","name":"Sandovalina","uf":"SP"}},
{"type":"Feature","geometry":{"type":"Polygon","coordinates":[[[-49.8062,-20.07355],[-49.65438,-20.17041],[-49.6244,-20.17632],[-49.55016,-20.02307],[-49.61346,-19.91985],[-49.74957,-19.92485],[-49.90614,-19.93713],[-49.8062,-20.07355]]]},"properties":{"cod_ibge":"354420","name":"Riolândia","uf":"SP"}},
{"type":"Feature","geometry":{"type":"Polygon","coordinates":[[[-47.27912,-22.66329],[-47.22677,-22.57007],[-47.23677,-22.52051],[-47.25295,-22.47685],[-47.30196,-22.44502],[-47.4771,-22.52642],[-47.51184,-22.69149],[-47.49042,-22.72423],[-47.3881,-22.69922],[-47.27912,-22.66329]]]},"properties":{"cod_ibge":"352690","name":"Limeira","uf":"SP"}},
{"type":"Feature","geometry":{"type":"Polygon","coordinates":[[[-50.55385,-21.45005],[-50.62238,-21.45187],[-50.65284,-21.49279],[-50.541,-21.57374],[-50.49341,-21.5219],[-50.55385,-21.45005]]]},"properties":{"cod_ibge":"351650","name":"Gabriel Monteiro","uf":"SP"}},
{"type":"Feature","geometry":{"type":"Polygon","coordinates":[[[-50.74231,-20.32457],[-50.67188,-20.4378],[-50.61286,-20.37595],[-50.65665,-20.32684],[-50.73422,-20.31229],[-50.74231,-20.32457]]]},"properties":{"cod_ibge":"354900","name":"São Francisco","uf":"SP"}},
{"type":"Feature","geometry":{"type":"Polygon","coordinates":[[[-46.32968,-23.50593],[-46.36633,-23.51229],[-46.35015,-23.57368],[-46.32968,-23.50593]]]},"properties":{"cod_ibge":"353980","name":"Poá","uf":"SP"}},
{"type":"Feature","geometry":{"type":"Polygon","coordinates":[[[-45.069,-22.67648],[-45.06091,-22.75015],[-44.97525,-22.8079],[-45.069,-22.67648]]]},"properties":{"cod_ibge":"350995","name":"Canas","uf":"SP"}},
{"type":"Feature","geometry":{"type":"Polygon","coordinates":[[[-45.069,-22.67648],[-44.97525,-22.8079],[-44.89529,-22.84474],[-44.92765,-22.65465],[-45.10374,-22.5628],[-45.11231,-22.63465],[-45.069,-22.67648]]]},"properties":{"cod_ibge":"350860","name":"Cachoeira Paulista","uf":"SP"}},
{"type":"Feature","geometry":{"type":"Polygon","coordinates":[[[-45.11231,-22.63465],[-45.10374,-22.5628],[-45.12421,-22.49731],[-45.16656,-22.53051],[-45.26888,-22.61145],[-45.20368,-22.65602],[-45.11231,-22.63465]]]},"properties":{"cod_ibge":"353850","name":"Piquete","uf":"SP"}},
{"type":"Feature","geometry":{"type":"Polygon","coordinates":[[[-46.70946,-24.14393],[-46.60428,-24.08982],[-46.59286,-23.9975],[-46.64236,-24.01024],[-46.70946,-24.14393]]]},"properties":{"cod_ibge":"353110","name":"Mongaguá","uf":"SP"}},
{"type":"Feature","geometry":{"type":"Polygon","coordinates":[[[-47.38858,-23.98295],[-47.43998,-23.9011],[-47.57418,-23.86335],[-47.68412,-23.9925],[-47.81452,-23.9584],[-47.89495,-24.07936],[-47.77264,-24.13438],[-47.68031,-24.04525],[-47.4771,-24.08117],[-47.35527,-24.0216],[-47.38858,-23.98295]]]},"properties":{"cod_ibge":"355350","name":"Tapiraí","uf":"SP"}},
{"type":"Feature","geometry":{"type":"Polygon","coordinates":[[[-47.77645,-22.44411],[-47.66937,-22.54006],[-47.65461,-22.52096],[-47.66651,-22.38045],[-47.76027,-22.34043],[-47.77645,-22.44411]]]},"properties":{"cod_ibge":"352110","name":"Ipeúna","uf":"SP"}},
{"type":"Feature","geometry":{"type":"Polygon","coordinates":[[[-47.49233,-23.58414],[-47.30768,-23.56095],[-47.31719,-23.46364],[-47.32624,-23.43999],[-47.41809,-23.35768],[-47.56514,-23.38269],[-47.56514,-23.46773],[-47.55658,-23.57368],[-47.49233,-23.58414]]]},"properties":{"cod_ibge":"355220","name":"Sorocaba","uf":"SP"}},
{"type":"Feature","geometry":{"type":"Polygon","coordinates":[[[-50.44059,-21.48825],[-50.49341,-21.5219],[-50.541,-21.57374],[-50.55623,-21.61103],[-50.44534,-21.6615],[-50.42488,-21.63149],[-50.38443,-21.48961],[-50.44059,-21.48825]]]},"properties":{"cod_ibge":"351190","name":"Clementina","uf":"SP"}},
{"type":"Feature","geometry":{"type":"Polygon","coordinates":[[[-50.51911,-20.03581],[-50.48104,-20.15358],[-50.45058,-20.15904],[-50.39395,-20.10356],[-50.42298,-20.05445],[-50.43345,-19.98351],[-50.51816,-20.02944],[-50.51911,-20.03581]]]},"properties":{"cod_ibge":"355530","name":"Turmalina","uf":"SP"}},
{"type":"Feature","geometry":{"type":"Polygon","coordinates":[[[-46.87603,-23.5655],[-46.81749,-23.58187],[-46.81749,-23.52093],[-46.8608,-23.54504],[-46.87603,-23.5655]]]},"properties":{"cod_ibge":"351060","name":"Carapicuíba","uf":"SP"}},
{"type":"Feature","geometry":{"type":"Polygon","coordinates":[[[-47.22677,-22.57007],[-47.09732,-22.6351],[-47.05497,-22.57053],[-47.08638,-22.47412],[-47.23677,-22.52051],[-47.22677,-22.57007]]]},"properties":{"cod_ibge":"350380","name":"Artur Nogueira","uf":"SP"}},
{"type":"Feature","geometry":{"type":"Polygon","coordinates":[[[-50.33922,-20.33866],[-50.38919,-20.10584],[-50.39395,-20.10356],[-50.45058,-20.15904],[-50.46581,-20.2368],[-50.46866,-20.3905],[-50.43012,-20.41233],[-50.33922,-20.33866]]]},"properties":{"cod_ibge":"351520","name":"Estrela d'Oeste","uf":"SP"}},
{"type":"Feature","geometry":{"type":"Polygon","coordinates":[[[-52.76445,-22.60873],[-52.61168,-22.40136],[-52.65547,-22.30314],[-52.94815,-22.47321],[-53.1052,-22.62191],[-53.03857,-22.61828],[-53.01145,-22.59872],[-52.78301,-22.6019],[-52.76445,-22.60873]]]},"properties":{"cod_ibge":"354425","name":"Rosana","uf":"SP"}},
{"type":"Feature","geometry":{"type":"Polygon","coordinates":[[[-47.72552,-23.38542],[-47.73695,-23.33176],[-47.77216,-23.25173],[-47.81452,-23.22808],[-47.95015,-23.27947],[-48.08341,-23.37269],[-48.04867,-23.42408],[-47.95015,-23.40861],[-47.80738,-23.48865],[-47.72552,-23.38542]]]},"properties":{"cod_ibge":"355400","name":"Tatuí","uf":"SP"}},
{"type":"Feature","geometry":{"type":"Polygon","coordinates":[[[-47.3467,-21.80656],[-47.52421,-21.80247],[-47.51184,-21.93571],[-47.34289,-21.83976],[-47.3467,-21.80656]]]},"properties":{"cod_ibge":"354070","name":"Porto Ferreira","uf":"SP"}},
{"type":"Feature","geometry":{"type":"Polygon","coordinates":[[[-48.84391,-22.12897],[-48.77157,-22.2272],[-48.71446,-22.18036],[-48.84391,-22.12897]]]},"properties":{"cod_ibge":"350730","name":"Boracéia","uf":"SP"}},
{"type":"Feature","geometry":{"type":"Polygon","coordinates":[[[-51.94113,-21.54691],[-51.9773,-21.767],[-52.12578,-21.8816],[-52.14386,-21.99846],[-52.02298,-21.94844],[-51.88782,-21.76336],[-51.86022,-21.58056],[-51.94113,-21.54691]]]},"properties":{"cod_ibge":"350910","name":"Caiuá","uf":"SP"}},
{"type":"Feature","geometry":{"type":"Polygon","coordinates":[[[-47.24724,-24.36175],[-47.14777,-24.20714],[-47.06734,-24.20168],[-46.98311,-24.12347],[-46.97882,-24.06435],[-47.12731,-24.00887],[-47.26722,-24.11483],[-47.31957,-24.33947],[-47.24724,-24.36175]]]},"properties":{"cod_ibge":"353720","name":"Pedro de Toledo","uf":"SP"}},
{"type":"Feature","geometry":{"type":"Polygon","coordinates":[[[-49.28508,-21.86022],[-49.33981,-21.8384],[-49.38787,-21.93662],[-49.31744,-21.93707],[-49.28508,-21.86022]]]},"properties":{"cod_ibge":"350470","name":"Balbinos","uf":"SP"}},
{"type":"Feature","geometry":{"type":"Polygon","coordinates":[[[-49.73529,-22.38227],[-49.85474,-22.3568],[-49.8852,-22.50595],[-49.81762,-22.52596],[-49.73529,-22.38227]]]},"properties":{"cod_ibge":"352780","name":"Lupércio","uf":"SP"}},
{"type":"Feature","geometry":{"type":"Polygon","coordinates":[[[-51.24202,-20.85798],[-51.19823,-20.95029],[-51.33054,-21.11127],[-51.40525,-21.13537],[-51.48568,-21.23268],[-51.32863,-21.29271],[-51.30674,-21.17175],[-51.11638,-20.98849],[-51.14303,-20.85434],[-51.24202,-20.85798]]]},"properties":{"cod_ibge":"351780","name":"Guaraçaí","uf":"SP"}},
{"type":"Feature","geometry":{"type":"Polygon","coordinates":[[[-51.14493,-21.37456],[-51.05403,-21.22904],[-50.94981,-21.17084],[-50.85034,-20.93574],[-50.89984,-20.90982],[-51.0526,-21.06943],[-51.22536,-21.34182],[-51.21394,-21.35501],[-51.14493,-21.37456]]]},"properties":{"cod_ibge":"352650","name":"Lavínia","uf":"SP"}},
{"type":"Feature","geometry":{"type":"Polygon","coordinates":[[[-46.1574,-23.34268],[-46.10125,-23.30857],[-46.14598,-23.25673],[-46.2621,-23.18625],[-46.36395,-23.27401],[-46.33635,-23.33495],[-46.24783,-23.40543],[-46.1574,-23.34268]]]},"properties":{"cod_ibge":"354680","name":"Santa Isabel","uf":"SP"}},
{"type":"Feature","geometry":{"type":"Polygon","coordinates":[[[-45.27792,-22.85201],[-45.23747,-22.82427],[-45.34598,-22.7888],[-45.32409,-22.85565],[-45.27792,-22.85201]]]},"properties":{"cod_ibge":"354075","name":"Potim","uf":"SP"}},
{"type":"Feature","geometry":{"type":"Polygon","coordinates":[[[-46.0746,-23.18079],[-45.95562,-23.20398],[-45.90422,-23.29493],[-45.79381,-23.2922],[-45.72147,-23.23809],[-45.84188,-23.04118],[-45.87091,-22.87157],[-45.95657,-22.84974],[-46.0508,-22.89703],[-46.08269,-22.98571],[-46.0746,-23.18079]]]},"properties":{"cod_ibge":"354990","name":"São José dos Campos","uf":"SP"}},
{"type":"Feature","geometry":{"type":"Polygon","coordinates":[[[-45.80523,-22.73742],[-45.71243,-22.7697],[-45.67626,-22.78744],[-45.5806,-22.65284],[-45.57632,-22.6019],[-45.67864,-22.57326],[-45.73004,-22.61873],[-45.80523,-22.73742]]]},"properties":{"cod_ibge":"354860","name":"São Bento do Sapucaí","uf":"SP"}},
{"type":"Feature","geometry":{"type":"Polygon","coordinates":[[[-45.84235,-23.75831],[-45.39643,-23.80833],[-45.42688,-23.70829],[-45.53111,-23.75604],[-45.71957,-23.64872],[-45.79619,-23.68282],[-45.84235,-23.75831]]]},"properties":{"cod_ibge":"355070","name":"São Sebastião","uf":"SP"}},
{"type":"Feature","geometry":{"type":"Polygon","coordinates":[[[-49.46116,-20.68472],[-49.35266,-20.63515],[-49.36455,-20.6056],[-49.44594,-20.5433],[-49.46545,-20.68154],[-49.46116,-20.68472]]]},"properties":{"cod_ibge":"352115","name":"Ipiguá","uf":"SP"}},
{"type":"Feature","geometry":{"type":"Polygon","coordinates":[[[-49.03427,-22.20719],[-48.86104,-22.09078],[-48.86723,-22.02393],[-48.90292,-21.93344],[-49.13421,-22.04985],[-49.13088,-22.06167],[-49.03427,-22.20719]]]},"properties":{"cod_ibge":"350340","name":"Arealva","uf":"SP"}},
{"type":"Feature","geometry":{"type":"Polygon","coordinates":[[[-51.41953,-20.68108],[-51.47569,-21.04988],[-51.40192,-21.07534],[-51.24202,-20.85798],[-51.14303,-20.85434],[-51.23345,-20.64607],[-51.31531,-20.67426],[-51.34291,-20.68199],[-51.41953,-20.68108]]]},"properties":{"cod_ibge":"350210","name":"Andradina","uf":"SP"}},
{"type":"Feature","geometry":{"type":"Polygon","coordinates":[[[-50.06081,-22.49868],[-49.88805,-22.52551],[-49.8852,-22.50595],[-49.85474,-22.3568],[-49.91328,-22.33588],[-50.06081,-22.49868]]]},"properties":{"cod_ibge":"353370","name":"Ocauçu","uf":"SP"}},
{"type":"Feature","geometry":{"type":"Polygon","coordinates":[[[-49.66057,-21.16129],[-49.73624,-21.13446],[-49.85664,-21.26042],[-49.83142,-21.27497],[-49.74623,-21.2968],[-49.68389,-21.20403],[-49.66057,-21.16129]]]},"properties":{"cod_ibge":"355535","name":"Ubarana","uf":"SP"}},
{"type":"Feature","geometry":{"type":"Polygon","coordinates":[[[-46.51529,-23.23763],[-46.41868,-23.3163],[-46.36395,-23.27401],[-46.2621,-23.18625],[-46.21499,-23.10849],[-46.41535,-23.12076],[-46.50958,-23.23263],[-46.51529,-23.23763]]]},"properties":{"cod_ibge":"353240","name":"Nazaré Paulista","uf":"SP"}},
{"type":"Feature","geometry":{"type":"Polygon","coordinates":[[[-47.14254,-20.56558],[-47.25199,-20.64789],[-47.18632,-20.73156],[-47.10113,-20.68199],[-47.14254,-20.56558]]]},"properties":{"cod_ibge":"352370","name":"Itirapuã","uf":"SP"}},
{"type":"Feature","geometry":{"type":"Polygon","coordinates":[[[-50.44963,-22.45912],[-50.46533,-22.31587],[-50.55861,-22.29541],[-50.68044,-22.2945],[-50.78372,-22.43502],[-50.8294,-22.42819],[-50.8275,-22.64511],[-50.69187,-22.54688],[-50.51435,-22.60372],[-50.44963,-22.45912]]]},"properties":{"cod_ibge":"353550","name":"Paraguaçu Paulista","uf":"SP"}},
{"type":"Feature","geometry":{"type":"Polygon","coordinates":[[[-48.58168,-23.98295],[-48.69162,-24.0216],[-48.77871,-23.95339],[-48.73445,-23.85426],[-48.78109,-23.64281],[-48.83344,-23.59824],[-49.05426,-23.68601],[-49.01095,-24.00842],[-49.19941,-24.098],[-49.13707,-24.18577],[-48.98335,-24.10118],[-48.82202,-24.12801],[-48.66069,-24.14347],[-48.56931,-24.09072],[-48.58168,-23.98295]]]},"properties":{"cod_ibge":"352240","name":"Itapeva","uf":"SP"}},
{"type":"Feature","geometry":{"type":"Polygon","coordinates":[[[-46.39774,-22.96843],[-46.08649,-22.9848],[-46.08269,-22.98571],[-46.0508,-22.89703],[-46.19215,-22.8652],[-46.34491,-22.90522],[-46.39774,-22.96843]]]},"properties":{"cod_ibge":"352550","name":"Joanópolis","uf":"SP"}},
{"type":"Feature","geometry":{"type":"Polygon","coordinates":[[[-49.45783,-20.21816],[-49.30745,-20.30137],[-49.3084,-20.31138],[-49.25985,-20.25863],[-49.26509,-20.22952],[-49.30602,-20.11675],[-49.45783,-20.21816]]]},"properties":{"cod_ibge":"353420","name":"Orindiúva","uf":"SP"}},
{"type":"Feature","geometry":{"type":"Polygon","coordinates":[[[-48.08484,-24.58048],[-48.01345,-24.51],[-48.0144,-24.37812],[-48.13956,-24.19441],[-48.28091,-24.28172],[-48.38323,-24.304],[-48.35134,-24.45906],[-48.46461,-24.66006],[-48.29614,-24.80103],[-48.30661,-24.73236],[-48.12909,-24.64915],[-48.08484,-24.58048]]]},"properties":{"cod_ibge":"351480","name":"Eldorado","uf":"SP"}},
{"type":"Feature","geometry":{"type":"Polygon","coordinates":[[[-48.56788,-21.07534],[-48.68591,-21.01031],[-48.694,-21.00668],[-48.77681,-21.09944],[-48.77443,-21.10899],[-48.72874,-21.16493],[-48.59787,-21.1431],[-48.56788,-21.07534]]]},"properties":{"cod_ibge":"353900","name":"Pirangi","uf":"SP"}},
{"type":"Feature","geometry":{"type":"Polygon","coordinates":[[[-49.85474,-22.3568],[-49.7429,-22.29314],[-49.82476,-22.1126],[-49.84951,-22.09714],[-49.91328,-22.33588],[-49.85474,-22.3568]]]},"properties":{"cod_ibge":"355660","name":"Vera Cruz","uf":"SP"}},
{"type":"Feature","geometry":{"type":"Polygon","coordinates":[[[-48.34468,-20.57513],[-48.52553,-20.63515],[-48.43701,-20.75293],[-48.33849,-20.69563],[-48.34468,-20.57513]]]},"properties":{"cod_ibge":"352420","name":"Jaborandi","uf":"SP"}},
{"type":"Feature","geometry":{"type":"Polygon","coordinates":[[[-50.20311,-20.48145],[-50.08127,-20.31047],[-50.14505,-20.31365],[-50.31114,-20.46917],[-50.28496,-20.46963],[-50.20311,-20.48145]]]},"properties":{"cod_ibge":"352960","name":"Meridiano","uf":"SP"}},
{"type":"Feature","geometry":{"type":"Polygon","coordinates":[[[-50.4225,-21.4455],[-50.35397,-21.4505],[-50.24879,-21.21313],[-50.25308,-21.11718],[-50.34683,-21.06034],[-50.46581,-21.30771],[-50.4225,-21.4455]]]},"properties":{"cod_ibge":"350650","name":"Birigui","uf":"SP"}},
{"type":"Feature","geometry":{"type":"Polygon","coordinates":[[[-48.66973,-21.83157],[-48.72684,-21.68651],[-48.91149,-21.67423],[-49.08424,-21.75563],[-48.89198,-21.90661],[-48.67877,-21.92798],[-48.65783,-21.84476],[-48.66973,-21.83157]]]},"properties":{"cod_ibge":"351960","name":"Ibitinga","uf":"SP"}},
{"type":"Feature","geometry":{"type":"Polygon","coordinates":[[[-50.64951,-20.00397],[-50.55147,-19.9917],[-50.61429,-19.86119],[-50.68663,-19.91621],[-50.64951,-20.00397]]]},"properties":{"cod_ibge":"352965","name":"Mesópolis","uf":"SP"}},
{"type":"Feature","geometry":{"type":"Polygon","coordinates":[[[-48.01345,-24.51],[-47.80024,-24.35175],[-47.77264,-24.13438],[-47.89495,-24.07936],[-47.95301,-24.11983],[-48.13956,-24.19441],[-48.0144,-24.37812],[-48.01345,-24.51]]]},"properties":{"cod_ibge":"355180","name":"Sete Barras","uf":"SP"}},
{"type":"Feature","geometry":{"type":"Polygon","coordinates":[[[-48.14575,-21.70152],[-48.10197,-21.77064],[-47.96776,-21.74154],[-47.9097,-21.67833],[-48.14575,-21.70152]]]},"properties":{"cod_ibge":"350170","name":"Américo Brasiliense","uf":"SP"}},
{"type":"Feature","geometry":{"type":"Polygon","coordinates":[[[-49.01048,-21.2536],[-48.88293,-21.10535],[-48.81916,-21.04169],[-48.84439,-21.01532],[-48.85962,-21.00622],[-48.94004,-21.05943],[-48.96384,-21.05351],[-49.0457,-21.13537],[-49.09138,-21.22131],[-49.05902,-21.24223],[-49.01048,-21.2536]]]},"properties":{"cod_ibge":"351110","name":"Catanduva","uf":"SP"}},
{"type":"Feature","geometry":{"type":"Polygon","coordinates":[[[-47.02879,-23.84607],[-46.9122,-23.93429],[-46.87222,-23.79696],[-46.93789,-23.7765],[-46.98882,-23.8006],[-47.02879,-23.84607]]]},"properties":{"cod_ibge":"354995","name":"São Lourenço da Serra","uf":"SP"}},
{"type":"Feature","geometry":{"type":"Polygon","coordinates":[[[-51.62084,-22.2845],[-51.60513,-22.15171],[-51.4676,-21.9589],[-51.42381,-21.87705],[-51.42286,-21.87387],[-51.57372,-21.85067],[-51.58753,-21.90115],[-51.73839,-22.17991],[-51.83833,-22.35771],[-51.71221,-22.35134],[-51.62084,-22.2845]]]},"properties":{"cod_ibge":"354120","name":"Presidente Bernardes","uf":"SP"}},
{"type":"Feature","geometry":{"type":"Polygon","coordinates":[[[-46.758,-21.84749],[-46.64997,-22.00938],[-46.61808,-21.99483],[-46.6909,-21.83749],[-46.75039,-21.8343],[-46.758,-21.84749]]]},"properties":{"cod_ibge":"350040","name":"Águas da Prata","uf":"SP"}},
{"type":"Feature","geometry":{"type":"Polygon","coordinates":[[[-47.08352,-22.29996],[-46.9398,-22.40091],[-46.87222,-22.38818],[-46.79131,-22.29723],[-46.89982,-22.24584],[-46.96978,-22.29541],[-46.98358,-22.19991],[-46.89697,-22.20492],[-46.87507,-22.11306],[-46.93694,-22.14626],[-47.10066,-22.06713],[-47.19726,-22.09851],[-47.22439,-22.20628],[-47.18442,-22.29223],[-47.08352,-22.29996]]]},"properties":{"cod_ibge":"353070","name":"Mogi Guaçu","uf":"SP"}},
{"type":"Feature","geometry":{"type":"Polygon","coordinates":[[[-48.71446,-22.18036],[-48.67401,-22.19264],[-48.63261,-22.16717],[-48.60691,-21.98755],[-48.67925,-21.92889],[-48.86723,-22.02393],[-48.86104,-22.09078],[-48.84391,-22.12897],[-48.71446,-22.18036]]]},"properties":{"cod_ibge":"350520","name":"Bariri","uf":"SP"}},
{"type":"Feature","geometry":{"type":"Polygon","coordinates":[[[-50.29543,-20.01716],[-50.19026,-19.98624],[-50.1717,-19.87574],[-50.33731,-19.86937],[-50.3316,-20.03581],[-50.29543,-20.01716]]]},"properties":{"cod_ibge":"352070","name":"Indiaporã","uf":"SP"}},
{"type":"Feature","geometry":{"type":"Polygon","coordinates":[[[-46.71279,-22.50368],[-46.6138,-22.54825],[-46.59905,-22.51505],[-46.65806,-22.47321],[-46.71279,-22.50368]]]},"properties":{"cod_ibge":"352700","name":"Lindóia","uf":"SP"}},
{"type":"Feature","geometry":{"type":"Polygon","coordinates":[[[-50.93315,-20.31092],[-50.85367,-20.38641],[-50.82655,-20.33093],[-50.82274,-20.21679],[-50.86462,-20.16586],[-50.93315,-20.31092]]]},"properties":{"cod_ibge":"355490","name":"Três Fronteiras","uf":"SP"}},
{"type":"Feature","geometry":{"type":"Polygon","coordinates":[[[-49.91328,-21.70652],[-50.10792,-21.68378],[-50.24594,-21.69697],[-50.27307,-21.70925],[-50.12791,-21.81702],[-50.06033,-21.87432],[-49.96658,-21.94026],[-49.83904,-21.76064],[-49.86902,-21.74063],[-49.91328,-21.70652]]]},"properties":{"cod_ibge":"351700","name":"Getulina","uf":"SP"}},
{"type":"Feature","geometry":{"type":"Polygon","coordinates":[[[-50.71852,-21.79974],[-50.61524,-21.65877],[-50.77991,-21.56783],[-50.82702,-21.68924],[-50.71852,-21.79974]]]},"properties":{"cod_ibge":"354380","name":"Rinópolis","uf":"SP"}},
{"type":"Feature","geometry":{"type":"Polygon","coordinates":[[[-49.21322,-21.67105],[-49.18514,-21.77109],[-49.26176,-21.88296],[-49.24986,-22.04394],[-49.16087,-22.06577],[-49.13088,-22.06167],[-49.13421,-22.04985],[-49.1523,-21.85977],[-49.10471,-21.75109],[-49.21322,-21.67105]]]},"properties":{"cod_ibge":"354250","name":"Reginópolis","uf":"SP"}},
{"type":"Feature","geometry":{"type":"Polygon","coordinates":[[[-47.71839,-20.93846],[-47.71886,-21.11991],[-47.64652,-21.1481],[-47.62844,-21.1481],[-47.54087,-21.03442],[-47.71839,-20.93846]]]},"properties":{"cod_ibge":"350780","name":"Brodowski","uf":"SP"}},
{"type":"Feature","geometry":{"type":"Polygon","coordinates":[[[-47.00071,-23.50547],[-47.00071,-23.50593],[-46.995,-23.50684],[-46.96455,-23.49865],[-46.80083,-23.47046],[-46.8232,-23.42226],[-46.92885,-23.3877],[-47.03736,-23.43544],[-47.00071,-23.50547]]]},"properties":{"cod_ibge":"354730","name":"Santana de Parnaíba","uf":"SP"}},
{"type":"Feature","geometry":{"type":"Polygon","coordinates":[[[-50.15456,-20.5051],[-50.20311,-20.48145],[-50.28496,-20.46963],[-50.28591,-20.58604],[-50.29638,-20.71291],[-50.26545,-20.75202],[-50.2507,-20.73656],[-50.13838,-20.52101],[-50.15456,-20.5051]]]},"properties":{"cod_ibge":"352830","name":"Magda","uf":"SP"}},
{"type":"Feature","geometry":{"type":"Polygon","coordinates":[[[-46.37442,-22.82018],[-46.33254,-22.76607],[-46.47293,-22.70513],[-46.50672,-22.72741],[-46.52766,-22.827],[-46.44295,-22.82473],[-46.37442,-22.82018]]]},"properties":{"cod_ibge":"353680","name":"Pedra Bela","uf":"SP"}},
{"type":"Feature","geometry":{"type":"Polygon","coordinates":[[[-45.80285,-23.32949],[-45.9875,-23.41998],[-45.96181,-23.49683],[-45.78857,-23.49274],[-45.78239,-23.35541],[-45.80285,-23.32949]]]},"properties":{"cod_ibge":"354600","name":"Santa Branca","uf":"SP"}},
{"type":"Feature","geometry":{"type":"Polygon","coordinates":[[[-46.64997,-22.00938],[-46.758,-21.84749],[-46.93504,-21.92161],[-46.9398,-21.978],[-46.89221,-22.08623],[-46.74658,-22.0926],[-46.71945,-22.08305],[-46.64997,-22.00938]]]},"properties":{"cod_ibge":"354910","name":"São João da Boa Vista","uf":"SP"}},
{"type":"Feature","geometry":{"type":"Polygon","coordinates":[[[-46.1574,-23.34268],[-46.07698,-23.51457],[-45.99274,-23.52003],[-45.96181,-23.49683],[-45.9875,-23.41998],[-46.10125,-23.30857],[-46.1574,-23.34268]]]},"properties":{"cod_ibge":"351830","name":"Guararema","uf":"SP"}},
{"type":"Feature","geometry":{"type":"Polygon","coordinates":[[[-49.90519,-20.76157],[-49.77717,-20.81159],[-49.82,-20.67426],[-49.90519,-20.76021],[-49.90519,-20.76157]]]},"properties":{"cod_ibge":"353990","name":"Poloni","uf":"SP"}},
{"type":"Feature","geometry":{"type":"Polygon","coordinates":[[[-46.08649,-22.9848],[-46.39774,-22.96843],[-46.41106,-22.9807],[-46.43248,-23.038],[-46.48245,-23.11212],[-46.41535,-23.12076],[-46.21499,-23.10849],[-46.08649,-22.9848]]]},"properties":{"cod_ibge":"353860","name":"Piracaia","uf":"SP"}},
{"type":"Feature","geometry":{"type":"Polygon","coordinates":[[[-46.62427,-22.83291],[-46.66092,-22.76879],[-46.70803,-22.77971],[-46.76086,-22.84792],[-46.68186,-22.88566],[-46.62427,-22.83291]]]},"properties":{"cod_ibge":"355495","name":"Tuiuti","uf":"SP"}},
{"type":"Feature","geometry":{"type":"Polygon","coordinates":[[[-46.64759,-21.37956],[-46.76466,-21.36001],[-46.78132,-21.37092],[-46.82939,-21.49689],[-46.76276,-21.54782],[-46.61618,-21.43004],[-46.64759,-21.37956]]]},"properties":{"cod_ibge":"355360","name":"Tapiratiba","uf":"SP"}},
{"type":"Feature","geometry":{"type":"Polygon","coordinates":[[[-50.87319,-20.54239],[-50.96646,-20.54921],[-50.97789,-20.56512],[-51.05784,-20.7261],[-50.87271,-20.8266],[-50.7999,-20.67153],[-50.76849,-20.54466],[-50.81227,-20.53102],[-50.87319,-20.54239]]]},"properties":{"cod_ibge":"355230","name":"Sud Mennucci","uf":"SP"}},
{"type":"Feature","geometry":{"type":"Polygon","coordinates":[[[-46.41011,-23.81515],[-46.49625,-23.89973],[-46.38632,-23.93293],[-46.32016,-23.80287],[-46.41011,-23.81515]]]},"properties":{"cod_ibge":"351350","name":"Cubatão","uf":"SP"}},
{"type":"Feature","geometry":{"type":"Polygon","coordinates":[[[-47.18442,-22.29223],[-47.1887,-22.43274],[-47.13587,-22.47003],[-47.08352,-22.29996],[-47.18442,-22.29223]]]},"properties":{"cod_ibge":"351220","name":"Conchal","uf":"SP"}},
{"type":"Feature","geometry":{"type":"Polygon","coordinates":[[[-50.1203,-20.52147],[-49.98276,-20.5724],[-49.92327,-20.56194],[-49.85236,-20.41688],[-50.00751,-20.33184],[-50.0532,-20.33639],[-50.03226,-20.42552],[-50.15456,-20.5051],[-50.13838,-20.52101],[-50.1203,-20.52147]]]},"properties":{"cod_ibge":"355710","name":"Votuporanga","uf":"SP"}},
{"type":"Feature","geometry":{"type":"Polygon","coordinates":[[[-51.57087,-22.39909],[-51.71126,-22.39227],[-51.78455,-22.5346],[-51.61846,-22.55825],[-51.57087,-22.39909]]]},"properties":{"cod_ibge":"351530","name":"Estrela do Norte","uf":"SP"}},
{"type":"Feature","geometry":{"type":"Polygon","coordinates":[[[-49.95992,-21.13309],[-50.0551,-20.99713],[-50.15123,-21.13991],[-50.12886,-21.19539],[-49.9918,-21.22677],[-49.95992,-21.13309]]]},"properties":{"cod_ibge":"355715","name":"Zacarias","uf":"SP"}},
{"type":"Feature","geometry":{"type":"Polygon","coordinates":[[[-48.90007,-21.37047],[-48.75444,-21.42049],[-48.74159,-21.24541],[-48.84486,-21.21904],[-48.92006,-21.29953],[-48.90007,-21.37047]]]},"properties":{"cod_ibge":"354560","name":"Santa Adélia","uf":"SP"}},
{"type":"Feature","geometry":{"type":"Polygon","coordinates":[[[-49.54445,-20.61742],[-49.60536,-20.70746],[-49.62583,-20.75793],[-49.57633,-20.78931],[-49.48401,-20.69381],[-49.54445,-20.61742]]]},"properties":{"cod_ibge":"350480","name":"Bálsamo","uf":"SP"}},
{"type":"Feature","geometry":{"type":"Polygon","coordinates":[[[-46.71136,-23.21126],[-46.78656,-23.15305],[-46.79893,-23.18807],[-46.80702,-23.25491],[-46.80274,-23.25719],[-46.7837,-23.26537],[-46.70422,-23.25218],[-46.71136,-23.21126]]]},"properties":{"cod_ibge":"350960","name":"Campo Limpo Paulista","uf":"SP"}},
{"type":"Feature","geometry":{"type":"Polygon","coordinates":[[[-51.32863,-21.29271],[-51.48568,-21.23268],[-51.50186,-21.22086],[-51.49758,-21.31226],[-51.48521,-21.42777],[-51.49568,-21.63831],[-51.53708,-21.68424],[-51.51186,-21.70197],[-51.49663,-21.70743],[-51.41382,-21.64286],[-51.32863,-21.29271]]]},"properties":{"cod_ibge":"352600","name":"Junqueirópolis","uf":"SP"}},
{"type":"Feature","geometry":{"type":"Polygon","coordinates":[[[-49.53017,-22.18172],[-49.7291,-22.37635],[-49.70388,-22.43956],[-49.62868,-22.46912],[-49.60394,-22.4432],[-49.5711,-22.32451],[-49.45926,-22.33725],[-49.42262,-22.29405],[-49.45878,-22.2413],[-49.53017,-22.18172]]]},"properties":{"cod_ibge":"351660","name":"Gália","uf":"SP"}},
{"type":"Feature","geometry":{"type":"Polygon","coordinates":[[[-45.32409,-22.85565],[-45.30743,-23.02527],[-45.2941,-23.02709],[-45.25794,-23.00799],[-45.27792,-22.85201],[-45.32409,-22.85565]]]},"properties":{"cod_ibge":"354430","name":"Roseira","uf":"SP"}},
{"type":"Feature","geometry":{"type":"Polygon","coordinates":[[[-46.66092,-22.76879],[-46.62189,-22.72332],[-46.62903,-22.65375],[-46.72754,-22.65511],[-46.70803,-22.77971],[-46.66092,-22.76879]]]},"properties":{"cod_ibge":"353120","name":"Monte Alegre do Sul","uf":"SP"}},
{"type":"Feature","geometry":{"type":"Polygon","coordinates":[[[-47.9097,-21.67833],[-47.99774,-21.63513],[-48.1705,-21.65468],[-48.14575,-21.70152],[-47.9097,-21.67833]]]},"properties":{"cod_ibge":"354690","name":"Santa Lúcia","uf":"SP"}},
{"type":"Feature","geometry":{"type":"Polygon","coordinates":[[[-48.8106,-24.67507],[-48.61643,-24.6687],[-48.53838,-24.726],[-48.46461,-24.66006],[-48.35134,-24.45906],[-48.38323,-24.304],[-48.4313,-24.26353],[-48.605,-24.33219],[-48.6545,-24.45588],[-48.78918,-24.5582],[-48.8106,-24.67507]]]},"properties":{"cod_ibge":"352120","name":"Iporanga","uf":"SP"}},
{"type":"Feature","geometry":{"type":"Polygon","coordinates":[[[-48.31803,-21.06079],[-48.4332,-21.0376],[-48.45795,-21.07852],[-48.35372,-21.08171],[-48.31803,-21.06079]]]},"properties":{"cod_ibge":"355365","name":"Taquaral","uf":"SP"}},
{"type":"Feature","geometry":{"type":"Polygon","coordinates":[[[-45.2765,-23.57823],[-44.90576,-23.33404],[-44.72444,-23.36769],[-44.88244,-23.20262],[-45.07423,-23.30402],[-45.17513,-23.39497],[-45.27364,-23.48319],[-45.2765,-23.57823]]]},"properties":{"cod_ibge":"355540","name":"Ubatuba","uf":"SP"}},
{"type":"Feature","geometry":{"type":"Polygon","coordinates":[[[-49.81239,-20.19451],[-49.8062,-20.07355],[-49.90614,-19.93713],[-50.04415,-19.91621],[-50.11126,-20.03762],[-50.03559,-20.08446],[-50.02797,-20.18178],[-49.81239,-20.19451]]]},"properties":{"cod_ibge":"351070","name":"Cardoso","uf":"SP"}},
{"type":"Feature","geometry":{"type":"Polygon","coordinates":[[[-49.36979,-22.88339],[-49.45878,-22.9134],[-49.41215,-23.05164],[-49.38787,-23.05346],[-49.30364,-22.95251],[-49.36979,-22.88339]]]},"properties":{"cod_ibge":"353380","name":"Óleo","uf":"SP"}},
{"type":"Feature","geometry":{"type":"Polygon","coordinates":[[[-45.72528,-22.96933],[-45.60963,-23.16351],[-45.46734,-23.22444],[-45.3969,-23.18079],[-45.30029,-23.09211],[-45.2941,-23.02709],[-45.30743,-23.02527],[-45.43926,-23.07165],[-45.5035,-22.97888],[-45.70481,-22.94796],[-45.72528,-22.96933]]]},"properties":{"cod_ibge":"355410","name":"Taubaté","uf":"SP"}},
{"type":"Feature","geometry":{"type":"Polygon","coordinates":[[[-48.98716,-24.31218],[-48.69019,-24.39131],[-48.64498,-24.33219],[-48.66069,-24.14347],[-48.82202,-24.12801],[-48.98716,-24.31218]]]},"properties":{"cod_ibge":"354300","name":"Ribeirão Branco","uf":"SP"}},
{"type":"Feature","geometry":{"type":"Polygon","coordinates":[[[-49.62583,-20.75793],[-49.7015,-20.8607],[-49.72625,-20.9321],[-49.63487,-20.97166],[-49.57348,-20.86389],[-49.57633,-20.78931],[-49.62583,-20.75793]]]},"properties":{"cod_ibge":"353250","name":"Neves Paulista","uf":"SP"}},
{"type":"Feature","geometry":{"type":"Polygon","coordinates":[[[-47.73695,-23.33176],[-47.57799,-23.36359],[-47.62939,-23.1917],[-47.70411,-23.2158],[-47.77216,-23.25173],[-47.73695,-23.33176]]]},"properties":{"cod_ibge":"350700","name":"Boituva","uf":"SP"}},
{"type":"Feature","geometry":{"type":"Polygon","coordinates":[[[-46.84319,-21.75973],[-46.87174,-21.70879],[-46.97977,-21.70015],[-46.96264,-21.81657],[-46.84319,-21.75973]]]},"properties":{"cod_ibge":"352380","name":"Itobi","uf":"SP"}},
{"type":"Feature","geometry":{"type":"Polygon","coordinates":[[[-50.61429,-19.86119],[-50.55147,-19.9917],[-50.51816,-20.02944],[-50.43345,-19.98351],[-50.45391,-19.78615],[-50.56194,-19.81344],[-50.61429,-19.86119]]]},"properties":{"cod_ibge":"354040","name":"Populina","uf":"SP"}},
{"type":"Feature","geometry":{"type":"Polygon","coordinates":[[[-52.44559,-22.60827],[-52.51174,-22.38772],[-52.61168,-22.40136],[-52.76445,-22.60873],[-52.58931,-22.56598],[-52.53792,-22.616],[-52.44559,-22.60827]]]},"properties":{"cod_ibge":"351535","name":"Euclides da Cunha Paulista","uf":"SP"}},
{"type":"Feature","geometry":{"type":"Polygon","coordinates":[[[-46.91124,-23.56323],[-46.9298,-23.5132],[-46.96455,-23.49865],[-46.995,-23.50684],[-47.02784,-23.58142],[-46.98168,-23.60233],[-46.91124,-23.56323]]]},"properties":{"cod_ibge":"352250","name":"Itapevi","uf":"SP"}},
{"type":"Feature","geometry":{"type":"Polygon","coordinates":[[[-48.47127,-21.5128],[-48.2633,-21.53417],[-48.23475,-21.47369],[-48.28234,-21.48142],[-48.46413,-21.48961],[-48.47127,-21.5128]]]},"properties":{"cod_ibge":"351400","name":"Dobrada","uf":"SP"}},
{"type":"Feature","geometry":{"type":"Polygon","coordinates":[[[-47.38953,-23.15487],[-47.32576,-23.23445],[-47.19584,-23.18716],[-47.30054,-23.11258],[-47.38953,-23.15487]]]},"properties":{"cod_ibge":"354520","name":"Salto","uf":"SP"}},
{"type":"Feature","geometry":{"type":"Polygon","coordinates":[[[-50.27402,-21.55919],[-50.14695,-21.52781],[-50.06081,-21.58374],[-49.98704,-21.48688],[-49.978,-21.34955],[-49.9918,-21.22677],[-50.12886,-21.19539],[-50.15076,-21.41776],[-50.25926,-21.49416],[-50.27402,-21.55919]]]},"properties":{"cod_ibge":"353730","name":"Penápolis","uf":"SP"}},
{"type":"Feature","geometry":{"type":"Polygon","coordinates":[[[-50.44963,-22.45912],[-50.35016,-22.47912],[-50.2369,-22.37954],[-50.32446,-22.35907],[-50.29924,-22.20855],[-50.34588,-22.18855],[-50.45153,-22.17308],[-50.46533,-22.31587],[-50.44963,-22.45912]]]},"properties":{"cod_ibge":"352790","name":"Lutécia","uf":"SP"}},
{"type":"Feature","geometry":{"type":"Polygon","coordinates":[[[-50.71852,-21.79974],[-50.82702,-21.68924],[-50.90412,-21.87023],[-50.96599,-21.92571],[-50.93791,-21.95117],[-50.86462,-21.96891],[-50.73708,-21.8775],[-50.71852,-21.79974]]]},"properties":{"cod_ibge":"353600","name":"Parapuã","uf":"SP"}},
{"type":"Feature","geometry":{"type":"Polygon","coordinates":[[[-46.95931,-23.32676],[-47.04307,-23.35223],[-47.03736,-23.43544],[-46.92885,-23.3877],[-46.93789,-23.32176],[-46.95931,-23.32676]]]},"properties":{"cod_ibge":"353910","name":"Pirapora do Bom Jesus","uf":"SP"}},
{"type":"Feature","geometry":{"type":"Polygon","coordinates":[[[-46.99548,-23.11531],[-46.916,-23.04573],[-46.91029,-23.01754],[-47.03784,-23.0571],[-46.99548,-23.11531]]]},"properties":{"cod_ibge":"355670","name":"Vinhedo","uf":"SP"}},
{"type":"Feature","geometry":{"type":"Polygon","coordinates":[[[-48.852,-20.54466],[-48.88627,-20.43689],[-48.96289,-20.40324],[-48.97193,-20.2077],[-49.06568,-20.15358],[-49.12089,-20.27045],[-49.089,-20.41915],[-48.99001,-20.58195],[-48.852,-20.54466]]]},"properties":{"cod_ibge":"351790","name":"Guaraci","uf":"SP"}},
{"type":"Feature","geometry":{"type":"Polygon","coordinates":[[[-44.96573,-22.47503],[-44.90529,-22.61191],[-44.84961,-22.60236],[-44.84389,-22.42774],[-44.96573,-22.47503]]]},"properties":{"cod_ibge":"352660","name":"Lavrinhas","uf":"SP"}},
{"type":"Feature","geometry":{"type":"Polygon","coordinates":[[[-47.88971,-20.15586],[-47.89923,-20.12584],[-47.98109,-20.03626],[-48.1053,-20.14631],[-48.20334,-20.04536],[-48.31518,-20.11402],[-48.45176,-20.12584],[-48.15575,-20.23589],[-48.14956,-20.28955],[-48.0401,-20.35321],[-47.88971,-20.15586]]]},"properties":{"cod_ibge":"352970","name":"Miguelópolis","uf":"SP"}},
{"type":"Feature","geometry":{"type":"Polygon","coordinates":[[[-46.98882,-23.8006],[-47.08162,-23.65326],[-47.20536,-23.61689],[-47.27722,-23.59733],[-47.29673,-23.6037],[-47.36859,-23.63371],[-47.27769,-23.83652],[-47.38858,-23.98295],[-47.35527,-24.0216],[-47.20012,-24.00069],[-47.12921,-23.86063],[-47.02879,-23.84607],[-46.98882,-23.8006]]]},"properties":{"cod_ibge":"351970","name":"Ibiúna","uf":"SP"}},
{"type":"Feature","geometry":{"type":"Polygon","coordinates":[[[-49.31696,-22.38863],[-49.48448,-22.50323],[-49.50304,-22.51369],[-49.45165,-22.57644],[-49.26652,-22.49413],[-49.31696,-22.38863]]]},"properties":{"cod_ibge":"350830","name":"Cabrália Paulista","uf":"SP"}},
{"type":"Feature","geometry":{"type":"Polygon","coordinates":[[[-47.7931,-22.4482],[-47.91589,-22.42456],[-48.04058,-22.50595],[-48.05961,-22.51323],[-48.07103,-22.6442],[-47.82118,-22.67375],[-47.8031,-22.5819],[-47.7931,-22.4482]],[[-47.86497,-22.61009],[-47.88115,-22.6019],[-47.87401,-22.5919],[-47.86116,-22.60281],[-47.86497,-22.61009]]]},"properties":{"cod_ibge":"355040","name":"São Pedro","uf":"SP"}},
{"type":"Feature","geometry":{"type":"Polygon","coordinates":[[[-50.48389,-22.08032],[-50.36206,-21.82794],[-50.54005,-21.81475],[-50.66474,-21.93526],[-50.70995,-22.01529],[-50.70519,-22.02166],[-50.52101,-22.11124],[-50.48389,-22.08032]]]},"properties":{"cod_ibge":"355500","name":"Tupã","uf":"SP"}},
{"type":"Feature","geometry":{"type":"Polygon","coordinates":[[[-44.75395,-22.7888],[-44.72397,-22.83337],[-44.6502,-22.79835],[-44.64592,-22.60372],[-44.68827,-22.52142],[-44.81677,-22.61373],[-44.75395,-22.7888]]]},"properties":{"cod_ibge":"350350","name":"Areias","uf":"SP"}},
{"type":"Feature","geometry":{"type":"Polygon","coordinates":[[[-48.53505,-23.54094],[-48.41416,-23.53503],[-48.37086,-23.63144],[-48.19287,-23.49001],[-48.3561,-23.37542],[-48.35991,-23.30311],[-48.49174,-23.26128],[-48.64736,-23.32903],[-48.60976,-23.58187],[-48.53505,-23.54094]]]},"properties":{"cod_ibge":"350220","name":"Angatuba","uf":"SP"}},
{"type":"Feature","geometry":{"type":"Polygon","coordinates":[[[-48.64212,-22.48231],[-48.62118,-22.50186],[-48.49031,-22.54597],[-48.45176,-22.53961],[-48.50982,-22.43592],[-48.64212,-22.48231]]]},"properties":{"cod_ibge":"350530","name":"Barra Bonita","uf":"SP"}},
{"type":"Feature","geometry":{"type":"Polygon","coordinates":[[[-50.70567,-22.02211],[-50.71661,-22.24948],[-50.78372,-22.43502],[-50.68044,-22.2945],[-50.55861,-22.29541],[-50.48532,-22.15217],[-50.52101,-22.11124],[-50.70519,-22.02166],[-50.70567,-22.02211]]]},"properties":{"cod_ibge":"354170","name":"Quatá","uf":"SP"}},
{"type":"Feature","geometry":{"type":"Polygon","coordinates":[[[-45.78857,-23.49274],[-45.70243,-23.63689],[-45.5806,-23.64644],[-45.45734,-23.57732],[-45.56204,-23.44226],[-45.56632,-23.33222],[-45.64533,-23.29129],[-45.78239,-23.35541],[-45.78857,-23.49274]]]},"properties":{"cod_ibge":"353560","name":"Paraibuna","uf":"SP"}},
{"type":"Feature","geometry":{"type":"Polygon","coordinates":[[[-46.89744,-24.25307],[-46.70946,-24.14393],[-46.64236,-24.01024],[-46.64997,-24.0016],[-46.80702,-23.93793],[-46.97882,-24.06435],[-46.98311,-24.12347],[-46.89744,-24.25307]]]},"properties":{"cod_ibge":"352210","name":"Itanhaém","uf":"SP"}},
{"type":"Feature","geometry":{"type":"Polygon","coordinates":[[[-49.09138,-21.22131],[-49.0457,-21.13537],[-49.11994,-21.08535],[-49.15325,-21.18448],[-49.14468,-21.18721],[-49.09138,-21.22131]]]},"properties":{"cod_ibge":"351492","name":"Elisiário","uf":"SP"}},
{"type":"Feature","geometry":{"type":"Polygon","coordinates":[[[-47.30054,-23.11258],[-47.29054,-23.04391],[-47.38858,-22.98343],[-47.42808,-23.10121],[-47.41856,-23.16851],[-47.38953,-23.15487],[-47.30054,-23.11258]]]},"properties":{"cod_ibge":"351490","name":"Elias Fausto","uf":"SP"}},
{"type":"Feature","geometry":{"type":"Polygon","coordinates":[[[-46.10077,-23.71829],[-45.91612,-23.66691],[-45.99274,-23.52003],[-46.07698,-23.51457],[-46.10077,-23.71829]]]},"properties":{"cod_ibge":"350660","name":"Biritiba Mirim","uf":"SP"}},
{"type":"Feature","geometry":{"type":"Polygon","coordinates":[[[-49.39644,-21.37229],[-49.5178,-21.22813],[-49.57253,-21.27133],[-49.62821,-21.35455],[-49.5473,-21.42276],[-49.39644,-21.37229]]]},"properties":{"cod_ibge":"354480","name":"Sales","uf":"SP"}},
{"type":"Feature","geometry":{"type":"Polygon","coordinates":[[[-47.20536,-23.61689],[-47.18727,-23.41771],[-47.32624,-23.43999],[-47.31719,-23.46364],[-47.27722,-23.59733],[-47.20536,-23.61689]]]},"properties":{"cod_ibge":"352840","name":"Mairinque","uf":"SP"}},
{"type":"Feature","geometry":{"type":"Polygon","coordinates":[[[-50.03559,-20.08446],[-50.22214,-20.20542],[-50.14505,-20.31365],[-50.08127,-20.31047],[-50.07794,-20.30456],[-50.02797,-20.18178],[-50.03559,-20.08446]]]},"properties":{"cod_ibge":"353690","name":"Pedranópolis","uf":"SP"}},
{"type":"Feature","geometry":{"type":"Polygon","coordinates":[[[-45.23747,-22.82427],[-45.23462,-23.00117],[-45.15609,-23.01526],[-45.0295,-22.92068],[-45.10041,-22.87748],[-45.20368,-22.65602],[-45.26888,-22.61145],[-45.39976,-22.65375],[-45.43926,-22.70331],[-45.34598,-22.7888],[-45.23747,-22.82427]]]},"properties":{"cod_ibge":"351840","name":"Guaratinguetá","uf":"SP"}},
{"type":"Feature","geometry":{"type":"Polygon","coordinates":[[[-47.52755,-21.2004],[-47.62844,-21.1481],[-47.64652,-21.1481],[-47.6589,-21.19585],[-47.65176,-21.28043],[-47.52755,-21.2004]]]},"properties":{"cod_ibge":"355150","name":"Serrana","uf":"SP"}},
{"type":"Feature","geometry":{"type":"Polygon","coordinates":[[[-44.46602,-22.61555],[-44.64592,-22.60372],[-44.6502,-22.79835],[-44.72397,-22.83337],[-44.62926,-22.90476],[-44.49458,-22.84701],[-44.50838,-22.76925],[-44.46602,-22.61555]]]},"properties":{"cod_ibge":"354960","name":"São José do Barreiro","uf":"SP"}},
{"type":"Feature","geometry":{"type":"Polygon","coordinates":[[[-49.6482,-20.25999],[-49.68722,-20.20133],[-49.81239,-20.19451],[-49.86711,-20.29683],[-49.80287,-20.38459],[-49.6482,-20.25999]]]},"properties":{"cod_ibge":"350180","name":"Américo de Campos","uf":"SP"}},
{"type":"Feature","geometry":{"type":"Polygon","coordinates":[[[-48.8106,-24.67507],[-48.78918,-24.5582],[-48.9015,-24.55638],[-48.91244,-24.67416],[-48.8106,-24.67507]]]},"properties":{"cod_ibge":"352215","name":"Itaoca","uf":"SP"}},
{"type":"Feature","geometry":{"type":"Polygon","coordinates":[[[-51.21394,-22.72378],[-51.1002,-22.48686],[-51.27057,-22.54506],[-51.29817,-22.6733],[-51.21394,-22.72378]]]},"properties":{"cod_ibge":"353215","name":"Nantes","uf":"SP"}},
{"type":"Feature","geometry":{"type":"Polygon","coordinates":[[[-51.42381,-21.87705],[-51.32625,-21.87205],[-51.34291,-21.77473],[-51.39478,-21.74472],[-51.42286,-21.87387],[-51.42381,-21.87705]]]},"properties":{"cod_ibge":"354830","name":"Santo Expedito","uf":"SP"}},
{"type":"Feature","geometry":{"type":"Polygon","coordinates":[[[-49.28936,-23.89155],[-49.19941,-24.098],[-49.01095,-24.00842],[-49.05426,-23.68601],[-49.13993,-23.70192],[-49.30126,-23.73785],[-49.3341,-23.7815],[-49.28936,-23.89155]]]},"properties":{"cod_ibge":"352170","name":"Itaberá","uf":"SP"}},
{"type":"Feature","geometry":{"type":"Polygon","coordinates":[[[-45.84188,-23.04118],[-45.72528,-22.96933],[-45.70481,-22.94796],[-45.66627,-22.88157],[-45.67007,-22.87657],[-45.76811,-22.8361],[-45.87091,-22.87157],[-45.84188,-23.04118]]]},"properties":{"cod_ibge":"353170","name":"Monteiro Lobato","uf":"SP"}},
{"type":"Feature","geometry":{"type":"Polygon","coordinates":[[[-46.39774,-22.96843],[-46.34491,-22.90522],[-46.37442,-22.82018],[-46.44295,-22.82473],[-46.41106,-22.9807],[-46.39774,-22.96843]]]},"properties":{"cod_ibge":"355635","name":"Vargem","uf":"SP"}},
{"type":"Feature","geometry":{"type":"Polygon","coordinates":[[[-46.65806,-22.47321],[-46.59905,-22.51505],[-46.55003,-22.46958],[-46.61618,-22.43865],[-46.65806,-22.47321]]]},"properties":{"cod_ibge":"350050","name":"Águas de Lindóia","uf":"SP"}},
{"type":"Feature","geometry":{"type":"Polygon","coordinates":[[[-44.88244,-23.20262],[-44.82438,-23.1626],[-44.79202,-22.98207],[-44.63878,-22.91431],[-44.62926,-22.90476],[-44.72397,-22.83337],[-44.75395,-22.7888],[-44.91052,-22.88566],[-45.0295,-22.92068],[-45.15609,-23.01526],[-45.1461,-23.18761],[-45.07423,-23.30402],[-44.88244,-23.20262]]]},"properties":{"cod_ibge":"351360","name":"Cunha","uf":"SP"}},
{"type":"Feature","geometry":{"type":"Polygon","coordinates":[[[-49.4783,-20.5051],[-49.49686,-20.49737],[-49.54445,-20.61742],[-49.48401,-20.69381],[-49.46545,-20.68154],[-49.44594,-20.5433],[-49.4783,-20.5051]]]},"properties":{"cod_ibge":"353040","name":"Mirassolândia","uf":"SP"}},
{"type":"Feature","geometry":{"type":"Polygon","coordinates":[[[-46.79274,-23.64735],[-46.80797,-23.60915],[-46.81035,-23.61006],[-46.79274,-23.64735]]]},"properties":{"cod_ibge":"355280","name":"Taboão da Serra","uf":"SP"}},
{"type":"Feature","geometry":{"type":"Polygon","coordinates":[[[-49.27318,-21.65923],[-49.39121,-21.83067],[-49.33981,-21.8384],[-49.28508,-21.86022],[-49.23844,-21.6706],[-49.27318,-21.65923]]]},"properties":{"cod_ibge":"355590","name":"Uru","uf":"SP"}},
{"type":"Feature","geometry":{"type":"Polygon","coordinates":[[[-48.98192,-24.52364],[-48.95147,-24.45315],[-49.11994,-24.32992],[-49.25367,-24.40495],[-49.25224,-24.43405],[-49.25034,-24.44542],[-49.13231,-24.53773],[-48.98192,-24.52364]]]},"properties":{"cod_ibge":"350535","name":"Barra do Chapéu","uf":"SP"}},
{"type":"Feature","geometry":{"type":"Polygon","coordinates":[[[-45.33313,-23.91747],[-45.23747,-23.90928],[-45.26317,-23.74148],[-45.4602,-23.89018],[-45.33313,-23.91747]]]},"properties":{"cod_ibge":"352040","name":"Ilhabela","uf":"SP"}},
{"type":"Feature","geometry":{"type":"Polygon","coordinates":[[[-46.78656,-23.15305],[-46.71136,-23.21126],[-46.69566,-23.01072],[-46.71612,-22.97752],[-46.79274,-23.10303],[-46.78656,-23.15305]]]},"properties":{"cod_ibge":"352520","name":"Jarinu","uf":"SP"}},
{"type":"Feature","geometry":{"type":"Polygon","coordinates":[[[-50.81227,-20.53102],[-50.76849,-20.54466],[-50.67949,-20.53011],[-50.6557,-20.51692],[-50.67188,-20.4378],[-50.74231,-20.32457],[-50.78514,-20.33593],[-50.82655,-20.33093],[-50.85367,-20.38641],[-50.84368,-20.4146],[-50.83845,-20.41188],[-50.81227,-20.53102]]]},"properties":{"cod_ibge":"353520","name":"Palmeira d'Oeste","uf":"SP"}},
{"type":"Feature","geometry":{"type":"Polygon","coordinates":[[[-49.63297,-21.48916],[-49.86902,-21.74063],[-49.83904,-21.76064],[-49.77193,-21.80429],[-49.57348,-21.7047],[-49.5178,-21.60239],[-49.63297,-21.48916]]]},"properties":{"cod_ibge":"352710","name":"Lins","uf":"SP"}},
{"type":"Feature","geometry":{"type":"Polygon","coordinates":[[[-49.53779,-23.19625],[-49.57348,-23.1385],[-49.66533,-23.11303],[-49.71673,-23.1485],[-49.62726,-23.28174],[-49.54017,-23.28083],[-49.53779,-23.19625]]]},"properties":{"cod_ibge":"355460","name":"Timburi","uf":"SP"}},
{"type":"Feature","geometry":{"type":"Polygon","coordinates":[[[-51.39478,-21.74472],[-51.34291,-21.77473],[-51.28342,-21.72153],[-51.26486,-21.67514],[-51.35481,-21.63558],[-51.41382,-21.64286],[-51.49663,-21.70743],[-51.39478,-21.74472]]]},"properties":{"cod_ibge":"351580","name":"Flora Rica","uf":"SP"}},
{"type":"Feature","geometry":{"type":"Polygon","coordinates":[[[-50.50816,-22.7024],[-50.32494,-22.67739],[-50.30114,-22.54597],[-50.35016,-22.47912],[-50.44963,-22.45912],[-50.51435,-22.60372],[-50.57146,-22.69149],[-50.50816,-22.7024]]]},"properties":{"cod_ibge":"350400","name":"Assis","uf":"SP"}},
{"type":"Feature","geometry":{"type":"Polygon","coordinates":[[[-50.25926,-21.49416],[-50.15076,-21.41776],[-50.12886,-21.19539],[-50.15123,-21.13991],[-50.15742,-21.13628],[-50.20644,-21.2586],[-50.29972,-21.45687],[-50.25926,-21.49416]]]},"properties":{"cod_ibge":"351710","name":"Glicério","uf":"SP"}},
{"type":"Feature","geometry":{"type":"Polygon","coordinates":[[[-48.23951,-22.36771],[-48.06342,-22.41182],[-48.04058,-22.50595],[-47.91589,-22.42456],[-47.95396,-22.39818],[-47.89971,-22.15762],[-48.04486,-22.07304],[-48.10768,-22.18036],[-48.25616,-22.15444],[-48.31422,-22.19855],[-48.23951,-22.36771]]]},"properties":{"cod_ibge":"350790","name":"Brotas","uf":"SP"}},
{"type":"Feature","geometry":{"type":"Polygon","coordinates":[[[-49.42262,-22.29405],[-49.45926,-22.33725],[-49.51256,-22.39591],[-49.48448,-22.50323],[-49.31696,-22.38863],[-49.28555,-22.34498],[-49.42262,-22.29405]]]},"properties":{"cod_ibge":"351450","name":"Duartina","uf":"SP"}},
{"type":"Feature","geometry":{"type":"Polygon","coordinates":[[[-45.61439,-22.79699],[-45.43926,-22.70331],[-45.39976,-22.65375],[-45.42022,-22.621],[-45.48019,-22.59054],[-45.5806,-22.65284],[-45.67626,-22.78744],[-45.61439,-22.79699]]]},"properties":{"cod_ibge":"350970","name":"Campos do Jordão","uf":"SP"}},
{"type":"Feature","geometry":{"type":"Polygon","coordinates":[[[-48.05961,-22.51323],[-48.23475,-22.52051],[-48.2614,-22.60554],[-48.24617,-22.61918],[-48.08864,-22.65193],[-48.07103,-22.6442],[-48.05961,-22.51323]]]},"properties":{"cod_ibge":"354700","name":"Santa Maria da Serra","uf":"SP"}},
{"type":"Feature","geometry":{"type":"Polygon","coordinates":[[[-51.31531,-20.67426],[-51.23155,-20.45735],[-51.0388,-20.37095],[-51.10924,-20.28],[-51.34338,-20.35549],[-51.41905,-20.46508],[-51.34291,-20.68199],[-51.31531,-20.67426]]]},"properties":{"cod_ibge":"352044","name":"Ilha Solteira","uf":"SP"}},
{"type":"Feature","geometry":{"type":"Polygon","coordinates":[[[-47.21107,-22.79471],[-47.16348,-22.80563],[-47.10113,-22.7506],[-47.074,-22.68012],[-47.10351,-22.69012],[-47.19441,-22.72969],[-47.21059,-22.74287],[-47.21107,-22.79471]]]},"properties":{"cod_ibge":"353650","name":"Paulínia","uf":"SP"}},
{"type":"Feature","geometry":{"type":"Polygon","coordinates":[[[-49.82476,-22.1126],[-49.70721,-22.14171],[-49.63344,-22.07577],[-49.69531,-22.04439],[-49.74052,-22.0262],[-49.76813,-22.04667],[-49.84951,-22.09714],[-49.82476,-22.1126]]]},"properties":{"cod_ibge":"350140","name":"Álvaro de Carvalho","uf":"SP"}},
{"type":"Feature","geometry":{"type":"Polygon","coordinates":[[[-47.9097,-25.05295],[-47.73171,-24.88061],[-47.41523,-24.67552],[-47.54135,-24.70644],[-47.73457,-24.83559],[-47.89733,-24.97338],[-47.9097,-25.05295]]]},"properties":{"cod_ibge":"352042","name":"Ilha Comprida","uf":"SP"}},
{"type":"Feature","geometry":{"type":"Polygon","coordinates":[[[-51.0921,-21.76564],[-50.97836,-21.59102],[-50.99312,-21.43732],[-51.05879,-21.39866],[-51.08021,-21.61512],[-51.17729,-21.69242],[-51.0921,-21.76564]]]},"properties":{"cod_ibge":"350010","name":"Adamantina","uf":"SP"}},
{"type":"Feature","geometry":{"type":"Polygon","coordinates":[[[-48.15527,-23.26173],[-48.22475,-23.19625],[-48.24141,-23.28038],[-48.15527,-23.26173]]]},"properties":{"cod_ibge":"355465","name":"Torre de Pedra","uf":"SP"}},
{"type":"Feature","geometry":{"type":"Polygon","coordinates":[[[-47.27674,-20.29182],[-47.49852,-20.31638],[-47.52945,-20.39141],[-47.49994,-20.45644],[-47.2934,-20.4187],[-47.27674,-20.29182]]]},"properties":{"cod_ibge":"351320","name":"Cristais Paulista","uf":"SP"}},
{"type":"Feature","geometry":{"type":"Polygon","coordinates":[[[-49.28936,-23.89155],[-49.3341,-23.7815],[-49.55968,-23.79378],[-49.60822,-23.83925],[-49.53588,-23.92793],[-49.52256,-23.91656],[-49.28936,-23.89155]]]},"properties":{"cod_ibge":"354350","name":"Riversul","uf":"SP"}},
{"type":"Feature","geometry":{"type":"Polygon","coordinates":[[[-50.8294,-22.42819],[-50.93458,-22.42638],[-50.70567,-22.02211],[-50.70519,-22.02166],[-50.70995,-22.01529],[-50.86462,-21.96891],[-50.93791,-21.95117],[-51.11162,-22.35725],[-51.1002,-22.48686],[-50.97313,-22.54415],[-50.94505,-22.67512],[-50.8275,-22.64511],[-50.8294,-22.42819]]]},"properties":{"cod_ibge":"354220","name":"Rancharia","uf":"SP"}},
{"type":"Feature","geometry":{"type":"Polygon","coordinates":[[[-47.49233,-23.58414],[-47.55658,-23.57368],[-47.70601,-23.62871],[-47.63463,-23.70738],[-47.61892,-23.75695],[-47.49423,-23.65008],[-47.49233,-23.58414]]]},"properties":{"cod_ibge":"354530","name":"Salto de Pirapora","uf":"SP"}},
{"type":"Feature","geometry":{"type":"Polygon","coordinates":[[[-50.52054,-20.17587],[-50.58479,-20.14085],[-50.61096,-20.13039],[-50.59192,-20.26227],[-50.65665,-20.32684],[-50.61286,-20.37595],[-50.57574,-20.39778],[-50.46866,-20.3905],[-50.46581,-20.2368],[-50.52054,-20.17587]]]},"properties":{"cod_ibge":"352480","name":"Jales","uf":"SP"}},
{"type":"Feature","geometry":{"type":"Polygon","coordinates":[[[-51.77313,-21.3882],[-51.84261,-21.57828],[-51.71412,-21.59602],[-51.66891,-21.43322],[-51.72316,-21.39502],[-51.77313,-21.3882]]]},"properties":{"cod_ibge":"353480","name":"Ouro Verde","uf":"SP"}},
{"type":"Feature","geometry":{"type":"Polygon","coordinates":[[[-46.7837,-23.26537],[-46.63855,-23.25764],[-46.70422,-23.25218],[-46.7837,-23.26537]]]},"properties":{"cod_ibge":"351630","name":"Francisco Morato","uf":"SP"}},
{"type":"Feature","geometry":{"type":"Polygon","coordinates":[[[-47.50708,-22.85247],[-47.49518,-22.76743],[-47.66746,-22.79926],[-47.71172,-22.91204],[-47.70125,-22.91886],[-47.51946,-22.88703],[-47.50708,-22.85247]]]},"properties":{"cod_ibge":"354400","name":"Rio das Pedras","uf":"SP"}},
{"type":"Feature","geometry":{"type":"Polygon","coordinates":[[[-47.02832,-23.23672],[-47.11303,-23.22581],[-47.11588,-23.2249],[-47.13349,-23.38042],[-47.04307,-23.35223],[-46.95931,-23.32676],[-47.02832,-23.23672]]]},"properties":{"cod_ibge":"350840","name":"Cabreúva","uf":"SP"}},
{"type":"Feature","geometry":{"type":"Polygon","coordinates":[[[-50.0551,-20.99713],[-49.95992,-21.13309],[-49.82714,-20.95347],[-49.85093,-20.93164],[-49.95706,-20.90709],[-50.03273,-20.97848],[-50.0551,-20.99713]]]},"properties":{"cod_ibge":"353960","name":"Planalto","uf":"SP"}},
{"type":"Feature","geometry":{"type":"Polygon","coordinates":[[[-51.22393,-21.82885],[-51.15492,-21.86341],[-51.14017,-21.85704],[-51.09496,-21.83521],[-51.0921,-21.76564],[-51.17729,-21.69242],[-51.24154,-21.73653],[-51.22393,-21.82885]]]},"properties":{"cod_ibge":"352890","name":"Mariápolis","uf":"SP"}},
{"type":"Feature","geometry":{"type":"Polygon","coordinates":[[[-51.69794,-21.63376],[-51.71174,-21.7529],[-51.83547,-21.95572],[-51.91543,-22.00665],[-51.86355,-22.04303],[-51.79645,-22.04076],[-51.66843,-21.82566],[-51.61037,-21.6756],[-51.69794,-21.63376]]]},"properties":{"cod_ibge":"353830","name":"Piquerobi","uf":"SP"}},
{"type":"Feature","geometry":{"type":"Polygon","coordinates":[[[-47.13825,-23.41134],[-47.12064,-23.48092],[-47.06687,-23.47819],[-47.04402,-23.51593],[-46.995,-23.50684],[-47.00071,-23.50593],[-47.00071,-23.50547],[-47.03736,-23.43544],[-47.04307,-23.35223],[-47.13349,-23.38042],[-47.13825,-23.41134]]]},"properties":{"cod_ibge":"350275","name":"Araçariguama","uf":"SP"}},
{"type":"Feature","geometry":{"type":"Polygon","coordinates":[[[-47.8031,-22.5819],[-47.66937,-22.54006],[-47.77645,-22.44411],[-47.7931,-22.4482],[-47.8031,-22.5819]]]},"properties":{"cod_ibge":"351170","name":"Charqueada","uf":"SP"}},
{"type":"Feature","geometry":{"type":"Polygon","coordinates":[[[-47.39905,-21.61375],[-47.2934,-21.75245],[-47.24105,-21.75791],[-47.09732,-21.56783],[-47.24152,-21.44323],[-47.26437,-21.45141],[-47.39905,-21.61375]]]},"properties":{"cod_ibge":"355330","name":"Tambaú","uf":"SP"}},
{"type":"Feature","geometry":{"type":"Polygon","coordinates":[[[-44.91052,-22.88566],[-44.75395,-22.7888],[-44.81677,-22.61373],[-44.84961,-22.60236],[-44.90529,-22.61191],[-44.92765,-22.65465],[-44.89529,-22.84474],[-44.91052,-22.88566]]]},"properties":{"cod_ibge":"355200","name":"Silveiras","uf":"SP"}},
{"type":"Feature","geometry":{"type":"Polygon","coordinates":[[[-49.26652,-22.49413],[-49.45165,-22.57644],[-49.45355,-22.58417],[-49.35123,-22.64238],[-49.15087,-22.5196],[-49.26652,-22.49413]]]},"properties":{"cod_ibge":"353657","name":"Paulistânia","uf":"SP"}},
{"type":"Feature","geometry":{"type":"Polygon","coordinates":[[[-51.66891,-21.43322],[-51.48521,-21.42777],[-51.49758,-21.31226],[-51.61608,-21.32681],[-51.67604,-21.34682],[-51.72316,-21.39502],[-51.66891,-21.43322]]]},"properties":{"cod_ibge":"355510","name":"Tupi Paulista","uf":"SP"}},
{"type":"Feature","geometry":{"type":"Polygon","coordinates":[[[-47.6232,-22.99435],[-47.50851,-23.09166],[-47.42808,-23.10121],[-47.38858,-22.98343],[-47.39619,-22.90431],[-47.50708,-22.85247],[-47.51946,-22.88703],[-47.6232,-22.99435]]]},"properties":{"cod_ibge":"351040","name":"Capivari","uf":"SP"}},
{"type":"Feature","geometry":{"type":"Polygon","coordinates":[[[-46.88745,-23.66782],[-46.80131,-23.68555],[-46.79274,-23.64735],[-46.81035,-23.61006],[-46.88745,-23.66782]]]},"properties":{"cod_ibge":"351500","name":"Embu das Artes","uf":"SP"}},
{"type":"Feature","geometry":{"type":"Polygon","coordinates":[[[-50.86462,-21.96891],[-50.70995,-22.01529],[-50.66474,-21.93526],[-50.73708,-21.8775],[-50.86462,-21.96891]]]},"properties":{"cod_ibge":"350580","name":"Bastos","uf":"SP"}},
{"type":"Feature","geometry":{"type":"Polygon","coordinates":[[[-46.50958,-23.23263],[-46.41535,-23.12076],[-46.48245,-23.11212],[-46.50958,-23.23263]]]},"properties":{"cod_ibge":"350710","name":"Bom Jesus dos Perdões","uf":"SP"}},
{"type":"Feature","geometry":{"type":"Polygon","coordinates":[[[-48.13861,-23.27128],[-48.05723,-23.23263],[-48.05723,-23.10394],[-48.15955,-23.08666],[-48.22475,-23.19625],[-48.15527,-23.26173],[-48.13861,-23.27128]]]},"properties":{"cod_ibge":"354050","name":"Porangaba","uf":"SP"}},
{"type":"Feature","geometry":{"type":"Polygon","coordinates":[[[-49.14849,-24.25852],[-49.25414,-24.31809],[-49.25367,-24.40495],[-49.11994,-24.32992],[-49.10804,-24.25079],[-49.14849,-24.25852]]]},"properties":{"cod_ibge":"350715","name":"Bom Sucesso de Itararé","uf":"SP"}},
{"type":"Feature","geometry":{"type":"Polygon","coordinates":[[[-47.61083,-20.27727],[-47.49852,-20.31638],[-47.27674,-20.29182],[-47.23248,-20.22771],[-47.23105,-20.21907],[-47.32909,-20.11539],[-47.44426,-20.12584],[-47.5423,-20.01307],[-47.60893,-20.15949],[-47.61083,-20.27727]]]},"properties":{"cod_ibge":"353700","name":"Pedregulho","uf":"SP"}},
{"type":"Feature","geometry":{"type":"Polygon","coordinates":[[[-48.42083,-24.18031],[-48.56931,-24.09072],[-48.66069,-24.14347],[-48.64498,-24.33219],[-48.605,-24.33219],[-48.4313,-24.26353],[-48.42083,-24.18031]]]},"properties":{"cod_ibge":"351760","name":"Guapiara","uf":"SP"}},
{"type":"Feature","geometry":{"type":"Polygon","coordinates":[[[-47.89495,-21.38047],[-47.92731,-21.57601],[-47.86306,-21.61148],[-47.73695,-21.71198],[-47.7241,-21.70607],[-47.64272,-21.59238],[-47.66128,-21.4978],[-47.82975,-21.42276],[-47.89495,-21.38047]]]},"properties":{"cod_ibge":"352760","name":"Luís Antônio","uf":"SP"}},
{"type":"Feature","geometry":{"type":"Polygon","coordinates":[[[-45.30029,-23.09211],[-45.1461,-23.18761],[-45.15609,-23.01526],[-45.23462,-23.00117],[-45.25794,-23.00799],[-45.2941,-23.02709],[-45.30029,-23.09211]]]},"properties":{"cod_ibge":"352630","name":"Lagoinha","uf":"SP"}},
{"type":"Feature","geometry":{"type":"Polygon","coordinates":[[[-47.11779,-21.1531],[-47.14777,-21.03532],[-47.18108,-20.95393],[-47.30863,-21.10172],[-47.18965,-21.21222],[-47.11874,-21.18584],[-47.11779,-21.1531]]]},"properties":{"cod_ibge":"354790","name":"Santo Antônio da Alegria","uf":"SP"}},
{"type":"Feature","geometry":{"type":"Polygon","coordinates":[[[-50.7999,-20.67153],[-50.68568,-20.70791],[-50.61715,-20.6588],[-50.67949,-20.53011],[-50.76849,-20.54466],[-50.7999,-20.67153]]]},"properties":{"cod_ibge":"351890","name":"Guzolândia","uf":"SP"}},
{"type":"Feature","geometry":{"type":"Polygon","coordinates":[[[-50.9184,-20.13039],[-51.02548,-20.27818],[-50.97027,-20.40324],[-50.96694,-20.40005],[-50.93315,-20.31092],[-50.86462,-20.16586],[-50.87128,-20.13221],[-50.9184,-20.13039]]]},"properties":{"cod_ibge":"354660","name":"Santa Fé do Sul","uf":"SP"}},
{"type":"Feature","geometry":{"type":"Polygon","coordinates":[[[-49.5987,-22.66466],[-49.73672,-22.58826],[-49.77193,-22.5005],[-49.81762,-22.52596],[-49.8852,-22.50595],[-49.88805,-22.52551],[-49.90233,-22.66648],[-49.88568,-22.81427],[-49.88425,-22.83837],[-49.77955,-22.87748],[-49.5987,-22.66466]]]},"properties":{"cod_ibge":"355050","name":"São Pedro do Turvo","uf":"SP"}},
{"type":"Feature","geometry":{"type":"Polygon","coordinates":[[[-46.97977,-21.70015],[-46.87174,-21.70879],[-46.80512,-21.66014],[-46.7599,-21.57237],[-46.76276,-21.54782],[-46.82939,-21.49689],[-46.91124,-21.48461],[-47.03736,-21.6233],[-46.97977,-21.70015]]]},"properties":{"cod_ibge":"354970","name":"São José do Rio Pardo","uf":"SP"}},
{"type":"Feature","geometry":{"type":"Polygon","coordinates":[[[-48.25426,-21.89296],[-48.16574,-21.97163],[-48.06961,-21.95299],[-47.96871,-21.82021],[-47.96776,-21.74154],[-48.10197,-21.77064],[-48.14575,-21.70152],[-48.1705,-21.65468],[-48.16669,-21.60602],[-48.25949,-21.53918],[-48.33088,-21.69743],[-48.39656,-21.85431],[-48.25426,-21.89296]]]},"properties":{"cod_ibge":"350320","name":"Araraquara","uf":"SP"}},
{"type":"Feature","geometry":{"type":"Polygon","coordinates":[[[-50.60953,-21.65695],[-50.51721,-21.7097],[-50.45391,-21.68833],[-50.44534,-21.6615],[-50.55623,-21.61103],[-50.60953,-21.65695]]]},"properties":{"cod_ibge":"354840","name":"Santópolis do Aguapeí","uf":"SP"}},
{"type":"Feature","geometry":{"type":"Polygon","coordinates":[[[-50.27307,-21.70925],[-50.30828,-21.71471],[-50.33826,-21.80656],[-50.27069,-21.84158],[-50.12791,-21.81702],[-50.27307,-21.70925]]]},"properties":{"cod_ibge":"354180","name":"Queiroz","uf":"SP"}},
{"type":"Feature","geometry":{"type":"Polygon","coordinates":[[[-48.47651,-23.08166],[-48.77776,-22.9657],[-48.74111,-23.08984],[-48.77395,-23.3022],[-48.64736,-23.32903],[-48.49174,-23.26128],[-48.42844,-23.20307],[-48.47651,-23.08166]]]},"properties":{"cod_ibge":"352350","name":"Itatinga","uf":"SP"}},
{"type":"Feature","geometry":{"type":"Polygon","coordinates":[[[-49.08234,-21.4646],[-49.23416,-21.32363],[-49.22892,-21.31454],[-49.2846,-21.28907],[-49.39644,-21.37229],[-49.5473,-21.42276],[-49.44546,-21.52417],[-49.31173,-21.61739],[-49.27318,-21.65923],[-49.23844,-21.6706],[-49.21322,-21.67105],[-49.08234,-21.4646]]]},"properties":{"cod_ibge":"353350","name":"Novo Horizonte","uf":"SP"}},
{"type":"Feature","geometry":{"type":"Polygon","coordinates":[[[-51.21917,-22.35544],[-51.35243,-22.32406],[-51.45284,-22.5155],[-51.44618,-22.65284],[-51.33291,-22.66693],[-51.29817,-22.6733],[-51.27057,-22.54506],[-51.21917,-22.35544]]]},"properties":{"cod_ibge":"355290","name":"Taciba","uf":"SP"}},
{"type":"Feature","geometry":{"type":"Polygon","coordinates":[[[-46.80131,-23.68555],[-46.88745,-23.66782],[-46.93789,-23.7765],[-46.87222,-23.79696],[-46.77751,-23.76695],[-46.80131,-23.68555]]]},"properties":{"cod_ibge":"352220","name":"Itapecerica da Serra","uf":"SP"}},
{"type":"Feature","geometry":{"type":"Polygon","coordinates":[[[-51.49282,-22.3618],[-51.62798,-22.65829],[-51.51709,-22.69012],[-51.44618,-22.65284],[-51.45284,-22.5155],[-51.49282,-22.3618]]]},"properties":{"cod_ibge":"353220","name":"Narandiba","uf":"SP"}},
{"type":"Feature","geometry":{"type":"Polygon","coordinates":[[[-50.34017,-22.94796],[-50.20406,-22.95296],[-50.13315,-22.93978],[-50.12268,-22.71514],[-50.26212,-22.70149],[-50.3592,-22.91613],[-50.34017,-22.94796]]]},"properties":{"cod_ibge":"353530","name":"Palmital","uf":"SP"}},
{"type":"Feature","geometry":{"type":"Polygon","coordinates":[[[-47.19441,-22.72969],[-47.10351,-22.69012],[-47.09732,-22.6351],[-47.22677,-22.57007],[-47.27912,-22.66329],[-47.19441,-22.72969]]]},"properties":{"cod_ibge":"351280","name":"Cosmópolis","uf":"SP"}},
{"type":"Feature","geometry":{"type":"Polygon","coordinates":[[[-48.48079,-22.35635],[-48.3423,-22.18082],[-48.39608,-22.1217],[-48.50744,-22.194],[-48.63261,-22.16717],[-48.67401,-22.19264],[-48.73255,-22.31769],[-48.70304,-22.36862],[-48.64212,-22.48231],[-48.50982,-22.43592],[-48.48079,-22.35635]]]},"properties":{"cod_ibge":"352530","name":"Jaú","uf":"SP"}},
{"type":"Feature","geometry":{"type":"Polygon","coordinates":[[[-50.13838,-20.52101],[-50.2507,-20.73656],[-50.11411,-20.76339],[-50.1203,-20.52147],[-50.13838,-20.52101]]]},"properties":{"cod_ibge":"351590","name":"Floreal","uf":"SP"}},
{"type":"Feature","geometry":{"type":"Polygon","coordinates":[[[-48.77395,-23.3022],[-48.74111,-23.08984],[-48.77776,-22.9657],[-48.80251,-22.84519],[-48.94813,-22.82564],[-48.98335,-22.84064],[-49.00477,-22.88748],[-49.06759,-23.09302],[-48.97907,-23.1435],[-49.01286,-23.26219],[-48.98478,-23.28765],[-48.77395,-23.3022]]]},"properties":{"cod_ibge":"350450","name":"Avaré","uf":"SP"}},
{"type":"Feature","geometry":{"type":"Polygon","coordinates":[[[-46.9398,-21.978],[-46.93504,-21.92161],[-46.758,-21.84749],[-46.75039,-21.8343],[-46.84319,-21.75973],[-46.96264,-21.81657],[-46.98215,-21.96754],[-46.9398,-21.978]]]},"properties":{"cod_ibge":"355640","name":"Vargem Grande do Sul","uf":"SP"}},
{"type":"Feature","geometry":{"type":"Polygon","coordinates":[[[-49.45878,-22.9134],[-49.55777,-23.00026],[-49.5473,-23.12895],[-49.41215,-23.05164],[-49.45878,-22.9134]]]},"properties":{"cod_ibge":"350630","name":"Bernardino de Campos","uf":"SP"}},
{"type":"Feature","geometry":{"type":"Polygon","coordinates":[[[-47.11303,-23.22581],[-47.02832,-23.23672],[-46.99548,-23.11667],[-46.99548,-23.11531],[-47.03784,-23.0571],[-47.04878,-23.05119],[-47.08828,-23.05574],[-47.11303,-23.22581]]]},"properties":{"cod_ibge":"352400","name":"Itupeva","uf":"SP"}},
{"type":"Feature","geometry":{"type":"Polygon","coordinates":[[[-49.35266,-20.63515],[-49.26652,-20.68017],[-49.13088,-20.59468],[-49.20037,-20.53557],[-49.36455,-20.6056],[-49.35266,-20.63515]]]},"properties":{"cod_ibge":"353400","name":"Onda Verde","uf":"SP"}},
{"type":"Feature","geometry":{"type":"Polygon","coordinates":[[[-48.042,-21.20358],[-47.99489,-21.30453],[-47.98918,-21.30953],[-47.94349,-21.2004],[-48.042,-21.20358]]]},"properties":{"cod_ibge":"351460","name":"Dumont","uf":"SP"}},
{"type":"Feature","geometry":{"type":"Polygon","coordinates":[[[-49.31649,-21.12718],[-49.15325,-21.18448],[-49.11994,-21.08535],[-49.13136,-21.07034],[-49.25748,-20.95847],[-49.31125,-21.00895],[-49.31649,-21.12718]]]},"properties":{"cod_ibge":"351940","name":"Ibirá","uf":"SP"}},
{"type":"Feature","geometry":{"type":"Polygon","coordinates":[[[-46.47484,-23.71829],[-46.38394,-23.61779],[-46.39488,-23.61234],[-46.48531,-23.6228],[-46.47484,-23.71829]]]},"properties":{"cod_ibge":"352940","name":"Mauá","uf":"SP"}},
{"type":"Feature","geometry":{"type":"Polygon","coordinates":[[[-47.71839,-20.81523],[-47.82451,-20.74475],[-47.96205,-20.81432],[-47.98537,-20.87617],[-47.93968,-20.89981],[-47.77978,-20.89436],[-47.71839,-20.81523]]]},"properties":{"cod_ibge":"354490","name":"Sales Oliveira","uf":"SP"}},
{"type":"Feature","geometry":{"type":"Polygon","coordinates":[[[-46.72754,-22.65511],[-46.62903,-22.65375],[-46.6138,-22.54825],[-46.71279,-22.50368],[-46.7975,-22.54142],[-46.72754,-22.65511]]]},"properties":{"cod_ibge":"355160","name":"Serra Negra","uf":"SP"}},
{"type":"Feature","geometry":{"type":"Polygon","coordinates":[[[-49.73529,-22.38227],[-49.81762,-22.52596],[-49.77193,-22.5005],[-49.70388,-22.43956],[-49.7291,-22.37635],[-49.73529,-22.38227]]]},"properties":{"cod_ibge":"350150","name":"Alvinlândia","uf":"SP"}},
{"type":"Feature","geometry":{"type":"Polygon","coordinates":[[[-49.57253,-21.27133],[-49.68389,-21.20403],[-49.74623,-21.2968],[-49.69722,-21.36274],[-49.62821,-21.35455],[-49.57253,-21.27133]]]},"properties":{"cod_ibge":"350020","name":"Adolfo","uf":"SP"}},
{"type":"Feature","geometry":{"type":"Polygon","coordinates":[[[-49.6244,-23.52321],[-49.60203,-23.6519],[-49.57491,-23.676],[-49.49591,-23.65235],[-49.56682,-23.49411],[-49.59823,-23.45818],[-49.6244,-23.52321]]]},"properties":{"cod_ibge":"350500","name":"Barão de Antonina","uf":"SP"}},
{"type":"Feature","geometry":{"type":"Polygon","coordinates":[[[-49.21322,-23.41771],[-49.1266,-23.58142],[-49.13612,-23.66145],[-49.13993,-23.70192],[-49.05426,-23.68601],[-48.83344,-23.59824],[-49.00096,-23.37769],[-48.98478,-23.28765],[-49.01286,-23.26219],[-49.15135,-23.25991],[-49.21084,-23.24536],[-49.2175,-23.29857],[-49.21322,-23.41771]]]},"properties":{"cod_ibge":"352180","name":"Itaí","uf":"SP"}},
{"type":"Feature","geometry":{"type":"Polygon","coordinates":[[[-47.25771,-22.89885],[-47.34194,-22.8602],[-47.39619,-22.90431],[-47.38858,-22.98343],[-47.29054,-23.04391],[-47.23296,-23.00708],[-47.24676,-22.90931],[-47.25771,-22.89885]]]},"properties":{"cod_ibge":"353180","name":"Monte Mor","uf":"SP"}},
{"type":"Feature","geometry":{"type":"Polygon","coordinates":[[[-47.05925,-23.62825],[-46.98168,-23.60233],[-47.02784,-23.58142],[-47.05925,-23.62825]]]},"properties":{"cod_ibge":"355645","name":"Vargem Grande Paulista","uf":"SP"}},
{"type":"Feature","geometry":{"type":"Polygon","coordinates":[[[-46.39203,-23.99841],[-46.59286,-23.9975],[-46.60428,-24.08982],[-46.39203,-23.99841]]]},"properties":{"cod_ibge":"354100","name":"Praia Grande","uf":"SP"}},
{"type":"Feature","geometry":{"type":"Polygon","coordinates":[[[-46.13313,-23.85653],[-45.84235,-23.75831],[-45.79619,-23.68282],[-45.91612,-23.66691],[-46.10077,-23.71829],[-46.20214,-23.75149],[-46.17787,-23.88882],[-46.13313,-23.85653]]]},"properties":{"cod_ibge":"350635","name":"Bertioga","uf":"SP"}},
{"type":"Feature","geometry":{"type":"Polygon","coordinates":[[[-47.30054,-23.11258],[-47.19584,-23.18716],[-47.11588,-23.2249],[-47.11303,-23.22581],[-47.08828,-23.05574],[-47.23296,-23.00708],[-47.29054,-23.04391],[-47.30054,-23.11258]]]},"properties":{"cod_ibge":"352050","name":"Indaiatuba","uf":"SP"}},
{"type":"Feature","geometry":{"type":"Polygon","coordinates":[[[-47.09732,-21.56783],[-47.03736,-21.6233],[-46.91124,-21.48461],[-46.82939,-21.49689],[-46.78132,-21.37092],[-46.88459,-21.4073],[-46.99643,-21.35728],[-47.04402,-21.26724],[-47.19203,-21.34819],[-47.24152,-21.44323],[-47.09732,-21.56783]]]},"properties":{"cod_ibge":"353050","name":"Mococa","uf":"SP"}},
{"type":"Feature","geometry":{"type":"Polygon","coordinates":[[[-48.80251,-22.84519],[-48.56741,-22.85338],[-48.72922,-22.7647],[-48.80251,-22.84519]]]},"properties":{"cod_ibge":"354105","name":"Pratânia","uf":"SP"}},
{"type":"Feature","geometry":{"type":"Polygon","coordinates":[[[-48.04058,-22.50595],[-48.06342,-22.41182],[-48.23951,-22.36771],[-48.23475,-22.52051],[-48.05961,-22.51323],[-48.04058,-22.50595]]]},"properties":{"cod_ibge":"355470","name":"Torrinha","uf":"SP"}},
{"type":"Feature","geometry":{"type":"Polygon","coordinates":[[[-47.5423,-20.01307],[-47.44426,-20.12584],[-47.32909,-20.11539],[-47.48947,-19.96941],[-47.54944,-19.99397],[-47.5423,-20.01307]]]},"properties":{"cod_ibge":"354360","name":"Rifaina","uf":"SP"}},
{"type":"Feature","geometry":{"type":"Polygon","coordinates":[[[-46.69566,-23.01072],[-46.43248,-23.038],[-46.41106,-22.9807],[-46.44295,-22.82473],[-46.52766,-22.827],[-46.62427,-22.83291],[-46.68186,-22.88566],[-46.68138,-22.93023],[-46.71612,-22.97752],[-46.69566,-23.01072]]]},"properties":{"cod_ibge":"350760","name":"Bragança Paulista","uf":"SP"}},
{"type":"Feature","geometry":{"type":"Polygon","coordinates":[[[-45.3969,-23.18079],[-45.46734,-23.22444],[-45.60963,-23.16351],[-45.64057,-23.19625],[-45.64533,-23.29129],[-45.56632,-23.33222],[-45.3812,-23.28902],[-45.3969,-23.18079]]]},"properties":{"cod_ibge":"354230","name":"Redenção da Serra","uf":"SP"}},
{"type":"Feature","geometry":{"type":"Polygon","coordinates":[[[-47.81452,-23.9584],[-47.68412,-23.9925],[-47.57418,-23.86335],[-47.61892,-23.75695],[-47.63463,-23.70738],[-47.84831,-23.74967],[-47.86592,-23.78332],[-47.81452,-23.9584]]]},"properties":{"cod_ibge":"353790","name":"Pilar do Sul","uf":"SP"}},
{"type":"Feature","geometry":{"type":"Polygon","coordinates":[[[-51.73173,-21.22495],[-51.80882,-21.37456],[-51.77313,-21.3882],[-51.72316,-21.39502],[-51.67604,-21.34682],[-51.68176,-21.30362],[-51.73173,-21.22495]]]},"properties":{"cod_ibge":"354710","name":"Santa Mercedes","uf":"SP"}},
{"type":"Feature","geometry":{"type":"Polygon","coordinates":[[[-46.39203,-23.99841],[-46.35491,-23.97113],[-46.38632,-23.93293],[-46.49625,-23.89973],[-46.6119,-23.96794],[-46.64997,-24.0016],[-46.64236,-24.01024],[-46.59286,-23.9975],[-46.39203,-23.99841]]]},"properties":{"cod_ibge":"355100","name":"São Vicente","uf":"SP"}},
{"type":"Feature","geometry":{"type":"Polygon","coordinates":[[[-49.4031,-21.82612],[-49.43118,-21.77928],[-49.54588,-21.85659],[-49.65867,-21.86022],[-49.73434,-21.94071],[-49.74052,-22.0262],[-49.69531,-22.04439],[-49.4031,-21.82612]]]},"properties":{"cod_ibge":"351810","name":"Guarantã","uf":"SP"}},
{"type":"Feature","geometry":{"type":"Polygon","coordinates":[[[-49.90709,-20.85934],[-49.90519,-20.76157],[-49.90519,-20.76021],[-49.92518,-20.72337],[-50.02416,-20.82387],[-50.05082,-20.93164],[-50.03273,-20.97848],[-49.95706,-20.90709],[-49.90709,-20.85934]]]},"properties":{"cod_ibge":"352810","name":"Macaubal","uf":"SP"}},
{"type":"Feature","geometry":{"type":"Polygon","coordinates":[[[-49.45783,-20.21816],[-49.30602,-20.11675],[-49.25034,-19.96941],[-49.45403,-19.97805],[-49.61346,-19.91985],[-49.55016,-20.02307],[-49.6244,-20.17632],[-49.45783,-20.21816]]]},"properties":{"cod_ibge":"353660","name":"Paulo de Faria","uf":"SP"}},
{"type":"Feature","geometry":{"type":"Polygon","coordinates":[[[-51.28866,-22.04485],[-51.20775,-22.06804],[-51.15492,-21.86341],[-51.22393,-21.82885],[-51.28866,-22.04485]]]},"properties":{"cod_ibge":"350890","name":"Caiabu","uf":"SP"}},
{"type":"Feature","geometry":{"type":"Polygon","coordinates":[[[-50.26212,-22.70149],[-50.12268,-22.71514],[-50.1065,-22.68057],[-50.13886,-22.57417],[-50.30114,-22.54597],[-50.32494,-22.67739],[-50.26212,-22.70149]]]},"properties":{"cod_ibge":"353970","name":"Platina","uf":"SP"}},
{"type":"Feature","geometry":{"type":"Polygon","coordinates":[[[-48.29138,-21.98982],[-48.44129,-22.06122],[-48.29852,-22.06395],[-48.29138,-21.98982]]]},"properties":{"cod_ibge":"355475","name":"Trabiju","uf":"SP"}},
{"type":"Feature","geometry":{"type":"Polygon","coordinates":[[[-49.83856,-20.61424],[-49.60536,-20.70746],[-49.54445,-20.61742],[-49.49686,-20.49737],[-49.61726,-20.32275],[-49.70531,-20.48691],[-49.87045,-20.59059],[-49.83856,-20.61424]]]},"properties":{"cod_ibge":"355340","name":"Tanabi","uf":"SP"}},
{"type":"Feature","geometry":{"type":"Polygon","coordinates":[[[-46.42439,-22.59963],[-46.45627,-22.52187],[-46.55003,-22.46958],[-46.59905,-22.51505],[-46.6138,-22.54825],[-46.62903,-22.65375],[-46.62189,-22.72332],[-46.50672,-22.72741],[-46.47293,-22.70513],[-46.39298,-22.66284],[-46.42439,-22.59963]]]},"properties":{"cod_ibge":"355210","name":"Socorro","uf":"SP"}},
{"type":"Feature","geometry":{"type":"Polygon","coordinates":[[[-50.85367,-22.74515],[-50.71756,-22.80063],[-50.70614,-22.77289],[-50.65236,-22.68512],[-50.85367,-22.74515]]]},"properties":{"cod_ibge":"351330","name":"Cruzália","uf":"SP"}},
{"type":"Feature","geometry":{"type":"Polygon","coordinates":[[[-48.43701,-20.75293],[-48.52553,-20.63515],[-48.75349,-20.74293],[-48.71922,-20.81296],[-48.63594,-20.81887],[-48.44748,-20.78795],[-48.43701,-20.75293]]]},"properties":{"cod_ibge":"351200","name":"Colina","uf":"SP"}},
{"type":"Feature","geometry":{"type":"Polygon","coordinates":[[[-50.46581,-21.30771],[-50.34683,-21.06034],[-50.35825,-21.04351],[-50.52625,-21.03351],[-50.67759,-20.89254],[-50.86652,-20.83069],[-50.89984,-20.90982],[-50.85034,-20.93574],[-50.79752,-20.9853],[-50.64094,-21.04669],[-50.54481,-21.25224],[-50.62238,-21.45187],[-50.55385,-21.45005],[-50.46581,-21.30771]]]},"properties":{"cod_ibge":"350280","name":"Araçatuba","uf":"SP"}},
{"type":"Feature","geometry":{"type":"Polygon","coordinates":[[[-46.77751,-23.76695],[-46.87222,-23.79696],[-46.9122,-23.93429],[-46.81083,-23.92065],[-46.77751,-23.76695]]]},"properties":{"cod_ibge":"351510","name":"Embu-Guaçu","uf":"SP"}},
{"type":"Feature","geometry":{"type":"Polygon","coordinates":[[[-47.71839,-20.93846],[-47.54087,-21.03442],[-47.4395,-20.96029],[-47.4119,-20.80932],[-47.45283,-20.75975],[-47.50899,-20.72474],[-47.59798,-20.69291],[-47.61226,-20.70018],[-47.71839,-20.81523],[-47.77978,-20.89436],[-47.71839,-20.93846]]]},"properties":{"cod_ibge":"350590","name":"Batatais","uf":"SP"}},
{"type":"Feature","geometry":{"type":"Polygon","coordinates":[[[-49.97229,-22.95842],[-49.88425,-22.83837],[-49.88568,-22.81427],[-50.00846,-22.78653],[-50.05272,-22.90567],[-49.97419,-22.95433],[-49.97229,-22.95842]]]},"properties":{"cod_ibge":"354540","name":"Salto Grande","uf":"SP"}},
{"type":"Feature","geometry":{"type":"Polygon","coordinates":[[[-47.37954,-21.39548],[-47.26437,-21.45141],[-47.24152,-21.44323],[-47.19203,-21.34819],[-47.18965,-21.21222],[-47.30863,-21.10172],[-47.47805,-21.2054],[-47.41523,-21.34318],[-47.37954,-21.39548]]]},"properties":{"cod_ibge":"350940","name":"Cajuru","uf":"SP"}},
{"type":"Feature","geometry":{"type":"Polygon","coordinates":[[[-45.72147,-23.23809],[-45.79381,-23.2922],[-45.80285,-23.32949],[-45.78239,-23.35541],[-45.64533,-23.29129],[-45.64057,-23.19625],[-45.72147,-23.23809]]]},"properties":{"cod_ibge":"352490","name":"Jambeiro","uf":"SP"}},
{"type":"Feature","geometry":{"type":"Polygon","coordinates":[[[-51.35481,-21.63558],[-51.26486,-21.67514],[-51.2325,-21.62876],[-51.21394,-21.35501],[-51.22536,-21.34182],[-51.28628,-21.31908],[-51.35481,-21.63558]]]},"properties":{"cod_ibge":"353490","name":"Pacaembu","uf":"SP"}},
{"type":"Feature","geometry":{"type":"Polygon","coordinates":[[[-46.82368,-23.33085],[-46.66996,-23.36314],[-46.63712,-23.2581],[-46.63855,-23.25764],[-46.7837,-23.26537],[-46.80274,-23.25719],[-46.83795,-23.28765],[-46.82368,-23.33085]]]},"properties":{"cod_ibge":"351640","name":"Franco da Rocha","uf":"SP"}},
{"type":"Feature","geometry":{"type":"Polygon","coordinates":[[[-48.53505,-23.54094],[-48.40798,-23.71465],[-48.37086,-23.63144],[-48.41416,-23.53503],[-48.53505,-23.54094]]]},"properties":{"cod_ibge":"350945","name":"Campina do Monte Alegre","uf":"SP"}},
{"type":"Feature","geometry":{"type":"Polygon","coordinates":[[[-47.46711,-22.41319],[-47.56276,-22.52642],[-47.48947,-22.52369],[-47.46711,-22.41864],[-47.46711,-22.41319]]]},"properties":{"cod_ibge":"354670","name":"Santa Gertrudes","uf":"SP"}},
{"type":"Feature","geometry":{"type":"Polygon","coordinates":[[[-51.57372,-21.85067],[-51.42286,-21.87387],[-51.39478,-21.74472],[-51.49663,-21.70743],[-51.51186,-21.70197],[-51.57372,-21.85067]]]},"properties":{"cod_ibge":"351512","name":"Emilianópolis","uf":"SP"}},
{"type":"Feature","geometry":{"type":"Polygon","coordinates":[[[-50.16408,-20.8748],[-50.05082,-20.93164],[-50.02416,-20.82387],[-50.12125,-20.83115],[-50.16408,-20.8748]]]},"properties":{"cod_ibge":"353100","name":"Monções","uf":"SP"}},
{"type":"Feature","geometry":{"type":"Polygon","coordinates":[[[-50.17979,-20.98257],[-50.0551,-20.99713],[-50.03273,-20.97848],[-50.05082,-20.93164],[-50.16408,-20.8748],[-50.18121,-20.90072],[-50.17979,-20.98257]]]},"properties":{"cod_ibge":"355520","name":"Turiúba","uf":"SP"}},
{"type":"Feature","geometry":{"type":"Polygon","coordinates":[[[-47.71315,-22.23993],[-47.55039,-22.1508],[-47.57847,-22.08896],[-47.62653,-22.04348],[-47.72648,-22.04166],[-47.79977,-22.12807],[-47.71315,-22.23993]]]},"properties":{"cod_ibge":"350200","name":"Analândia","uf":"SP"}},
{"type":"Feature","geometry":{"type":"Polygon","coordinates":[[[-51.86022,-21.58056],[-51.88782,-21.76336],[-52.02298,-21.94844],[-51.91543,-22.00665],[-51.83547,-21.95572],[-51.71174,-21.7529],[-51.69794,-21.63376],[-51.71412,-21.59602],[-51.84261,-21.57828],[-51.86022,-21.58056]]]},"properties":{"cod_ibge":"354150","name":"Presidente Venceslau","uf":"SP"}},
{"type":"Feature","geometry":{"type":"Polygon","coordinates":[[[-45.42688,-23.70829],[-45.40642,-23.62371],[-45.2765,-23.57823],[-45.27364,-23.48319],[-45.45734,-23.57732],[-45.5806,-23.64644],[-45.70243,-23.63689],[-45.71957,-23.64872],[-45.53111,-23.75604],[-45.42688,-23.70829]]]},"properties":{"cod_ibge":"351050","name":"Caraguatatuba","uf":"SP"}},
{"type":"Feature","geometry":{"type":"Polygon","coordinates":[[[-49.45355,-22.58417],[-49.49495,-22.72741],[-49.37978,-22.73378],[-49.35123,-22.64238],[-49.45355,-22.58417]]]},"properties":{"cod_ibge":"351519","name":"Espírito Santo do Turvo","uf":"SP"}},
{"type":"Feature","geometry":{"type":"Polygon","coordinates":[[[-46.79131,-22.29723],[-46.72326,-22.30678],[-46.68043,-22.21674],[-46.67186,-22.17854],[-46.74658,-22.0926],[-46.89221,-22.08623],[-46.87507,-22.11306],[-46.89697,-22.20492],[-46.89982,-22.24584],[-46.79131,-22.29723]]]},"properties":{"cod_ibge":"351518","name":"Espírito Santo do Pinhal","uf":"SP"}},
{"type":"Feature","geometry":{"type":"Polygon","coordinates":[[[-47.91589,-22.42456],[-47.7931,-22.4482],[-47.77645,-22.44411],[-47.76027,-22.34043],[-47.71363,-22.30178],[-47.71315,-22.23993],[-47.79977,-22.12807],[-47.89971,-22.15762],[-47.95396,-22.39818],[-47.91589,-22.42456]]]},"properties":{"cod_ibge":"352360","name":"Itirapina","uf":"SP"}},
{"type":"Feature","geometry":{"type":"Polygon","coordinates":[[[-47.71839,-20.81523],[-47.61226,-20.70018],[-47.74313,-20.59559],[-47.78834,-20.58104],[-47.80643,-20.61287],[-47.82451,-20.74475],[-47.71839,-20.81523]]]},"properties":{"cod_ibge":"353360","name":"Nuporanga","uf":"SP"}},
{"type":"Feature","geometry":{"type":"Polygon","coordinates":[[[-47.13587,-22.47003],[-47.1887,-22.43274],[-47.25295,-22.47685],[-47.23677,-22.52051],[-47.08638,-22.47412],[-47.13587,-22.47003]]]},"properties":{"cod_ibge":"351515","name":"Engenheiro Coelho","uf":"SP"}},
{"type":"Feature","geometry":{"type":"Polygon","coordinates":[[[-47.98537,-20.87617],[-48.05771,-20.93028],[-48.17907,-20.88708],[-48.12481,-21.08944],[-47.98823,-20.99212],[-47.93968,-20.89981],[-47.98537,-20.87617]]]},"properties":{"cod_ibge":"354020","name":"Pontal","uf":"SP"}},
{"type":"Feature","geometry":{"type":"Polygon","coordinates":[[[-47.91018,-23.60597],[-47.80738,-23.48865],[-47.95015,-23.40861],[-48.04867,-23.42408],[-48.19287,-23.49001],[-48.37086,-23.63144],[-48.40798,-23.71465],[-48.34896,-23.83107],[-48.20762,-23.84971],[-48.052,-23.75604],[-47.86592,-23.78332],[-47.84831,-23.74967],[-47.91018,-23.60597]]]},"properties":{"cod_ibge":"352230","name":"Itapetininga","uf":"SP"}},
{"type":"Feature","geometry":{"type":"Polygon","coordinates":[[[-45.56632,-23.33222],[-45.56204,-23.44226],[-45.45734,-23.57732],[-45.27364,-23.48319],[-45.17513,-23.39497],[-45.3812,-23.28902],[-45.56632,-23.33222]]]},"properties":{"cod_ibge":"353230","name":"Natividade da Serra","uf":"SP"}},
{"type":"Feature","geometry":{"type":"Polygon","coordinates":[[[-45.99274,-23.52003],[-45.91612,-23.66691],[-45.79619,-23.68282],[-45.71957,-23.64872],[-45.70243,-23.63689],[-45.78857,-23.49274],[-45.96181,-23.49683],[-45.99274,-23.52003]]]},"properties":{"cod_ibge":"354500","name":"Salesópolis","uf":"SP"}},
{"type":"Feature","geometry":{"type":"Polygon","coordinates":[[[-48.4313,-24.26353],[-48.38323,-24.304],[-48.28091,-24.28172],[-48.31518,-24.11437],[-48.42083,-24.18031],[-48.4313,-24.26353]]]},"properties":{"cod_ibge":"354325","name":"Ribeirão Grande","uf":"SP"}},
{"type":"Feature","geometry":{"type":"Polygon","coordinates":[[[-49.6482,-20.25999],[-49.80287,-20.38459],[-49.85236,-20.41688],[-49.92327,-20.56194],[-49.87045,-20.59059],[-49.70531,-20.48691],[-49.61726,-20.32275],[-49.6482,-20.25999]]]},"properties":{"cod_ibge":"351290","name":"Cosmorama","uf":"SP"}},
{"type":"Feature","geometry":{"type":"Polygon","coordinates":[[[-49.50638,-20.94483],[-49.44594,-20.9853],[-49.37502,-20.96029],[-49.34599,-20.93164],[-49.43689,-20.87935],[-49.50638,-20.94483]]]},"properties":{"cod_ibge":"350460","name":"Bady Bassitt","uf":"SP"}},
{"type":"Feature","geometry":{"type":"Polygon","coordinates":[[[-46.95741,-22.72923],[-46.85842,-22.8361],[-46.837,-22.84337],[-46.93076,-22.68194],[-46.93123,-22.68285],[-46.95741,-22.72923]]]},"properties":{"cod_ibge":"353710","name":"Pedreira","uf":"SP"}},
{"type":"Feature","geometry":{"type":"Polygon","coordinates":[[[-46.79893,-23.18807],[-46.85366,-23.2008],[-46.80702,-23.25491],[-46.79893,-23.18807]]]},"properties":{"cod_ibge":"355650","name":"Várzea Paulista","uf":"SP"}},
{"type":"Feature","geometry":{"type":"Polygon","coordinates":[[[-47.91636,-20.43416],[-47.78834,-20.58104],[-47.74313,-20.59559],[-47.62653,-20.48054],[-47.80167,-20.39232],[-47.91446,-20.41642],[-47.91636,-20.43416]]]},"properties":{"cod_ibge":"351770","name":"Guará","uf":"SP"}},
{"type":"Feature","geometry":{"type":"Polygon","coordinates":[[[-50.30019,-21.62467],[-50.42488,-21.63149],[-50.44534,-21.6615],[-50.45391,-21.68833],[-50.30828,-21.71471],[-50.27307,-21.70925],[-50.24594,-21.69697],[-50.30019,-21.62467]]]},"properties":{"cod_ibge":"352770","name":"Luiziânia","uf":"SP"}},
{"type":"Feature","geometry":{"type":"Polygon","coordinates":[[[-50.71756,-22.80063],[-50.85367,-22.74515],[-50.92792,-22.7979],[-50.82369,-22.86611],[-50.71756,-22.80063]]]},"properties":{"cod_ibge":"353715","name":"Pedrinhas Paulista","uf":"SP"}},
{"type":"Feature","geometry":{"type":"Polygon","coordinates":[[[-50.25308,-21.11718],[-50.15742,-21.13628],[-50.15123,-21.13991],[-50.0551,-20.99713],[-50.17979,-20.98257],[-50.29924,-20.9994],[-50.35825,-21.04351],[-50.34683,-21.06034],[-50.25308,-21.11718]]]},"properties":{"cod_ibge":"350810","name":"Buritama","uf":"SP"}},
{"type":"Feature","geometry":{"type":"Polygon","coordinates":[[[-47.79168,-23.04891],[-47.80881,-22.87793],[-47.93064,-22.88339],[-47.93683,-23.01435],[-47.91018,-23.16078],[-47.81737,-23.1526],[-47.8188,-23.13259],[-47.79168,-23.04891]]]},"properties":{"cod_ibge":"352640","name":"Laranjal Paulista","uf":"SP"}},
{"type":"Feature","geometry":{"type":"Polygon","coordinates":[[[-50.05272,-22.90567],[-50.00846,-22.78653],[-50.00989,-22.78426],[-50.1065,-22.68057],[-50.12268,-22.71514],[-50.13315,-22.93978],[-50.05272,-22.90567]]]},"properties":{"cod_ibge":"351950","name":"Ibirarema","uf":"SP"}},
{"type":"Feature","geometry":{"type":"Polygon","coordinates":[[[-49.49591,-21.1381],[-49.61869,-21.12764],[-49.66057,-21.16129],[-49.68389,-21.20403],[-49.57253,-21.27133],[-49.5178,-21.22813],[-49.46021,-21.1772],[-49.49591,-21.1381]]]},"properties":{"cod_ibge":"352950","name":"Mendonça","uf":"SP"}},
{"type":"Feature","geometry":{"type":"Polygon","coordinates":[[[-49.63487,-20.97166],[-49.5573,-21.02487],[-49.52256,-20.9753],[-49.57348,-20.86389],[-49.63487,-20.97166]]]},"properties":{"cod_ibge":"352450","name":"Jaci","uf":"SP"}},
{"type":"Feature","geometry":{"type":"Polygon","coordinates":[[[-47.79168,-23.04891],[-47.8188,-23.13259],[-47.75122,-23.12213],[-47.79168,-23.04891]]]},"properties":{"cod_ibge":"352585","name":"Jumirim","uf":"SP"}},
{"type":"Feature","geometry":{"type":"Polygon","coordinates":[[[-47.34289,-21.83976],[-47.2163,-21.97618],[-47.19536,-21.97391],[-47.18679,-21.79065],[-47.24105,-21.75791],[-47.2934,-21.75245],[-47.3467,-21.80656],[-47.34289,-21.83976]]]},"properties":{"cod_ibge":"354630","name":"Santa Cruz das Palmeiras","uf":"SP"}},
{"type":"Feature","geometry":{"type":"Polygon","coordinates":[[[-50.46866,-20.3905],[-50.57574,-20.39778],[-50.62476,-20.50828],[-50.55433,-20.52829],[-50.44868,-20.486],[-50.44582,-20.48282],[-50.43012,-20.41233],[-50.46866,-20.3905]]]},"properties":{"cod_ibge":"354025","name":"Pontalinda","uf":"SP"}},
{"type":"Feature","geometry":{"type":"Polygon","coordinates":[[[-48.20762,-23.84971],[-47.95301,-24.11983],[-47.89495,-24.07936],[-47.81452,-23.9584],[-47.86592,-23.78332],[-48.052,-23.75604],[-48.20762,-23.84971]]]},"properties":{"cod_ibge":"355020","name":"São Miguel Arcanjo","uf":"SP"}},
{"type":"Feature","geometry":{"type":"Polygon","coordinates":[[[-47.46711,-22.41864],[-47.30196,-22.44502],[-47.25295,-22.47685],[-47.1887,-22.43274],[-47.18442,-22.29223],[-47.22439,-22.20628],[-47.46996,-22.24539],[-47.46711,-22.41319],[-47.46711,-22.41864]]]},"properties":{"cod_ibge":"350330","name":"Araras","uf":"SP"}},
{"type":"Feature","geometry":{"type":"Polygon","coordinates":[[[-48.61928,-21.2868],[-48.68448,-21.3832],[-48.5774,-21.33955],[-48.61928,-21.2868]]]},"properties":{"cod_ibge":"351010","name":"Cândido Rodrigues","uf":"SP"}},
{"type":"Feature","geometry":{"type":"Polygon","coordinates":[[[-49.978,-21.34955],[-49.84332,-21.35546],[-49.83142,-21.27497],[-49.85664,-21.26042],[-49.9918,-21.22677],[-49.978,-21.34955]]]},"properties":{"cod_ibge":"350510","name":"Barbosa","uf":"SP"}},
{"type":"Feature","geometry":{"type":"Polygon","coordinates":[[[-50.30828,-21.71471],[-50.45391,-21.68833],[-50.51721,-21.7097],[-50.54005,-21.81475],[-50.36206,-21.82794],[-50.33826,-21.80656],[-50.30828,-21.71471]]]},"properties":{"cod_ibge":"350335","name":"Arco-Íris","uf":"SP"}},
{"type":"Feature","geometry":{"type":"Polygon","coordinates":[[[-51.62084,-22.2845],[-51.71221,-22.35134],[-51.71126,-22.39227],[-51.57087,-22.39909],[-51.60038,-22.28131],[-51.62084,-22.2845]]]},"properties":{"cod_ibge":"355390","name":"Tarabai","uf":"SP"}},
{"type":"Feature","geometry":{"type":"Polygon","coordinates":[[[-50.70614,-22.77289],[-50.55242,-22.84064],[-50.50816,-22.7024],[-50.57146,-22.69149],[-50.65236,-22.68512],[-50.70614,-22.77289]]]},"properties":{"cod_ibge":"355395","name":"Tarumã","uf":"SP"}},
{"type":"Feature","geometry":{"type":"Polygon","coordinates":[[[-49.52256,-23.91656],[-49.35075,-24.22078],[-49.25414,-24.31809],[-49.14849,-24.25852],[-49.13707,-24.18577],[-49.19941,-24.098],[-49.28936,-23.89155],[-49.52256,-23.91656]]]},"properties":{"cod_ibge":"352320","name":"Itararé","uf":"SP"}},
{"type":"Feature","geometry":{"type":"Polygon","coordinates":[[[-50.4225,-21.4455],[-50.46581,-21.30771],[-50.55385,-21.45005],[-50.49341,-21.5219],[-50.44059,-21.48825],[-50.4225,-21.4455]]]},"properties":{"cod_ibge":"350640","name":"Bilac","uf":"SP"}},
{"type":"Feature","geometry":{"type":"Polygon","coordinates":[[[-48.9015,-24.55638],[-48.98192,-24.52364],[-49.13231,-24.53773],[-49.15801,-24.67188],[-49.12993,-24.68189],[-48.91244,-24.67416],[-48.9015,-24.55638]]]},"properties":{"cod_ibge":"354280","name":"Ribeira","uf":"SP"}},
{"type":"Feature","geometry":{"type":"Polygon","coordinates":[[[-50.08127,-20.31047],[-50.20311,-20.48145],[-50.15456,-20.5051],[-50.03226,-20.42552],[-50.0532,-20.33639],[-50.07794,-20.30456],[-50.08127,-20.31047]]]},"properties":{"cod_ibge":"355610","name":"Valentim Gentil","uf":"SP"}},
{"type":"Feature","geometry":{"type":"Polygon","coordinates":[[[-49.76337,-22.96979],[-49.8338,-23.06574],[-49.81952,-23.07711],[-49.75718,-22.9707],[-49.76337,-22.96979]]]},"properties":{"cod_ibge":"351015","name":"Canitar","uf":"SP"}},
{"type":"Feature","geometry":{"type":"Polygon","coordinates":[[[-49.63297,-21.48916],[-49.5178,-21.60239],[-49.44546,-21.52417],[-49.5473,-21.42276],[-49.62821,-21.35455],[-49.69722,-21.36274],[-49.63297,-21.48916]]]},"properties":{"cod_ibge":"354460","name":"Sabino","uf":"SP"}},
{"type":"Feature","geometry":{"type":"Polygon","coordinates":[[[-50.7485,-20.23453],[-50.78514,-20.33593],[-50.74231,-20.32457],[-50.73422,-20.31229],[-50.6833,-20.19315],[-50.7485,-20.23453]]]},"properties":{"cod_ibge":"354765","name":"Santa Salete","uf":"SP"}},
{"type":"Feature","geometry":{"type":"Polygon","coordinates":[[[-50.62238,-21.45187],[-50.54481,-21.25224],[-50.64094,-21.04669],[-50.79752,-20.9853],[-50.79514,-21.18675],[-50.73612,-21.19903],[-50.70091,-21.34],[-50.87366,-21.48916],[-50.80941,-21.56009],[-50.77372,-21.54463],[-50.65284,-21.49279],[-50.62238,-21.45187]]]},"properties":{"cod_ibge":"351820","name":"Guararapes","uf":"SP"}},
{"type":"Feature","geometry":{"type":"Polygon","coordinates":[[[-47.98918,-20.61696],[-47.80643,-20.61287],[-47.78834,-20.58104],[-47.91636,-20.43416],[-48.00821,-20.53147],[-48.13385,-20.49373],[-47.98918,-20.61696]]]},"properties":{"cod_ibge":"354940","name":"São Joaquim da Barra","uf":"SP"}},
{"type":"Feature","geometry":{"type":"Polygon","coordinates":[[[-50.22214,-20.20542],[-50.03559,-20.08446],[-50.11126,-20.03762],[-50.19026,-19.98624],[-50.29543,-20.01716],[-50.30876,-20.08856],[-50.22214,-20.20542]]]},"properties":{"cod_ibge":"352820","name":"Macedônia","uf":"SP"}},
{"type":"Feature","geometry":{"type":"Polygon","coordinates":[[[-48.73255,-22.31769],[-48.77157,-22.2272],[-48.84391,-22.12897],[-48.86104,-22.09078],[-49.03427,-22.20719],[-48.93433,-22.34088],[-48.86104,-22.48413],[-48.82678,-22.48822],[-48.70304,-22.36862],[-48.73255,-22.31769]]]},"properties":{"cod_ibge":"353670","name":"Pederneiras","uf":"SP"}},
{"type":"Feature","geometry":{"type":"Polygon","coordinates":[[[-47.35098,-22.78517],[-47.21059,-22.74287],[-47.19441,-22.72969],[-47.27912,-22.66329],[-47.3881,-22.69922],[-47.35098,-22.78517]]]},"properties":{"cod_ibge":"350160","name":"Americana","uf":"SP"}},
{"type":"Feature","geometry":{"type":"Polygon","coordinates":[[[-49.98276,-20.5724],[-49.94802,-20.69927],[-49.83856,-20.61424],[-49.87045,-20.59059],[-49.92327,-20.56194],[-49.98276,-20.5724]]]},"properties":{"cod_ibge":"355130","name":"Sebastianópolis do Sul","uf":"SP"}},
{"type":"Feature","geometry":{"type":"Polygon","coordinates":[[[-46.74658,-22.0926],[-46.67186,-22.17854],[-46.64569,-22.18082],[-46.71945,-22.08305],[-46.74658,-22.0926]]]},"properties":{"cod_ibge":"354810","name":"Santo Antônio do Jardim","uf":"SP"}},
{"type":"Feature","geometry":{"type":"Polygon","coordinates":[[[-49.55635,-22.12988],[-49.30269,-22.01393],[-49.24986,-22.04394],[-49.26176,-21.88296],[-49.18514,-21.77109],[-49.21322,-21.67105],[-49.23844,-21.6706],[-49.28508,-21.86022],[-49.31744,-21.93707],[-49.38787,-21.93662],[-49.33981,-21.8384],[-49.39121,-21.83067],[-49.4031,-21.82612],[-49.69531,-22.04439],[-49.63344,-22.07577],[-49.55635,-22.12988]]]},"properties":{"cod_ibge":"353890","name":"Pirajuí","uf":"SP"}},
{"type":"Feature","geometry":{"type":"Polygon","coordinates":[[[-48.63594,-20.81887],[-48.71922,-20.81296],[-48.74492,-20.83979],[-48.78585,-20.93392],[-48.694,-21.00668],[-48.68591,-21.01031],[-48.5893,-20.89754],[-48.63594,-20.81887]]]},"properties":{"cod_ibge":"353150","name":"Monte Azul Paulista","uf":"SP"}},
{"type":"Feature","geometry":{"type":"Polygon","coordinates":[[[-49.5178,-21.22813],[-49.39644,-21.37229],[-49.2846,-21.28907],[-49.39692,-21.18039],[-49.46021,-21.1772],[-49.5178,-21.22813]]]},"properties":{"cod_ibge":"352150","name":"Irapuã","uf":"SP"}},
{"type":"Feature","geometry":{"type":"Polygon","coordinates":[[[-49.1109,-21.02714],[-48.96384,-21.05351],[-48.94004,-21.05943],[-48.90863,-20.91527],[-48.90721,-20.89208],[-48.94909,-20.86934],[-49.07901,-20.81159],[-49.1109,-21.02714]]]},"properties":{"cod_ibge":"355260","name":"Tabapuã","uf":"SP"}},
{"type":"Feature","geometry":{"type":"Polygon","coordinates":[[[-51.83833,-22.35771],[-51.73839,-22.17991],[-51.8745,-22.17718],[-52.05392,-22.27267],[-52.20954,-22.28632],[-52.22715,-22.37453],[-52.13577,-22.52687],[-52.03298,-22.53915],[-51.94779,-22.51459],[-51.83833,-22.35771]]]},"properties":{"cod_ibge":"353020","name":"Mirante do Paranapanema","uf":"SP"}},
{"type":"Feature","geometry":{"type":"Polygon","coordinates":[[[-47.56514,-23.46773],[-47.65081,-23.45864],[-47.76074,-23.56095],[-47.70601,-23.62871],[-47.55658,-23.57368],[-47.56514,-23.46773]]]},"properties":{"cod_ibge":"350290","name":"Araçoiaba da Serra","uf":"SP"}},
{"type":"Feature","geometry":{"type":"Polygon","coordinates":[[[-49.8338,-20.84934],[-49.90709,-20.85934],[-49.95706,-20.90709],[-49.85093,-20.93164],[-49.8338,-20.84934]]]},"properties":{"cod_ibge":"355570","name":"União Paulista","uf":"SP"}},
{"type":"Feature","geometry":{"type":"Polygon","coordinates":[[[-49.30745,-20.30137],[-49.45783,-20.21816],[-49.6244,-20.17632],[-49.65438,-20.17041],[-49.68722,-20.20133],[-49.6482,-20.25999],[-49.61726,-20.32275],[-49.49686,-20.49737],[-49.4783,-20.5051],[-49.30745,-20.30137]]]},"properties":{"cod_ibge":"353500","name":"Palestina","uf":"SP"}},
{"type":"Feature","geometry":{"type":"Polygon","coordinates":[[[-48.90863,-20.91527],[-48.94004,-21.05943],[-48.85962,-21.00622],[-48.90863,-20.91527]]]},"properties":{"cod_ibge":"353325","name":"Novais","uf":"SP"}},
{"type":"Feature","geometry":{"type":"Polygon","coordinates":[[[-46.2621,-23.18625],[-46.14598,-23.25673],[-46.0746,-23.18079],[-46.08269,-22.98571],[-46.08649,-22.9848],[-46.21499,-23.10849],[-46.2621,-23.18625]]]},"properties":{"cod_ibge":"352020","name":"Igaratá","uf":"SP"}},
{"type":"Feature","geometry":{"type":"Polygon","coordinates":[[[-46.9298,-23.5132],[-46.91124,-23.56323],[-46.87603,-23.5655],[-46.8608,-23.54504],[-46.9298,-23.5132]]]},"properties":{"cod_ibge":"352500","name":"Jandira","uf":"SP"}},
{"type":"Feature","geometry":{"type":"Polygon","coordinates":[[[-48.25521,-20.80614],[-48.33849,-20.69563],[-48.43701,-20.75293],[-48.44748,-20.78795],[-48.40941,-20.85434],[-48.25521,-20.80614]]]},"properties":{"cod_ibge":"355440","name":"Terra Roxa","uf":"SP"}},
{"type":"Feature","geometry":{"type":"Polygon","coordinates":[[[-48.68448,-21.3832],[-48.61928,-21.2868],[-48.69543,-21.22086],[-48.74159,-21.24541],[-48.75444,-21.42049],[-48.72588,-21.42003],[-48.68448,-21.3832]]]},"properties":{"cod_ibge":"351560","name":"Fernando Prestes","uf":"SP"}},
{"type":"Feature","geometry":{"type":"Polygon","coordinates":[[[-50.29972,-21.45687],[-50.38443,-21.48961],[-50.42488,-21.63149],[-50.30019,-21.62467],[-50.27402,-21.55919],[-50.25926,-21.49416],[-50.29972,-21.45687]]]},"properties":{"cod_ibge":"350770","name":"Braúna","uf":"SP"}},
{"type":"Feature","geometry":{"type":"Polygon","coordinates":[[[-50.67188,-20.4378],[-50.6557,-20.51692],[-50.62476,-20.50828],[-50.57574,-20.39778],[-50.61286,-20.37595],[-50.67188,-20.4378]]]},"properties":{"cod_ibge":"351385","name":"Dirce Reis","uf":"SP"}},
{"type":"Feature","geometry":{"type":"Polygon","coordinates":[[[-50.15742,-21.13628],[-50.25308,-21.11718],[-50.24879,-21.21313],[-50.20644,-21.2586],[-50.15742,-21.13628]]]},"properties":{"cod_ibge":"350775","name":"Brejo Alegre","uf":"SP"}},
{"type":"Feature","geometry":{"type":"Polygon","coordinates":[[[-47.04878,-23.05119],[-46.98215,-22.90431],[-46.87841,-22.9275],[-46.87841,-22.92704],[-46.85842,-22.8361],[-46.95741,-22.72923],[-47.10113,-22.7506],[-47.16348,-22.80563],[-47.15776,-22.86111],[-47.24676,-22.90931],[-47.23296,-23.00708],[-47.08828,-23.05574],[-47.04878,-23.05119]]]},"properties":{"cod_ibge":"350950","name":"Campinas","uf":"SP"}},
{"type":"Feature","geometry":{"type":"Polygon","coordinates":[[[-48.29852,-22.06395],[-48.44129,-22.06122],[-48.4451,-22.06304],[-48.39608,-22.1217],[-48.3423,-22.18082],[-48.31422,-22.19855],[-48.25616,-22.15444],[-48.29852,-22.06395]]]},"properties":{"cod_ibge":"351430","name":"Dourado","uf":"SP"}},
{"type":"Feature","geometry":{"type":"Polygon","coordinates":[[[-49.45926,-22.33725],[-49.5711,-22.32451],[-49.60394,-22.4432],[-49.51256,-22.39591],[-49.45926,-22.33725]]]},"properties":{"cod_ibge":"351565","name":"Fernão","uf":"SP"}},
{"type":"Feature","geometry":{"type":"Polygon","coordinates":[[[-46.89744,-24.25307],[-46.98311,-24.12347],[-47.06734,-24.20168],[-47.02118,-24.28353],[-47.12064,-24.36493],[-47.07781,-24.44815],[-46.89744,-24.25307]]]},"properties":{"cod_ibge":"353760","name":"Peruíbe","uf":"SP"}},
{"type":"Feature","geometry":{"type":"Polygon","coordinates":[[[-47.18632,-20.73156],[-47.25199,-20.64789],[-47.14254,-20.56558],[-47.13778,-20.56103],[-47.14396,-20.54102],[-47.2401,-20.52329],[-47.45283,-20.75975],[-47.4119,-20.80932],[-47.22725,-20.85661],[-47.22677,-20.8557],[-47.18632,-20.73156]]]},"properties":{"cod_ibge":"353630","name":"Patrocínio Paulista","uf":"SP"}},
{"type":"Feature","geometry":{"type":"Polygon","coordinates":[[[-50.00751,-20.33184],[-49.85236,-20.41688],[-49.80287,-20.38459],[-49.86711,-20.29683],[-49.81239,-20.19451],[-50.02797,-20.18178],[-50.00751,-20.33184]]]},"properties":{"cod_ibge":"350120","name":"Álvares Florence","uf":"SP"}},
{"type":"Feature","geometry":{"type":"Polygon","coordinates":[[[-50.28591,-20.58604],[-50.44868,-20.486],[-50.55433,-20.52829],[-50.47628,-20.6879],[-50.50578,-20.76157],[-50.43202,-20.7975],[-50.29638,-20.71291],[-50.28591,-20.58604]]]},"properties":{"cod_ibge":"351690","name":"General Salgado","uf":"SP"}}
]}