{"type":"FeatureCollection", "features": [
{"type":"Feature","geometry":{"type":"Polygon","coordinates":[[[-44.025331,-5.377707],[-44.028663,-5.400444],[-44.021524,-5.424546],[-44.002012,-5.448192],[-43.993921,-5.476841],[-43.979644,-5.496395],[-43.959656,-5.497759],[-43.942047,-5.534593],[-43.952517,-5.545507],[-43.973933,-5.538231],[-43.979168,-5.516858],[-43.992018,-5.508218],[-44.022,-5.525043],[-44.019144,-5.553692],[-44.04294,-5.60917],[-44.0615,-5.610534],[-44.077205,-5.629179],[-44.114326,-5.642366],[-44.147164,-5.676017],[-44.164773,-5.706939],[-44.202845,-5.716034],[-44.222358,-5.733314],[-44.232352,-5.764237],[-44.091007,-5.839724],[-44.09529,-5.823353],[-44.075302,-5.816077],[-44.030566,-5.786974],[-44.028663,-5.770603],[-43.979644,-5.742864],[-43.972029,-5.723765],[-43.949662,-5.708758],[-43.94633,-5.696026],[-43.897788,-5.648278],[-43.886842,-5.590071],[-43.840678,-5.569153],[-43.821642,-5.549145],[-43.828305,-5.529591],[-43.854004,-5.518222],[-43.867805,-5.498214],[-43.869233,-5.472748],[-44.025331,-5.377707]]]},"properties":{"cod_ibge":"210420","name":"Fortuna","uf":"MA"}},
{"type":"Feature","geometry":{"type":"Polygon","coordinates":[[[-46.017486,-4.853847],[-46.0113,-4.863396],[-46.027005,-4.915237],[-46.026053,-4.933881],[-46.054607,-4.967077],[-46.070312,-5.000728],[-46.114096,-5.046202],[-46.137416,-5.055297],[-46.166922,-5.053932],[-46.190717,-5.071667],[-46.196428,-5.091676],[-46.220224,-5.135331],[-46.236881,-5.142607],[-46.284471,-5.184898],[-46.286851,-5.200813],[-46.313026,-5.220822],[-46.321116,-5.264477],[-46.347767,-5.296309],[-46.330159,-5.334052],[-46.307791,-5.361337],[-46.276857,-5.350878],[-46.24973,-5.351332],[-46.205471,-5.325867],[-46.187386,-5.270843],[-46.169777,-5.279484],[-46.139319,-5.282667],[-46.11362,-5.277665],[-46.097439,-5.292216],[-46.064601,-5.29358],[-46.010824,-5.304949],[-45.985601,-5.289488],[-45.96942,-5.301766],[-45.932299,-5.31268],[-45.929919,-5.288124],[-45.916118,-5.281757],[-45.905648,-5.254928],[-45.866623,-5.234464],[-45.855677,-5.205361],[-45.839972,-5.205816],[-45.821888,-5.188081],[-45.793333,-5.147154],[-45.794761,-5.122143],[-45.769538,-5.113503],[-45.753357,-5.084855],[-45.7367,-5.072122],[-45.724802,-5.047566],[-45.683874,-5.038926],[-45.656271,-5.023465],[-45.655796,-5.013006],[-45.620102,-4.987995],[-45.605825,-4.992997],[-45.604397,-4.981174],[-45.57156,-4.943885],[-45.572036,-4.919784],[-45.598211,-4.893864],[-45.707194,-4.833383],[-45.712429,-4.775177],[-45.849015,-4.743799],[-45.867575,-4.627386],[-45.922781,-4.639664],[-45.922305,-4.615563],[-45.928491,-4.661491],[-45.958474,-4.678772],[-45.958474,-4.69878],[-45.975131,-4.723336],[-45.999878,-4.73425],[-46.021294,-4.757442],[-46.039378,-4.789728],[-46.028432,-4.805644],[-46.027005,-4.837021],[-46.017486,-4.853847]]]},"properties":{"cod_ibge":"210095","name":"Arame","uf":"MA"}},
{"type":"Feature","geometry":{"type":"Polygon","coordinates":[[[-44.747761,-4.454585],[-44.600229,-4.452311],[-44.578813,-4.462315],[-44.577386,-4.475503],[-44.430806,-4.48096],[-44.423667,-4.415477],[-44.396064,-4.318163],[-44.406534,-4.321346],[-44.473162,-4.304975],[-44.476969,-4.279055],[-44.505523,-4.279055],[-44.740147,-4.280874],[-44.873401,-4.3841],[-44.882919,-4.414568],[-44.863883,-4.419115],[-44.849606,-4.438669],[-44.848654,-4.456404],[-44.747761,-4.454585]]]},"properties":{"cod_ibge":"211140","name":"São Luís Gonzaga do Maranhão","uf":"MA"}},
{"type":"Feature","geometry":{"type":"Polygon","coordinates":[[[-43.607007,-3.619227],[-43.626519,-3.603766],[-43.643652,-3.60513],[-43.659357,-3.588759],[-43.699333,-3.57921],[-43.721225,-3.55238],[-43.741689,-3.536009],[-43.774051,-3.526914],[-43.787377,-3.49099],[-43.813076,-3.477348],[-43.984403,-3.500994],[-43.975361,-3.520093],[-44.016289,-3.507361],[-44.050554,-3.481895],[-44.081488,-3.479622],[-44.094338,-3.522367],[-44.087675,-3.536464],[-44.066735,-3.558746],[-44.050554,-3.561475],[-44.05103,-3.587395],[-44.036277,-3.647875],[-44.031994,-3.687438],[-44.048175,-3.703808],[-43.992969,-3.842504],[-43.93824,-4.000299],[-43.895408,-3.968467],[-43.729316,-3.935271],[-43.728364,-3.934817],[-43.607007,-3.619227]]]},"properties":{"cod_ibge":"211270","name":"Vargem Grande","uf":"MA"}},
{"type":"Feature","geometry":{"type":"Polygon","coordinates":[[[-44.057693,-6.369496],[-43.927294,-6.543661],[-43.872564,-6.509556],[-43.842582,-6.516832],[-43.821166,-6.512739],[-43.808793,-6.467265],[-43.784521,-6.454987],[-43.815931,-6.422246],[-43.838775,-6.3795],[-43.836871,-6.345395],[-43.859239,-6.28446],[-43.900643,-6.297647],[-43.943951,-6.2931],[-43.966318,-6.295373],[-44.099573,-6.351306],[-44.057693,-6.369496]]]},"properties":{"cod_ibge":"210770","name":"Paraibano","uf":"MA"}},
{"type":"Feature","geometry":{"type":"Polygon","coordinates":[[[-45.318376,-3.637871],[-45.344551,-3.6406],[-45.383576,-3.63105],[-45.408323,-3.657425],[-45.416413,-3.707446],[-45.423552,-3.722453],[-45.490655,-3.824315],[-45.528252,-3.852054],[-45.563945,-3.878429],[-45.598211,-3.915263],[-45.581078,-3.947095],[-45.578222,-3.987566],[-45.561566,-3.987112],[-45.550144,-3.987112],[-45.4878,-4.063508],[-45.446396,-4.074877],[-45.422124,-4.067601],[-45.403088,-4.054868],[-45.402612,-4.0244],[-45.386431,-3.996206],[-45.357876,-3.984838],[-45.369298,-3.947095],[-45.37263,-3.907532],[-45.366919,-3.894345],[-45.339792,-3.869789],[-45.325515,-3.845233],[-45.337888,-3.822041],[-45.326942,-3.81522],[-45.3179,-3.781114],[-45.322659,-3.747464],[-45.343123,-3.684255],[-45.323611,-3.695623],[-45.33075,-3.673341],[-45.318376,-3.637871]]]},"properties":{"cod_ibge":"210990","name":"Santa Inês","uf":"MA"}},
{"type":"Feature","geometry":{"type":"Polygon","coordinates":[[[-45.183694,-2.798421],[-45.165133,-2.767498],[-45.128964,-2.745216],[-45.128488,-2.717477],[-45.108976,-2.692011],[-45.105645,-2.656996],[-45.076138,-2.610158],[-45.074235,-2.567413],[-45.041397,-2.541947],[-45.040445,-2.507387],[-45.050439,-2.491471],[-45.022361,-2.486014],[-45.004752,-2.464641],[-44.959065,-2.459639],[-44.955257,-2.426898],[-44.916709,-2.391428],[-44.898148,-2.384607],[-44.923847,-2.359596],[-44.934793,-2.329583],[-44.934793,-2.233633],[-44.961444,-2.245002],[-44.967155,-2.170879],[-45.02712,-2.208168],[-45.160374,-2.347318],[-45.300292,-2.410982],[-45.297436,-2.428262],[-45.274592,-2.440995],[-45.259363,-2.471462],[-45.242707,-2.487833],[-45.27602,-2.701106],[-45.357876,-2.745671],[-45.34122,-2.754311],[-45.331226,-2.775684],[-45.304575,-2.785688],[-45.275544,-2.809334],[-45.250797,-2.804332],[-45.219863,-2.813427],[-45.196543,-2.817065],[-45.183694,-2.798421]]]},"properties":{"cod_ibge":"210860","name":"Pinheiro","uf":"MA"}},
{"type":"Feature","geometry":{"type":"Polygon","coordinates":[[[-45.793809,-8.021113],[-45.820936,-7.988826],[-45.8414,-7.979731],[-45.827599,-7.953811],[-45.846159,-7.914703],[-45.841876,-7.876505],[-45.859485,-7.817844],[-45.844256,-7.804202],[-45.844256,-7.767368],[-45.795713,-7.724622],[-45.791906,-7.703249],[-45.800948,-7.65823],[-45.799996,-7.607299],[-45.793809,-7.582743],[-45.820936,-7.555459],[-45.815225,-7.548183],[-45.822364,-7.494978],[-45.831882,-7.478607],[-45.815701,-7.453597],[-45.797141,-7.45587],[-45.781436,-7.444047],[-45.755261,-7.451323],[-45.744791,-7.43859],[-45.717188,-7.447685],[-45.687681,-7.430405],[-45.673404,-7.406759],[-45.699103,-7.392207],[-45.718616,-7.36856],[-45.742411,-7.358101],[-45.767158,-7.338093],[-45.805231,-7.328543],[-45.839496,-7.302623],[-45.870431,-7.288526],[-46.07174,-7.159835],[-46.077927,-7.162563],[-46.197856,-7.258058],[-46.166446,-7.365377],[-46.387744,-7.46542],[-46.387744,-7.472696],[-46.418202,-7.695064],[-46.44866,-7.716891],[-46.451515,-7.750087],[-46.466745,-7.766003],[-46.439142,-7.804656],[-46.455799,-7.825574],[-46.437238,-7.851949],[-46.436762,-7.871958],[-46.424389,-7.891057],[-46.425816,-7.908792],[-46.442473,-7.940169],[-46.422485,-7.947445],[-46.405828,-7.985643],[-46.411063,-8.001104],[-46.404876,-8.062949],[-46.420581,-8.086141],[-46.401545,-8.112061],[-46.394882,-8.14844],[-46.406304,-8.163446],[-46.400593,-8.225291],[-46.409635,-8.250756],[-46.414395,-8.288955],[-46.421533,-8.297595],[-46.412491,-8.325334],[-46.413443,-8.345342],[-46.425816,-8.377174],[-46.44628,-8.402185],[-46.470076,-8.420375],[-46.514811,-8.427196],[-46.521474,-8.410825],[-46.566685,-8.402185],[-46.574776,-8.413099],[-46.596192,-8.409461],[-46.617132,-8.420829],[-46.632837,-8.406278],[-46.66044,-8.406278],[-46.673765,-8.414008],[-46.706127,-8.411735],[-46.726591,-8.383086],[-46.777037,-8.368534],[-46.802736,-8.406278],[-46.795598,-8.42856],[-46.800357,-8.454025],[-46.823676,-8.474489],[-46.849375,-8.474489],[-46.846044,-8.53406],[-46.87555,-8.555432],[-46.902201,-8.586355],[-46.897918,-8.600906],[-46.916955,-8.632738],[-46.916479,-8.648199],[-46.889352,-8.669572],[-46.886972,-8.686398],[-46.914575,-8.70868],[-46.925997,-8.73551],[-46.91743,-8.762339],[-46.905057,-8.775527],[-46.902677,-8.814634],[-46.917906,-8.839645],[-46.918382,-8.856925],[-46.941702,-8.859654],[-46.949792,-8.870113],[-46.978347,-8.867839],[-46.9931,-8.878753],[-46.970256,-8.914677],[-47.011185,-8.946509],[-47.020703,-8.98789],[-47.038311,-9.000623],[-47.057824,-9.052918],[-47.048305,-9.071108],[-47.034504,-9.069289],[-47.007377,-9.082022],[-46.975967,-9.081567],[-46.940274,-9.063832],[-46.921714,-9.067015],[-46.912195,-9.082931],[-46.93028,-9.106123],[-46.926473,-9.134772],[-46.899822,-9.12795],[-46.889352,-9.142502],[-46.861273,-9.146595],[-46.847948,-9.167968],[-46.852231,-9.186157],[-46.82796,-9.194343],[-46.819393,-9.211623],[-46.828911,-9.240271],[-46.818917,-9.257551],[-46.846996,-9.292566],[-46.835098,-9.308028],[-46.818917,-9.30348],[-46.799405,-9.33895],[-46.766091,-9.367599],[-46.758477,-9.381241],[-46.766091,-9.401704],[-46.754194,-9.413982],[-46.72326,-9.396247],[-46.694229,-9.398066],[-46.66615,-9.3917],[-46.632837,-9.411708],[-46.640451,-9.39943],[-46.617132,-9.35714],[-46.651397,-9.339405],[-46.667102,-9.306209],[-46.667102,-9.276651],[-46.645686,-9.264373],[-46.644259,-9.207075],[-46.606662,-9.150233],[-46.610469,-9.11931],[-46.62665,-9.103395],[-46.614276,-9.087479],[-46.578107,-9.082476],[-46.54051,-9.057466],[-46.5348,-9.007444],[-46.52433,-8.983798],[-46.523378,-8.955149],[-46.503865,-8.930138],[-46.469124,-8.926501],[-46.418678,-8.91013],[-46.393455,-8.891031],[-46.338249,-8.827822],[-46.33587,-8.812815],[-46.286851,-8.758247],[-46.273525,-8.726415],[-46.249254,-8.714137],[-46.238308,-8.678212],[-46.204043,-8.653656],[-46.143602,-8.625917],[-46.132656,-8.598178],[-46.111716,-8.570894],[-46.109337,-8.541336],[-46.115524,-8.52451],[-46.096011,-8.477672],[-46.096963,-8.359439],[-46.083162,-8.34034],[-46.089825,-8.314875],[-46.106481,-8.296231],[-46.102674,-8.23575],[-46.120283,-8.226655],[-46.135512,-8.140255],[-46.148361,-8.114334],[-46.144554,-8.077046],[-46.101246,-8.056582],[-46.091728,-8.024751],[-46.06127,-8.044759],[-46.057463,-8.065677],[-46.023673,-8.092962],[-46.012727,-8.128886],[-46.002257,-8.134343],[-46.002733,-8.162537],[-45.965136,-8.182545],[-45.926112,-8.197552],[-45.913262,-8.185729],[-45.915642,-8.140255],[-45.888039,-8.13025],[-45.868051,-8.114789],[-45.841876,-8.106604],[-45.791906,-8.106604],[-45.77858,-8.102511],[-45.760971,-8.070679],[-45.765731,-8.047033],[-45.793809,-8.021113]]]},"properties":{"cod_ibge":"210140","name":"Balsas","uf":"MA"}},
{"type":"Feature","geometry":{"type":"Polygon","coordinates":[[[-43.429017,-4.223122],[-43.210575,-4.365456],[-43.220569,-4.304066],[-43.234846,-4.277236],[-43.230087,-4.224941],[-43.234846,-4.186288],[-43.224376,-4.171736],[-43.222473,-4.146271],[-43.233419,-4.114894],[-43.267684,-4.074877],[-43.429017,-4.223122]]]},"properties":{"cod_ibge":"210010","name":"Afonso Cunha","uf":"MA"}},
{"type":"Feature","geometry":{"type":"Polygon","coordinates":[[[-44.249484,-7.000675],[-44.236159,-6.998857],[-44.20808,-6.969753],[-44.200942,-6.932919],[-44.173815,-6.920186],[-44.171435,-6.885171],[-44.140501,-6.865163],[-44.125272,-6.835605],[-44.114326,-6.852885],[-44.098621,-6.840152],[-44.11623,-6.805592],[-44.089103,-6.803318],[-44.077205,-6.821053],[-44.059121,-6.80832],[-44.05341,-6.768303],[-44.033422,-6.760573],[-43.987734,-6.757389],[-43.9568,-6.743292],[-43.942523,-6.767848],[-43.930625,-6.771032],[-43.913968,-6.752842],[-43.883986,-6.758754],[-43.853528,-6.735562],[-43.820214,-6.727377],[-43.790708,-6.702366],[-43.775003,-6.715099],[-43.753587,-6.703275],[-43.790708,-6.545026],[-43.981548,-6.634155],[-44.214743,-6.743747],[-44.327533,-6.935193],[-44.290413,-6.957475],[-44.274708,-6.95793],[-44.255195,-6.982031],[-44.249484,-7.000675]]]},"properties":{"cod_ibge":"210730","name":"Nova Iorque","uf":"MA"}},
{"type":"Feature","geometry":{"type":"Polygon","coordinates":[[[-44.577386,-4.475503],[-44.584048,-4.495966],[-44.575006,-4.519158],[-44.54312,-4.534619],[-44.540265,-4.572362],[-44.528843,-4.577819],[-44.520277,-4.606923],[-44.495053,-4.619201],[-44.498861,-4.643757],[-44.485535,-4.650578],[-44.398444,-4.666039],[-44.40701,-4.654216],[-44.414149,-4.617836],[-44.387498,-4.597373],[-44.380835,-4.583276],[-44.352757,-4.572817],[-44.347522,-4.558265],[-44.430806,-4.48096],[-44.577386,-4.475503]]]},"properties":{"cod_ibge":"210600","name":"Lima Campos","uf":"MA"}},
{"type":"Feature","geometry":{"type":"Polygon","coordinates":[[[-42.309203,-3.092638],[-42.279221,-3.078995],[-42.253522,-3.079905],[-42.18975,-3.069901],[-42.169286,-3.057623],[-42.146918,-3.056258],[-42.12693,-3.039433],[-42.066965,-3.016241],[-42.048405,-2.990321],[-42.127406,-2.987593],[-42.130261,-2.947121],[-42.113129,-2.929386],[-42.083146,-2.913925],[-42.095996,-2.876636],[-42.08743,-2.835709],[-42.071249,-2.814336],[-42.096948,-2.758858],[-42.11646,-2.756584],[-42.127406,-2.801149],[-42.143587,-2.801149],[-42.174045,-2.814791],[-42.1769,-2.844349],[-42.309203,-3.092638]]]},"properties":{"cod_ibge":"210015","name":"Água Doce do Maranhão","uf":"MA"}},
{"type":"Feature","geometry":{"type":"Polygon","coordinates":[[[-44.349901,-5.11032],[-44.312304,-5.023919],[-44.306593,-4.912053],[-44.357992,-4.894773],[-44.382739,-4.930698],[-44.412245,-4.949342],[-44.411769,-4.975717],[-44.496005,-4.975717],[-44.485535,-5.016189],[-44.497433,-5.043019],[-44.486487,-5.086674],[-44.488391,-5.1276],[-44.455077,-5.149428],[-44.460312,-5.123053],[-44.455553,-5.080762],[-44.423191,-5.123053],[-44.391305,-5.103499],[-44.367034,-5.113049],[-44.349901,-5.11032]]]},"properties":{"cod_ibge":"210380","name":"Dom Pedro","uf":"MA"}},
{"type":"Feature","geometry":{"type":"Polygon","coordinates":[[[-45.031403,-3.571024],[-45.015698,-3.535555],[-45.049487,-3.511908],[-45.032831,-3.480986],[-45.030451,-3.459158],[-45.012367,-3.458249],[-45.009511,-3.431874],[-44.973818,-3.428236],[-44.948119,-3.458249],[-44.930986,-3.462796],[-44.916709,-3.43051],[-44.900052,-3.424598],[-44.8991,-3.400951],[-44.879112,-3.384581],[-44.894341,-3.371848],[-44.863883,-3.346383],[-44.861979,-3.329102],[-44.878636,-3.29818],[-44.872925,-3.283628],[-44.897672,-3.301818],[-44.94336,-3.305456],[-44.935745,-3.328193],[-44.953354,-3.340471],[-44.97239,-3.330467],[-44.99333,-3.335014],[-45.019981,-3.315006],[-45.019505,-3.279081],[-45.033307,-3.239519],[-45.072807,-3.264529],[-45.086608,-3.273169],[-45.129916,-3.326374],[-45.15038,-3.332286],[-45.215104,-3.332286],[-45.254604,-3.321372],[-45.260315,-3.371393],[-45.271737,-3.392311],[-45.083753,-3.420505],[-45.086608,-3.456884],[-45.104693,-3.485533],[-45.128488,-3.507815],[-45.122777,-3.567386],[-45.106121,-3.557382],[-45.058054,-3.572389],[-45.031403,-3.571024]]]},"properties":{"cod_ibge":"210250","name":"Cajari","uf":"MA"}},
{"type":"Feature","geometry":{"type":"Polygon","coordinates":[[[-44.658766,-5.084855],[-44.665905,-5.057116],[-44.638302,-5.059844],[-44.639254,-5.037562],[-44.607368,-4.981174],[-44.620217,-4.964803],[-44.612127,-4.945704],[-44.618314,-4.90114],[-44.641157,-4.875219],[-44.643061,-4.85703],[-44.644013,-4.855666],[-44.655911,-4.873855],[-44.696363,-4.887952],[-44.700646,-4.904778],[-44.779647,-4.927969],[-44.798683,-4.923877],[-44.851033,-4.939793],[-44.867214,-4.938883],[-44.928607,-4.992088],[-44.932414,-5.013915],[-44.934793,-5.022101],[-44.919088,-5.039381],[-44.892437,-5.032105],[-44.869594,-5.044838],[-44.855792,-5.106227],[-44.834377,-5.113049],[-44.820099,-5.133967],[-44.823907,-5.14579],[-44.76299,-5.18126],[-44.752996,-5.159887],[-44.722538,-5.149883],[-44.684465,-5.105773],[-44.658766,-5.084855]]]},"properties":{"cod_ibge":"210560","name":"Joselândia","uf":"MA"}},
{"type":"Feature","geometry":{"type":"MultiPolygon","coordinates":[[[[-45.780484,-1.193187],[-45.782387,-1.219562],[-45.798092,-1.253668],[-45.816177,-1.260944],[-45.846635,-1.288228],[-45.829978,-1.314603],[-45.8019,-1.326881],[-45.808562,-1.340069],[-45.798092,-1.361896],[-45.810466,-1.378721],[-45.825219,-1.417829],[-45.847587,-1.427833],[-45.87281,-1.457846],[-45.871382,-1.471488],[-45.890419,-1.510141],[-45.915642,-1.534697],[-45.923732,-1.56471],[-45.935154,-1.576079],[-45.828551,-1.609729],[-45.804279,-1.569712],[-45.784291,-1.580626],[-45.763351,-1.560163],[-45.775725,-1.524238],[-45.765731,-1.444659],[-45.695296,-1.38918],[-45.693392,-1.370081],[-45.671025,-1.366898],[-45.638187,-1.372355],[-45.615819,-1.342342],[-45.619626,-1.295504],[-45.61106,-1.274586],[-45.625813,-1.283681],[-45.641518,-1.269584],[-45.633428,-1.25003],[-45.642946,-1.23184],[-45.637711,-1.196371],[-45.619626,-1.181819],[-45.613916,-1.156808],[-45.634856,-1.148623],[-45.648181,-1.21456],[-45.646277,-1.232295],[-45.66341,-1.253668],[-45.690061,-1.273676],[-45.706718,-1.270039],[-45.734321,-1.235024],[-45.736224,-1.207284],[-45.722899,-1.185457],[-45.691013,-1.148623],[-45.695772,-1.136345],[-45.722899,-1.127705],[-45.742411,-1.140438],[-45.749074,-1.164084],[-45.769062,-1.199099],[-45.780484,-1.193187]]],[[[-45.693868,-1.263217],[-45.670549,-1.251849],[-45.668645,-1.221836],[-45.67626,-1.190914],[-45.688157,-1.183638],[-45.709097,-1.220927],[-45.710049,-1.242754],[-45.693868,-1.263217]]]]},"properties":{"cod_ibge":"210430","name":"Godofredo Viana","uf":"MA"}},
{"type":"Feature","geometry":{"type":"Polygon","coordinates":[[[-45.638187,-2.902556],[-45.641994,-2.655632],[-45.754785,-2.621527],[-45.766206,-2.633805],[-45.798092,-2.648811],[-45.989884,-2.696104],[-46.064601,-2.686554],[-46.080782,-2.718386],[-46.069361,-2.741123],[-46.091252,-2.786597],[-46.091728,-2.80797],[-46.123614,-2.847533],[-46.132181,-2.872088],[-46.121235,-2.901192],[-46.125042,-2.911196],[-46.170253,-2.946211],[-46.187386,-2.978043],[-46.192145,-3.014877],[-46.230694,-3.045799],[-46.2602,-3.057623],[-46.306363,-3.089],[-46.379177,-3.165851],[-46.397262,-3.194954],[-46.400117,-3.22815],[-46.391075,-3.273624],[-46.349671,-3.214053],[-46.310646,-3.190861],[-46.28114,-3.193135],[-46.265435,-3.15903],[-46.24164,-3.166305],[-46.224983,-3.15812],[-46.204995,-3.16676],[-46.152169,-3.161303],[-46.140747,-3.153118],[-46.098867,-3.148116],[-46.09268,-3.123105],[-46.06127,-3.110827],[-46.05318,-3.091273],[-46.022246,-3.081724],[-46.005113,-3.067172],[-45.976082,-3.07081],[-45.9461,-3.067172],[-45.924684,-3.033521],[-45.902316,-3.02761],[-45.890895,-3.003508],[-45.848063,-2.988957],[-45.839496,-2.953487],[-45.78905,-2.972586],[-45.771441,-2.94894],[-45.75764,-2.960763],[-45.738604,-2.952578],[-45.733369,-2.938026],[-45.709573,-2.94894],[-45.674832,-2.931205],[-45.669121,-2.919836],[-45.638187,-2.902556]]]},"properties":{"cod_ibge":"210735","name":"Nova Olinda do Maranhão","uf":"MA"}},
{"type":"Feature","geometry":{"type":"Polygon","coordinates":[[[-44.548831,-5.396807],[-44.541692,-5.445464],[-44.528367,-5.471384],[-44.506951,-5.469565],[-44.506475,-5.449102],[-44.461264,-5.452285],[-44.44889,-5.497304],[-44.427474,-5.470929],[-44.424143,-5.455013],[-44.401775,-5.447737],[-44.398444,-5.387712],[-44.355612,-5.336781],[-44.345142,-5.31177],[-44.358468,-5.27721],[-44.358943,-5.253109],[-44.369413,-5.227188],[-44.340859,-5.195811],[-44.362275,-5.175348],[-44.344666,-5.162615],[-44.352281,-5.118051],[-44.349901,-5.11032],[-44.367034,-5.113049],[-44.391305,-5.103499],[-44.423191,-5.123053],[-44.455553,-5.080762],[-44.460312,-5.123053],[-44.455077,-5.149428],[-44.488391,-5.1276],[-44.504572,-5.109411],[-44.524084,-5.124872],[-44.529319,-5.147154],[-44.544548,-5.169891],[-44.536933,-5.1899],[-44.538837,-5.220367],[-44.55359,-5.245833],[-44.569295,-5.25129],[-44.56644,-5.277665],[-44.578813,-5.296764],[-44.554542,-5.302221],[-44.545024,-5.342692],[-44.563584,-5.362701],[-44.548831,-5.396807]]]},"properties":{"cod_ibge":"210910","name":"Presidente Dutra","uf":"MA"}},
{"type":"Feature","geometry":{"type":"Polygon","coordinates":[[[-47.380966,-6.249899],[-47.342417,-6.242169],[-47.320049,-6.254901],[-47.302917,-6.251263],[-47.269603,-6.287643],[-47.222488,-6.267634],[-47.185843,-6.261268],[-47.113981,-6.233074],[-47.095896,-6.215339],[-47.04307,-6.197604],[-47.069245,-6.182598],[-47.088758,-6.153494],[-47.112553,-6.156223],[-47.165379,-6.112568],[-47.185367,-6.105747],[-47.206307,-6.118025],[-47.242,-6.10893],[-47.295302,-6.087557],[-47.313387,-6.070732],[-47.33861,-6.085738],[-47.396671,-6.078917],[-47.422846,-6.084374],[-47.43046,-6.068458],[-47.434268,-6.093014],[-47.423322,-6.160315],[-47.40143,-6.209427],[-47.385249,-6.230345],[-47.380966,-6.249899]]]},"properties":{"cod_ibge":"210255","name":"Campestre do Maranhão","uf":"MA"}},
{"type":"Feature","geometry":{"type":"Polygon","coordinates":[[[-42.309203,-3.092638],[-42.534784,-3.091728],[-42.696117,-3.1754],[-42.696593,-3.062625],[-42.687075,-3.059896],[-42.757509,-3.055804],[-42.764172,-3.074903],[-42.76322,-3.123105],[-42.767979,-3.133564],[-42.798438,-3.148571],[-42.824613,-3.216327],[-42.852215,-3.234971],[-42.640436,-3.36048],[-42.309203,-3.092638]]]},"properties":{"cod_ibge":"211023","name":"Santana do Maranhão","uf":"MA"}},
{"type":"Feature","geometry":{"type":"Polygon","coordinates":[[[-44.55597,-3.050347],[-44.541217,-3.063989],[-44.549307,-3.086271],[-44.471258,-3.177219],[-44.460788,-3.194954],[-44.438896,-3.196318],[-44.437944,-3.215417],[-44.410817,-3.213144],[-44.371317,-3.221784],[-44.357992,-3.247704],[-44.333244,-3.264529],[-44.303262,-3.264984],[-44.293268,-3.287721],[-44.261858,-3.28954],[-44.242822,-3.308639],[-44.209032,-3.253161],[-44.170008,-3.267258],[-44.102428,-3.253616],[-44.117658,-3.22906],[-44.102428,-3.218601],[-44.09291,-3.196773],[-44.117658,-3.194045],[-44.123368,-3.183586],[-44.214743,-3.18404],[-44.213315,-3.134019],[-44.251388,-3.073993],[-44.241394,-3.043526],[-44.284702,-3.04398],[-44.301358,-3.030793],[-44.316588,-3.032157],[-44.32325,-3.071719],[-44.321823,-3.104916],[-44.467927,-3.040342],[-44.487915,-3.038523],[-44.495529,-3.025791],[-44.53265,-3.04398],[-44.547879,-3.04489],[-44.55597,-3.050347]]]},"properties":{"cod_ibge":"211020","name":"Santa Rita","uf":"MA"}},
{"type":"Feature","geometry":{"type":"Polygon","coordinates":[[[-45.947528,-1.795264],[-45.998926,-1.787988],[-46.056035,-1.741604],[-46.068409,-1.727507],[-46.113144,-1.819365],[-46.129801,-1.816182],[-46.13456,-1.838009],[-46.223555,-1.91486],[-46.236405,-1.966246],[-46.251634,-2.00217],[-46.250206,-2.017632],[-46.263055,-2.049463],[-46.058891,-2.050828],[-46.049848,-2.025817],[-46.048896,-2.000806],[-46.081734,-1.95033],[-46.076499,-1.921227],[-46.0508,-1.908949],[-45.982745,-1.823912],[-45.947528,-1.795264]]]},"properties":{"cod_ibge":"210565","name":"Junco do Maranhão","uf":"MA"}},
{"type":"Feature","geometry":{"type":"Polygon","coordinates":[[[-45.319328,-3.125834],[-45.260315,-3.141749],[-45.19464,-3.168579],[-45.174176,-3.168579],[-45.145145,-3.180857],[-45.136103,-3.199956],[-45.072807,-3.264529],[-45.033307,-3.239519],[-45.019505,-3.279081],[-45.019981,-3.315006],[-44.99333,-3.335014],[-44.97239,-3.330467],[-44.953354,-3.340471],[-44.935745,-3.328193],[-44.94336,-3.305456],[-44.897672,-3.301818],[-44.872925,-3.283628],[-44.853413,-3.277262],[-44.827238,-3.288176],[-44.812485,-3.269986],[-44.791069,-3.295452],[-44.768225,-3.305001],[-44.748237,-3.297725],[-44.76537,-3.264984],[-44.780123,-3.224512],[-44.765846,-3.205868],[-44.71064,-3.189042],[-44.689224,-3.175855],[-44.674471,-3.152209],[-44.69208,-3.131745],[-44.74443,-3.119922],[-44.809629,-3.075357],[-44.810581,-3.066263],[-44.839612,-3.074903],[-44.804394,-3.123105],[-44.865311,-3.090819],[-44.924799,-3.159939],[-44.949547,-3.165396],[-44.968107,-3.186314],[-44.991902,-3.153118],[-45.055198,-3.14084],[-45.072331,-3.124015],[-45.081849,-3.090364],[-45.104217,-3.083543],[-45.120398,-3.063989],[-45.140862,-3.067627],[-45.145621,-3.014422],[-45.095651,-2.931659],[-45.119922,-2.936662],[-45.125633,-2.920291],[-45.217483,-2.953487],[-45.226526,-2.968493],[-45.230809,-3.012603],[-45.276496,-3.058532],[-45.278876,-3.07945],[-45.319328,-3.125834]]]},"properties":{"cod_ibge":"211280","name":"Viana","uf":"MA"}},
{"type":"Feature","geometry":{"type":"Polygon","coordinates":[[[-43.378095,-2.342316],[-43.369529,-2.347318],[-43.329552,-2.343226],[-43.314323,-2.3696],[-43.31813,-2.384607],[-43.304805,-2.47601],[-43.333835,-2.48374],[-43.340974,-2.500111],[-43.337167,-2.546494],[-43.347161,-2.55468],[-43.322414,-2.604701],[-43.319082,-2.642445],[-43.285293,-2.696559],[-43.261497,-2.719296],[-43.25769,-2.733393],[-43.284817,-2.792509],[-43.260069,-2.845259],[-43.226756,-2.893461],[-43.212954,-2.933933],[-43.185828,-2.958944],[-43.143472,-2.940754],[-43.099212,-2.916198],[-43.069706,-2.884366],[-43.089694,-2.867541],[-43.102068,-2.839802],[-43.100164,-2.818429],[-43.122056,-2.775229],[-43.091122,-2.770681],[-43.054953,-2.749763],[-43.03544,-2.710201],[-43.032585,-2.68519],[-43.036868,-2.653813],[-43.068278,-2.627438],[-43.050669,-2.582419],[-43.04591,-2.55377],[-43.052573,-2.537854],[-43.045434,-2.511025],[-43.01688,-2.498292],[-43.014976,-2.456456],[-43.11111,-2.413256],[-43.153942,-2.396885],[-43.201057,-2.372784],[-43.237226,-2.358687],[-43.311468,-2.338678],[-43.378095,-2.342316]]]},"properties":{"cod_ibge":"211027","name":"Santo Amaro do Maranhão","uf":"MA"}},
{"type":"Feature","geometry":{"type":"Polygon","coordinates":[[[-45.40404,-3.576481],[-45.391666,-3.568296],[-45.374057,-3.578755],[-45.355021,-3.577391],[-45.344551,-3.603766],[-45.323135,-3.602401],[-45.28887,-3.577845],[-45.280779,-3.598763],[-45.302671,-3.615589],[-45.303147,-3.633778],[-45.318376,-3.637871],[-45.33075,-3.673341],[-45.323611,-3.695623],[-45.288394,-3.71836],[-45.282207,-3.698352],[-45.255556,-3.695168],[-45.235092,-3.668793],[-45.235568,-3.654242],[-45.198923,-3.625593],[-45.183218,-3.625593],[-45.161802,-3.60422],[-45.130868,-3.588304],[-45.122777,-3.567386],[-45.128488,-3.507815],[-45.104693,-3.485533],[-45.086608,-3.456884],[-45.083753,-3.420505],[-45.271737,-3.392311],[-45.260315,-3.371393],[-45.335509,-3.340926],[-45.363587,-3.366391],[-45.390238,-3.349111],[-45.450679,-3.296361],[-45.57965,-3.240883],[-45.552047,-3.279536],[-45.490179,-3.30682],[-45.444016,-3.399587],[-45.542053,-3.485078],[-45.543005,-3.490081],[-45.533963,-3.528279],[-45.521589,-3.538283],[-45.520637,-3.580574],[-45.506836,-3.579664],[-45.491131,-3.611041],[-45.46448,-3.592397],[-45.441161,-3.593761],[-45.40404,-3.576481]]]},"properties":{"cod_ibge":"210690","name":"Monção","uf":"MA"}},
{"type":"Feature","geometry":{"type":"Polygon","coordinates":[[[-45.04806,-3.716996],[-45.075187,-3.716996],[-45.10041,-3.732457],[-45.111356,-3.748828],[-45.136579,-3.728819],[-45.146097,-3.731093],[-45.146573,-3.731548],[-45.146573,-3.739278],[-45.176555,-3.787935],[-45.198447,-3.808853],[-45.219863,-4.031676],[-45.208441,-4.03304],[-45.207013,-3.972105],[-45.073759,-3.917082],[-45.057102,-3.948459],[-45.009987,-3.964375],[-45.004276,-3.942547],[-44.992378,-3.933452],[-44.956685,-3.872972],[-45.000469,-3.794302],[-45.042825,-3.723362],[-45.04806,-3.716996]]]},"properties":{"cod_ibge":"210870","name":"Pio XII","uf":"MA"}},
{"type":"Feature","geometry":{"type":"Polygon","coordinates":[[[-44.446987,-4.128991],[-44.459836,-4.107618],[-44.452222,-4.08579],[-44.402251,-4.086245],[-44.399396,-4.066691],[-44.40701,-4.043045],[-44.387498,-4.027584],[-44.387974,-4.007575],[-44.375124,-3.987566],[-44.354184,-3.972105],[-44.364178,-3.959372],[-44.365606,-3.928905],[-44.351805,-3.924357],[-44.343714,-3.898892],[-44.318967,-3.880702],[-44.322774,-3.864332],[-44.353708,-3.848871],[-44.360847,-3.864332],[-44.387022,-3.877974],[-44.393209,-3.896618],[-44.416528,-3.914353],[-44.415577,-3.933907],[-44.479824,-3.919355],[-44.4803,-3.904804],[-44.505523,-3.848871],[-44.610223,-3.847961],[-44.622121,-3.85069],[-44.624501,-3.85933],[-44.610699,-3.895254],[-44.623073,-3.910261],[-44.622121,-3.931179],[-44.63735,-3.940273],[-44.629736,-3.983019],[-44.630212,-4.018943],[-44.650676,-4.014851],[-44.683513,-4.018943],[-44.724917,-4.039407],[-44.746809,-4.06078],[-44.753472,-4.09534],[-44.698742,-4.09443],[-44.683513,-4.075786],[-44.659718,-4.093976],[-44.62926,-4.093521],[-44.633067,-4.114439],[-44.573102,-4.114439],[-44.577862,-4.092611],[-44.486963,-4.091247],[-44.486963,-4.1299],[-44.446987,-4.128991]]]},"properties":{"cod_ibge":"211150","name":"São Mateus do Maranhão","uf":"MA"}},
{"type":"Feature","geometry":{"type":"Polygon","coordinates":[[[-43.205816,-5.143061],[-43.143948,-5.115322],[-43.132526,-5.107137],[-43.132526,-5.086674],[-43.106351,-5.070303],[-43.063519,-5.081217],[-43.043531,-5.07576],[-43.039248,-4.927515],[-42.889812,-4.894773],[-42.892668,-4.887952],[-42.897427,-4.842478],[-42.938831,-4.809282],[-42.949777,-4.769265],[-42.926457,-4.750621],[-42.926933,-4.71697],[-42.944066,-4.706511],[-42.953108,-4.687412],[-42.944542,-4.671496],[-42.915987,-4.651487],[-42.873155,-4.581912],[-42.866493,-4.566451],[-42.875059,-4.538712],[-42.850312,-4.49824],[-42.853643,-4.474138],[-42.877439,-4.461861],[-42.871728,-4.42821],[-42.896475,-4.40229],[-42.927409,-4.385009],[-42.948825,-4.385464],[-43.082555,-4.445945],[-43.122056,-4.509608],[-43.133954,-4.562358],[-43.159653,-4.591007],[-43.203912,-4.629205],[-43.212003,-4.676498],[-43.240081,-4.694688],[-43.253407,-4.717425],[-43.284341,-4.693778],[-43.299094,-4.693323],[-43.338119,-4.670586],[-43.366197,-4.643757],[-43.397607,-4.630114],[-43.423306,-4.631479],[-43.457096,-4.64694],[-43.470897,-4.644666],[-43.490409,-4.675588],[-43.50897,-4.684228],[-43.56132,-4.674224],[-43.584639,-4.659673],[-43.606055,-4.679226],[-43.63223,-4.739707],[-43.657929,-4.755168],[-43.677442,-4.738797],[-43.700285,-4.731521],[-43.721701,-4.739252],[-43.835443,-4.756532],[-43.84163,-4.763353],[-43.826877,-4.790638],[-43.808793,-4.803825],[-43.795467,-4.832929],[-43.756918,-4.852482],[-43.741689,-4.845661],[-43.713135,-4.863851],[-43.66364,-4.849754],[-43.626995,-4.86476],[-43.595585,-4.88295],[-43.565127,-4.878857],[-43.547994,-4.985721],[-43.610338,-5.077579],[-43.593206,-5.104409],[-43.621284,-5.11987],[-43.639369,-5.113503],[-43.66602,-5.152156],[-43.707424,-5.170801],[-43.735503,-5.200813],[-43.761202,-5.202178],[-43.784045,-5.273572],[-43.815455,-5.284486],[-43.811648,-5.289943],[-43.740262,-5.308587],[-43.713611,-5.31177],[-43.700761,-5.298583],[-43.567031,-5.230372],[-43.528482,-5.227188],[-43.449957,-5.287669],[-43.437108,-5.275391],[-43.449481,-5.224005],[-43.353348,-5.191719],[-43.267208,-5.20627],[-43.229135,-5.182169],[-43.229135,-5.143061],[-43.205816,-5.143061]]]},"properties":{"cod_ibge":"210300","name":"Caxias","uf":"MA"}},
{"type":"Feature","geometry":{"type":"Polygon","coordinates":[[[-48.184776,-5.257201],[-48.151939,-5.264022],[-48.06913,-5.271298],[-48.052474,-5.26766],[-48.014877,-5.238102],[-48.001075,-5.234464],[-47.937304,-5.239466],[-47.916839,-5.221277],[-47.890189,-5.17262],[-47.940635,-5.103954],[-47.944918,-5.090766],[-47.984419,-5.046656],[-47.980135,-5.009368],[-47.991557,-4.982083],[-48.017256,-4.949342],[-48.014877,-4.863851],[-48.032485,-4.831564],[-48.058184,-4.80428],[-48.19477,-4.911144],[-48.212379,-4.924786],[-48.187156,-4.982083],[-48.195246,-4.994361],[-48.193343,-5.021191],[-48.213331,-5.047111],[-48.222849,-5.073941],[-48.210475,-5.097133],[-48.200005,-5.152156],[-48.203337,-5.169436],[-48.221421,-5.195357],[-48.216662,-5.22355],[-48.224753,-5.235374],[-48.184776,-5.257201]]]},"properties":{"cod_ibge":"211285","name":"Vila Nova dos Martírios","uf":"MA"}},
{"type":"Feature","geometry":{"type":"Polygon","coordinates":[[[-42.886481,-6.504554],[-42.900282,-6.504099],[-43.099688,-6.424974],[-43.296714,-6.342212],[-43.355727,-6.349487],[-43.343829,-6.391323],[-43.375715,-6.389959],[-43.421878,-6.400873],[-43.408077,-6.414515],[-43.406649,-6.45044],[-43.396179,-6.46681],[-43.369529,-6.528655],[-43.379523,-6.535021],[-43.384758,-6.570491],[-43.381902,-6.591409],[-43.40189,-6.609599],[-43.454716,-6.846064],[-43.44615,-6.838788],[-43.419023,-6.84379],[-43.390944,-6.834241],[-43.383806,-6.816051],[-43.366673,-6.820144],[-43.343829,-6.797861],[-43.316227,-6.801499],[-43.271491,-6.792404],[-43.247696,-6.767848],[-43.219141,-6.763756],[-43.178213,-6.767394],[-43.147755,-6.783764],[-43.101116,-6.767848],[-43.087314,-6.751023],[-43.064471,-6.750568],[-43.047814,-6.761937],[-43.011169,-6.760118],[-42.992609,-6.748749],[-42.977379,-6.717827],[-42.946921,-6.701911],[-42.918843,-6.668715],[-42.915035,-6.647797],[-42.907897,-6.605961],[-42.886957,-6.577767],[-42.886481,-6.533657],[-42.874107,-6.518651],[-42.886481,-6.504554]]]},"properties":{"cod_ibge":"210150","name":"Barão de Grajaú","uf":"MA"}},
{"type":"Feature","geometry":{"type":"Polygon","coordinates":[[[-46.466269,-6.811958],[-46.496251,-6.806956],[-46.50101,-6.778307],[-46.517667,-6.768303],[-46.52433,-6.743747],[-46.555264,-6.737836],[-46.574776,-6.706913],[-46.594764,-6.714644],[-46.617132,-6.705094],[-46.647114,-6.728286],[-46.688994,-6.699637],[-46.715645,-6.698728],[-46.733254,-6.683267],[-46.791315,-6.690543],[-46.847472,-6.670989],[-46.876502,-6.6769],[-46.840333,-6.722374],[-46.819393,-6.72101],[-46.81273,-6.742383],[-46.85461,-6.745566],[-46.882213,-6.776034],[-46.892683,-6.807411],[-46.906485,-6.805592],[-46.920762,-6.824691],[-46.929804,-6.872893],[-46.928852,-6.937921],[-46.913147,-6.947016],[-46.910292,-6.964751],[-46.924569,-7.00113],[-46.94075,-7.018865],[-46.923617,-7.028415],[-46.909816,-7.017956],[-46.886972,-7.017046],[-46.885545,-6.989762],[-46.866508,-6.980667],[-46.864605,-6.959749],[-46.83843,-6.930191],[-46.76038,-6.906089],[-46.752766,-6.888809],[-46.713265,-6.856978],[-46.697085,-6.857432],[-46.681855,-6.838788],[-46.661391,-6.847428],[-46.649018,-6.832876],[-46.621891,-6.820144],[-46.579059,-6.814232],[-46.527661,-6.833786],[-46.500058,-6.862889],[-46.470552,-6.867891],[-46.425816,-6.864253],[-46.416298,-6.892447],[-46.424865,-6.909273],[-46.415822,-6.932464],[-46.373942,-6.920186],[-46.340153,-6.939286],[-46.306363,-6.907454],[-46.345388,-6.912456],[-46.36252,-6.900178],[-46.371087,-6.87835],[-46.369659,-6.84379],[-46.40678,-6.831967],[-46.416774,-6.816051],[-46.45104,-6.796042],[-46.466269,-6.811958]]]},"properties":{"cod_ibge":"211157","name":"São Pedro dos Crentes","uf":"MA"}},
{"type":"Feature","geometry":{"type":"Polygon","coordinates":[[[-44.555494,-2.596516],[-44.536933,-2.544676],[-44.523608,-2.525576],[-44.510758,-2.535126],[-44.487439,-2.516936],[-44.477445,-2.487833],[-44.460312,-2.480557],[-44.443179,-2.457365],[-44.446511,-2.441449],[-44.492674,-2.419622],[-44.477921,-2.410982],[-44.442227,-2.41371],[-44.424143,-2.408253],[-44.402251,-2.415075],[-44.387974,-2.408708],[-44.372269,-2.380514],[-44.379883,-2.359141],[-44.357992,-2.336859],[-44.363703,-2.312303],[-44.383691,-2.276833],[-44.398444,-2.214989],[-44.435565,-2.165877],[-44.462216,-2.145414],[-44.485059,-2.145868],[-44.530271,-2.159965],[-44.543596,-2.19589],[-44.586904,-2.233633],[-44.598802,-2.250913],[-44.623073,-2.267284],[-44.627356,-2.29093],[-44.644489,-2.296387],[-44.664001,-2.320489],[-44.666857,-2.340042],[-44.6502,-2.367327],[-44.652579,-2.398704],[-44.665429,-2.418258],[-44.658766,-2.435993],[-44.703502,-2.463277],[-44.720634,-2.489652],[-44.695887,-2.514663],[-44.684465,-2.546494],[-44.71064,-2.627438],[-44.690652,-2.621981],[-44.672567,-2.628802],[-44.649724,-2.603792],[-44.620217,-2.594697],[-44.614507,-2.584238],[-44.58738,-2.578326],[-44.555494,-2.596516]]]},"properties":{"cod_ibge":"210020","name":"Alcântara","uf":"MA"}},
{"type":"Feature","geometry":{"type":"Polygon","coordinates":[[[-42.942638,-4.167189],[-42.923602,-4.153092],[-42.890288,-4.154911],[-42.900282,-4.117167],[-42.869824,-4.10398],[-42.856023,-4.079424],[-42.860306,-4.076695],[-43.000699,-4.050775],[-43.073037,-4.039862],[-43.180593,-4.026674],[-43.159177,-4.063508],[-43.139664,-4.078514],[-43.135381,-4.10398],[-43.118249,-4.118986],[-43.084935,-4.10307],[-43.080652,-4.087609],[-43.054953,-4.091702],[-43.059712,-4.118986],[-43.043055,-4.171736],[-43.022115,-4.181286],[-42.942638,-4.167189]]]},"properties":{"cod_ibge":"210390","name":"Duque Bacelar","uf":"MA"}},
{"type":"Feature","geometry":{"type":"MultiPolygon","coordinates":[[[[-45.872334,-1.80072],[-45.85187,-1.81891],[-45.819032,-1.833462],[-45.8019,-1.867112],[-45.796189,-1.894397],[-45.701959,-1.954423],[-45.691013,-1.970793],[-45.674832,-2.056739],[-45.687206,-2.086752],[-45.662458,-2.111308],[-45.662934,-2.131317],[-45.639615,-2.17861],[-45.633428,-2.17861],[-45.627717,-2.139047],[-45.631524,-2.105851],[-45.651512,-2.000806],[-45.639615,-1.965336],[-45.622482,-1.950785],[-45.711953,-1.770253],[-45.603446,-1.561527],[-45.587265,-1.545611],[-45.525872,-1.515144],[-45.506836,-1.497409],[-45.480185,-1.491952],[-45.475426,-1.479674],[-45.488751,-1.469215],[-45.484944,-1.414646],[-45.47495,-1.3719],[-45.453534,-1.368262],[-45.421648,-1.353256],[-45.407371,-1.324607],[-45.410226,-1.30187],[-45.447347,-1.292776],[-45.447347,-1.309146],[-45.475902,-1.325062],[-45.504456,-1.376902],[-45.526824,-1.358713],[-45.518734,-1.318241],[-45.545861,-1.300506],[-45.54824,-1.277769],[-45.573463,-1.286864],[-45.587265,-1.270039],[-45.61106,-1.274586],[-45.619626,-1.295504],[-45.615819,-1.342342],[-45.638187,-1.372355],[-45.671025,-1.366898],[-45.693392,-1.370081],[-45.695296,-1.38918],[-45.765731,-1.444659],[-45.775725,-1.524238],[-45.763351,-1.560163],[-45.784291,-1.580626],[-45.804279,-1.569712],[-45.828551,-1.609729],[-45.827123,-1.646109],[-45.853298,-1.66157],[-45.862816,-1.67885],[-45.852346,-1.71432],[-45.877569,-1.756611],[-45.875666,-1.78435],[-45.872334,-1.80072]]],[[[-45.587265,-1.237297],[-45.578222,-1.230931],[-45.533011,-1.225929],[-45.539198,-1.205011],[-45.568228,-1.191368],[-45.580126,-1.195916],[-45.587265,-1.237297]]]]},"properties":{"cod_ibge":"210260","name":"Cândido Mendes","uf":"MA"}},
{"type":"Feature","geometry":{"type":"Polygon","coordinates":[[[-45.938486,-8.786895],[-45.890419,-8.740512],[-45.864244,-8.730507],[-45.864244,-8.715501],[-45.840924,-8.715956],[-45.82046,-8.663661],[-45.821888,-8.647745],[-45.805707,-8.622734],[-45.776201,-8.617277],[-45.76811,-8.606818],[-45.794761,-8.591812],[-45.772393,-8.574532],[-45.753833,-8.542245],[-45.757164,-8.526784],[-45.738604,-8.500864],[-45.745266,-8.452661],[-45.730513,-8.42856],[-45.724802,-8.394909],[-45.706242,-8.387633],[-45.706242,-8.368534],[-45.692916,-8.360804],[-45.690061,-8.335793],[-45.667217,-8.2885],[-45.66341,-8.250756],[-45.609632,-8.205282],[-45.614867,-8.191186],[-45.583933,-8.15708],[-45.587741,-8.129341],[-45.576319,-8.11388],[-45.585361,-8.095235],[-45.568704,-8.06977],[-45.563469,-8.044304],[-45.577271,-8.029753],[-45.552999,-8.007016],[-45.568228,-7.995192],[-45.555379,-7.971091],[-45.539674,-7.918341],[-45.542053,-7.898333],[-45.520637,-7.884691],[-45.538246,-7.861499],[-45.572987,-7.8424],[-45.625337,-7.805566],[-45.641994,-7.805566],[-45.686254,-7.787831],[-45.716236,-7.789195],[-45.751453,-7.7801],[-45.829026,-7.820117],[-45.836641,-7.850585],[-45.827599,-7.922889],[-45.785243,-7.942897],[-45.771917,-7.992464],[-45.793809,-8.021113],[-45.765731,-8.047033],[-45.760971,-8.070679],[-45.77858,-8.102511],[-45.791906,-8.106604],[-45.841876,-8.106604],[-45.868051,-8.114789],[-45.888039,-8.13025],[-45.915642,-8.140255],[-45.913262,-8.185729],[-45.926112,-8.197552],[-45.965136,-8.182545],[-46.002733,-8.162537],[-46.002257,-8.134343],[-46.012727,-8.128886],[-46.023673,-8.092962],[-46.057463,-8.065677],[-46.06127,-8.044759],[-46.091728,-8.024751],[-46.101246,-8.056582],[-46.144554,-8.077046],[-46.148361,-8.114334],[-46.135512,-8.140255],[-46.120283,-8.226655],[-46.102674,-8.23575],[-46.106481,-8.296231],[-46.089825,-8.314875],[-46.083162,-8.34034],[-46.096963,-8.359439],[-46.096011,-8.477672],[-46.115524,-8.52451],[-46.109337,-8.541336],[-46.111716,-8.570894],[-46.132656,-8.598178],[-46.143602,-8.625917],[-46.204043,-8.653656],[-46.238308,-8.678212],[-46.249254,-8.714137],[-46.273525,-8.726415],[-46.286851,-8.758247],[-46.261152,-8.801447],[-46.244019,-8.808723],[-46.200711,-8.805994],[-46.133608,-8.836917],[-46.097439,-8.83055],[-46.070312,-8.810087],[-46.039378,-8.809178],[-46.017486,-8.799628],[-45.995595,-8.800083],[-45.953239,-8.782803],[-45.938486,-8.786895]]]},"properties":{"cod_ibge":"211200","name":"Tasso Fragoso","uf":"MA"}},
{"type":"Feature","geometry":{"type":"Polygon","coordinates":[[[-44.232352,-5.764237],[-44.222358,-5.733314],[-44.202845,-5.716034],[-44.164773,-5.706939],[-44.182381,-5.676927],[-44.177146,-5.649642],[-44.125272,-5.600075],[-44.122893,-5.588252],[-44.144308,-5.552328],[-44.143833,-5.521405],[-44.157158,-5.520496],[-44.195707,-5.545052],[-44.209508,-5.464108],[-44.237587,-5.475022],[-44.249484,-5.500942],[-44.284702,-5.505944],[-44.297551,-5.502306],[-44.307545,-5.47775],[-44.331341,-5.462289],[-44.352281,-5.458651],[-44.381311,-5.470474],[-44.411293,-5.465018],[-44.427474,-5.470929],[-44.44889,-5.497304],[-44.476969,-5.496395],[-44.487915,-5.533229],[-44.472686,-5.576429],[-44.461264,-5.608715],[-44.447462,-5.614172],[-44.453173,-5.692842],[-44.464595,-5.735588],[-44.520277,-5.74923],[-44.525036,-5.765601],[-44.544072,-5.783336],[-44.541217,-5.82017],[-44.530747,-5.846545],[-44.506951,-5.854275],[-44.489818,-5.869736],[-44.471734,-5.861551],[-44.458884,-5.826081],[-44.498385,-5.801071],[-44.232352,-5.764237]]]},"properties":{"cod_ibge":"211070","name":"São Domingos do Maranhão","uf":"MA"}},
{"type":"Feature","geometry":{"type":"Polygon","coordinates":[[[-45.208441,-4.03304],[-45.209393,-4.066236],[-45.252701,-4.148544],[-45.21558,-4.16446],[-45.204158,-4.197656],[-45.106597,-4.328622],[-45.109452,-4.28724],[-45.098506,-4.284057],[-45.086608,-4.258137],[-45.09803,-4.240402],[-45.084705,-4.219939],[-45.087084,-4.203113],[-45.034734,-4.182195],[-45.026644,-4.146725],[-45.005704,-4.1299],[-45.011891,-4.113984],[-45.022361,-4.048047],[-45.029023,-4.041226],[-45.009987,-3.964375],[-45.057102,-3.948459],[-45.073759,-3.917082],[-45.207013,-3.972105],[-45.208441,-4.03304]]]},"properties":{"cod_ibge":"210740","name":"Olho d'Água das Cunhãs","uf":"MA"}},
{"type":"Feature","geometry":{"type":"Polygon","coordinates":[[[-44.957637,-6.736017],[-45.004752,-6.730105],[-45.063289,-6.763301],[-45.075662,-6.786493],[-45.091843,-6.789676],[-45.119922,-6.816506],[-45.14229,-6.807411],[-45.160374,-6.811504],[-45.17132,-6.798316],[-45.210345,-6.802863],[-45.248417,-6.796042],[-45.254128,-6.788312],[-45.290297,-6.796952],[-45.322183,-6.781491],[-45.331701,-6.820598],[-45.318376,-6.856978],[-45.277924,-6.94065],[-45.256508,-6.941104],[-45.244134,-6.956111],[-45.24699,-6.986124],[-45.274592,-7.01068],[-45.27602,-7.058882],[-45.263647,-7.090259],[-45.271261,-7.120272],[-45.290773,-7.148011],[-45.312665,-7.147557],[-45.322183,-7.195304],[-45.500173,-7.419491],[-45.64485,-7.605935],[-45.608205,-7.588655],[-45.575843,-7.5882],[-45.53777,-7.59684],[-45.515402,-7.628672],[-45.487324,-7.636857],[-45.482089,-7.650954],[-45.455914,-7.670053],[-45.432594,-7.661413],[-45.398329,-7.639131],[-45.395473,-7.614575],[-45.372154,-7.618213],[-45.341696,-7.592747],[-45.334557,-7.577741],[-45.298864,-7.575012],[-45.285538,-7.566372],[-45.261743,-7.571375],[-45.233188,-7.549547],[-45.215104,-7.566827],[-45.203682,-7.551821],[-45.180838,-7.541816],[-45.154663,-7.512713],[-45.126585,-7.514077],[-45.085657,-7.502254],[-45.000469,-7.152104],[-44.987619,-7.102083],[-44.970962,-7.077527],[-44.992378,-7.024322],[-44.935745,-6.867891],[-44.958589,-6.824236],[-44.980481,-6.79104],[-44.957637,-6.736017]]]},"properties":{"cod_ibge":"210610","name":"Loreto","uf":"MA"}},
{"type":"Feature","geometry":{"type":"Polygon","coordinates":[[[-45.095651,-2.931659],[-45.083753,-2.931205],[-45.070427,-2.985319],[-45.046156,-3.013513],[-45.013318,-3.023062],[-44.892913,-3.078086],[-44.913377,-3.052166],[-44.909094,-3.040342],[-44.939077,-2.976679],[-44.959541,-2.971222],[-44.97477,-2.938935],[-44.99571,-2.925748],[-45.017602,-2.936207],[-45.018553,-2.898463],[-45.028072,-2.887095],[-45.07947,-2.906649],[-45.08994,-2.904375],[-45.125633,-2.920291],[-45.119922,-2.936662],[-45.095651,-2.931659]]]},"properties":{"cod_ibge":"210745","name":"Olinda Nova do Maranhão","uf":"MA"}},
{"type":"Feature","geometry":{"type":"Polygon","coordinates":[[[-44.102428,-3.218601],[-44.064832,-3.187678],[-44.047223,-3.29045],[-44.029614,-3.29045],[-44.026759,-3.278626],[-44.041512,-3.243157],[-44.033422,-3.226786],[-44.043892,-3.209961],[-44.030566,-3.186769],[-44.009626,-3.183131],[-44.008674,-3.159484],[-43.993921,-3.125834],[-44.014861,-3.099459],[-43.989162,-3.074448],[-44.002012,-3.061715],[-44.021524,-3.072174],[-44.039133,-3.063989],[-44.043892,-3.042161],[-44.060548,-3.028974],[-44.088627,-3.021698],[-44.067687,-2.9835],[-44.071018,-2.941664],[-44.058645,-2.923474],[-44.059597,-2.905739],[-44.106236,-2.934388],[-44.136694,-2.947575],[-44.143357,-2.989866],[-44.153827,-3.013513],[-44.139549,-3.017151],[-44.143833,-3.055804],[-44.134314,-3.075357],[-44.131935,-3.154027],[-44.120037,-3.16676],[-44.123368,-3.183586],[-44.117658,-3.194045],[-44.09291,-3.196773],[-44.102428,-3.218601]]]},"properties":{"cod_ibge":"210920","name":"Presidente Juscelino","uf":"MA"}},
{"type":"Feature","geometry":{"type":"Polygon","coordinates":[[[-45.74717,-2.189523],[-45.775725,-2.18725],[-45.805231,-2.202256],[-45.831882,-2.228631],[-45.837593,-2.245002],[-45.838545,-2.287747],[-45.852346,-2.345499],[-45.86234,-2.364598],[-45.900413,-2.414165],[-45.903744,-2.429626],[-45.803327,-2.426898],[-45.641518,-2.36096],[-45.639139,-2.360051],[-45.68435,-2.329129],[-45.683874,-2.226812],[-45.709573,-2.243637],[-45.740983,-2.191342],[-45.74717,-2.189523]]]},"properties":{"cod_ibge":"210923","name":"Presidente Médici","uf":"MA"}},
{"type":"Feature","geometry":{"type":"Polygon","coordinates":[[[-45.040921,-4.912053],[-45.118494,-4.940247],[-45.125157,-4.912963],[-45.155615,-4.862487],[-45.144669,-4.741071],[-45.039969,-4.69105],[-45.041397,-4.686502],[-45.04568,-4.668313],[-45.084705,-4.623748],[-45.081849,-4.596918],[-45.060433,-4.570543],[-45.046156,-4.480505],[-45.060909,-4.455494],[-45.088988,-4.450037],[-45.093747,-4.423208],[-45.109452,-4.449128],[-45.16085,-4.518703],[-45.213676,-4.552354],[-45.199399,-4.569634],[-45.205586,-4.603285],[-45.236996,-4.622384],[-45.259839,-4.649668],[-45.302195,-4.666494],[-45.345027,-4.648304],[-45.40166,-4.689231],[-45.418793,-4.691504],[-45.420696,-4.747437],[-45.425931,-4.770174],[-45.408323,-4.796549],[-45.348358,-4.793821],[-45.316948,-4.807463],[-45.305051,-4.824743],[-45.303623,-4.845207],[-45.291725,-4.853392],[-45.280779,-4.895228],[-45.283635,-4.927515],[-45.276496,-4.957527],[-45.238423,-4.97981],[-45.232237,-4.992997],[-45.238899,-5.014825],[-45.209869,-4.999818],[-45.192736,-4.998454],[-45.132772,-4.99709],[-45.118018,-4.992088],[-45.104217,-4.968896],[-45.057578,-4.947068],[-45.040445,-4.929788],[-45.040921,-4.912053]]]},"properties":{"cod_ibge":"210570","name":"Lago da Pedra","uf":"MA"}},
{"type":"Feature","geometry":{"type":"Polygon","coordinates":[[[-44.016765,-5.166708],[-44.002488,-5.164434],[-43.960132,-5.050294],[-43.983451,-5.031195],[-43.987258,-5.010732],[-44.008674,-4.997545],[-44.021048,-4.980264],[-44.066259,-4.993907],[-44.209508,-5.094859],[-44.277087,-5.092131],[-44.327533,-5.115777],[-44.352281,-5.118051],[-44.344666,-5.162615],[-44.362275,-5.175348],[-44.340859,-5.195811],[-44.369413,-5.227188],[-44.358943,-5.253109],[-44.358468,-5.27721],[-44.346094,-5.277665],[-44.306593,-5.331324],[-44.130983,-5.229917],[-44.016765,-5.166708]]]},"properties":{"cod_ibge":"210440","name":"Gonçalves Dias","uf":"MA"}},
{"type":"Feature","geometry":{"type":"Polygon","coordinates":[[[-45.464956,-2.74658],[-45.434022,-2.752492],[-45.402612,-2.73794],[-45.385479,-2.742942],[-45.371202,-2.771591],[-45.357876,-2.745671],[-45.27602,-2.701106],[-45.242707,-2.487833],[-45.259363,-2.471462],[-45.274592,-2.440995],[-45.297436,-2.428262],[-45.300292,-2.410982],[-45.481613,-2.491471],[-45.493986,-2.502839],[-45.470191,-2.551497],[-45.449251,-2.563775],[-45.439733,-2.59015],[-45.449727,-2.612887],[-45.444492,-2.624255],[-45.460673,-2.65063],[-45.460673,-2.672458],[-45.470191,-2.699742],[-45.457341,-2.714294],[-45.464956,-2.74658]]]},"properties":{"cod_ibge":"210927","name":"Presidente Sarney","uf":"MA"}},
{"type":"Feature","geometry":{"type":"Polygon","coordinates":[[[-44.577862,-2.029],[-44.563584,-2.015358],[-44.535506,-2.01945],[-44.507427,-2.008991],[-44.482204,-1.988528],[-44.496005,-1.971703],[-44.491722,-1.944873],[-44.512662,-1.88894],[-44.527891,-1.878936],[-44.551687,-1.888485],[-44.598802,-1.895761],[-44.621645,-1.921227],[-44.631639,-1.943054],[-44.615934,-1.96852],[-44.650676,-1.989892],[-44.691128,-1.98489],[-44.704929,-1.967155],[-44.722062,-1.975341],[-44.709688,-2.030819],[-44.684465,-2.053556],[-44.71302,-2.059468],[-44.72111,-2.074929],[-44.643537,-2.058558],[-44.637826,-2.044461],[-44.615934,-2.034912],[-44.587856,-2.03764],[-44.577862,-2.029]]]},"properties":{"cod_ibge":"210310","name":"Cedral","uf":"MA"}},
{"type":"Feature","geometry":{"type":"Polygon","coordinates":[[[-44.580241,-3.051256],[-44.664477,-3.145842],[-44.674471,-3.152209],[-44.689224,-3.175855],[-44.71064,-3.189042],[-44.765846,-3.205868],[-44.780123,-3.224512],[-44.76537,-3.264984],[-44.748237,-3.297725],[-44.69208,-3.379124],[-44.633543,-3.425507],[-44.594042,-3.445971],[-44.584524,-3.451428],[-44.534554,-3.398223],[-44.49315,-3.334559],[-44.422239,-3.243157],[-44.434613,-3.235881],[-44.437944,-3.215417],[-44.438896,-3.196318],[-44.460788,-3.194954],[-44.471258,-3.177219],[-44.549307,-3.086271],[-44.541217,-3.063989],[-44.55597,-3.050347],[-44.580241,-3.051256]]]},"properties":{"cod_ibge":"210070","name":"Anajatuba","uf":"MA"}},
{"type":"Feature","geometry":{"type":"Polygon","coordinates":[[[-47.680313,-5.415451],[-47.666987,-5.421817],[-47.618444,-5.459561],[-47.580372,-5.47002],[-47.560384,-5.463199],[-47.528498,-5.492757],[-47.499943,-5.525498],[-47.483286,-5.56506],[-47.479479,-5.621903],[-47.436171,-5.630998],[-47.395719,-5.645549],[-47.44093,-5.578248],[-47.429509,-5.553237],[-47.425225,-5.523224],[-47.406665,-5.509127],[-47.398099,-5.483207],[-47.415707,-5.470474],[-47.420466,-5.447737],[-47.431412,-5.333143],[-47.390484,-5.286759],[-47.376207,-5.284031],[-47.363833,-5.258565],[-47.382869,-5.271298],[-47.415707,-5.2331],[-47.484238,-5.176712],[-47.502323,-5.137605],[-47.526594,-5.177622],[-47.538968,-5.156249],[-47.625107,-5.159432],[-47.666511,-5.166253],[-47.686499,-5.156249],[-47.702204,-5.20718],[-47.704584,-5.234464],[-47.726476,-5.229007],[-47.752651,-5.249925],[-47.776922,-5.281757],[-47.79691,-5.295854],[-47.82023,-5.325867],[-47.840218,-5.333598],[-47.858303,-5.324048],[-47.866869,-5.305404],[-47.867821,-5.342692],[-47.843549,-5.376343],[-47.827369,-5.386802],[-47.744084,-5.379981],[-47.680313,-5.415451]]]},"properties":{"cod_ibge":"210530","name":"Imperatriz","uf":"MA"}},
{"type":"Feature","geometry":{"type":"Polygon","coordinates":[[[-45.605825,-4.992997],[-45.620102,-4.987995],[-45.655796,-5.013006],[-45.656271,-5.023465],[-45.683874,-5.038926],[-45.724802,-5.047566],[-45.7367,-5.072122],[-45.753357,-5.084855],[-45.769538,-5.113503],[-45.794761,-5.122143],[-45.793333,-5.147154],[-45.821888,-5.188081],[-45.839972,-5.205816],[-45.855677,-5.205361],[-45.866623,-5.234464],[-45.905648,-5.254928],[-45.916118,-5.281757],[-45.929919,-5.288124],[-45.932299,-5.31268],[-45.973227,-5.335871],[-46.001781,-5.362246],[-45.903268,-5.427274],[-45.88566,-5.443645],[-45.840924,-5.411813],[-45.799044,-5.448647],[-45.740031,-5.402718],[-45.80999,-5.310861],[-45.775725,-5.282667],[-45.746694,-5.28494],[-45.68435,-5.179441],[-45.618675,-5.153975],[-45.532535,-5.191264],[-45.51921,-5.141242],[-45.483516,-5.068939],[-45.440685,-5.118051],[-45.403564,-5.135331],[-45.371202,-5.141242],[-45.345027,-5.156249],[-45.333129,-5.196721],[-45.340268,-5.20718],[-45.327894,-5.198994],[-45.326466,-5.176712],[-45.314093,-5.163525],[-45.315045,-5.134421],[-45.33075,-5.121689],[-45.329322,-5.095314],[-45.279827,-5.055297],[-45.603921,-4.992088],[-45.605825,-4.992997]]]},"properties":{"cod_ibge":"210535","name":"Itaipava do Grajaú","uf":"MA"}},
{"type":"Feature","geometry":{"type":"Polygon","coordinates":[[[-44.643537,-4.855211],[-44.723966,-4.84748],[-44.748237,-4.856575],[-44.762038,-4.878403],[-44.777267,-4.872036],[-44.820575,-4.840204],[-44.98524,-4.824743],[-45.036162,-4.874765],[-45.031403,-4.8925],[-45.040921,-4.912053],[-45.040445,-4.929788],[-45.028547,-4.961165],[-45.005704,-4.966622],[-44.932414,-5.013915],[-44.928607,-4.992088],[-44.867214,-4.938883],[-44.851033,-4.939793],[-44.798683,-4.923877],[-44.779647,-4.927969],[-44.700646,-4.904778],[-44.696363,-4.887952],[-44.655911,-4.873855],[-44.644013,-4.855666],[-44.643537,-4.855211]]]},"properties":{"cod_ibge":"210400","name":"Esperantinópolis","uf":"MA"}},
{"type":"Feature","geometry":{"type":"Polygon","coordinates":[[[-44.924799,-5.789247],[-45.08994,-5.852456],[-45.095651,-5.850637],[-45.182266,-5.877012],[-45.271261,-5.995699],[-45.28887,-5.9766],[-45.295532,-5.920213],[-45.313141,-5.917029],[-45.375961,-5.932491],[-45.415937,-5.939312],[-45.479709,-5.972508],[-45.494462,-5.990243],[-45.524445,-6.001156],[-45.525396,-6.022074],[-45.554903,-6.05618],[-45.562517,-6.077098],[-45.61344,-6.106201],[-45.615343,-6.120298],[-45.660555,-6.151675],[-45.662458,-6.166682],[-45.69482,-6.180324],[-45.701959,-6.190328],[-45.741459,-6.202152],[-45.762399,-6.237621],[-45.781911,-6.232164],[-45.814749,-6.274001],[-45.829026,-6.276274],[-45.839496,-6.30174],[-45.821888,-6.379046],[-45.835689,-6.492276],[-45.831406,-6.491366],[-45.840448,-6.600049],[-45.779532,-6.58959],[-45.722423,-6.530019],[-45.729086,-6.515013],[-45.706242,-6.468175],[-45.661982,-6.477724],[-45.628193,-6.476815],[-45.579174,-6.451804],[-45.553951,-6.452713],[-45.543481,-6.439071],[-45.515878,-6.436798],[-45.497794,-6.419063],[-45.456866,-6.426793],[-45.427359,-6.422701],[-45.398329,-6.429522],[-45.375961,-6.414515],[-45.34931,-6.409968],[-45.305527,-6.389505],[-45.300767,-6.374498],[-45.273641,-6.364494],[-45.270309,-6.353125],[-45.237947,-6.338574],[-45.21558,-6.317656],[-45.190357,-6.314018],[-45.164657,-6.30174],[-45.128964,-6.306287],[-45.104217,-6.323112],[-45.092795,-6.315382],[-45.074235,-6.324477],[-45.072807,-6.347214],[-45.046156,-6.344031],[-45.004752,-6.352216],[-44.965252,-6.340393],[-44.935745,-6.314927],[-44.92004,-6.293554],[-44.91195,-6.25763],[-44.901004,-6.246716],[-44.892913,-6.216248],[-44.878636,-6.202152],[-44.866262,-6.162134],[-44.831997,-6.146218],[-44.799635,-6.11757],[-44.839136,-6.000247],[-44.84675,-5.983421],[-44.834377,-5.945223],[-44.851985,-5.89793],[-44.868642,-5.887017],[-44.896721,-5.841543],[-44.90957,-5.833357],[-44.913377,-5.806528],[-44.924799,-5.789247]]]},"properties":{"cod_ibge":"210408","name":"Fernando Falcão","uf":"MA"}},
{"type":"Feature","geometry":{"type":"Polygon","coordinates":[[[-46.714217,-7.236686],[-46.77323,-7.259423],[-46.734681,-7.263061],[-46.722784,-7.278977],[-46.599523,-7.248509],[-46.558595,-7.226681],[-46.551932,-7.188938],[-46.559547,-7.170294],[-46.537179,-7.112542],[-46.508625,-7.103902],[-46.45104,-7.066613],[-46.4044,-6.998402],[-46.340153,-6.939286],[-46.373942,-6.920186],[-46.415822,-6.932464],[-46.424865,-6.909273],[-46.416298,-6.892447],[-46.425816,-6.864253],[-46.470552,-6.867891],[-46.500058,-6.862889],[-46.527661,-6.833786],[-46.579059,-6.814232],[-46.621891,-6.820144],[-46.649018,-6.832876],[-46.661391,-6.847428],[-46.681855,-6.838788],[-46.697085,-6.857432],[-46.713265,-6.856978],[-46.752766,-6.888809],[-46.76038,-6.906089],[-46.83843,-6.930191],[-46.864605,-6.959749],[-46.866508,-6.980667],[-46.885545,-6.989762],[-46.886972,-7.017046],[-46.845092,-7.060246],[-46.793694,-7.07207],[-46.77323,-7.08844],[-46.765615,-7.111177],[-46.774182,-7.129367],[-46.75229,-7.140735],[-46.72897,-7.163927],[-46.730398,-7.185755],[-46.71041,-7.210311],[-46.714217,-7.236686]]]},"properties":{"cod_ibge":"210407","name":"Feira Nova do Maranhão","uf":"MA"}},
{"type":"Feature","geometry":{"type":"Polygon","coordinates":[[[-47.520407,-6.840607],[-47.484714,-6.843335],[-47.456635,-6.874258],[-47.39905,-6.906544],[-47.382394,-6.931555],[-47.350508,-6.936102],[-47.324333,-6.952473],[-47.312435,-6.950199],[-47.274362,-6.98476],[-47.237717,-6.982486],[-47.219633,-6.991126],[-47.206307,-6.982941],[-47.143011,-6.995673],[-47.126355,-7.007951],[-47.106366,-7.008406],[-47.057824,-7.027505],[-47.036408,-7.017046],[-47.016895,-7.022048],[-46.980726,-7.011134],[-46.960738,-7.030234],[-46.94075,-7.018865],[-46.924569,-7.00113],[-46.910292,-6.964751],[-46.913147,-6.947016],[-46.928852,-6.937921],[-46.929804,-6.872893],[-46.920762,-6.824691],[-46.906485,-6.805592],[-46.892683,-6.807411],[-46.882213,-6.776034],[-46.85461,-6.745566],[-46.81273,-6.742383],[-46.819393,-6.72101],[-46.840333,-6.722374],[-46.876502,-6.6769],[-46.94075,-6.683267],[-46.960738,-6.679629],[-46.976919,-6.657347],[-47.007377,-6.657801],[-47.033552,-6.669625],[-47.107318,-6.658256],[-47.123499,-6.662349],[-47.152054,-6.648252],[-47.166807,-6.619603],[-47.209163,-6.586407],[-47.212494,-6.572765],[-47.24438,-6.562306],[-47.270555,-6.563215],[-47.289591,-6.539114],[-47.31529,-6.542297],[-47.350984,-6.51092],[-47.383821,-6.518196],[-47.404761,-6.497733],[-47.425225,-6.497278],[-47.456635,-6.538205],[-47.465202,-6.581405],[-47.469009,-6.621422],[-47.498515,-6.671444],[-47.496136,-6.697364],[-47.493756,-6.751478],[-47.5166,-6.790131],[-47.528974,-6.828329],[-47.520407,-6.840607]]]},"properties":{"cod_ibge":"210405","name":"Estreito","uf":"MA"}},
{"type":"Feature","geometry":{"type":"Polygon","coordinates":[[[-44.98524,-7.480881],[-44.922896,-7.467239],[-44.899576,-7.424948],[-44.868166,-7.421765],[-44.847226,-7.38584],[-44.820575,-7.375836],[-44.817244,-7.361285],[-44.780123,-7.378565],[-44.74205,-7.361739],[-44.730628,-7.390388],[-44.711116,-7.398118],[-44.690176,-7.395845],[-44.678278,-7.359466],[-44.660194,-7.328998],[-44.615934,-7.308535],[-44.594042,-7.267153],[-44.571675,-7.248509],[-44.565488,-7.2285],[-44.53503,-7.227136],[-44.521704,-7.218496],[-44.512662,-7.193485],[-44.473637,-7.166656],[-44.430806,-7.151649],[-44.38607,-7.120727],[-44.364654,-7.121636],[-44.327533,-7.110268],[-44.31278,-7.118453],[-44.275659,-7.074343],[-44.276135,-7.057973],[-44.278515,-7.037964],[-44.249484,-7.000675],[-44.255195,-6.982031],[-44.274708,-6.95793],[-44.290413,-6.957475],[-44.327533,-6.935193],[-44.334672,-6.915184],[-44.378456,-6.876531],[-44.38845,-6.8447],[-44.407486,-6.836514],[-44.442227,-6.861525],[-44.460788,-6.896085],[-44.494102,-6.883807],[-44.512662,-6.924734],[-44.535506,-7.015227],[-44.546927,-7.002949],[-44.614031,-6.962477],[-44.697315,-6.974301],[-44.699694,-7.012044],[-44.71064,-7.044331],[-44.753948,-7.075253],[-44.760135,-7.090259],[-44.782978,-7.099354],[-44.772508,-7.12482],[-44.747285,-7.134824],[-44.733484,-7.150285],[-44.717779,-7.150285],[-44.719682,-7.185755],[-44.698267,-7.179388],[-44.685893,-7.188938],[-44.693032,-7.217587],[-44.704929,-7.236231],[-44.697791,-7.254875],[-44.787262,-7.248509],[-44.989523,-7.482245],[-44.98524,-7.480881]]]},"properties":{"cod_ibge":"210180","name":"Benedito Leite","uf":"MA"}},
{"type":"Feature","geometry":{"type":"Polygon","coordinates":[[[-44.22093,-2.473736],[-44.205701,-2.500566],[-44.210936,-2.51921],[-44.191423,-2.522848],[-44.204749,-2.551951],[-44.161917,-2.607884],[-44.177622,-2.623346],[-44.170483,-2.657906],[-44.175718,-2.702016],[-44.138122,-2.682007],[-44.131935,-2.656542],[-44.10576,-2.629257],[-44.102428,-2.596971],[-44.080537,-2.563775],[-44.033898,-2.549678],[-44.023903,-2.511934],[-44.052458,-2.466005],[-44.061024,-2.486469],[-44.0615,-2.523303],[-44.077205,-2.540583],[-44.13717,-2.554225],[-44.186664,-2.552406],[-44.178098,-2.507387],[-44.183809,-2.461003],[-44.22093,-2.473736]]]},"properties":{"cod_ibge":"211120","name":"São José de Ribamar","uf":"MA"}},
{"type":"Feature","geometry":{"type":"Polygon","coordinates":[[[-42.222588,-2.692011],[-42.25495,-2.675641],[-42.262564,-2.727936],[-42.25257,-2.73794],[-42.263516,-2.757949],[-42.33871,-2.749309],[-42.361553,-2.729755],[-42.364885,-2.715658],[-42.421518,-2.713839],[-42.475771,-2.699742],[-42.487669,-2.70338],[-42.476247,-2.714294],[-42.442458,-2.723843],[-42.436747,-2.747035],[-42.466253,-2.749309],[-42.467681,-2.786143],[-42.445313,-2.831162],[-42.50147,-2.913925],[-42.530501,-2.925748],[-42.573333,-2.925293],[-42.567146,-2.947121],[-42.592369,-2.96531],[-42.588086,-2.983955],[-42.571905,-3.000325],[-42.607598,-3.031702],[-42.645195,-3.039888],[-42.687075,-3.059896],[-42.696593,-3.062625],[-42.696117,-3.1754],[-42.534784,-3.091728],[-42.309203,-3.092638],[-42.1769,-2.844349],[-42.174045,-2.814791],[-42.143587,-2.801149],[-42.127406,-2.801149],[-42.11646,-2.756584],[-42.116936,-2.747035],[-42.152629,-2.719751],[-42.194509,-2.709746],[-42.222588,-2.692011]]]},"properties":{"cod_ibge":"211250","name":"Tutóia","uf":"MA"}},
{"type":"Feature","geometry":{"type":"Polygon","coordinates":[[[-45.839496,-6.30174],[-45.841876,-6.323567],[-45.876617,-6.345849],[-45.886136,-6.343576],[-45.903268,-6.295373],[-45.954666,-6.264906],[-45.980366,-6.25672],[-46.022721,-6.263996],[-46.067457,-6.246261],[-46.45104,-6.267634],[-46.464841,-6.281731],[-46.465793,-6.621877],[-46.466269,-6.811958],[-46.45104,-6.796042],[-46.416774,-6.816051],[-46.40678,-6.831967],[-46.369659,-6.84379],[-46.371087,-6.87835],[-46.36252,-6.900178],[-46.345388,-6.912456],[-46.306363,-6.907454],[-46.29161,-6.876077],[-46.294941,-6.854249],[-46.248302,-6.829238],[-46.23117,-6.787857],[-46.236881,-6.772396],[-46.185006,-6.774215],[-46.151217,-6.767848],[-46.155024,-6.711915],[-46.129325,-6.709187],[-46.132656,-6.688269],[-46.110765,-6.670989],[-46.081734,-6.685995],[-46.060318,-6.669625],[-46.04033,-6.693271],[-45.996071,-6.670534],[-45.977986,-6.655073],[-45.980841,-6.64325],[-45.939913,-6.637793],[-45.926112,-6.646888],[-45.894226,-6.644159],[-45.887087,-6.631881],[-45.840448,-6.600049],[-45.831406,-6.491366],[-45.835689,-6.492276],[-45.821888,-6.379046],[-45.839496,-6.30174]]]},"properties":{"cod_ibge":"210409","name":"Formosa da Serra Negra","uf":"MA"}},
{"type":"Feature","geometry":{"type":"Polygon","coordinates":[[[-44.610223,-3.847961],[-44.505523,-3.848871],[-44.4803,-3.904804],[-44.479824,-3.919355],[-44.415577,-3.933907],[-44.416528,-3.914353],[-44.393209,-3.896618],[-44.387022,-3.877974],[-44.360847,-3.864332],[-44.353708,-3.848871],[-44.350853,-3.823405],[-44.335148,-3.791573],[-44.312304,-3.769291],[-44.285653,-3.764744],[-44.378456,-3.69153],[-44.403679,-3.693349],[-44.421763,-3.713358],[-44.437468,-3.704263],[-44.439372,-3.686983],[-44.460312,-3.664246],[-44.449366,-3.615589],[-44.446987,-3.573753],[-44.452697,-3.561929],[-44.531698,-3.610132],[-44.565488,-3.60513],[-44.610223,-3.658789],[-44.609747,-3.838866],[-44.610223,-3.847961]]]},"properties":{"cod_ibge":"210663","name":"Matões do Norte","uf":"MA"}},
{"type":"Feature","geometry":{"type":"Polygon","coordinates":[[[-44.677802,-2.280471],[-44.682086,-2.255006],[-44.66067,-2.24773],[-44.634019,-2.228631],[-44.58738,-2.165422],[-44.588807,-2.136773],[-44.566916,-2.125405],[-44.555018,-2.097666],[-44.528843,-2.079931],[-44.497909,-2.049463],[-44.518373,-2.034457],[-44.539789,-2.033093],[-44.565488,-2.021724],[-44.577862,-2.029],[-44.587856,-2.03764],[-44.615934,-2.034912],[-44.637826,-2.044461],[-44.643537,-2.058558],[-44.72111,-2.074929],[-44.753948,-2.119948],[-44.752044,-2.136773],[-44.783454,-2.16906],[-44.78393,-2.186795],[-44.798683,-2.222265],[-44.779647,-2.249549],[-44.753472,-2.245456],[-44.761087,-2.270922],[-44.715399,-2.27365],[-44.697791,-2.285928],[-44.677802,-2.280471]]]},"properties":{"cod_ibge":"210490","name":"Guimarães","uf":"MA"}},
{"type":"Feature","geometry":{"type":"Polygon","coordinates":[[[-45.793809,-8.021113],[-45.771917,-7.992464],[-45.785243,-7.942897],[-45.827599,-7.922889],[-45.836641,-7.850585],[-45.829026,-7.820117],[-45.751453,-7.7801],[-45.716236,-7.789195],[-45.686254,-7.787831],[-45.641994,-7.805566],[-45.625337,-7.805566],[-45.572987,-7.8424],[-45.538246,-7.861499],[-45.511119,-7.823301],[-45.509691,-7.800564],[-45.490179,-7.787376],[-45.481613,-7.747814],[-45.487324,-7.728715],[-45.469715,-7.714163],[-45.470191,-7.690062],[-45.455914,-7.670053],[-45.482089,-7.650954],[-45.487324,-7.636857],[-45.515402,-7.628672],[-45.53777,-7.59684],[-45.575843,-7.5882],[-45.608205,-7.588655],[-45.64485,-7.605935],[-45.500173,-7.419491],[-45.322183,-7.195304],[-45.312665,-7.147557],[-45.290773,-7.148011],[-45.271261,-7.120272],[-45.263647,-7.090259],[-45.27602,-7.058882],[-45.274592,-7.01068],[-45.24699,-6.986124],[-45.244134,-6.956111],[-45.256508,-6.941104],[-45.277924,-6.94065],[-45.318376,-6.856978],[-45.331701,-6.820598],[-45.322183,-6.781491],[-45.354069,-6.780126],[-45.368822,-6.816051],[-45.38072,-6.820598],[-45.368822,-6.900178],[-45.524445,-7.271246],[-45.533011,-7.294438],[-45.557282,-7.317629],[-45.596307,-7.318994],[-45.600114,-7.344914],[-45.620102,-7.350371],[-45.631524,-7.374017],[-45.655796,-7.400847],[-45.673404,-7.406759],[-45.687681,-7.430405],[-45.717188,-7.447685],[-45.744791,-7.43859],[-45.755261,-7.451323],[-45.781436,-7.444047],[-45.797141,-7.45587],[-45.815701,-7.453597],[-45.831882,-7.478607],[-45.822364,-7.494978],[-45.815225,-7.548183],[-45.820936,-7.555459],[-45.793809,-7.582743],[-45.799996,-7.607299],[-45.800948,-7.65823],[-45.791906,-7.703249],[-45.795713,-7.724622],[-45.844256,-7.767368],[-45.844256,-7.804202],[-45.859485,-7.817844],[-45.841876,-7.876505],[-45.846159,-7.914703],[-45.827599,-7.953811],[-45.8414,-7.979731],[-45.820936,-7.988826],[-45.793809,-8.021113]]]},"properties":{"cod_ibge":"210970","name":"Sambaíba","uf":"MA"}},
{"type":"Feature","geometry":{"type":"Polygon","coordinates":[[[-45.041397,-2.541947],[-45.025692,-2.564229],[-44.944312,-2.618798],[-44.874353,-2.626983],[-44.879112,-2.640626],[-44.840087,-2.65927],[-44.820099,-2.673367],[-44.78631,-2.669274],[-44.738243,-2.629257],[-44.71064,-2.627438],[-44.735863,-2.610158],[-44.749665,-2.585147],[-44.812485,-2.586512],[-44.812961,-2.536945],[-44.834852,-2.515572],[-44.915281,-2.521029],[-44.935269,-2.512844],[-44.959065,-2.459639],[-45.004752,-2.464641],[-45.022361,-2.486014],[-45.050439,-2.491471],[-45.040445,-2.507387],[-45.041397,-2.541947]]]},"properties":{"cod_ibge":"210840","name":"Peri Mirim","uf":"MA"}},
{"type":"Feature","geometry":{"type":"Polygon","coordinates":[[[-44.548831,-5.396807],[-44.587856,-5.377707],[-44.634971,-5.399535],[-44.649248,-5.397261],[-44.688272,-5.432276],[-44.744906,-5.499578],[-44.750617,-5.526862],[-44.743478,-5.535048],[-44.753472,-5.589616],[-44.746809,-5.60144],[-44.72111,-5.608715],[-44.726821,-5.64464],[-44.666381,-5.661011],[-44.606892,-5.605987],[-44.585952,-5.598256],[-44.480776,-5.57461],[-44.472686,-5.576429],[-44.487915,-5.533229],[-44.476969,-5.496395],[-44.44889,-5.497304],[-44.461264,-5.452285],[-44.506475,-5.449102],[-44.506951,-5.469565],[-44.528367,-5.471384],[-44.541692,-5.445464],[-44.548831,-5.396807]]]},"properties":{"cod_ibge":"210975","name":"Santa Filomena do Maranhão","uf":"MA"}},
{"type":"Feature","geometry":{"type":"Polygon","coordinates":[[[-44.486963,-4.1299],[-44.486963,-4.091247],[-44.577862,-4.092611],[-44.573102,-4.114439],[-44.633067,-4.114439],[-44.62926,-4.093521],[-44.659718,-4.093976],[-44.683513,-4.075786],[-44.698742,-4.09443],[-44.753472,-4.09534],[-44.746809,-4.06078],[-44.724917,-4.039407],[-44.683513,-4.018943],[-44.650676,-4.014851],[-44.630212,-4.018943],[-44.629736,-3.983019],[-44.63735,-3.940273],[-44.622121,-3.931179],[-44.623073,-3.910261],[-44.610699,-3.895254],[-44.624501,-3.85933],[-44.66067,-3.884795],[-44.676851,-3.881612],[-44.714923,-3.918901],[-44.710164,-3.931179],[-44.753472,-3.944821],[-44.77346,-3.973924],[-44.793448,-3.979836],[-44.803442,-4.003482],[-44.801539,-4.047137],[-44.829617,-4.076695],[-44.851985,-4.080788],[-44.841991,-4.113075],[-45.011891,-4.113984],[-45.000945,-4.118532],[-44.986192,-4.150818],[-44.962396,-4.171736],[-45.063765,-4.24404],[-45.078518,-4.249952],[-45.083277,-4.288604],[-45.077566,-4.299973],[-44.881016,-4.352723],[-44.873401,-4.3841],[-44.740147,-4.280874],[-44.505523,-4.279055],[-44.500288,-4.255408],[-44.479824,-4.234036],[-44.486963,-4.1299]]]},"properties":{"cod_ibge":"210120","name":"Bacabal","uf":"MA"}},
{"type":"Feature","geometry":{"type":"Polygon","coordinates":[[[-42.987374,-3.553289],[-42.797486,-3.530552],[-42.65852,-3.617863],[-42.632821,-3.63196],[-42.61664,-3.610587],[-42.609978,-3.586031],[-42.568098,-3.57057],[-42.562863,-3.559201],[-42.567146,-3.558292],[-42.75275,-3.414139],[-42.932168,-3.387764],[-42.952156,-3.401406],[-42.965958,-3.422779],[-42.987849,-3.470981],[-42.976428,-3.489171],[-42.984994,-3.50918],[-42.987374,-3.553289]]]},"properties":{"cod_ibge":"210667","name":"Milagres do Maranhão","uf":"MA"}},
{"type":"Feature","geometry":{"type":"Polygon","coordinates":[[[-44.658766,-5.084855],[-44.631639,-5.103954],[-44.625928,-5.126691],[-44.596422,-5.135331],[-44.559777,-5.166708],[-44.544548,-5.169891],[-44.529319,-5.147154],[-44.524084,-5.124872],[-44.504572,-5.109411],[-44.488391,-5.1276],[-44.486487,-5.086674],[-44.497433,-5.043019],[-44.485535,-5.016189],[-44.496005,-4.975717],[-44.51409,-4.975717],[-44.638778,-4.862487],[-44.643061,-4.85703],[-44.641157,-4.875219],[-44.618314,-4.90114],[-44.612127,-4.945704],[-44.620217,-4.964803],[-44.607368,-4.981174],[-44.639254,-5.037562],[-44.638302,-5.059844],[-44.665905,-5.057116],[-44.658766,-5.084855]]]},"properties":{"cod_ibge":"211125","name":"São José dos Basílios","uf":"MA"}},
{"type":"Feature","geometry":{"type":"Polygon","coordinates":[[[-44.989523,-7.482245],[-44.787262,-7.248509],[-44.697791,-7.254875],[-44.704929,-7.236231],[-44.693032,-7.217587],[-44.685893,-7.188938],[-44.698267,-7.179388],[-44.719682,-7.185755],[-44.717779,-7.150285],[-44.733484,-7.150285],[-44.747285,-7.134824],[-44.772508,-7.12482],[-44.782978,-7.099354],[-44.760135,-7.090259],[-44.753948,-7.075253],[-44.71064,-7.044331],[-44.699694,-7.012044],[-44.697315,-6.974301],[-44.710164,-6.963387],[-44.709688,-6.941104],[-44.739195,-6.927462],[-44.752996,-6.893812],[-44.768701,-6.884717],[-44.791069,-6.713734],[-44.851509,-6.702821],[-44.901956,-6.706004],[-44.939077,-6.716463],[-44.957637,-6.736017],[-44.980481,-6.79104],[-44.958589,-6.824236],[-44.935745,-6.867891],[-44.992378,-7.024322],[-44.970962,-7.077527],[-44.987619,-7.102083],[-45.000469,-7.152104],[-45.085657,-7.502254],[-45.049487,-7.513168],[-45.020933,-7.498161],[-45.002848,-7.496342],[-44.989523,-7.482245]]]},"properties":{"cod_ibge":"211080","name":"São Félix de Balsas","uf":"MA"}},
{"type":"Feature","geometry":{"type":"Polygon","coordinates":[[[-44.093386,-4.494602],[-44.180478,-4.336352],[-44.267569,-4.277691],[-44.300883,-4.269505],[-44.356564,-4.268596],[-44.401775,-4.300428],[-44.406534,-4.321346],[-44.396064,-4.318163],[-44.423667,-4.415477],[-44.430806,-4.48096],[-44.347522,-4.558265],[-44.196183,-4.527798],[-44.087675,-4.505516],[-44.093386,-4.494602]]]},"properties":{"cod_ibge":"210845","name":"Peritoró","uf":"MA"}},
{"type":"Feature","geometry":{"type":"Polygon","coordinates":[[[-44.0615,-2.899828],[-44.034849,-2.898918],[-44.021524,-2.921655],[-44.028187,-2.947575],[-44.011054,-2.961672],[-44.002488,-2.983045],[-43.940619,-3.017151],[-43.902071,-3.031702],[-43.886366,-3.049892],[-43.813552,-3.07945],[-43.782618,-3.084907],[-43.765485,-3.099459],[-43.755015,-3.126743],[-43.754539,-3.172217],[-43.76025,-3.183131],[-43.783569,-3.213598],[-43.775003,-3.248159],[-43.789756,-3.258618],[-43.79975,-3.292723],[-43.783569,-3.292723],[-43.606531,-3.172217],[-43.542283,-3.129471],[-43.571314,-3.038069],[-43.598441,-2.963946],[-43.745497,-2.637443],[-43.745021,-2.80797],[-44.050078,-2.807515],[-44.052934,-2.847078],[-44.049127,-2.872543],[-44.0615,-2.899828]]]},"properties":{"cod_ibge":"210710","name":"Morros","uf":"MA"}},
{"type":"Feature","geometry":{"type":"Polygon","coordinates":[[[-47.538968,-5.156249],[-47.526594,-5.177622],[-47.502323,-5.137605],[-47.484238,-5.176712],[-47.415707,-5.2331],[-47.382869,-5.271298],[-47.363833,-5.258565],[-47.33623,-5.263113],[-47.312911,-5.307223],[-47.284356,-5.304039],[-47.276742,-5.314044],[-47.226295,-5.266751],[-47.220584,-5.251744],[-47.184891,-5.221277],[-47.179656,-5.193538],[-47.156337,-5.178986],[-47.151102,-5.154885],[-47.135397,-5.143516],[-47.196789,-5.162161],[-47.219633,-5.164889],[-47.236765,-5.138969],[-47.249139,-5.103499],[-47.271031,-5.081672],[-47.288164,-5.086219],[-47.312435,-5.076215],[-47.324809,-5.043019],[-47.350508,-5.026193],[-47.476624,-5.046656],[-47.487569,-5.076215],[-47.514696,-5.063482],[-47.554673,-5.095314],[-47.538968,-5.156249]]]},"properties":{"cod_ibge":"211085","name":"São Francisco do Brejão","uf":"MA"}},
{"type":"Feature","geometry":{"type":"Polygon","coordinates":[[[-44.495529,-3.025791],[-44.487915,-3.038523],[-44.467927,-3.040342],[-44.321823,-3.104916],[-44.32325,-3.071719],[-44.316588,-3.032157],[-44.301358,-3.030793],[-44.284702,-3.04398],[-44.256623,-2.967584],[-44.292316,-2.954396],[-44.27328,-2.874362],[-44.273756,-2.850716],[-44.290888,-2.850261],[-44.293268,-2.831162],[-44.278991,-2.789326],[-44.281846,-2.766134],[-44.307069,-2.779321],[-44.329913,-2.78114],[-44.349901,-2.762496],[-44.367986,-2.756584],[-44.387498,-2.76477],[-44.390353,-2.797511],[-44.409866,-2.79933],[-44.406058,-2.882093],[-44.408438,-2.901192],[-44.424619,-2.943937],[-44.44889,-2.980771],[-44.495529,-3.025791]]]},"properties":{"cod_ibge":"210125","name":"Bacabeira","uf":"MA"}},
{"type":"Feature","geometry":{"type":"Polygon","coordinates":[[[-46.479118,-4.198566],[-46.478166,-4.231307],[-46.485305,-4.247678],[-46.475311,-4.277236],[-46.493871,-4.28815],[-46.49054,-4.324984],[-46.505293,-4.378643],[-46.500058,-4.41002],[-46.500058,-4.465044],[-46.49054,-4.476867],[-46.498155,-4.494602],[-46.491492,-4.528707],[-46.491016,-4.611925],[-46.476739,-4.653306],[-46.491968,-4.666948],[-46.48007,-4.709239],[-46.486257,-4.722881],[-46.467696,-4.737433],[-46.460558,-4.759261],[-46.479594,-4.784726],[-46.484353,-4.808827],[-46.463889,-4.841569],[-46.464841,-4.851118],[-46.089349,-4.854756],[-46.115048,-4.800642],[-46.201663,-4.75244],[-46.221176,-4.666039],[-46.227838,-4.623293],[-46.209278,-4.623748],[-46.177868,-4.600102],[-46.159307,-4.560539],[-46.193097,-4.511882],[-46.203091,-4.471865],[-46.217368,-4.470046],[-46.233073,-4.44549],[-46.223555,-4.390466],[-46.241164,-4.373641],[-46.264483,-4.307704],[-46.274001,-4.301792],[-46.292086,-4.2786],[-46.299225,-4.243585],[-46.284471,-4.227669],[-46.283044,-4.177648],[-46.267339,-4.128991],[-46.212609,-4.049411],[-46.225935,-4.010303],[-46.267815,-3.988931],[-46.28923,-4.019398],[-46.303032,-4.020308],[-46.358713,-4.055323],[-46.37299,-4.08579],[-46.42534,-4.119896],[-46.450088,-4.169008],[-46.479118,-4.198566]]]},"properties":{"cod_ibge":"210232","name":"Buriticupu","uf":"MA"}},
{"type":"Feature","geometry":{"type":"Polygon","coordinates":[[[-45.422124,-4.440942],[-45.335033,-4.424117],[-45.295057,-4.424117],[-45.238423,-4.393649],[-45.127537,-4.413203],[-45.13182,-4.390466],[-45.127061,-4.366365],[-45.106597,-4.328622],[-45.204158,-4.197656],[-45.21558,-4.16446],[-45.252701,-4.148544],[-45.269833,-4.120805],[-45.313617,-4.09443],[-45.319804,-4.068055],[-45.294105,-4.023946],[-45.308858,-4.00712],[-45.307906,-3.980745],[-45.322659,-3.965284],[-45.311713,-3.912534],[-45.334557,-3.904349],[-45.339792,-3.869789],[-45.366919,-3.894345],[-45.37263,-3.907532],[-45.369298,-3.947095],[-45.357876,-3.984838],[-45.386431,-3.996206],[-45.402612,-4.0244],[-45.403088,-4.054868],[-45.422124,-4.067601],[-45.426407,-4.088519],[-45.447347,-4.118986],[-45.431642,-4.141269],[-45.402612,-4.114894],[-45.376913,-4.116713],[-45.355973,-4.131264],[-45.364063,-4.169008],[-45.385479,-4.170827],[-45.402612,-4.187197],[-45.418793,-4.254499],[-45.425931,-4.265413],[-45.449251,-4.29588],[-45.44354,-4.311796],[-45.420696,-4.326348],[-45.469715,-4.346811],[-45.480661,-4.370003],[-45.511595,-4.395923],[-45.469715,-4.42821],[-45.4226,-4.417296],[-45.422124,-4.440942]]]},"properties":{"cod_ibge":"211300","name":"Vitorino Freire","uf":"MA"}},
{"type":"Feature","geometry":{"type":"Polygon","coordinates":[[[-44.267569,-4.277691],[-44.180478,-4.336352],[-44.093386,-4.494602],[-44.000108,-4.395923],[-43.936812,-4.334988],[-44.051982,-4.386828],[-44.064832,-4.356361],[-44.060073,-4.329986],[-44.064356,-4.293152],[-44.042464,-4.273143],[-44.013909,-4.267232],[-43.99868,-4.252225],[-43.895408,-3.968467],[-43.93824,-4.000299],[-43.992969,-3.842504],[-44.15573,-3.837047],[-44.1662,-3.910261],[-44.199038,-3.927541],[-44.322774,-3.864332],[-44.318967,-3.880702],[-44.343714,-3.898892],[-44.351805,-3.924357],[-44.365606,-3.928905],[-44.364178,-3.959372],[-44.354184,-3.972105],[-44.375124,-3.987566],[-44.387974,-4.007575],[-44.387498,-4.027584],[-44.40701,-4.043045],[-44.399396,-4.066691],[-44.402251,-4.086245],[-44.452222,-4.08579],[-44.459836,-4.107618],[-44.446987,-4.128991],[-44.342763,-4.099887],[-44.267569,-4.277691]]]},"properties":{"cod_ibge":"210360","name":"Coroatá","uf":"MA"}},
{"type":"Feature","geometry":{"type":"Polygon","coordinates":[[[-43.90445,-6.004794],[-43.844486,-6.003885],[-43.808793,-5.999337],[-43.803558,-5.990697],[-43.741213,-5.982057],[-43.711231,-5.961139],[-43.682677,-5.909299],[-43.67411,-5.897476],[-43.676014,-5.871101],[-43.719322,-5.847454],[-43.716942,-5.802435],[-43.676966,-5.767875],[-43.606055,-5.737407],[-43.587971,-5.71467],[-43.587019,-5.701482],[-43.614146,-5.662375],[-43.638893,-5.654644],[-43.666496,-5.631452],[-43.666496,-5.600075],[-43.759298,-5.590071],[-43.785949,-5.561422],[-43.821642,-5.549145],[-43.840678,-5.569153],[-43.886842,-5.590071],[-43.897788,-5.648278],[-43.94633,-5.696026],[-43.949662,-5.708758],[-43.972029,-5.723765],[-43.979644,-5.742864],[-44.028663,-5.770603],[-44.030566,-5.786974],[-44.075302,-5.816077],[-44.07435,-5.850637],[-44.057693,-5.874739],[-43.90445,-6.004794]]]},"properties":{"cod_ibge":"210230","name":"Buriti Bravo","uf":"MA"}},
{"type":"Feature","geometry":{"type":"Polygon","coordinates":[[[-44.400347,-3.530098],[-44.397968,-3.537828],[-44.087675,-3.536464],[-44.094338,-3.522367],[-44.081488,-3.479622],[-44.062928,-3.43824],[-44.065308,-3.397768],[-44.057217,-3.364117],[-44.038657,-3.335469],[-44.047223,-3.29045],[-44.064832,-3.187678],[-44.102428,-3.218601],[-44.117658,-3.22906],[-44.102428,-3.253616],[-44.170008,-3.267258],[-44.209032,-3.253161],[-44.242822,-3.308639],[-44.261858,-3.28954],[-44.293268,-3.287721],[-44.303262,-3.264984],[-44.333244,-3.264529],[-44.357992,-3.247704],[-44.371317,-3.221784],[-44.410817,-3.213144],[-44.437944,-3.215417],[-44.434613,-3.235881],[-44.422239,-3.243157],[-44.49315,-3.334559],[-44.534554,-3.398223],[-44.584524,-3.451428],[-44.556922,-3.454156],[-44.521704,-3.471436],[-44.500764,-3.465979],[-44.470306,-3.485078],[-44.404155,-3.460522],[-44.385594,-3.475529],[-44.406534,-3.510999],[-44.400347,-3.530098]]]},"properties":{"cod_ibge":"210540","name":"Itapecuru Mirim","uf":"MA"}},
{"type":"Feature","geometry":{"type":"Polygon","coordinates":[[[-46.4044,-6.998402],[-46.34158,-6.998402],[-46.224983,-7.0366],[-46.07174,-7.159835],[-45.870431,-7.288526],[-45.95895,-7.050697],[-45.934678,-7.046149],[-45.907076,-7.056609],[-45.856153,-7.015682],[-45.834737,-6.991126],[-45.823316,-6.962932],[-45.849015,-6.954292],[-45.852822,-6.942469],[-45.878997,-6.941559],[-45.905648,-6.956111],[-45.931823,-6.959749],[-45.990836,-6.922005],[-45.992739,-6.879715],[-46.003685,-6.865618],[-46.003209,-6.845609],[-46.015583,-6.837424],[-46.022246,-6.809685],[-45.998926,-6.793314],[-45.97989,-6.759663],[-45.964661,-6.751478],[-45.934202,-6.718282],[-45.912311,-6.726467],[-45.850918,-6.72101],[-45.948004,-6.674172],[-45.926112,-6.646888],[-45.939913,-6.637793],[-45.980841,-6.64325],[-45.977986,-6.655073],[-45.996071,-6.670534],[-46.04033,-6.693271],[-46.060318,-6.669625],[-46.081734,-6.685995],[-46.110765,-6.670989],[-46.132656,-6.688269],[-46.129325,-6.709187],[-46.155024,-6.711915],[-46.151217,-6.767848],[-46.185006,-6.774215],[-46.236881,-6.772396],[-46.23117,-6.787857],[-46.248302,-6.829238],[-46.294941,-6.854249],[-46.29161,-6.876077],[-46.306363,-6.907454],[-46.340153,-6.939286],[-46.4044,-6.998402]]]},"properties":{"cod_ibge":"210410","name":"Fortaleza dos Nogueiras","uf":"MA"}},
{"type":"Feature","geometry":{"type":"Polygon","coordinates":[[[-44.059597,-2.905739],[-44.058645,-2.923474],[-44.071018,-2.941664],[-44.067687,-2.9835],[-44.088627,-3.021698],[-44.060548,-3.028974],[-44.043892,-3.042161],[-44.039133,-3.063989],[-44.021524,-3.072174],[-44.002012,-3.061715],[-43.989162,-3.074448],[-44.014861,-3.099459],[-43.993921,-3.125834],[-44.008674,-3.159484],[-44.009626,-3.183131],[-44.030566,-3.186769],[-44.043892,-3.209961],[-44.033422,-3.226786],[-44.041512,-3.243157],[-44.026759,-3.278626],[-44.029614,-3.29045],[-43.76025,-3.183131],[-43.754539,-3.172217],[-43.755015,-3.126743],[-43.765485,-3.099459],[-43.782618,-3.084907],[-43.813552,-3.07945],[-43.886366,-3.049892],[-43.902071,-3.031702],[-43.940619,-3.017151],[-44.002488,-2.983045],[-44.011054,-2.961672],[-44.028187,-2.947575],[-44.021524,-2.921655],[-44.034849,-2.898918],[-44.0615,-2.899828],[-44.059597,-2.905739]]]},"properties":{"cod_ibge":"210237","name":"Cachoeira Grande","uf":"MA"}},
{"type":"Feature","geometry":{"type":"Polygon","coordinates":[[[-46.906009,-5.35497],[-46.935515,-5.356335],[-46.947413,-5.364975],[-46.979775,-5.368158],[-47.012136,-5.3818],[-47.044974,-5.402718],[-47.174421,-5.451375],[-47.2025,-5.475931],[-47.255802,-5.511856],[-47.281025,-5.540504],[-47.254374,-5.543688],[-47.25247,-5.558239],[-47.214874,-5.581431],[-47.198693,-5.577793],[-47.162048,-5.596892],[-47.135873,-5.648278],[-47.119692,-5.65419],[-47.085902,-5.672379],[-46.975015,-5.641457],[-46.945509,-5.625086],[-46.954075,-5.587797],[-46.949316,-5.575065],[-46.945985,-5.51322],[-46.933135,-5.50367],[-46.925997,-5.472748],[-46.928376,-5.450011],[-46.910292,-5.430912],[-46.89887,-5.386347],[-46.906009,-5.35497]]]},"properties":{"cod_ibge":"210235","name":"Buritirana","uf":"MA"}},
{"type":"Feature","geometry":{"type":"MultiPolygon","coordinates":[[[[-44.952878,-1.560163],[-44.963824,-1.536062],[-44.989999,-1.512415],[-45.008083,-1.485585],[-45.027596,-1.492407],[-45.070427,-1.480129],[-45.071379,-1.466941],[-45.096602,-1.455573],[-45.103265,-1.473307],[-45.132296,-1.484676],[-45.158471,-1.474672],[-45.176555,-1.49559],[-45.196067,-1.488314],[-45.174652,-1.536516],[-45.16323,-1.545156],[-45.151808,-1.57426],[-45.167037,-1.59927],[-45.155615,-1.615186],[-45.166085,-1.646109],[-45.148001,-1.642471],[-45.13991,-1.6261],[-45.121826,-1.64429],[-45.078994,-1.624281],[-45.073759,-1.606546],[-45.039969,-1.601089],[-45.008559,-1.581081],[-44.950498,-1.566984],[-44.952878,-1.560163]]],[[[-45.132772,-1.467396],[-45.102789,-1.464213],[-45.109928,-1.437383],[-45.124205,-1.438747],[-45.132772,-1.467396]]],[[[-45.101837,-1.396911],[-45.093271,-1.382359],[-45.114687,-1.36326],[-45.126585,-1.385543],[-45.101837,-1.396911]]]]},"properties":{"cod_ibge":"210083","name":"Apicum-Açu","uf":"MA"}},
{"type":"Feature","geometry":{"type":"Polygon","coordinates":[[[-45.641994,-2.655632],[-45.594403,-2.605611],[-45.594403,-2.557408],[-45.56109,-2.481467],[-45.641518,-2.458275],[-45.641518,-2.36096],[-45.803327,-2.426898],[-45.903744,-2.429626],[-45.90422,-2.469189],[-45.911835,-2.529214],[-45.929443,-2.546949],[-45.945624,-2.578781],[-45.983697,-2.611977],[-45.989408,-2.648356],[-45.99845,-2.665636],[-45.989884,-2.696104],[-45.798092,-2.648811],[-45.766206,-2.633805],[-45.754785,-2.621527],[-45.641994,-2.655632]]]},"properties":{"cod_ibge":"211003","name":"Santa Luzia do Paruá","uf":"MA"}},
{"type":"Feature","geometry":{"type":"Polygon","coordinates":[[[-47.347176,-4.108527],[-47.349556,-4.138995],[-47.340038,-4.176284],[-47.356694,-4.176738],[-47.376207,-4.223577],[-47.372399,-4.244949],[-47.38858,-4.249952],[-47.400954,-4.267686],[-47.441882,-4.28724],[-47.479479,-4.328622],[-47.476148,-4.356361],[-47.488521,-4.369093],[-47.501371,-4.400925],[-47.537064,-4.451401],[-47.561811,-4.47232],[-47.583703,-4.522796],[-47.615113,-4.560084],[-47.649379,-4.581912],[-47.679837,-4.608742],[-47.692686,-4.648759],[-47.68174,-4.712877],[-47.655565,-4.714696],[-47.646047,-4.727429],[-47.615113,-4.701963],[-47.574185,-4.70742],[-47.495184,-4.701054],[-47.495184,-4.652397],[-47.468533,-4.649213],[-47.447117,-4.635571],[-47.396195,-4.648759],[-47.365737,-4.670132],[-47.335279,-4.679681],[-47.339086,-4.69014],[-47.308152,-4.698325],[-47.286736,-4.696961],[-47.257705,-4.669677],[-47.230103,-4.636481],[-47.224868,-4.600556],[-47.233434,-4.55963],[-47.253422,-4.508244],[-47.250091,-4.467772],[-47.241524,-4.437305],[-47.222012,-4.425481],[-47.210114,-4.406837],[-47.187747,-4.388647],[-47.138728,-4.318617],[-47.125879,-4.284057],[-47.101131,-4.264958],[-47.090185,-4.241766],[-47.072577,-4.236764],[-47.029745,-4.220393],[-47.013088,-4.193109],[-47.010233,-4.174465],[-46.967877,-4.118986],[-46.962166,-4.090792],[-46.948365,-4.080788],[-46.926949,-4.0867],[-46.916003,-4.07715],[-46.912195,-4.040771],[-46.920286,-3.992114],[-46.935991,-3.961191],[-46.945033,-3.923448],[-46.936943,-3.870243],[-46.962642,-3.783843],[-46.984058,-3.725636],[-46.99548,-3.710175],[-47.029269,-3.681981],[-47.02451,-3.614679],[-47.030697,-3.604675],[-47.04545,-3.623774],[-47.050685,-3.653332],[-47.039263,-3.672886],[-47.048781,-3.688802],[-47.049257,-3.713813],[-47.060203,-3.727455],[-47.05354,-3.746554],[-47.072577,-3.817948],[-47.085902,-3.828407],[-47.085426,-3.856601],[-47.103511,-3.872972],[-47.127306,-3.87661],[-47.135397,-3.902075],[-47.172994,-3.923903],[-47.16871,-3.940728],[-47.195361,-3.985747],[-47.240573,-4.000299],[-47.25485,-4.019398],[-47.281501,-4.033495],[-47.292923,-4.05214],[-47.318622,-4.047592],[-47.347176,-4.108527]]]},"properties":{"cod_ibge":"210542","name":"Itinga do Maranhão","uf":"MA"}},
{"type":"Feature","geometry":{"type":"Polygon","coordinates":[[[-45.594879,-4.195837],[-45.591548,-4.158549],[-45.581078,-4.141723],[-45.581078,-4.109892],[-45.562041,-4.080788],[-45.558234,-4.060325],[-45.573463,-4.019853],[-45.561566,-3.987112],[-45.578222,-3.987566],[-45.581078,-3.947095],[-45.598211,-3.915263],[-45.624386,-3.732912],[-45.661031,-3.745645],[-45.681971,-3.767017],[-45.685778,-3.78839],[-45.704338,-3.802942],[-45.743363,-3.813401],[-45.750977,-3.794302],[-45.77049,-3.798849],[-45.768586,-3.81522],[-45.785243,-3.832955],[-45.809514,-3.819312],[-45.839021,-3.816584],[-45.846159,-3.834774],[-45.846159,-3.880248],[-45.878997,-3.889797],[-45.901365,-3.903439],[-45.909931,-3.931633],[-45.928016,-3.952097],[-45.978938,-3.981655],[-46.017011,-3.995297],[-46.050324,-3.999844],[-46.093156,-4.034859],[-46.274001,-4.301792],[-46.264483,-4.307704],[-46.241164,-4.373641],[-46.223555,-4.390466],[-46.233073,-4.44549],[-46.217368,-4.470046],[-46.203091,-4.471865],[-46.193097,-4.511882],[-46.159307,-4.560539],[-46.177868,-4.600102],[-46.209278,-4.623748],[-46.227838,-4.623293],[-46.221176,-4.666039],[-46.201663,-4.75244],[-46.115048,-4.800642],[-46.089349,-4.854756],[-46.017486,-4.853847],[-46.027005,-4.837021],[-46.028432,-4.805644],[-46.039378,-4.789728],[-46.021294,-4.757442],[-45.999878,-4.73425],[-45.975131,-4.723336],[-45.958474,-4.69878],[-45.958474,-4.678772],[-45.928491,-4.661491],[-45.922305,-4.615563],[-45.919925,-4.55872],[-45.714332,-4.559175],[-45.712429,-4.553263],[-45.760496,-4.528707],[-45.786671,-4.4896],[-45.790002,-4.45322],[-45.805707,-4.430029],[-45.822364,-4.427755],[-45.804279,-4.382281],[-45.790002,-4.324074],[-45.800948,-4.280874],[-45.782387,-4.250406],[-45.671976,-4.209025],[-45.664362,-4.199021],[-45.626289,-4.1922],[-45.594879,-4.195837]]]},"properties":{"cod_ibge":"211000","name":"Santa Luzia","uf":"MA"}},
{"type":"Feature","geometry":{"type":"Polygon","coordinates":[[[-43.311468,-3.537374],[-43.294811,-3.55147],[-43.275299,-3.55147],[-43.238178,-3.539192],[-43.221521,-3.520093],[-43.193442,-3.51782],[-43.172978,-3.55238],[-43.148707,-3.554654],[-43.128719,-3.528279],[-43.096833,-3.533736],[-43.088266,-3.586031],[-43.113014,-3.637416],[-43.123484,-3.690166],[-43.017356,-3.738369],[-43.010693,-3.729729],[-43.016404,-3.695623],[-42.984518,-3.629231],[-42.984042,-3.61286],[-43.001651,-3.588759],[-42.987374,-3.553289],[-42.984994,-3.50918],[-42.976428,-3.489171],[-42.987849,-3.470981],[-42.965958,-3.422779],[-43.129194,-3.478712],[-43.137761,-3.465525],[-43.159653,-3.445971],[-43.182496,-3.442788],[-43.215334,-3.394585],[-43.235322,-3.384581],[-43.311468,-3.537374]]]},"properties":{"cod_ibge":"210080","name":"Anapurus","uf":"MA"}},
{"type":"Feature","geometry":{"type":"Polygon","coordinates":[[[-45.573939,-5.731495],[-45.549192,-5.711487],[-45.552999,-5.694207],[-45.503029,-5.656463],[-45.482089,-5.620993],[-45.463052,-5.620993],[-45.427359,-5.603713],[-45.523493,-5.508673],[-45.421172,-5.446828],[-45.438781,-5.423181],[-45.444968,-5.396352],[-45.483516,-5.297673],[-45.459721,-5.269024],[-45.44354,-5.286759],[-45.426407,-5.289943],[-45.369774,-5.279484],[-45.339316,-5.246742],[-45.359304,-5.224915],[-45.340268,-5.20718],[-45.333129,-5.196721],[-45.345027,-5.156249],[-45.371202,-5.141242],[-45.403564,-5.135331],[-45.440685,-5.118051],[-45.483516,-5.068939],[-45.51921,-5.141242],[-45.532535,-5.191264],[-45.618675,-5.153975],[-45.68435,-5.179441],[-45.746694,-5.28494],[-45.775725,-5.282667],[-45.80999,-5.310861],[-45.740031,-5.402718],[-45.710525,-5.590071],[-45.608205,-5.77606],[-45.573939,-5.731495]]]},"properties":{"cod_ibge":"210547","name":"Jenipapo dos Vieiras","uf":"MA"}},
{"type":"Feature","geometry":{"type":"Polygon","coordinates":[[[-44.232352,-5.764237],[-44.498385,-5.801071],[-44.458884,-5.826081],[-44.471734,-5.861551],[-44.476969,-5.881105],[-44.457932,-5.912937],[-44.393685,-5.905206],[-44.34419,-5.913846],[-44.303738,-5.926124],[-44.272328,-5.94204],[-44.266141,-5.954318],[-44.15811,-5.912482],[-44.131459,-5.887926],[-44.120513,-5.864734],[-44.106236,-5.87201],[-44.091007,-5.839724],[-44.232352,-5.764237]]]},"properties":{"cod_ibge":"210545","name":"Jatobá","uf":"MA"}},
{"type":"Feature","geometry":{"type":"Polygon","coordinates":[[[-43.447102,-3.316824],[-43.424258,-3.363208],[-43.437583,-3.411865],[-43.434252,-3.433238],[-43.408077,-3.447335],[-43.407601,-3.447335],[-43.406649,-3.495083],[-43.394276,-3.505996],[-43.399511,-3.53419],[-43.387613,-3.549652],[-43.320034,-3.574207],[-43.311468,-3.537374],[-43.235322,-3.384581],[-43.215334,-3.394585],[-43.182496,-3.442788],[-43.159653,-3.445971],[-43.137761,-3.465525],[-43.162984,-3.433238],[-43.159653,-3.359115],[-43.126339,-3.339562],[-43.133954,-3.294087],[-43.126339,-3.262256],[-43.112062,-3.244521],[-43.086839,-3.244066],[-43.086839,-3.217691],[-43.030681,-3.172672],[-43.042103,-3.164032],[-43.043055,-3.137202],[-43.094453,-3.109008],[-43.150134,-3.087181],[-43.140616,-3.078086],[-43.151562,-3.043526],[-43.164412,-3.028974],[-43.168695,-3.003508],[-43.180593,-2.994868],[-43.221521,-3.022153],[-43.242937,-2.99214],[-43.258166,-3.004418],[-43.297666,-3.021243],[-43.319082,-3.022153],[-43.269112,-3.062625],[-43.27863,-3.081269],[-43.344781,-3.101732],[-43.381426,-3.133109],[-43.41236,-3.149935],[-43.451385,-3.184495],[-43.512301,-3.223603],[-43.518012,-3.240883],[-43.604628,-3.235881],[-43.458048,-3.284993],[-43.447102,-3.316824]]]},"properties":{"cod_ibge":"211260","name":"Urbano Santos","uf":"MA"}},
{"type":"Feature","geometry":{"type":"Polygon","coordinates":[[[-45.902316,-3.02761],[-45.910883,-3.037614],[-45.930871,-3.098094],[-45.918973,-3.124924],[-45.950383,-3.187224],[-45.926588,-3.236335],[-45.807611,-3.229969],[-45.782387,-3.238154],[-45.780484,-3.216782],[-45.740031,-3.154937],[-45.711001,-3.101278],[-45.641994,-3.119467],[-45.639139,-3.083088],[-45.62391,-3.053075],[-45.638187,-2.902556],[-45.669121,-2.919836],[-45.674832,-2.931205],[-45.709573,-2.94894],[-45.733369,-2.938026],[-45.738604,-2.952578],[-45.75764,-2.960763],[-45.771441,-2.94894],[-45.78905,-2.972586],[-45.839496,-2.953487],[-45.848063,-2.988957],[-45.890895,-3.003508],[-45.902316,-3.02761]]]},"properties":{"cod_ibge":"210087","name":"Araguanã","uf":"MA"}},
{"type":"Feature","geometry":{"type":"Polygon","coordinates":[[[-45.850918,-6.72101],[-45.825219,-6.715553],[-45.800948,-6.719191],[-45.772869,-6.705094],[-45.746694,-6.700092],[-45.729561,-6.714644],[-45.680067,-6.727377],[-45.643898,-6.75557],[-45.622958,-6.797407],[-45.605349,-6.814232],[-45.572987,-6.819234],[-45.545861,-6.803773],[-45.501601,-6.803773],[-45.432594,-6.776489],[-45.409275,-6.760573],[-45.368346,-6.761937],[-45.354069,-6.780126],[-45.322183,-6.781491],[-45.290297,-6.796952],[-45.254128,-6.788312],[-45.248417,-6.796042],[-45.210345,-6.802863],[-45.17132,-6.798316],[-45.160374,-6.811504],[-45.14229,-6.807411],[-45.119922,-6.816506],[-45.091843,-6.789676],[-45.075662,-6.786493],[-45.063289,-6.763301],[-45.004752,-6.730105],[-44.957637,-6.736017],[-44.939077,-6.716463],[-44.901956,-6.706004],[-44.851509,-6.702821],[-44.791069,-6.713734],[-44.738719,-6.711461],[-44.698742,-6.693726],[-44.660194,-6.697364],[-44.630687,-6.680084],[-44.463167,-6.525472],[-44.171911,-6.255811],[-44.239014,-6.166682],[-44.313732,-6.025258],[-44.332293,-6.022529],[-44.362751,-6.002521],[-44.410342,-6.00434],[-44.423667,-6.014799],[-44.462216,-5.992516],[-44.49315,-5.984331],[-44.546452,-5.997064],[-44.56406,-5.992516],[-44.601657,-6.017072],[-44.61879,-6.028895],[-44.649248,-6.032988],[-44.668284,-6.048449],[-44.691128,-6.051178],[-44.719682,-6.068458],[-44.741574,-6.089376],[-44.770129,-6.092104],[-44.771081,-6.104837],[-44.799635,-6.11757],[-44.831997,-6.146218],[-44.866262,-6.162134],[-44.878636,-6.202152],[-44.892913,-6.216248],[-44.901004,-6.246716],[-44.91195,-6.25763],[-44.92004,-6.293554],[-44.935745,-6.314927],[-44.965252,-6.340393],[-45.004752,-6.352216],[-45.046156,-6.344031],[-45.072807,-6.347214],[-45.074235,-6.324477],[-45.092795,-6.315382],[-45.104217,-6.323112],[-45.128964,-6.306287],[-45.164657,-6.30174],[-45.190357,-6.314018],[-45.21558,-6.317656],[-45.237947,-6.338574],[-45.270309,-6.353125],[-45.273641,-6.364494],[-45.300767,-6.374498],[-45.305527,-6.389505],[-45.34931,-6.409968],[-45.375961,-6.414515],[-45.398329,-6.429522],[-45.427359,-6.422701],[-45.456866,-6.426793],[-45.497794,-6.419063],[-45.515878,-6.436798],[-45.543481,-6.439071],[-45.553951,-6.452713],[-45.579174,-6.451804],[-45.628193,-6.476815],[-45.661982,-6.477724],[-45.706242,-6.468175],[-45.729086,-6.515013],[-45.722423,-6.530019],[-45.779532,-6.58959],[-45.840448,-6.600049],[-45.887087,-6.631881],[-45.894226,-6.644159],[-45.926112,-6.646888],[-45.948004,-6.674172],[-45.850918,-6.72101]]]},"properties":{"cod_ibge":"210670","name":"Mirador","uf":"MA"}},
{"type":"Feature","geometry":{"type":"Polygon","coordinates":[[[-45.189881,-2.040369],[-45.214152,-2.041733],[-45.217483,-2.063106],[-45.241755,-2.062196],[-45.249845,-2.078567],[-45.240327,-2.108125],[-45.286014,-2.167241],[-45.2784,-2.180883],[-45.287918,-2.211806],[-45.30981,-2.232269],[-45.324563,-2.267284],[-45.340268,-2.289566],[-45.347406,-2.33595],[-45.379292,-2.30912],[-45.390238,-2.276833],[-45.430215,-2.304573],[-45.470191,-2.318215],[-45.517306,-2.363689],[-45.546812,-2.36096],[-45.585837,-2.384152],[-45.61344,-2.364598],[-45.639139,-2.360051],[-45.641518,-2.36096],[-45.641518,-2.458275],[-45.56109,-2.481467],[-45.594403,-2.557408],[-45.594403,-2.605611],[-45.641994,-2.655632],[-45.638187,-2.902556],[-45.629145,-2.883912],[-45.611536,-2.881638],[-45.593927,-2.866177],[-45.574415,-2.888914],[-45.559186,-2.862539],[-45.517306,-2.849351],[-45.501601,-2.837528],[-45.488276,-2.863903],[-45.476854,-2.862539],[-45.478281,-2.832981],[-45.452582,-2.821158],[-45.437353,-2.790235],[-45.464956,-2.74658],[-45.457341,-2.714294],[-45.470191,-2.699742],[-45.460673,-2.672458],[-45.460673,-2.65063],[-45.444492,-2.624255],[-45.449727,-2.612887],[-45.439733,-2.59015],[-45.449251,-2.563775],[-45.470191,-2.551497],[-45.493986,-2.502839],[-45.481613,-2.491471],[-45.300292,-2.410982],[-45.160374,-2.347318],[-45.02712,-2.208168],[-44.967155,-2.170879],[-45.094699,-2.050373],[-45.189881,-2.040369]]]},"properties":{"cod_ibge":"210980","name":"Santa Helena","uf":"MA"}},
{"type":"Feature","geometry":{"type":"Polygon","coordinates":[[[-45.318376,-3.637871],[-45.303147,-3.633778],[-45.302671,-3.615589],[-45.280779,-3.598763],[-45.28887,-3.577845],[-45.323135,-3.602401],[-45.344551,-3.603766],[-45.355021,-3.577391],[-45.374057,-3.578755],[-45.391666,-3.568296],[-45.40404,-3.576481],[-45.398805,-3.610587],[-45.43307,-3.617863],[-45.463528,-3.636962],[-45.462576,-3.657425],[-45.476854,-3.681526],[-45.499221,-3.698352],[-45.537294,-3.70108],[-45.532535,-3.776567],[-45.528252,-3.793847],[-45.528252,-3.852054],[-45.490655,-3.824315],[-45.423552,-3.722453],[-45.416413,-3.707446],[-45.408323,-3.657425],[-45.383576,-3.63105],[-45.344551,-3.6406],[-45.318376,-3.637871]]]},"properties":{"cod_ibge":"210850","name":"Pindaré-Mirim","uf":"MA"}},
{"type":"Feature","geometry":{"type":"Polygon","coordinates":[[[-44.959065,-2.459639],[-44.935269,-2.512844],[-44.915281,-2.521029],[-44.834852,-2.515572],[-44.812961,-2.536945],[-44.812485,-2.586512],[-44.749665,-2.585147],[-44.735863,-2.610158],[-44.71064,-2.627438],[-44.684465,-2.546494],[-44.695887,-2.514663],[-44.720634,-2.489652],[-44.703502,-2.463277],[-44.658766,-2.435993],[-44.665429,-2.418258],[-44.652579,-2.398704],[-44.6502,-2.367327],[-44.666857,-2.340042],[-44.664001,-2.320489],[-44.644489,-2.296387],[-44.677802,-2.280471],[-44.697791,-2.285928],[-44.715399,-2.27365],[-44.761087,-2.270922],[-44.780599,-2.292749],[-44.806298,-2.304573],[-44.816292,-2.298661],[-44.846274,-2.316396],[-44.845798,-2.328674],[-44.869118,-2.337769],[-44.862931,-2.357777],[-44.898148,-2.384607],[-44.916709,-2.391428],[-44.955257,-2.426898],[-44.959065,-2.459639]]]},"properties":{"cod_ibge":"210190","name":"Bequimão","uf":"MA"}},
{"type":"Feature","geometry":{"type":"Polygon","coordinates":[[[-44.22093,-2.473736],[-44.274708,-2.486923],[-44.30469,-2.487378],[-44.320871,-2.526941],[-44.355136,-2.532398],[-44.355136,-2.548768],[-44.377504,-2.565594],[-44.354184,-2.602428],[-44.390353,-2.721115],[-44.38845,-2.753856],[-44.403203,-2.769772],[-44.409866,-2.79933],[-44.390353,-2.797511],[-44.387498,-2.76477],[-44.367986,-2.756584],[-44.349901,-2.762496],[-44.329913,-2.78114],[-44.307069,-2.779321],[-44.281846,-2.766134],[-44.265665,-2.760222],[-44.251388,-2.732028],[-44.214743,-2.722934],[-44.192375,-2.704289],[-44.175718,-2.702016],[-44.170483,-2.657906],[-44.177622,-2.623346],[-44.161917,-2.607884],[-44.204749,-2.551951],[-44.191423,-2.522848],[-44.210936,-2.51921],[-44.205701,-2.500566],[-44.22093,-2.473736]]]},"properties":{"cod_ibge":"211130","name":"São Luís","uf":"MA"}},
{"type":"Feature","geometry":{"type":"Polygon","coordinates":[[[-44.400347,-3.530098],[-44.406534,-3.510999],[-44.385594,-3.475529],[-44.404155,-3.460522],[-44.470306,-3.485078],[-44.500764,-3.465979],[-44.521704,-3.471436],[-44.556922,-3.454156],[-44.584524,-3.451428],[-44.594042,-3.445971],[-44.611175,-3.482805],[-44.625928,-3.490081],[-44.624025,-3.534645],[-44.610223,-3.658789],[-44.565488,-3.60513],[-44.531698,-3.610132],[-44.452697,-3.561929],[-44.400347,-3.530098]]]},"properties":{"cod_ibge":"210675","name":"Miranda do Norte","uf":"MA"}},
{"type":"Feature","geometry":{"type":"Polygon","coordinates":[[[-44.755376,-4.711513],[-44.756803,-4.717425],[-44.575958,-4.766991],[-44.575006,-4.753804],[-44.569771,-4.748802],[-44.573578,-4.738343],[-44.582145,-4.731521],[-44.585952,-4.716515],[-44.585476,-4.6815],[-44.593567,-4.659218],[-44.644965,-4.648304],[-44.664001,-4.656944],[-44.691604,-4.658763],[-44.725393,-4.650578],[-44.747761,-4.603739],[-44.747761,-4.566451],[-44.801539,-4.568724],[-44.798683,-4.607832],[-44.755376,-4.711513]]]},"properties":{"cod_ibge":"210193","name":"Bernardo do Mearim","uf":"MA"}},
{"type":"Feature","geometry":{"type":"Polygon","coordinates":[[[-44.950498,-1.566984],[-45.008559,-1.581081],[-45.039969,-1.601089],[-45.073759,-1.606546],[-45.078994,-1.624281],[-45.121826,-1.64429],[-45.13991,-1.6261],[-45.148001,-1.642471],[-45.166085,-1.646109],[-45.155615,-1.615186],[-45.167037,-1.59927],[-45.151808,-1.57426],[-45.16323,-1.545156],[-45.174652,-1.536516],[-45.196067,-1.488314],[-45.212248,-1.530605],[-45.236044,-1.553796],[-45.249369,-1.587447],[-45.268406,-1.598816],[-45.323611,-1.596997],[-45.355973,-1.712501],[-45.346931,-1.732509],[-45.318852,-1.741604],[-45.28887,-1.727052],[-45.272689,-1.732509],[-45.236044,-1.793445],[-45.24699,-1.820729],[-45.240803,-1.840283],[-45.221291,-1.861656],[-45.209869,-1.865748],[-45.177983,-1.856653],[-45.157995,-1.842102],[-45.127061,-1.835281],[-45.090892,-1.808451],[-45.090892,-1.788442],[-45.120874,-1.780257],[-45.129916,-1.767524],[-45.10041,-1.743878],[-45.081849,-1.693856],[-45.02474,-1.686581],[-44.978577,-1.662934],[-44.934317,-1.648837],[-44.910998,-1.650201],[-44.902907,-1.640197],[-44.927655,-1.607911],[-44.936697,-1.579717],[-44.950498,-1.566984]]]},"properties":{"cod_ibge":"210130","name":"Bacuri","uf":"MA"}},
{"type":"Feature","geometry":{"type":"Polygon","coordinates":[[[-46.161211,-1.622917],[-46.164066,-1.653839],[-46.1555,-1.675212],[-46.174061,-1.700678],[-46.203567,-1.705225],[-46.221176,-1.731145],[-46.247351,-1.721141],[-46.265911,-1.732964],[-46.294941,-1.726598],[-46.315405,-1.741604],[-46.324448,-1.772527],[-46.31017,-1.806177],[-46.258772,-1.794809],[-46.230218,-1.802994],[-46.211181,-1.831188],[-46.215465,-1.84574],[-46.243543,-1.878481],[-46.22879,-1.888485],[-46.223555,-1.91486],[-46.13456,-1.838009],[-46.129801,-1.816182],[-46.113144,-1.819365],[-46.068409,-1.727507],[-46.062698,-1.694311],[-46.068409,-1.677031],[-46.09268,-1.676122],[-46.108861,-1.645199],[-46.161211,-1.622917]]]},"properties":{"cod_ibge":"210197","name":"Boa Vista do Gurupi","uf":"MA"}},
{"type":"Feature","geometry":{"type":"Polygon","coordinates":[[[-44.818672,-2.797966],[-44.807726,-2.793418],[-44.714447,-2.790235],[-44.669712,-2.791599],[-44.6502,-2.804787],[-44.644013,-2.778867],[-44.623549,-2.736576],[-44.62688,-2.70338],[-44.606892,-2.689738],[-44.585952,-2.658815],[-44.571675,-2.623346],[-44.555494,-2.596516],[-44.58738,-2.578326],[-44.614507,-2.584238],[-44.620217,-2.594697],[-44.649724,-2.603792],[-44.672567,-2.628802],[-44.690652,-2.621981],[-44.71064,-2.627438],[-44.738243,-2.629257],[-44.78631,-2.669274],[-44.811057,-2.70247],[-44.80487,-2.72066],[-44.811057,-2.745216],[-44.810105,-2.774319],[-44.818672,-2.797966]]]},"properties":{"cod_ibge":"210135","name":"Bacurituba","uf":"MA"}},
{"type":"Feature","geometry":{"type":"MultiPolygon","coordinates":[[[[-44.890058,-1.603818],[-44.912426,-1.594268],[-44.916233,-1.546975],[-44.900052,-1.535152],[-44.873877,-1.490133],[-44.843419,-1.47831],[-44.830569,-1.427833],[-44.860552,-1.411463],[-44.884823,-1.419193],[-44.886727,-1.44193],[-44.8991,-1.446023],[-44.935745,-1.480129],[-44.973818,-1.499682],[-44.948119,-1.538335],[-44.952878,-1.560163],[-44.950498,-1.566984],[-44.936697,-1.579717],[-44.927655,-1.607911],[-44.890058,-1.603818]]],[[[-44.797256,-1.521965],[-44.776316,-1.492407],[-44.781075,-1.485131],[-44.813437,-1.505594],[-44.815816,-1.525603],[-44.833425,-1.534243],[-44.828666,-1.55607],[-44.809153,-1.561072],[-44.793924,-1.542428],[-44.797256,-1.521965]]],[[[-44.999041,-1.2855],[-44.987143,-1.322788],[-45.028547,-1.318241],[-45.033782,-1.33825],[-45.014746,-1.353711],[-45.021409,-1.384178],[-45.005228,-1.401004],[-44.968107,-1.390545],[-44.94336,-1.365079],[-44.90148,-1.33734],[-44.886727,-1.345525],[-44.866738,-1.3287],[-44.87816,-1.2855],[-44.929082,-1.266855],[-44.966203,-1.270948],[-44.986667,-1.265946],[-44.999041,-1.2855]]],[[[-44.853889,-1.61746],[-44.848178,-1.629738],[-44.813912,-1.649292],[-44.80725,-1.6693],[-44.822479,-1.692492],[-44.842943,-1.680214],[-44.8596,-1.698404],[-44.881016,-1.708408],[-44.923847,-1.717958],[-44.908618,-1.732509],[-44.889106,-1.766615],[-44.904335,-1.817546],[-44.923372,-1.815727],[-44.970962,-1.82755],[-44.970962,-1.84483],[-44.928607,-1.878026],[-44.915281,-1.879845],[-44.913853,-1.919408],[-44.925275,-1.944873],[-44.780123,-1.943964],[-44.753472,-1.921227],[-44.729201,-1.888485],[-44.708737,-1.876662],[-44.666857,-1.86302],[-44.655435,-1.835735],[-44.639254,-1.833007],[-44.619266,-1.815272],[-44.625928,-1.782076],[-44.615458,-1.763432],[-44.600705,-1.74024],[-44.637826,-1.717958],[-44.652579,-1.715229],[-44.654483,-1.741604],[-44.647344,-1.758884],[-44.687321,-1.771617],[-44.703502,-1.768889],[-44.719207,-1.780257],[-44.75252,-1.789352],[-44.759183,-1.782986],[-44.716827,-1.749335],[-44.699694,-1.731145],[-44.722538,-1.721141],[-44.754424,-1.717958],[-44.767749,-1.703406],[-44.785358,-1.71341],[-44.795352,-1.702497],[-44.777743,-1.680214],[-44.758707,-1.673393],[-44.738719,-1.650656],[-44.674947,-1.641561],[-44.65829,-1.659751],[-44.636398,-1.616551],[-44.656862,-1.587902],[-44.704929,-1.553796],[-44.72349,-1.556525],[-44.758231,-1.591995],[-44.777267,-1.576533],[-44.802491,-1.589266],[-44.83628,-1.57426],[-44.841991,-1.603363],[-44.853889,-1.61746]]],[[[-44.748237,-1.569258],[-44.73396,-1.554251],[-44.753472,-1.536971],[-44.762514,-1.556525],[-44.748237,-1.569258]]],[[[-44.745382,-1.505139],[-44.748713,-1.473307],[-44.76299,-1.458301],[-44.77584,-1.47831],[-44.774888,-1.495135],[-44.791545,-1.514234],[-44.750617,-1.517417],[-44.745382,-1.505139]]]]},"properties":{"cod_ibge":"210370","name":"Cururupu","uf":"MA"}},
{"type":"Feature","geometry":{"type":"Polygon","coordinates":[[[-44.840087,-2.65927],[-44.874829,-2.699287],[-44.882443,-2.70247],[-45.145621,-2.834345],[-45.157995,-2.837073],[-45.173224,-2.805696],[-45.183694,-2.798421],[-45.196543,-2.817065],[-45.219863,-2.813427],[-45.229857,-2.833436],[-45.216056,-2.908013],[-45.196067,-2.910741],[-45.059957,-2.868451],[-45.039493,-2.867541],[-45.018553,-2.855263],[-44.960968,-2.840711],[-44.935269,-2.807061],[-44.903859,-2.793418],[-44.844371,-2.80888],[-44.819147,-2.79933],[-44.818672,-2.797966],[-44.810105,-2.774319],[-44.811057,-2.745216],[-44.80487,-2.72066],[-44.811057,-2.70247],[-44.78631,-2.669274],[-44.820099,-2.673367],[-44.840087,-2.65927]]]},"properties":{"cod_ibge":"211050","name":"São Bento","uf":"MA"}},
{"type":"Feature","geometry":{"type":"MultiPolygon","coordinates":[[[[-44.580241,-3.051256],[-44.55597,-3.050347],[-44.547879,-3.04489],[-44.591663,-3.040797],[-44.580241,-3.051256]]],[[[-44.652103,-2.893007],[-44.632591,-2.845714],[-44.6502,-2.804787],[-44.669712,-2.791599],[-44.714447,-2.790235],[-44.807726,-2.793418],[-44.818672,-2.797966],[-44.819147,-2.79933],[-44.78631,-2.820248],[-44.780123,-2.846168],[-44.791545,-2.863903],[-44.791545,-2.888004],[-44.78393,-2.895735],[-44.733484,-2.886185],[-44.703026,-2.891188],[-44.670188,-2.887095],[-44.652103,-2.893007]]],[[[-44.476969,-2.73885],[-44.491722,-2.724298],[-44.536457,-2.753856],[-44.585952,-2.814791],[-44.580241,-2.855718],[-44.593091,-2.902101],[-44.600705,-2.90483],[-44.614031,-2.950759],[-44.640682,-2.969403],[-44.631163,-2.988047],[-44.592139,-3.015332],[-44.580717,-3.031702],[-44.560729,-3.022608],[-44.489818,-2.971222],[-44.478872,-2.958034],[-44.481728,-2.930295],[-44.476493,-2.888004],[-44.482204,-2.80797],[-44.476969,-2.782505],[-44.476969,-2.73885]]]]},"properties":{"cod_ibge":"210240","name":"Cajapió","uf":"MA"}},
{"type":"Feature","geometry":{"type":"Polygon","coordinates":[[[-43.984403,-3.500994],[-43.813076,-3.477348],[-43.787377,-3.49099],[-43.774051,-3.526914],[-43.741689,-3.536009],[-43.721225,-3.55238],[-43.699333,-3.57921],[-43.659357,-3.588759],[-43.643652,-3.60513],[-43.626519,-3.603766],[-43.607007,-3.619227],[-43.606531,-3.618772],[-43.702665,-3.480531],[-43.73931,-3.431419],[-43.714087,-3.400951],[-43.72884,-3.381398],[-43.741689,-3.381398],[-43.74978,-3.349111],[-43.767864,-3.320008],[-43.788328,-3.332286],[-43.804033,-3.31546],[-43.79975,-3.292723],[-43.789756,-3.258618],[-43.775003,-3.248159],[-43.783569,-3.213598],[-43.857811,-3.306365],[-43.943951,-3.418232],[-43.95918,-3.423688],[-43.994873,-3.479167],[-43.984403,-3.500994]]]},"properties":{"cod_ibge":"210720","name":"Nina Rodrigues","uf":"MA"}},
{"type":"Feature","geometry":{"type":"Polygon","coordinates":[[[-46.278285,-3.346383],[-46.264007,-3.319098],[-46.250682,-3.324555],[-46.196904,-3.362753],[-46.060794,-3.363208],[-46.019866,-3.37776],[-45.995595,-3.367755],[-45.976082,-3.373212],[-45.939437,-3.365936],[-45.909455,-3.378669],[-45.878521,-3.315915],[-45.798568,-3.335469],[-45.660079,-3.338652],[-45.632476,-3.36912],[-45.593451,-3.426417],[-45.545385,-3.470072],[-45.542053,-3.485078],[-45.444016,-3.399587],[-45.490179,-3.30682],[-45.552047,-3.279536],[-45.57965,-3.240883],[-45.580126,-3.239064],[-45.599638,-3.187224],[-45.610584,-3.116739],[-45.62391,-3.053075],[-45.639139,-3.083088],[-45.641994,-3.119467],[-45.711001,-3.101278],[-45.740031,-3.154937],[-45.780484,-3.216782],[-45.782387,-3.238154],[-45.807611,-3.229969],[-45.926588,-3.236335],[-45.950383,-3.187224],[-45.918973,-3.124924],[-45.930871,-3.098094],[-45.910883,-3.037614],[-45.902316,-3.02761],[-45.924684,-3.033521],[-45.9461,-3.067172],[-45.976082,-3.07081],[-46.005113,-3.067172],[-46.022246,-3.081724],[-46.05318,-3.091273],[-46.06127,-3.110827],[-46.09268,-3.123105],[-46.098867,-3.148116],[-46.140747,-3.153118],[-46.152169,-3.161303],[-46.204995,-3.16676],[-46.224983,-3.15812],[-46.24164,-3.166305],[-46.265435,-3.15903],[-46.28114,-3.193135],[-46.310646,-3.190861],[-46.349671,-3.214053],[-46.391075,-3.273624],[-46.395834,-3.291359],[-46.278285,-3.346383]]]},"properties":{"cod_ibge":"211400","name":"Zé Doca","uf":"MA"}},
{"type":"Feature","geometry":{"type":"Polygon","coordinates":[[[-46.07174,-7.159835],[-46.224983,-7.0366],[-46.34158,-6.998402],[-46.4044,-6.998402],[-46.45104,-7.066613],[-46.293038,-7.199852],[-46.307791,-7.253056],[-46.31255,-7.283979],[-46.306363,-7.318539],[-46.293514,-7.338547],[-46.257821,-7.348097],[-46.244971,-7.340821],[-46.197856,-7.258058],[-46.077927,-7.162563],[-46.07174,-7.159835]]]},"properties":{"cod_ibge":"210725","name":"Nova Colinas","uf":"MA"}},
{"type":"Feature","geometry":{"type":"Polygon","coordinates":[[[-47.554673,-5.095314],[-47.514696,-5.063482],[-47.487569,-5.076215],[-47.476624,-5.046656],[-47.350508,-5.026193],[-47.324809,-5.043019],[-47.312435,-5.076215],[-47.288164,-5.086219],[-47.271031,-5.081672],[-47.249139,-5.103499],[-47.236765,-5.138969],[-47.219633,-5.164889],[-47.196789,-5.162161],[-47.135397,-5.143516],[-47.135397,-5.128964],[-47.120644,-5.088947],[-47.097324,-5.079853],[-47.081143,-5.057116],[-47.042119,-5.060753],[-47.025462,-5.049385],[-46.99548,-5.04893],[-46.958835,-5.037562],[-46.928852,-5.019372],[-46.90696,-4.997545],[-46.920762,-4.953889],[-46.912671,-4.938428],[-46.925997,-4.919784],[-46.923617,-4.882041],[-46.93028,-4.850663],[-46.920286,-4.829745],[-46.91981,-4.802916],[-46.936943,-4.752894],[-46.936467,-4.710149],[-46.925997,-4.68241],[-46.934563,-4.674224],[-46.945033,-4.617382],[-46.934087,-4.604649],[-46.939322,-4.58555],[-46.928376,-4.574636],[-46.896966,-4.512337],[-46.898394,-4.486416],[-46.866984,-4.468227],[-46.858418,-4.433667],[-46.843665,-4.415477],[-46.842237,-4.394104],[-46.86984,-4.42821],[-46.891731,-4.42821],[-46.933135,-4.442761],[-46.964545,-4.425481],[-46.999763,-4.4273],[-47.015944,-4.418205],[-47.030221,-4.389557],[-47.057348,-4.368184],[-47.063059,-4.344538],[-47.088282,-4.303611],[-47.073053,-4.274053],[-47.072577,-4.236764],[-47.090185,-4.241766],[-47.101131,-4.264958],[-47.125879,-4.284057],[-47.138728,-4.318617],[-47.187747,-4.388647],[-47.210114,-4.406837],[-47.222012,-4.425481],[-47.241524,-4.437305],[-47.250091,-4.467772],[-47.253422,-4.508244],[-47.233434,-4.55963],[-47.224868,-4.600556],[-47.230103,-4.636481],[-47.257705,-4.669677],[-47.286736,-4.696961],[-47.308152,-4.698325],[-47.339086,-4.69014],[-47.335279,-4.679681],[-47.365737,-4.670132],[-47.396195,-4.648759],[-47.447117,-4.635571],[-47.468533,-4.649213],[-47.495184,-4.652397],[-47.495184,-4.701054],[-47.574185,-4.70742],[-47.615113,-4.701963],[-47.646047,-4.727429],[-47.655565,-4.714696],[-47.68174,-4.712877],[-47.692686,-4.648759],[-47.679837,-4.608742],[-47.725048,-4.606468],[-47.754079,-4.591007],[-47.792627,-4.586459],[-47.815947,-4.614653],[-48.025347,-4.77836],[-47.996792,-4.780633],[-47.967762,-4.791092],[-47.919695,-4.829291],[-47.895424,-4.836566],[-47.858779,-4.85703],[-47.837363,-4.877948],[-47.813567,-4.921148],[-47.77835,-4.945704],[-47.774543,-4.957982],[-47.751699,-4.963894],[-47.717434,-4.986631],[-47.71315,-5.008458],[-47.679361,-5.042109],[-47.554673,-5.095314]]]},"properties":{"cod_ibge":"210005","name":"Açailândia","uf":"MA"}},
{"type":"Feature","geometry":{"type":"Polygon","coordinates":[[[-47.425225,-6.497278],[-47.404761,-6.497733],[-47.383821,-6.518196],[-47.350984,-6.51092],[-47.31529,-6.542297],[-47.289591,-6.539114],[-47.270555,-6.563215],[-47.24438,-6.562306],[-47.212494,-6.572765],[-47.187271,-6.555485],[-47.162524,-6.527746],[-47.134445,-6.521834],[-47.119692,-6.532293],[-47.069245,-6.54639],[-47.095896,-6.480907],[-47.107794,-6.436798],[-47.139204,-6.416789],[-47.125403,-6.384502],[-47.060203,-6.378591],[-47.055444,-6.359037],[-47.021655,-6.315382],[-47.020227,-6.288552],[-46.970256,-6.268998],[-46.932184,-6.280822],[-46.907436,-6.297192],[-46.865556,-6.286733],[-46.849851,-6.294009],[-46.843665,-6.318565],[-46.782748,-6.338574],[-46.795598,-6.297192],[-46.810827,-6.280367],[-46.805592,-6.235802],[-46.81273,-6.224889],[-46.842713,-6.212156],[-46.847472,-6.19533],[-46.85461,-6.189419],[-46.913623,-6.210337],[-46.919334,-6.219886],[-46.958835,-6.2308],[-47.039263,-6.211701],[-47.04307,-6.197604],[-47.095896,-6.215339],[-47.113981,-6.233074],[-47.185843,-6.261268],[-47.222488,-6.267634],[-47.269603,-6.287643],[-47.302917,-6.251263],[-47.320049,-6.254901],[-47.342417,-6.242169],[-47.380966,-6.249899],[-47.378586,-6.272636],[-47.408569,-6.328115],[-47.40952,-6.366313],[-47.43046,-6.422701],[-47.433316,-6.439981],[-47.416183,-6.484091],[-47.425225,-6.497278]]]},"properties":{"cod_ibge":"210900","name":"Porto Franco","uf":"MA"}},
{"type":"Feature","geometry":{"type":"Polygon","coordinates":[[[-46.701844,-6.189874],[-46.682807,-6.202152],[-46.613325,-6.210337],[-46.609517,-6.224434],[-46.620463,-6.247171],[-46.634265,-6.252628],[-46.644735,-6.276729],[-46.687566,-6.295373],[-46.693277,-6.342666],[-46.679,-6.373134],[-46.694705,-6.399054],[-46.717073,-6.416334],[-46.70803,-6.434524],[-46.727067,-6.454532],[-46.726591,-6.489547],[-46.718976,-6.505009],[-46.736109,-6.538659],[-46.736585,-6.555485],[-46.752766,-6.566399],[-46.762284,-6.597321],[-46.757049,-6.624605],[-46.73944,-6.650525],[-46.733254,-6.683267],[-46.715645,-6.698728],[-46.688994,-6.699637],[-46.647114,-6.728286],[-46.617132,-6.705094],[-46.594764,-6.714644],[-46.574776,-6.706913],[-46.555264,-6.737836],[-46.52433,-6.743747],[-46.517667,-6.768303],[-46.50101,-6.778307],[-46.496251,-6.806956],[-46.466269,-6.811958],[-46.465793,-6.621877],[-46.464841,-6.281731],[-46.464365,-6.000247],[-46.4696,-5.751049],[-46.550029,-5.734679],[-46.602855,-5.74059],[-46.610469,-5.750594],[-46.679952,-5.764691],[-46.694229,-5.743773],[-46.730398,-5.747411],[-46.745151,-5.781972],[-46.756573,-5.792431],[-46.76276,-5.818351],[-46.782272,-5.829719],[-46.78608,-5.860642],[-46.794646,-5.871555],[-46.782272,-5.89884],[-46.776561,-5.916575],[-46.790363,-5.924305],[-46.783224,-5.967051],[-46.763236,-5.97751],[-46.735157,-6.013434],[-46.742296,-6.034352],[-46.73135,-6.056635],[-46.713265,-6.069367],[-46.727067,-6.085738],[-46.692325,-6.111203],[-46.672337,-6.13394],[-46.679952,-6.155768],[-46.694705,-6.163953],[-46.701844,-6.189874]]]},"properties":{"cod_ibge":"211180","name":"Sítio Novo","uf":"MA"}},
{"type":"Feature","geometry":{"type":"Polygon","coordinates":[[[-47.406665,-5.509127],[-47.425225,-5.523224],[-47.429509,-5.553237],[-47.44093,-5.578248],[-47.395719,-5.645549],[-47.356219,-5.648278],[-47.325284,-5.638728],[-47.302441,-5.658282],[-47.119692,-5.65419],[-47.135873,-5.648278],[-47.162048,-5.596892],[-47.198693,-5.577793],[-47.214874,-5.581431],[-47.25247,-5.558239],[-47.254374,-5.543688],[-47.281025,-5.540504],[-47.311483,-5.540504],[-47.319098,-5.55642],[-47.350032,-5.539595],[-47.373827,-5.537321],[-47.382394,-5.52186],[-47.406665,-5.509127]]]},"properties":{"cod_ibge":"210375","name":"Davinópolis","uf":"MA"}},
{"type":"Feature","geometry":{"type":"Polygon","coordinates":[[[-47.398099,-5.483207],[-47.37002,-5.457287],[-47.356694,-5.457287],[-47.33623,-5.440462],[-47.310055,-5.386347],[-47.270555,-5.380891],[-47.27341,-5.364975],[-47.242,-5.344966],[-47.226295,-5.342692],[-47.202024,-5.35497],[-47.175373,-5.350423],[-47.153481,-5.330869],[-47.111125,-5.313589],[-47.06401,-5.313589],[-47.055444,-5.300402],[-47.030697,-5.294035],[-47.031649,-5.282212],[-46.999287,-5.264932],[-46.945985,-5.213091],[-46.926949,-5.217184],[-46.889828,-5.207635],[-46.893159,-5.187626],[-46.878882,-5.173529],[-46.870315,-5.138969],[-46.880785,-5.126691],[-46.871267,-5.095768],[-46.887448,-5.075305],[-46.900298,-5.039835],[-46.90696,-4.997545],[-46.928852,-5.019372],[-46.958835,-5.037562],[-46.99548,-5.04893],[-47.025462,-5.049385],[-47.042119,-5.060753],[-47.081143,-5.057116],[-47.097324,-5.079853],[-47.120644,-5.088947],[-47.135397,-5.128964],[-47.135397,-5.143516],[-47.151102,-5.154885],[-47.156337,-5.178986],[-47.179656,-5.193538],[-47.184891,-5.221277],[-47.220584,-5.251744],[-47.226295,-5.266751],[-47.276742,-5.314044],[-47.284356,-5.304039],[-47.312911,-5.307223],[-47.33623,-5.263113],[-47.363833,-5.258565],[-47.376207,-5.284031],[-47.390484,-5.286759],[-47.431412,-5.333143],[-47.420466,-5.447737],[-47.415707,-5.470474],[-47.398099,-5.483207]]]},"properties":{"cod_ibge":"210550","name":"João Lisboa","uf":"MA"}},
{"type":"Feature","geometry":{"type":"Polygon","coordinates":[[[-44.704929,-1.967155],[-44.691128,-1.98489],[-44.650676,-1.989892],[-44.615934,-1.96852],[-44.631639,-1.943054],[-44.621645,-1.921227],[-44.598802,-1.895761],[-44.551687,-1.888485],[-44.538837,-1.850287],[-44.568343,-1.824822],[-44.56406,-1.803449],[-44.587856,-1.779348],[-44.615458,-1.763432],[-44.625928,-1.782076],[-44.619266,-1.815272],[-44.639254,-1.833007],[-44.655435,-1.835735],[-44.666857,-1.86302],[-44.708737,-1.876662],[-44.729201,-1.888485],[-44.715875,-1.924865],[-44.699694,-1.95033],[-44.704929,-1.967155]]]},"properties":{"cod_ibge":"210905","name":"Porto Rico do Maranhão","uf":"MA"}},
{"type":"Feature","geometry":{"type":"Polygon","coordinates":[[[-44.729201,-1.888485],[-44.753472,-1.921227],[-44.780123,-1.943964],[-44.925275,-1.944873],[-44.924799,-2.014903],[-44.970011,-2.014903],[-44.967155,-2.170879],[-44.961444,-2.245002],[-44.934793,-2.233633],[-44.917185,-2.219081],[-44.905763,-2.197254],[-44.868642,-2.165422],[-44.868642,-2.134955],[-44.827714,-2.15178],[-44.795828,-2.152235],[-44.798207,-2.174517],[-44.78393,-2.186795],[-44.783454,-2.16906],[-44.752044,-2.136773],[-44.753948,-2.119948],[-44.72111,-2.074929],[-44.71302,-2.059468],[-44.684465,-2.053556],[-44.709688,-2.030819],[-44.722062,-1.975341],[-44.704929,-1.967155],[-44.699694,-1.95033],[-44.715875,-1.924865],[-44.729201,-1.888485]]]},"properties":{"cod_ibge":"210680","name":"Mirinzal","uf":"MA"}},
{"type":"Feature","geometry":{"type":"Polygon","coordinates":[[[-46.93028,-4.850663],[-46.709458,-4.850663],[-46.464841,-4.851118],[-46.463889,-4.841569],[-46.484353,-4.808827],[-46.479594,-4.784726],[-46.460558,-4.759261],[-46.467696,-4.737433],[-46.486257,-4.722881],[-46.48007,-4.709239],[-46.491968,-4.666948],[-46.476739,-4.653306],[-46.491016,-4.611925],[-46.491492,-4.528707],[-46.498155,-4.494602],[-46.49054,-4.476867],[-46.500058,-4.465044],[-46.500058,-4.41002],[-46.505293,-4.378643],[-46.49054,-4.324984],[-46.493871,-4.28815],[-46.475311,-4.277236],[-46.485305,-4.247678],[-46.478166,-4.231307],[-46.479118,-4.198566],[-46.533372,-4.240857],[-46.539083,-4.269505],[-46.564306,-4.282238],[-46.59286,-4.309068],[-46.632361,-4.334988],[-46.680904,-4.344083],[-46.73944,-4.382736],[-46.767043,-4.372277],[-46.811303,-4.375005],[-46.842237,-4.394104],[-46.843665,-4.415477],[-46.858418,-4.433667],[-46.866984,-4.468227],[-46.898394,-4.486416],[-46.896966,-4.512337],[-46.928376,-4.574636],[-46.939322,-4.58555],[-46.934087,-4.604649],[-46.945033,-4.617382],[-46.934563,-4.674224],[-46.925997,-4.68241],[-46.936467,-4.710149],[-46.936943,-4.752894],[-46.91981,-4.802916],[-46.920286,-4.829745],[-46.93028,-4.850663]]]},"properties":{"cod_ibge":"210203","name":"Bom Jesus das Selvas","uf":"MA"}},
{"type":"Feature","geometry":{"type":"Polygon","coordinates":[[[-46.012251,-10.250704],[-45.974179,-10.248431],[-45.9461,-10.258435],[-45.956094,-10.221146],[-45.945624,-10.19659],[-45.931347,-10.190679],[-45.924208,-10.171125],[-45.899937,-10.152935],[-45.897557,-10.136564],[-45.878521,-10.110189],[-45.869955,-10.069263],[-45.879949,-10.061078],[-45.863292,-10.005144],[-45.854726,-9.996504],[-45.842352,-9.939662],[-45.858057,-9.907375],[-45.864244,-9.861447],[-45.838545,-9.796873],[-45.821412,-9.773227],[-45.820936,-9.739121],[-45.838545,-9.696376],[-45.829502,-9.680005],[-45.83331,-9.652266],[-45.82046,-9.617706],[-45.838069,-9.594514],[-45.841876,-9.562682],[-45.811418,-9.504021],[-45.790954,-9.482648],[-45.783339,-9.479919],[-45.799044,-9.417165],[-45.828551,-9.37351],[-45.847587,-9.35623],[-45.864244,-9.358959],[-45.887087,-9.3485],[-45.907551,-9.297569],[-45.897557,-9.289383],[-45.90422,-9.265282],[-45.897081,-9.23345],[-45.897557,-9.185248],[-45.917546,-9.159328],[-45.929443,-9.127496],[-45.923256,-9.090207],[-45.940865,-9.055192],[-45.936106,-9.038367],[-45.943721,-9.01563],[-45.957998,-9.002442],[-45.967992,-8.976522],[-45.991311,-8.949238],[-45.995119,-8.926955],[-45.97989,-8.903764],[-45.983697,-8.890121],[-45.967516,-8.876479],[-45.971799,-8.862382],[-45.949431,-8.845102],[-45.959901,-8.815544],[-45.938486,-8.786895],[-45.953239,-8.782803],[-45.995595,-8.800083],[-46.017486,-8.799628],[-46.039378,-8.809178],[-46.070312,-8.810087],[-46.097439,-8.83055],[-46.133608,-8.836917],[-46.200711,-8.805994],[-46.244019,-8.808723],[-46.261152,-8.801447],[-46.286851,-8.758247],[-46.33587,-8.812815],[-46.338249,-8.827822],[-46.393455,-8.891031],[-46.418678,-8.91013],[-46.469124,-8.926501],[-46.503865,-8.930138],[-46.523378,-8.955149],[-46.52433,-8.983798],[-46.5348,-9.007444],[-46.54051,-9.057466],[-46.578107,-9.082476],[-46.614276,-9.087479],[-46.62665,-9.103395],[-46.610469,-9.11931],[-46.606662,-9.150233],[-46.644259,-9.207075],[-46.645686,-9.264373],[-46.667102,-9.276651],[-46.667102,-9.306209],[-46.651397,-9.339405],[-46.617132,-9.35714],[-46.640451,-9.39943],[-46.632837,-9.411708],[-46.648066,-9.42717],[-46.648066,-9.447178],[-46.625222,-9.466277],[-46.600475,-9.47037],[-46.59286,-9.483557],[-46.573348,-9.477646],[-46.560023,-9.494016],[-46.5743,-9.520846],[-46.54051,-9.549949],[-46.539083,-9.559954],[-46.583342,-9.585419],[-46.606186,-9.629984],[-46.612849,-9.665908],[-46.653301,-9.693647],[-46.644259,-9.740486],[-46.623795,-9.750035],[-46.596192,-9.747307],[-46.569541,-9.769589],[-46.579535,-9.796419],[-46.562402,-9.810516],[-46.535751,-9.808697],[-46.512908,-9.797328],[-46.484353,-9.852352],[-46.491492,-9.870087],[-46.472931,-9.877362],[-46.475311,-9.904647],[-46.478642,-9.920108],[-46.465793,-9.936933],[-46.476739,-9.956942],[-46.477215,-9.989683],[-46.457226,-10.017877],[-46.457226,-10.045616],[-46.445329,-10.077448],[-46.420581,-10.081086],[-46.383936,-10.120194],[-46.367755,-10.168851],[-46.324924,-10.183403],[-46.305411,-10.177036],[-46.26829,-10.181129],[-46.240688,-10.172034],[-46.210706,-10.16976],[-46.195001,-10.182948],[-46.163115,-10.213416],[-46.130277,-10.206594],[-46.09268,-10.209778],[-46.058415,-10.185676],[-46.028432,-10.177036],[-46.012251,-10.250704]]]},"properties":{"cod_ibge":"210050","name":"Alto Parnaíba","uf":"MA"}},
{"type":"Feature","geometry":{"type":"MultiPolygon","coordinates":[[[[-43.762153,-2.418712],[-43.798323,-2.43963],[-43.802606,-2.390519],[-43.838299,-2.416439],[-43.850197,-2.510115],[-43.87304,-2.516027],[-43.890173,-2.534216],[-43.891601,-2.555135],[-43.931101,-2.561501],[-43.953945,-2.605156],[-43.956324,-2.621527],[-44.003915,-2.638352],[-44.022476,-2.652449],[-44.031042,-2.673367],[-44.078633,-2.743852],[-44.067211,-2.779776],[-44.071494,-2.806151],[-44.050078,-2.807515],[-43.745021,-2.80797],[-43.745497,-2.637443],[-43.689815,-2.603792],[-43.687912,-2.568777],[-43.706472,-2.560137],[-43.710755,-2.519665],[-43.696954,-2.515117],[-43.716942,-2.47601],[-43.748352,-2.494199],[-43.767864,-2.493745],[-43.775003,-2.471917],[-43.76025,-2.466005],[-43.741213,-2.435083],[-43.762153,-2.418712]]],[[[-43.758822,-2.377786],[-43.786901,-2.377331],[-43.776907,-2.409618],[-43.758822,-2.377786]]]]},"properties":{"cod_ibge":"210510","name":"Icatu","uf":"MA"}},
{"type":"Feature","geometry":{"type":"Polygon","coordinates":[[[-45.04806,-3.716996],[-44.997137,-3.58694],[-45.031403,-3.571024],[-45.058054,-3.572389],[-45.106121,-3.557382],[-45.122777,-3.567386],[-45.130868,-3.588304],[-45.161802,-3.60422],[-45.183218,-3.625593],[-45.198923,-3.625593],[-45.235568,-3.654242],[-45.235092,-3.668793],[-45.255556,-3.695168],[-45.282207,-3.698352],[-45.288394,-3.71836],[-45.146097,-3.731093],[-45.136579,-3.728819],[-45.111356,-3.748828],[-45.10041,-3.732457],[-45.075187,-3.716996],[-45.04806,-3.716996]]]},"properties":{"cod_ibge":"210515","name":"Igarapé do Meio","uf":"MA"}},
{"type":"Feature","geometry":{"type":"Polygon","coordinates":[[[-44.873401,-4.3841],[-44.881016,-4.352723],[-45.077566,-4.299973],[-45.083277,-4.288604],[-45.078518,-4.249952],[-45.063765,-4.24404],[-44.962396,-4.171736],[-44.986192,-4.150818],[-45.000945,-4.118532],[-45.011891,-4.113984],[-45.005704,-4.1299],[-45.026644,-4.146725],[-45.034734,-4.182195],[-45.087084,-4.203113],[-45.084705,-4.219939],[-45.09803,-4.240402],[-45.086608,-4.258137],[-45.098506,-4.284057],[-45.109452,-4.28724],[-45.106597,-4.328622],[-45.127061,-4.366365],[-45.13182,-4.390466],[-45.127537,-4.413203],[-45.093747,-4.423208],[-45.088988,-4.450037],[-45.060909,-4.455494],[-45.046156,-4.480505],[-45.03521,-4.480505],[-44.988571,-4.458677],[-44.873401,-4.3841]]]},"properties":{"cod_ibge":"210207","name":"Bom Lugar","uf":"MA"}},
{"type":"Feature","geometry":{"type":"Polygon","coordinates":[[[-43.311468,-3.537374],[-43.320034,-3.574207],[-43.387613,-3.549652],[-43.384282,-3.584212],[-43.364294,-3.630141],[-43.367625,-3.649694],[-43.340498,-3.661518],[-43.334787,-3.68289],[-43.231039,-3.706537],[-43.215334,-3.760196],[-43.197725,-3.782933],[-43.123484,-3.690166],[-43.113014,-3.637416],[-43.088266,-3.586031],[-43.096833,-3.533736],[-43.128719,-3.528279],[-43.148707,-3.554654],[-43.172978,-3.55238],[-43.193442,-3.51782],[-43.221521,-3.520093],[-43.238178,-3.539192],[-43.275299,-3.55147],[-43.294811,-3.55147],[-43.311468,-3.537374]]]},"properties":{"cod_ibge":"210640","name":"Mata Roma","uf":"MA"}},
{"type":"Feature","geometry":{"type":"Polygon","coordinates":[[[-46.056035,-1.741604],[-45.998926,-1.787988],[-45.947528,-1.795264],[-45.933251,-1.787988],[-45.875666,-1.78435],[-45.877569,-1.756611],[-45.852346,-1.71432],[-45.862816,-1.67885],[-45.853298,-1.66157],[-45.827123,-1.646109],[-45.828551,-1.609729],[-45.935154,-1.576079],[-46.016059,-1.523784],[-46.024149,-1.518781],[-46.034143,-1.667027],[-46.056035,-1.741604]]]},"properties":{"cod_ibge":"210055","name":"Amapá do Maranhão","uf":"MA"}},
{"type":"Feature","geometry":{"type":"Polygon","coordinates":[[[-45.375961,-5.932491],[-45.313141,-5.917029],[-45.295532,-5.920213],[-45.28887,-5.9766],[-45.271261,-5.995699],[-45.182266,-5.877012],[-45.095651,-5.850637],[-45.08994,-5.852456],[-44.924799,-5.789247],[-44.919088,-5.701937],[-44.924323,-5.673743],[-44.968107,-5.62645],[-44.956685,-5.569608],[-44.965727,-5.512311],[-44.944312,-5.480933],[-44.939552,-5.443645],[-44.92004,-5.403173],[-44.925751,-5.387257],[-44.894817,-5.355425],[-44.87007,-5.343602],[-44.867214,-5.321774],[-44.852461,-5.316317],[-44.830569,-5.275846],[-44.815816,-5.258565],[-44.805346,-5.219913],[-44.775364,-5.202632],[-44.76299,-5.18126],[-44.823907,-5.14579],[-44.820099,-5.133967],[-44.834377,-5.113049],[-44.855792,-5.106227],[-44.869594,-5.044838],[-44.892437,-5.032105],[-44.919088,-5.039381],[-44.934793,-5.022101],[-44.956209,-5.04984],[-44.969535,-5.083036],[-44.961444,-5.10168],[-44.969535,-5.114868],[-44.999517,-5.150792],[-45.004276,-5.177622],[-45.020933,-5.208999],[-45.123253,-5.120779],[-45.125157,-5.123053],[-45.33075,-5.121689],[-45.315045,-5.134421],[-45.314093,-5.163525],[-45.326466,-5.176712],[-45.327894,-5.198994],[-45.340268,-5.20718],[-45.359304,-5.224915],[-45.339316,-5.246742],[-45.369774,-5.279484],[-45.426407,-5.289943],[-45.44354,-5.286759],[-45.459721,-5.269024],[-45.483516,-5.297673],[-45.444968,-5.396352],[-45.438781,-5.423181],[-45.421172,-5.446828],[-45.523493,-5.508673],[-45.427359,-5.603713],[-45.463052,-5.620993],[-45.482089,-5.620993],[-45.503029,-5.656463],[-45.552999,-5.694207],[-45.549192,-5.711487],[-45.573939,-5.731495],[-45.501601,-5.806073],[-45.375961,-5.932491]]]},"properties":{"cod_ibge":"210160","name":"Barra do Corda","uf":"MA"}},
{"type":"Feature","geometry":{"type":"Polygon","coordinates":[[[-44.909094,-3.040342],[-44.857696,-3.040342],[-44.810581,-3.066263],[-44.809629,-3.075357],[-44.74443,-3.119922],[-44.69208,-3.131745],[-44.674471,-3.152209],[-44.664477,-3.145842],[-44.580241,-3.051256],[-44.591663,-3.040797],[-44.662573,-3.013058],[-44.67923,-2.978952],[-44.679706,-2.919381],[-44.652103,-2.893007],[-44.670188,-2.887095],[-44.703026,-2.891188],[-44.733484,-2.886185],[-44.78393,-2.895735],[-44.791545,-2.888004],[-44.861979,-2.945756],[-44.902907,-2.937116],[-44.931938,-2.918472],[-44.97477,-2.938935],[-44.959541,-2.971222],[-44.939077,-2.976679],[-44.909094,-3.040342]]]},"properties":{"cod_ibge":"211100","name":"São João Batista","uf":"MA"}},
{"type":"Feature","geometry":{"type":"Polygon","coordinates":[[[-44.472686,-5.576429],[-44.480776,-5.57461],[-44.585952,-5.598256],[-44.606892,-5.605987],[-44.666381,-5.661011],[-44.726821,-5.64464],[-44.72111,-5.608715],[-44.746809,-5.60144],[-44.753472,-5.589616],[-44.743478,-5.535048],[-44.750617,-5.526862],[-44.744906,-5.499578],[-44.688272,-5.432276],[-44.649248,-5.397261],[-44.634971,-5.399535],[-44.587856,-5.377707],[-44.548831,-5.396807],[-44.563584,-5.362701],[-44.545024,-5.342692],[-44.554542,-5.302221],[-44.578813,-5.296764],[-44.56644,-5.277665],[-44.569295,-5.25129],[-44.55359,-5.245833],[-44.538837,-5.220367],[-44.536933,-5.1899],[-44.544548,-5.169891],[-44.559777,-5.166708],[-44.596422,-5.135331],[-44.625928,-5.126691],[-44.631639,-5.103954],[-44.658766,-5.084855],[-44.684465,-5.105773],[-44.722538,-5.149883],[-44.752996,-5.159887],[-44.76299,-5.18126],[-44.775364,-5.202632],[-44.805346,-5.219913],[-44.815816,-5.258565],[-44.830569,-5.275846],[-44.852461,-5.316317],[-44.867214,-5.321774],[-44.87007,-5.343602],[-44.894817,-5.355425],[-44.925751,-5.387257],[-44.92004,-5.403173],[-44.939552,-5.443645],[-44.944312,-5.480933],[-44.965727,-5.512311],[-44.956685,-5.569608],[-44.968107,-5.62645],[-44.924323,-5.673743],[-44.919088,-5.701937],[-44.924799,-5.789247],[-44.913377,-5.806528],[-44.90957,-5.833357],[-44.896721,-5.841543],[-44.868642,-5.887017],[-44.851985,-5.89793],[-44.834377,-5.945223],[-44.84675,-5.983421],[-44.839136,-6.000247],[-44.799635,-6.11757],[-44.771081,-6.104837],[-44.770129,-6.092104],[-44.741574,-6.089376],[-44.719682,-6.068458],[-44.691128,-6.051178],[-44.668284,-6.048449],[-44.649248,-6.032988],[-44.61879,-6.028895],[-44.601657,-6.017072],[-44.602133,-5.828355],[-44.554542,-5.827446],[-44.541217,-5.82017],[-44.544072,-5.783336],[-44.525036,-5.765601],[-44.520277,-5.74923],[-44.464595,-5.735588],[-44.453173,-5.692842],[-44.447462,-5.614172],[-44.461264,-5.608715],[-44.472686,-5.576429]]]},"properties":{"cod_ibge":"211230","name":"Tuntum","uf":"MA"}},
{"type":"Feature","geometry":{"type":"Polygon","coordinates":[[[-45.848539,-1.213651],[-45.869003,-1.201373],[-45.861864,-1.182728],[-45.881852,-1.166812],[-45.88328,-1.149532],[-45.86472,-1.130433],[-45.86472,-1.108151],[-45.850442,-1.102239],[-45.843304,-1.082686],[-45.853774,-1.052673],[-45.871382,-1.052673],[-45.89613,-1.10133],[-45.894702,-1.112698],[-45.946576,-1.195461],[-45.957998,-1.195006],[-45.963233,-1.109515],[-45.976558,-1.066315],[-45.994643,-1.053127],[-46.002733,-1.076319],[-46.017962,-1.080412],[-46.075071,-1.160901],[-46.076975,-1.196371],[-46.104102,-1.201827],[-46.133132,-1.210468],[-46.150741,-1.23275],[-46.140271,-1.247756],[-46.161687,-1.281862],[-46.14741,-1.309601],[-46.133132,-1.309601],[-46.114572,-1.351892],[-46.130277,-1.376902],[-46.141699,-1.411917],[-46.153596,-1.42556],[-46.143602,-1.449661],[-46.175964,-1.4774],[-46.144078,-1.517872],[-46.133608,-1.58199],[-46.155024,-1.593814],[-46.14741,-1.606546],[-46.161211,-1.622917],[-46.108861,-1.645199],[-46.09268,-1.676122],[-46.068409,-1.677031],[-46.062698,-1.694311],[-46.068409,-1.727507],[-46.056035,-1.741604],[-46.034143,-1.667027],[-46.024149,-1.518781],[-46.016059,-1.523784],[-45.907551,-1.300051],[-45.882804,-1.279588],[-45.886611,-1.264582],[-45.852822,-1.237752],[-45.848539,-1.213651]]]},"properties":{"cod_ibge":"210290","name":"Carutapera","uf":"MA"}},
{"type":"Feature","geometry":{"type":"Polygon","coordinates":[[[-44.427474,-5.470929],[-44.411293,-5.465018],[-44.381311,-5.470474],[-44.352281,-5.458651],[-44.331341,-5.462289],[-44.307545,-5.47775],[-44.297551,-5.502306],[-44.284702,-5.505944],[-44.249484,-5.500942],[-44.237587,-5.475022],[-44.209508,-5.464108],[-44.207128,-5.464108],[-44.306593,-5.331324],[-44.346094,-5.277665],[-44.358468,-5.27721],[-44.345142,-5.31177],[-44.355612,-5.336781],[-44.398444,-5.387712],[-44.401775,-5.447737],[-44.424143,-5.455013],[-44.427474,-5.470929]]]},"properties":{"cod_ibge":"210470","name":"Graça Aranha","uf":"MA"}},
{"type":"Feature","geometry":{"type":"Polygon","coordinates":[[[-46.109337,-3.485988],[-46.273525,-3.485988],[-46.26258,-3.467344],[-46.29161,-3.432783],[-46.274001,-3.423234],[-46.279712,-3.408227],[-46.278285,-3.346383],[-46.395834,-3.291359],[-46.39869,-3.346383],[-46.413919,-3.400951],[-46.459606,-3.485533],[-46.495299,-3.496447],[-46.547649,-3.54283],[-46.580011,-3.57921],[-46.630933,-3.61286],[-46.698988,-3.685619],[-46.696133,-3.704718],[-46.659964,-3.696078],[-46.646638,-3.706537],[-46.627126,-3.70199],[-46.617132,-3.679252],[-46.599523,-3.674705],[-46.575728,-3.64924],[-46.539559,-3.626957],[-46.529565,-3.632414],[-46.489588,-3.617863],[-46.48007,-3.603766],[-46.441045,-3.574662],[-46.434383,-3.585576],[-46.4044,-3.591942],[-46.3649,-3.57057],[-46.366804,-3.560111],[-46.312074,-3.546468],[-46.259248,-3.566477],[-46.242116,-3.585121],[-46.222127,-3.589214],[-46.191193,-3.574662],[-46.139795,-3.598309],[-46.112192,-3.605585],[-46.127421,-3.557837],[-46.118855,-3.520548],[-46.103626,-3.51782],[-46.109337,-3.485988]]]},"properties":{"cod_ibge":"211102","name":"São João do Carú","uf":"MA"}},
{"type":"Feature","geometry":{"type":"Polygon","coordinates":[[[-46.727067,-7.923343],[-46.707555,-7.909701],[-46.694229,-7.916977],[-46.650445,-7.909701],[-46.631885,-7.899697],[-46.605234,-7.896969],[-46.580963,-7.908337],[-46.549553,-7.951083],[-46.531468,-7.953356],[-46.50101,-7.973365],[-46.476263,-8.014746],[-46.479594,-8.042485],[-46.465793,-8.072953],[-46.48245,-8.090688],[-46.515287,-8.171177],[-46.491492,-8.19255],[-46.488636,-8.206647],[-46.503865,-8.221653],[-46.507673,-8.269856],[-46.519095,-8.291683],[-46.543842,-8.317603],[-46.593812,-8.327153],[-46.633313,-8.318513],[-46.662343,-8.334883],[-46.702795,-8.348071],[-46.723735,-8.369898],[-46.726591,-8.383086],[-46.706127,-8.411735],[-46.673765,-8.414008],[-46.66044,-8.406278],[-46.632837,-8.406278],[-46.617132,-8.420829],[-46.596192,-8.409461],[-46.574776,-8.413099],[-46.566685,-8.402185],[-46.521474,-8.410825],[-46.514811,-8.427196],[-46.470076,-8.420375],[-46.44628,-8.402185],[-46.425816,-8.377174],[-46.413443,-8.345342],[-46.412491,-8.325334],[-46.421533,-8.297595],[-46.414395,-8.288955],[-46.409635,-8.250756],[-46.400593,-8.225291],[-46.406304,-8.163446],[-46.394882,-8.14844],[-46.401545,-8.112061],[-46.420581,-8.086141],[-46.404876,-8.062949],[-46.411063,-8.001104],[-46.405828,-7.985643],[-46.422485,-7.947445],[-46.442473,-7.940169],[-46.425816,-7.908792],[-46.424389,-7.891057],[-46.436762,-7.871958],[-46.437238,-7.851949],[-46.455799,-7.825574],[-46.439142,-7.804656],[-46.466745,-7.766003],[-46.451515,-7.750087],[-46.44866,-7.716891],[-46.418202,-7.695064],[-46.387744,-7.472696],[-46.387744,-7.46542],[-46.166446,-7.365377],[-46.197856,-7.258058],[-46.244971,-7.340821],[-46.257821,-7.348097],[-46.293514,-7.338547],[-46.306363,-7.318539],[-46.31255,-7.283979],[-46.307791,-7.253056],[-46.293038,-7.199852],[-46.45104,-7.066613],[-46.508625,-7.103902],[-46.537179,-7.112542],[-46.559547,-7.170294],[-46.551932,-7.188938],[-46.558595,-7.226681],[-46.599523,-7.248509],[-46.722784,-7.278977],[-46.734681,-7.263061],[-46.77323,-7.259423],[-46.714217,-7.236686],[-46.926473,-7.216222],[-46.953124,-7.231229],[-46.98263,-7.258058],[-46.989293,-7.277612],[-46.974064,-7.302168],[-46.967877,-7.333545],[-46.983106,-7.354918],[-47.007853,-7.357192],[-47.026414,-7.382657],[-47.086378,-7.405849],[-47.109222,-7.435407],[-47.119216,-7.46633],[-47.124451,-7.518625],[-47.144439,-7.543635],[-47.19441,-7.574558],[-47.205355,-7.590019],[-47.212018,-7.621851],[-47.201072,-7.645497],[-47.16871,-7.644588],[-47.12683,-7.656411],[-47.106842,-7.64959],[-47.072101,-7.64959],[-47.057348,-7.656411],[-47.025938,-7.695973],[-47.012136,-7.703704],[-46.981202,-7.703704],[-46.917906,-7.714163],[-46.892683,-7.747359],[-46.868412,-7.736445],[-46.837002,-7.731898],[-46.830815,-7.74554],[-46.812255,-7.74554],[-46.795122,-7.766913],[-46.803688,-7.804202],[-46.83367,-7.822391],[-46.830815,-7.839671],[-46.84652,-7.880143],[-46.806544,-7.951083],[-46.763712,-7.939259],[-46.756097,-7.922889],[-46.727067,-7.923343]]]},"properties":{"cod_ibge":"210950","name":"Riachão","uf":"MA"}},
{"type":"Feature","geometry":{"type":"Polygon","coordinates":[[[-47.43046,-6.068458],[-47.422846,-6.084374],[-47.396671,-6.078917],[-47.33861,-6.085738],[-47.313387,-6.070732],[-47.295302,-6.087557],[-47.242,-6.10893],[-47.222012,-6.077553],[-47.234862,-6.035717],[-47.209639,-6.033898],[-47.191078,-6.02071],[-47.178705,-6.002521],[-47.187747,-5.986605],[-47.178229,-5.962958],[-47.193458,-5.932491],[-47.161572,-5.892928],[-47.173945,-5.865644],[-47.217729,-5.865189],[-47.242,-5.858368],[-47.255326,-5.84609],[-47.288164,-5.857004],[-47.329568,-5.838814],[-47.342417,-5.816532],[-47.372875,-5.829719],[-47.38049,-5.811984],[-47.39905,-5.824262],[-47.422846,-5.82017],[-47.442358,-5.830629],[-47.438075,-5.857004],[-47.431888,-5.866098],[-47.43046,-5.937947],[-47.447593,-5.989788],[-47.439503,-6.011615],[-47.428081,-6.039355],[-47.43046,-6.068458]]]},"properties":{"cod_ibge":"210955","name":"Ribamar Fiquene","uf":"MA"}},
{"type":"Feature","geometry":{"type":"Polygon","coordinates":[[[-44.725393,-4.650578],[-44.691604,-4.658763],[-44.664001,-4.656944],[-44.644965,-4.648304],[-44.593567,-4.659218],[-44.585476,-4.6815],[-44.585952,-4.716515],[-44.582145,-4.731521],[-44.573578,-4.738343],[-44.569771,-4.748802],[-44.575006,-4.753804],[-44.575958,-4.766991],[-44.609272,-4.802461],[-44.633543,-4.816558],[-44.643537,-4.855211],[-44.644013,-4.855666],[-44.643061,-4.85703],[-44.638778,-4.862487],[-44.633067,-4.828381],[-44.614982,-4.810192],[-44.577386,-4.783817],[-44.563584,-4.767446],[-44.568819,-4.745164],[-44.573578,-4.736978],[-44.578813,-4.732886],[-44.573102,-4.708784],[-44.485535,-4.650578],[-44.498861,-4.643757],[-44.495053,-4.619201],[-44.520277,-4.606923],[-44.528843,-4.577819],[-44.540265,-4.572362],[-44.54312,-4.534619],[-44.575006,-4.519158],[-44.584048,-4.495966],[-44.577386,-4.475503],[-44.578813,-4.462315],[-44.600229,-4.452311],[-44.596898,-4.485052],[-44.604512,-4.500513],[-44.609747,-4.572362],[-44.65829,-4.606468],[-44.659718,-4.632843],[-44.725393,-4.650578]]]},"properties":{"cod_ibge":"210820","name":"Pedreiras","uf":"MA"}},
{"type":"Feature","geometry":{"type":"Polygon","coordinates":[[[-43.784045,-5.273572],[-43.761202,-5.202178],[-43.735503,-5.200813],[-43.707424,-5.170801],[-43.66602,-5.152156],[-43.639369,-5.113503],[-43.621284,-5.11987],[-43.593206,-5.104409],[-43.610338,-5.077579],[-43.547994,-4.985721],[-43.565127,-4.878857],[-43.595585,-4.88295],[-43.626995,-4.86476],[-43.66364,-4.849754],[-43.713135,-4.863851],[-43.741689,-4.845661],[-43.756918,-4.852482],[-43.795467,-4.832929],[-43.808793,-4.803825],[-43.826877,-4.790638],[-43.84163,-4.813829],[-43.843058,-4.861577],[-43.853052,-4.882041],[-43.83116,-4.897956],[-43.83116,-4.931607],[-43.848293,-4.94434],[-43.855908,-4.977991],[-43.871137,-5.000728],[-43.897312,-5.016644],[-43.925866,-5.025738],[-43.960132,-5.050294],[-44.002488,-5.164434],[-44.016765,-5.166708],[-43.784045,-5.273572]]]},"properties":{"cod_ibge":"211107","name":"São João do Soter","uf":"MA"}},
{"type":"Feature","geometry":{"type":"Polygon","coordinates":[[[-44.863883,-3.346383],[-44.856744,-3.371848],[-44.819147,-3.47371],[-44.844847,-3.484624],[-44.853889,-3.498266],[-44.847702,-3.524641],[-44.831521,-3.546923],[-44.839612,-3.573753],[-44.808202,-3.594671],[-44.802967,-3.610587],[-44.813912,-3.63969],[-44.793448,-3.65788],[-44.81772,-3.677434],[-44.806298,-3.704263],[-44.774412,-3.697442],[-44.776792,-3.679252],[-44.758707,-3.67516],[-44.740622,-3.696533],[-44.749665,-3.71836],[-44.737767,-3.732457],[-44.714923,-3.73655],[-44.702074,-3.756558],[-44.683989,-3.764744],[-44.653531,-3.798849],[-44.636398,-3.831136],[-44.609747,-3.838866],[-44.610223,-3.658789],[-44.624025,-3.534645],[-44.625928,-3.490081],[-44.611175,-3.482805],[-44.594042,-3.445971],[-44.633543,-3.425507],[-44.69208,-3.379124],[-44.748237,-3.297725],[-44.768225,-3.305001],[-44.791069,-3.295452],[-44.812485,-3.269986],[-44.827238,-3.288176],[-44.853413,-3.277262],[-44.872925,-3.283628],[-44.878636,-3.29818],[-44.861979,-3.329102],[-44.863883,-3.346383]]]},"properties":{"cod_ibge":"210100","name":"Arari","uf":"MA"}},
{"type":"Feature","geometry":{"type":"Polygon","coordinates":[[[-47.212494,-6.572765],[-47.209163,-6.586407],[-47.166807,-6.619603],[-47.152054,-6.648252],[-47.123499,-6.662349],[-47.107318,-6.658256],[-47.033552,-6.669625],[-47.007377,-6.657801],[-46.976919,-6.657347],[-46.960738,-6.679629],[-46.94075,-6.683267],[-46.876502,-6.6769],[-46.847472,-6.670989],[-46.791315,-6.690543],[-46.733254,-6.683267],[-46.73944,-6.650525],[-46.757049,-6.624605],[-46.762284,-6.597321],[-46.752766,-6.566399],[-46.736585,-6.555485],[-46.736109,-6.538659],[-46.718976,-6.505009],[-46.726591,-6.489547],[-46.727067,-6.454532],[-46.70803,-6.434524],[-46.717073,-6.416334],[-46.694705,-6.399054],[-46.679,-6.373134],[-46.693277,-6.342666],[-46.687566,-6.295373],[-46.644735,-6.276729],[-46.634265,-6.252628],[-46.620463,-6.247171],[-46.609517,-6.224434],[-46.613325,-6.210337],[-46.682807,-6.202152],[-46.701844,-6.189874],[-46.764188,-6.195785],[-46.793218,-6.190328],[-46.800833,-6.203971],[-46.847472,-6.19533],[-46.842713,-6.212156],[-46.81273,-6.224889],[-46.805592,-6.235802],[-46.810827,-6.280367],[-46.795598,-6.297192],[-46.782748,-6.338574],[-46.843665,-6.318565],[-46.849851,-6.294009],[-46.865556,-6.286733],[-46.907436,-6.297192],[-46.932184,-6.280822],[-46.970256,-6.268998],[-47.020227,-6.288552],[-47.021655,-6.315382],[-47.055444,-6.359037],[-47.060203,-6.378591],[-47.125403,-6.384502],[-47.139204,-6.416789],[-47.107794,-6.436798],[-47.095896,-6.480907],[-47.069245,-6.54639],[-47.119692,-6.532293],[-47.134445,-6.521834],[-47.162524,-6.527746],[-47.187271,-6.555485],[-47.212494,-6.572765]]]},"properties":{"cod_ibge":"211105","name":"São João do Paraíso","uf":"MA"}},
{"type":"Feature","geometry":{"type":"Polygon","coordinates":[[[-42.309203,-3.092638],[-42.640436,-3.36048],[-42.496235,-3.445971],[-42.48291,-3.451882],[-42.488621,-3.473255],[-42.470536,-3.483714],[-42.448169,-3.478257],[-42.424849,-3.453247],[-42.400102,-3.474619],[-42.389156,-3.449154],[-42.355842,-3.450518],[-42.333475,-3.434602],[-42.314438,-3.435966],[-42.301589,-3.451882],[-42.272558,-3.444607],[-42.276841,-3.266803],[-42.245431,-3.199047],[-42.309203,-3.092638]]]},"properties":{"cod_ibge":"211060","name":"São Bernardo","uf":"MA"}},
{"type":"Feature","geometry":{"type":"Polygon","coordinates":[[[-45.319328,-3.125834],[-45.278876,-3.07945],[-45.276496,-3.058532],[-45.230809,-3.012603],[-45.226526,-2.968493],[-45.217483,-2.953487],[-45.216056,-2.908013],[-45.229857,-2.833436],[-45.219863,-2.813427],[-45.250797,-2.804332],[-45.275544,-2.809334],[-45.304575,-2.785688],[-45.331226,-2.775684],[-45.34122,-2.754311],[-45.357876,-2.745671],[-45.371202,-2.771591],[-45.385479,-2.742942],[-45.402612,-2.73794],[-45.434022,-2.752492],[-45.464956,-2.74658],[-45.437353,-2.790235],[-45.452582,-2.821158],[-45.478281,-2.832981],[-45.476854,-2.862539],[-45.488276,-2.863903],[-45.501601,-2.837528],[-45.517306,-2.849351],[-45.559186,-2.862539],[-45.574415,-2.888914],[-45.593927,-2.866177],[-45.611536,-2.881638],[-45.629145,-2.883912],[-45.638187,-2.902556],[-45.62391,-3.053075],[-45.610584,-3.116739],[-45.599638,-3.187224],[-45.580126,-3.239064],[-45.499697,-3.217691],[-45.358828,-3.177219],[-45.319328,-3.125834]]]},"properties":{"cod_ibge":"210825","name":"Pedro do Rosário","uf":"MA"}},
{"type":"Feature","geometry":{"type":"Polygon","coordinates":[[[-44.697315,-6.974301],[-44.614031,-6.962477],[-44.546927,-7.002949],[-44.535506,-7.015227],[-44.512662,-6.924734],[-44.494102,-6.883807],[-44.460788,-6.896085],[-44.442227,-6.861525],[-44.407486,-6.836514],[-44.401775,-6.818779],[-44.424143,-6.796042],[-44.507427,-6.749204],[-44.630687,-6.680084],[-44.660194,-6.697364],[-44.698742,-6.693726],[-44.738719,-6.711461],[-44.791069,-6.713734],[-44.768701,-6.884717],[-44.752996,-6.893812],[-44.739195,-6.927462],[-44.709688,-6.941104],[-44.710164,-6.963387],[-44.697315,-6.974301]]]},"properties":{"cod_ibge":"211065","name":"São Domingos do Azeitão","uf":"MA"}},
{"type":"Feature","geometry":{"type":"Polygon","coordinates":[[[-43.210575,-4.365456],[-43.082555,-4.445945],[-42.948825,-4.385464],[-42.96453,-4.360908],[-42.965482,-4.322255],[-42.977379,-4.308613],[-42.984994,-4.283602],[-42.986422,-4.220393],[-42.942638,-4.167189],[-43.022115,-4.181286],[-43.043055,-4.171736],[-43.059712,-4.118986],[-43.054953,-4.091702],[-43.080652,-4.087609],[-43.084935,-4.10307],[-43.118249,-4.118986],[-43.135381,-4.10398],[-43.139664,-4.078514],[-43.159177,-4.063508],[-43.180593,-4.026674],[-43.208671,-4.018489],[-43.267684,-4.074877],[-43.233419,-4.114894],[-43.222473,-4.146271],[-43.224376,-4.171736],[-43.234846,-4.186288],[-43.230087,-4.224941],[-43.234846,-4.277236],[-43.220569,-4.304066],[-43.210575,-4.365456]]]},"properties":{"cod_ibge":"210340","name":"Coelho Neto","uf":"MA"}},
{"type":"Feature","geometry":{"type":"Polygon","coordinates":[[[-44.057693,-6.369496],[-44.099573,-6.351306],[-44.171911,-6.255811],[-44.463167,-6.525472],[-44.630687,-6.680084],[-44.507427,-6.749204],[-44.305642,-6.578676],[-44.057693,-6.369496]]]},"properties":{"cod_ibge":"211190","name":"Sucupira do Norte","uf":"MA"}},
{"type":"Feature","geometry":{"type":"Polygon","coordinates":[[[-43.649839,-6.317201],[-43.649839,-6.341757],[-43.626519,-6.378591],[-43.619381,-6.43225],[-43.605579,-6.487728],[-43.586067,-6.478634],[-43.566079,-6.510465],[-43.54847,-6.517287],[-43.493741,-6.577767],[-43.471849,-6.57231],[-43.462331,-6.594138],[-43.441867,-6.585043],[-43.40189,-6.609599],[-43.381902,-6.591409],[-43.384758,-6.570491],[-43.379523,-6.535021],[-43.369529,-6.528655],[-43.396179,-6.46681],[-43.406649,-6.45044],[-43.408077,-6.414515],[-43.421878,-6.400873],[-43.375715,-6.389959],[-43.343829,-6.391323],[-43.355727,-6.349487],[-43.319082,-6.328115],[-43.338119,-6.282641],[-43.368577,-6.294919],[-43.397607,-6.275819],[-43.418547,-6.263087],[-43.449957,-6.260358],[-43.490409,-6.268998],[-43.521343,-6.260358],[-43.553229,-6.271272],[-43.577977,-6.262177],[-43.608435,-6.299466],[-43.612718,-6.322658],[-43.649839,-6.317201]]]},"properties":{"cod_ibge":"211195","name":"Sucupira do Riachão","uf":"MA"}},
{"type":"Feature","geometry":{"type":"Polygon","coordinates":[[[-43.017356,-3.738369],[-42.727527,-3.880248],[-42.721816,-3.88434],[-42.714678,-3.863422],[-42.684219,-3.803397],[-42.67137,-3.791573],[-42.684219,-3.765198],[-42.669466,-3.728364],[-42.683268,-3.694714],[-42.675177,-3.672431],[-42.632821,-3.63196],[-42.65852,-3.617863],[-42.797486,-3.530552],[-42.987374,-3.553289],[-43.001651,-3.588759],[-42.984042,-3.61286],[-42.984518,-3.629231],[-43.016404,-3.695623],[-43.010693,-3.729729],[-43.017356,-3.738369]]]},"properties":{"cod_ibge":"210210","name":"Brejo","uf":"MA"}},
{"type":"Feature","geometry":{"type":"Polygon","coordinates":[[[-44.950974,-4.692869],[-44.755376,-4.711513],[-44.798683,-4.607832],[-44.801539,-4.568724],[-44.747761,-4.566451],[-44.747761,-4.454585],[-44.848654,-4.456404],[-44.853413,-4.465498],[-44.837232,-4.499149],[-44.842943,-4.505516],[-44.851509,-4.547806],[-44.891962,-4.58464],[-44.891962,-4.61238],[-44.903383,-4.626476],[-44.902907,-4.645121],[-44.933366,-4.666948],[-44.950974,-4.692869]]]},"properties":{"cod_ibge":"210520","name":"Igarapé Grande","uf":"MA"}},
{"type":"Feature","geometry":{"type":"Polygon","coordinates":[[[-45.425931,-4.265413],[-45.459721,-4.281329],[-45.576795,-4.280874],[-45.605349,-4.287695],[-45.626289,-4.26223],[-45.619151,-4.235855],[-45.595355,-4.221303],[-45.594879,-4.195837],[-45.626289,-4.1922],[-45.664362,-4.199021],[-45.671976,-4.209025],[-45.782387,-4.250406],[-45.800948,-4.280874],[-45.790002,-4.324074],[-45.804279,-4.382281],[-45.822364,-4.427755],[-45.805707,-4.430029],[-45.790002,-4.45322],[-45.786671,-4.4896],[-45.760496,-4.528707],[-45.712429,-4.553263],[-45.698151,-4.501423],[-45.637711,-4.485962],[-45.593927,-4.531891],[-45.588216,-4.469591],[-45.526348,-4.427755],[-45.422124,-4.440942],[-45.4226,-4.417296],[-45.469715,-4.42821],[-45.511595,-4.395923],[-45.480661,-4.370003],[-45.469715,-4.346811],[-45.420696,-4.326348],[-45.44354,-4.311796],[-45.449251,-4.29588],[-45.425931,-4.265413]]]},"properties":{"cod_ibge":"210215","name":"Brejo de Areia","uf":"MA"}},
{"type":"Feature","geometry":{"type":"Polygon","coordinates":[[[-46.464841,-4.851118],[-46.709458,-4.850663],[-46.93028,-4.850663],[-46.923617,-4.882041],[-46.925997,-4.919784],[-46.912671,-4.938428],[-46.920762,-4.953889],[-46.90696,-4.997545],[-46.900298,-5.039835],[-46.887448,-5.075305],[-46.871267,-5.095768],[-46.880785,-5.126691],[-46.870315,-5.138969],[-46.878882,-5.173529],[-46.893159,-5.187626],[-46.889828,-5.207635],[-46.886972,-5.216275],[-46.912195,-5.286759],[-46.900298,-5.345876],[-46.906009,-5.35497],[-46.89887,-5.386347],[-46.910292,-5.430912],[-46.928376,-5.450011],[-46.925997,-5.472748],[-46.933135,-5.50367],[-46.945985,-5.51322],[-46.949316,-5.575065],[-46.954075,-5.587797],[-46.945509,-5.625086],[-46.935039,-5.63509],[-46.933135,-5.671015],[-46.91172,-5.696026],[-46.920762,-5.731495],[-46.913623,-5.739226],[-46.903629,-5.787883],[-46.878406,-5.832902],[-46.889352,-5.858368],[-46.893635,-5.889745],[-46.877454,-5.909299],[-46.849851,-5.90657],[-46.830339,-5.892473],[-46.803688,-5.891564],[-46.782272,-5.89884],[-46.794646,-5.871555],[-46.78608,-5.860642],[-46.782272,-5.829719],[-46.76276,-5.818351],[-46.756573,-5.792431],[-46.745151,-5.781972],[-46.730398,-5.747411],[-46.694229,-5.743773],[-46.679952,-5.764691],[-46.610469,-5.750594],[-46.602855,-5.74059],[-46.550029,-5.734679],[-46.4696,-5.751049],[-46.450564,-5.7415],[-46.437714,-5.72422],[-46.410587,-5.72422],[-46.381081,-5.696935],[-46.376798,-5.679655],[-46.349195,-5.678291],[-46.330159,-5.655554],[-46.330159,-5.334052],[-46.347767,-5.296309],[-46.321116,-5.264477],[-46.313026,-5.220822],[-46.286851,-5.200813],[-46.284471,-5.184898],[-46.236881,-5.142607],[-46.220224,-5.135331],[-46.196428,-5.091676],[-46.190717,-5.071667],[-46.166922,-5.053932],[-46.137416,-5.055297],[-46.114096,-5.046202],[-46.070312,-5.000728],[-46.054607,-4.967077],[-46.026053,-4.933881],[-46.027005,-4.915237],[-46.0113,-4.863396],[-46.017486,-4.853847],[-46.089349,-4.854756],[-46.464841,-4.851118]]]},"properties":{"cod_ibge":"210060","name":"Amarante do Maranhão","uf":"MA"}},
{"type":"Feature","geometry":{"type":"Polygon","coordinates":[[[-45.221291,-1.861656],[-45.240803,-1.840283],[-45.24699,-1.820729],[-45.236044,-1.793445],[-45.272689,-1.732509],[-45.28887,-1.727052],[-45.318852,-1.741604],[-45.346931,-1.732509],[-45.355973,-1.712501],[-45.323611,-1.596997],[-45.343599,-1.586992],[-45.321707,-1.545611],[-45.308382,-1.496954],[-45.316472,-1.486495],[-45.383576,-1.466486],[-45.298864,-1.432836],[-45.297912,-1.413282],[-45.307906,-1.367353],[-45.305051,-1.336431],[-45.338364,-1.315058],[-45.355497,-1.332338],[-45.363111,-1.361441],[-45.375009,-1.365534],[-45.371678,-1.396911],[-45.404516,-1.420558],[-45.436401,-1.428288],[-45.458293,-1.470124],[-45.475426,-1.479674],[-45.480185,-1.491952],[-45.506836,-1.497409],[-45.525872,-1.515144],[-45.587265,-1.545611],[-45.603446,-1.561527],[-45.711953,-1.770253],[-45.622482,-1.950785],[-45.639615,-1.965336],[-45.651512,-2.000806],[-45.631524,-2.105851],[-45.603921,-2.104487],[-45.539198,-2.048554],[-45.502077,-2.039004],[-45.474474,-2.022179],[-45.447823,-2.022179],[-45.422124,-2.038095],[-45.404991,-2.022179],[-45.353117,-2.035366],[-45.313141,-2.030819],[-45.295057,-2.004444],[-45.28649,-1.980343],[-45.253177,-1.962608],[-45.246038,-1.939871],[-45.217483,-1.899854],[-45.221291,-1.861656]]]},"properties":{"cod_ibge":"211240","name":"Turiaçu","uf":"MA"}},
{"type":"Feature","geometry":{"type":"Polygon","coordinates":[[[-43.096357,-5.909754],[-43.099212,-5.901568],[-43.074941,-5.865189],[-43.094453,-5.835176],[-43.090646,-5.807892],[-43.101116,-5.75878],[-43.093977,-5.742409],[-43.075893,-5.735588],[-43.088742,-5.67147],[-43.080176,-5.649187],[-43.094929,-5.615082],[-43.183924,-5.603713],[-43.336215,-5.563696],[-43.376667,-5.512765],[-43.400939,-5.459561],[-43.411884,-5.45274],[-43.457572,-5.45183],[-43.483271,-5.412268],[-43.530862,-5.395442],[-43.551326,-5.403173],[-43.574645,-5.390895],[-43.579404,-5.374979],[-43.625568,-5.348604],[-43.722653,-5.385438],[-43.748828,-5.342238],[-43.758346,-5.315863],[-43.740262,-5.308587],[-43.811648,-5.289943],[-43.815455,-5.284486],[-43.856383,-5.301766],[-43.872088,-5.32132],[-43.882558,-5.333598],[-43.88351,-5.384983],[-43.859715,-5.431367],[-43.872088,-5.455013],[-43.869233,-5.472748],[-43.867805,-5.498214],[-43.854004,-5.518222],[-43.828305,-5.529591],[-43.821642,-5.549145],[-43.785949,-5.561422],[-43.759298,-5.590071],[-43.666496,-5.600075],[-43.666496,-5.631452],[-43.638893,-5.654644],[-43.614146,-5.662375],[-43.587019,-5.701482],[-43.587971,-5.71467],[-43.606055,-5.737407],[-43.597489,-5.773331],[-43.560368,-5.771967],[-43.559892,-5.804709],[-43.536097,-5.83745],[-43.544663,-5.862461],[-43.569886,-5.904297],[-43.565603,-5.912937],[-43.333835,-5.911118],[-43.096357,-5.909754]]]},"properties":{"cod_ibge":"210780","name":"Parnarama","uf":"MA"}},
{"type":"Feature","geometry":{"type":"Polygon","coordinates":[[[-45.095651,-2.931659],[-45.145621,-3.014422],[-45.140862,-3.067627],[-45.120398,-3.063989],[-45.104217,-3.083543],[-45.081849,-3.090364],[-45.072331,-3.124015],[-45.055198,-3.14084],[-44.991902,-3.153118],[-44.968107,-3.186314],[-44.949547,-3.165396],[-44.924799,-3.159939],[-44.865311,-3.090819],[-44.804394,-3.123105],[-44.839612,-3.074903],[-44.810581,-3.066263],[-44.857696,-3.040342],[-44.909094,-3.040342],[-44.913377,-3.052166],[-44.892913,-3.078086],[-45.013318,-3.023062],[-45.046156,-3.013513],[-45.070427,-2.985319],[-45.083753,-2.931205],[-45.095651,-2.931659]]]},"properties":{"cod_ibge":"210650","name":"Matinha","uf":"MA"}},
{"type":"Feature","geometry":{"type":"Polygon","coordinates":[[[-44.284702,-3.04398],[-44.241394,-3.043526],[-44.251388,-3.073993],[-44.213315,-3.134019],[-44.214743,-3.18404],[-44.123368,-3.183586],[-44.120037,-3.16676],[-44.131935,-3.154027],[-44.134314,-3.075357],[-44.143833,-3.055804],[-44.139549,-3.017151],[-44.153827,-3.013513],[-44.143357,-2.989866],[-44.136694,-2.947575],[-44.14526,-2.919381],[-44.127652,-2.898463],[-44.140025,-2.873453],[-44.127652,-2.860265],[-44.130983,-2.822522],[-44.12432,-2.796602],[-44.138598,-2.793418],[-44.148592,-2.767953],[-44.191899,-2.76477],[-44.256623,-2.778412],[-44.265665,-2.760222],[-44.281846,-2.766134],[-44.278991,-2.789326],[-44.293268,-2.831162],[-44.290888,-2.850261],[-44.273756,-2.850716],[-44.27328,-2.874362],[-44.292316,-2.954396],[-44.256623,-2.967584],[-44.284702,-3.04398]]]},"properties":{"cod_ibge":"210960","name":"Rosário","uf":"MA"}},
{"type":"Feature","geometry":{"type":"Polygon","coordinates":[[[-45.072807,-3.264529],[-45.136103,-3.199956],[-45.145145,-3.180857],[-45.174176,-3.168579],[-45.19464,-3.168579],[-45.260315,-3.141749],[-45.319328,-3.125834],[-45.358828,-3.177219],[-45.499697,-3.217691],[-45.580126,-3.239064],[-45.57965,-3.240883],[-45.450679,-3.296361],[-45.390238,-3.349111],[-45.363587,-3.366391],[-45.335509,-3.340926],[-45.260315,-3.371393],[-45.254604,-3.321372],[-45.215104,-3.332286],[-45.15038,-3.332286],[-45.129916,-3.326374],[-45.086608,-3.273169],[-45.072807,-3.264529]]]},"properties":{"cod_ibge":"210830","name":"Penalva","uf":"MA"}},
{"type":"Feature","geometry":{"type":"Polygon","coordinates":[[[-42.824613,-3.216327],[-42.798438,-3.148571],[-42.767979,-3.133564],[-42.76322,-3.123105],[-42.764172,-3.074903],[-42.757509,-3.055804],[-42.755606,-3.037614],[-42.776546,-3.002599],[-42.749895,-2.902101],[-42.739425,-2.906194],[-42.715629,-2.888914],[-42.641388,-2.625165],[-42.696593,-2.573779],[-42.726575,-2.55468],[-42.748943,-2.560591],[-42.761317,-2.546494],[-42.811763,-2.548313],[-42.828896,-2.543311],[-42.887909,-2.511934],[-42.965482,-2.474645],[-43.014976,-2.456456],[-43.01688,-2.498292],[-43.045434,-2.511025],[-43.052573,-2.537854],[-43.04591,-2.55377],[-43.050669,-2.582419],[-43.068278,-2.627438],[-43.036868,-2.653813],[-43.032585,-2.68519],[-43.03544,-2.710201],[-43.054953,-2.749763],[-43.091122,-2.770681],[-43.122056,-2.775229],[-43.100164,-2.818429],[-43.102068,-2.839802],[-43.089694,-2.867541],[-43.069706,-2.884366],[-43.099212,-2.916198],[-43.143472,-2.940754],[-43.185828,-2.958944],[-43.211051,-2.968948],[-43.242937,-2.99214],[-43.221521,-3.022153],[-43.180593,-2.994868],[-43.168695,-3.003508],[-43.164412,-3.028974],[-43.151562,-3.043526],[-43.140616,-3.078086],[-43.150134,-3.087181],[-43.094453,-3.109008],[-43.043055,-3.137202],[-43.041151,-3.130381],[-42.824613,-3.216327]]]},"properties":{"cod_ibge":"210170","name":"Barreirinhas","uf":"MA"}},
{"type":"Feature","geometry":{"type":"Polygon","coordinates":[[[-43.753587,-6.703275],[-43.715038,-6.698728],[-43.696478,-6.709642],[-43.672683,-6.706459],[-43.637465,-6.719646],[-43.62176,-6.735107],[-43.584163,-6.757389],[-43.561796,-6.748295],[-43.548946,-6.763301],[-43.541808,-6.789221],[-43.508494,-6.798771],[-43.488506,-6.821508],[-43.483271,-6.832876],[-43.454716,-6.846064],[-43.40189,-6.609599],[-43.441867,-6.585043],[-43.462331,-6.594138],[-43.471849,-6.57231],[-43.493741,-6.577767],[-43.54847,-6.517287],[-43.566079,-6.510465],[-43.586067,-6.478634],[-43.605579,-6.487728],[-43.619381,-6.43225],[-43.626519,-6.378591],[-43.649839,-6.341757],[-43.649839,-6.317201],[-43.859239,-6.28446],[-43.836871,-6.345395],[-43.838775,-6.3795],[-43.815931,-6.422246],[-43.784521,-6.454987],[-43.808793,-6.467265],[-43.821166,-6.512739],[-43.81022,-6.507737],[-43.790708,-6.545026],[-43.753587,-6.703275]]]},"properties":{"cod_ibge":"211110","name":"São João dos Patos","uf":"MA"}},
{"type":"Feature","geometry":{"type":"Polygon","coordinates":[[[-45.639139,-2.360051],[-45.61344,-2.364598],[-45.585837,-2.384152],[-45.546812,-2.36096],[-45.517306,-2.363689],[-45.470191,-2.318215],[-45.430215,-2.304573],[-45.390238,-2.276833],[-45.379292,-2.30912],[-45.347406,-2.33595],[-45.340268,-2.289566],[-45.324563,-2.267284],[-45.30981,-2.232269],[-45.287918,-2.211806],[-45.2784,-2.180883],[-45.286014,-2.167241],[-45.240327,-2.108125],[-45.249845,-2.078567],[-45.241755,-2.062196],[-45.217483,-2.063106],[-45.214152,-2.041733],[-45.189881,-2.040369],[-45.180838,-2.029],[-45.185122,-1.993076],[-45.169892,-1.953058],[-45.142766,-1.903946],[-45.174652,-1.883483],[-45.177983,-1.856653],[-45.209869,-1.865748],[-45.221291,-1.861656],[-45.217483,-1.899854],[-45.246038,-1.939871],[-45.253177,-1.962608],[-45.28649,-1.980343],[-45.295057,-2.004444],[-45.313141,-2.030819],[-45.353117,-2.035366],[-45.404991,-2.022179],[-45.422124,-2.038095],[-45.447823,-2.022179],[-45.474474,-2.022179],[-45.502077,-2.039004],[-45.539198,-2.048554],[-45.603921,-2.104487],[-45.631524,-2.105851],[-45.627717,-2.139047],[-45.633428,-2.17861],[-45.638663,-2.197254],[-45.683874,-2.226812],[-45.68435,-2.329129],[-45.639139,-2.360051]]]},"properties":{"cod_ibge":"211245","name":"Turilândia","uf":"MA"}},
{"type":"Feature","geometry":{"type":"Polygon","coordinates":[[[-43.604628,-3.235881],[-43.518012,-3.240883],[-43.512301,-3.223603],[-43.451385,-3.184495],[-43.41236,-3.149935],[-43.381426,-3.133109],[-43.344781,-3.101732],[-43.27863,-3.081269],[-43.269112,-3.062625],[-43.319082,-3.022153],[-43.45662,-2.983955],[-43.487078,-2.988957],[-43.499452,-3.014877],[-43.523247,-3.016241],[-43.546091,-3.003963],[-43.551326,-3.021698],[-43.571314,-3.038069],[-43.542283,-3.129471],[-43.606531,-3.172217],[-43.612242,-3.233152],[-43.604628,-3.235881]]]},"properties":{"cod_ibge":"210173","name":"Belágua","uf":"MA"}},
{"type":"Feature","geometry":{"type":"Polygon","coordinates":[[[-46.464841,-6.281731],[-46.45104,-6.267634],[-46.067457,-6.246261],[-46.022721,-6.263996],[-45.980366,-6.25672],[-45.954666,-6.264906],[-45.903268,-6.295373],[-45.886136,-6.343576],[-45.876617,-6.345849],[-45.841876,-6.323567],[-45.839496,-6.30174],[-45.829026,-6.276274],[-45.814749,-6.274001],[-45.781911,-6.232164],[-45.762399,-6.237621],[-45.741459,-6.202152],[-45.701959,-6.190328],[-45.69482,-6.180324],[-45.662458,-6.166682],[-45.660555,-6.151675],[-45.615343,-6.120298],[-45.61344,-6.106201],[-45.562517,-6.077098],[-45.554903,-6.05618],[-45.525396,-6.022074],[-45.524445,-6.001156],[-45.494462,-5.990243],[-45.479709,-5.972508],[-45.415937,-5.939312],[-45.375961,-5.932491],[-45.501601,-5.806073],[-45.573939,-5.731495],[-45.608205,-5.77606],[-45.710525,-5.590071],[-45.740031,-5.402718],[-45.799044,-5.448647],[-45.840924,-5.411813],[-45.88566,-5.443645],[-45.903268,-5.427274],[-46.001781,-5.362246],[-45.973227,-5.335871],[-45.932299,-5.31268],[-45.96942,-5.301766],[-45.985601,-5.289488],[-46.010824,-5.304949],[-46.064601,-5.29358],[-46.097439,-5.292216],[-46.11362,-5.277665],[-46.139319,-5.282667],[-46.169777,-5.279484],[-46.187386,-5.270843],[-46.205471,-5.325867],[-46.24973,-5.351332],[-46.276857,-5.350878],[-46.307791,-5.361337],[-46.330159,-5.334052],[-46.330159,-5.655554],[-46.349195,-5.678291],[-46.376798,-5.679655],[-46.381081,-5.696935],[-46.410587,-5.72422],[-46.437714,-5.72422],[-46.450564,-5.7415],[-46.4696,-5.751049],[-46.464365,-6.000247],[-46.464841,-6.281731]]]},"properties":{"cod_ibge":"210480","name":"Grajaú","uf":"MA"}},
{"type":"Feature","geometry":{"type":"Polygon","coordinates":[[[-44.0615,-2.899828],[-44.049127,-2.872543],[-44.052934,-2.847078],[-44.050078,-2.807515],[-44.071494,-2.806151],[-44.067211,-2.779776],[-44.078633,-2.743852],[-44.094814,-2.753401],[-44.115754,-2.748399],[-44.129555,-2.764315],[-44.148592,-2.767953],[-44.138598,-2.793418],[-44.12432,-2.796602],[-44.130983,-2.822522],[-44.127652,-2.860265],[-44.140025,-2.873453],[-44.127652,-2.898463],[-44.14526,-2.919381],[-44.136694,-2.947575],[-44.106236,-2.934388],[-44.059597,-2.905739],[-44.0615,-2.899828]]]},"properties":{"cod_ibge":"210110","name":"Axixá","uf":"MA"}},
{"type":"Feature","geometry":{"type":"Polygon","coordinates":[[[-45.288394,-3.71836],[-45.323611,-3.695623],[-45.343123,-3.684255],[-45.322659,-3.747464],[-45.3179,-3.781114],[-45.326942,-3.81522],[-45.337888,-3.822041],[-45.325515,-3.845233],[-45.29934,-3.799759],[-45.256032,-3.798849],[-45.219863,-3.772474],[-45.203682,-3.784752],[-45.146573,-3.731548],[-45.146097,-3.731093],[-45.288394,-3.71836]]]},"properties":{"cod_ibge":"210177","name":"Bela Vista do Maranhão","uf":"MA"}},
{"type":"Feature","geometry":{"type":"Polygon","coordinates":[[[-44.601657,-6.017072],[-44.56406,-5.992516],[-44.546452,-5.997064],[-44.49315,-5.984331],[-44.462216,-5.992516],[-44.423667,-6.014799],[-44.410342,-6.00434],[-44.362751,-6.002521],[-44.332293,-6.022529],[-44.313732,-6.025258],[-44.239014,-6.166682],[-44.171911,-6.255811],[-44.099573,-6.351306],[-43.966318,-6.295373],[-43.973457,-6.277638],[-43.953945,-6.223524],[-43.95918,-6.192602],[-43.944903,-6.17896],[-43.931101,-6.116206],[-43.930149,-6.040264],[-43.90445,-6.004794],[-44.057693,-5.874739],[-44.07435,-5.850637],[-44.075302,-5.816077],[-44.09529,-5.823353],[-44.091007,-5.839724],[-44.106236,-5.87201],[-44.120513,-5.864734],[-44.131459,-5.887926],[-44.15811,-5.912482],[-44.266141,-5.954318],[-44.272328,-5.94204],[-44.303738,-5.926124],[-44.34419,-5.913846],[-44.393685,-5.905206],[-44.457932,-5.912937],[-44.476969,-5.881105],[-44.471734,-5.861551],[-44.489818,-5.869736],[-44.506951,-5.854275],[-44.530747,-5.846545],[-44.541217,-5.82017],[-44.554542,-5.827446],[-44.602133,-5.828355],[-44.601657,-6.017072]]]},"properties":{"cod_ibge":"210350","name":"Colinas","uf":"MA"}},
{"type":"Feature","geometry":{"type":"Polygon","coordinates":[[[-44.357992,-4.894773],[-44.359895,-4.876129],[-44.344666,-4.848844],[-44.322298,-4.834748],[-44.352281,-4.807463],[-44.354184,-4.779724],[-44.40701,-4.743345],[-44.418432,-4.720608],[-44.450318,-4.697416],[-44.398444,-4.666039],[-44.485535,-4.650578],[-44.573102,-4.708784],[-44.578813,-4.732886],[-44.573578,-4.736978],[-44.568819,-4.745164],[-44.563584,-4.767446],[-44.577386,-4.783817],[-44.614982,-4.810192],[-44.633067,-4.828381],[-44.638778,-4.862487],[-44.51409,-4.975717],[-44.496005,-4.975717],[-44.411769,-4.975717],[-44.412245,-4.949342],[-44.382739,-4.930698],[-44.357992,-4.894773]]]},"properties":{"cod_ibge":"211030","name":"Santo Antônio dos Lopes","uf":"MA"}},
{"type":"Feature","geometry":{"type":"Polygon","coordinates":[[[-43.180593,-4.026674],[-43.073037,-4.039862],[-43.000699,-4.050775],[-42.860306,-4.076695],[-42.856023,-4.079424],[-42.845077,-4.037588],[-42.816522,-3.993023],[-42.796058,-3.993933],[-42.790823,-3.978926],[-42.781305,-3.95437],[-42.739425,-3.927086],[-42.725148,-3.907532],[-42.721816,-3.88434],[-42.727527,-3.880248],[-43.017356,-3.738369],[-43.123484,-3.690166],[-43.197725,-3.782933],[-43.208671,-4.018489],[-43.180593,-4.026674]]]},"properties":{"cod_ibge":"210220","name":"Buriti","uf":"MA"}},
{"type":"Feature","geometry":{"type":"Polygon","coordinates":[[[-47.191078,-6.02071],[-47.180132,-6.034807],[-47.098276,-6.019346],[-47.087806,-6.028441],[-47.041643,-6.026622],[-47.025938,-6.04663],[-46.985485,-6.051178],[-46.952172,-6.039355],[-46.940274,-6.013889],[-46.90125,-6.013889],[-46.859845,-5.99388],[-46.843189,-5.967506],[-46.802736,-5.972508],[-46.783224,-5.967051],[-46.790363,-5.924305],[-46.776561,-5.916575],[-46.782272,-5.89884],[-46.803688,-5.891564],[-46.830339,-5.892473],[-46.849851,-5.90657],[-46.877454,-5.909299],[-46.893635,-5.889745],[-46.889352,-5.858368],[-46.878406,-5.832902],[-46.903629,-5.787883],[-46.913623,-5.739226],[-46.920762,-5.731495],[-46.91172,-5.696026],[-46.933135,-5.671015],[-46.935039,-5.63509],[-46.945509,-5.625086],[-46.975015,-5.641457],[-47.085902,-5.672379],[-47.11065,-5.696935],[-47.134445,-5.729676],[-47.169662,-5.738771],[-47.191554,-5.764691],[-47.212018,-5.773786],[-47.23391,-5.76651],[-47.250567,-5.774696],[-47.288164,-5.769694],[-47.309104,-5.783336],[-47.319574,-5.800616],[-47.342417,-5.816532],[-47.329568,-5.838814],[-47.288164,-5.857004],[-47.255326,-5.84609],[-47.242,-5.858368],[-47.217729,-5.865189],[-47.173945,-5.865644],[-47.161572,-5.892928],[-47.193458,-5.932491],[-47.178229,-5.962958],[-47.187747,-5.986605],[-47.178705,-6.002521],[-47.191078,-6.02071]]]},"properties":{"cod_ibge":"210700","name":"Montes Altos","uf":"MA"}},
{"type":"Feature","geometry":{"type":"Polygon","coordinates":[[[-45.354069,-6.780126],[-45.368346,-6.761937],[-45.409275,-6.760573],[-45.432594,-6.776489],[-45.501601,-6.803773],[-45.545861,-6.803773],[-45.572987,-6.819234],[-45.605349,-6.814232],[-45.622958,-6.797407],[-45.643898,-6.75557],[-45.680067,-6.727377],[-45.729561,-6.714644],[-45.746694,-6.700092],[-45.772869,-6.705094],[-45.800948,-6.719191],[-45.825219,-6.715553],[-45.850918,-6.72101],[-45.912311,-6.726467],[-45.934202,-6.718282],[-45.964661,-6.751478],[-45.97989,-6.759663],[-45.998926,-6.793314],[-46.022246,-6.809685],[-46.015583,-6.837424],[-46.003209,-6.845609],[-46.003685,-6.865618],[-45.992739,-6.879715],[-45.990836,-6.922005],[-45.931823,-6.959749],[-45.905648,-6.956111],[-45.878997,-6.941559],[-45.852822,-6.942469],[-45.849015,-6.954292],[-45.823316,-6.962932],[-45.834737,-6.991126],[-45.856153,-7.015682],[-45.907076,-7.056609],[-45.934678,-7.046149],[-45.95895,-7.050697],[-45.870431,-7.288526],[-45.839496,-7.302623],[-45.805231,-7.328543],[-45.767158,-7.338093],[-45.742411,-7.358101],[-45.718616,-7.36856],[-45.699103,-7.392207],[-45.673404,-7.406759],[-45.655796,-7.400847],[-45.631524,-7.374017],[-45.620102,-7.350371],[-45.600114,-7.344914],[-45.596307,-7.318994],[-45.557282,-7.317629],[-45.533011,-7.294438],[-45.524445,-7.271246],[-45.368822,-6.900178],[-45.38072,-6.820598],[-45.368822,-6.816051],[-45.354069,-6.780126]]]},"properties":{"cod_ibge":"211160","name":"São Raimundo das Mangabeiras","uf":"MA"}},
{"type":"Feature","geometry":{"type":"Polygon","coordinates":[[[-44.81772,-3.677434],[-44.845322,-3.677888],[-44.863883,-3.699716],[-44.879588,-3.746554],[-44.912426,-3.747918],[-44.924323,-3.709265],[-44.946215,-3.694714],[-44.998089,-3.712903],[-45.020457,-3.712903],[-45.042825,-3.723362],[-45.000469,-3.794302],[-44.956685,-3.872972],[-44.933366,-3.916172],[-44.622121,-3.85069],[-44.610223,-3.847961],[-44.609747,-3.838866],[-44.636398,-3.831136],[-44.653531,-3.798849],[-44.683989,-3.764744],[-44.702074,-3.756558],[-44.714923,-3.73655],[-44.737767,-3.732457],[-44.749665,-3.71836],[-44.740622,-3.696533],[-44.758707,-3.67516],[-44.776792,-3.679252],[-44.774412,-3.697442],[-44.806298,-3.704263],[-44.81772,-3.677434]]]},"properties":{"cod_ibge":"210355","name":"Conceição do Lago-Açu","uf":"MA"}},
{"type":"Feature","geometry":{"type":"Polygon","coordinates":[[[-45.042825,-3.723362],[-45.020457,-3.712903],[-44.998089,-3.712903],[-44.946215,-3.694714],[-44.924323,-3.709265],[-44.912426,-3.747918],[-44.879588,-3.746554],[-44.863883,-3.699716],[-44.845322,-3.677888],[-44.81772,-3.677434],[-44.793448,-3.65788],[-44.813912,-3.63969],[-44.802967,-3.610587],[-44.808202,-3.594671],[-44.839612,-3.573753],[-44.831521,-3.546923],[-44.847702,-3.524641],[-44.853889,-3.498266],[-44.844847,-3.484624],[-44.819147,-3.47371],[-44.856744,-3.371848],[-44.863883,-3.346383],[-44.894341,-3.371848],[-44.879112,-3.384581],[-44.8991,-3.400951],[-44.900052,-3.424598],[-44.916709,-3.43051],[-44.930986,-3.462796],[-44.948119,-3.458249],[-44.973818,-3.428236],[-45.009511,-3.431874],[-45.012367,-3.458249],[-45.030451,-3.459158],[-45.032831,-3.480986],[-45.049487,-3.511908],[-45.015698,-3.535555],[-45.031403,-3.571024],[-44.997137,-3.58694],[-45.04806,-3.716996],[-45.042825,-3.723362]]]},"properties":{"cod_ibge":"211290","name":"Vitória do Mearim","uf":"MA"}},
{"type":"Feature","geometry":{"type":"Polygon","coordinates":[[[-45.33075,-5.121689],[-45.125157,-5.123053],[-45.123253,-5.120779],[-45.020933,-5.208999],[-45.004276,-5.177622],[-44.999517,-5.150792],[-44.969535,-5.114868],[-45.029499,-5.085309],[-45.033782,-5.058934],[-45.149904,-5.006185],[-45.16323,-5.026193],[-45.187977,-5.014825],[-45.192736,-4.998454],[-45.209869,-4.999818],[-45.238899,-5.014825],[-45.260315,-5.028012],[-45.279827,-5.055297],[-45.329322,-5.095314],[-45.33075,-5.121689]]]},"properties":{"cod_ibge":"211163","name":"São Raimundo do Doca Bezerra","uf":"MA"}},
{"type":"Feature","geometry":{"type":"Polygon","coordinates":[[[-43.859239,-6.28446],[-43.649839,-6.317201],[-43.612718,-6.322658],[-43.608435,-6.299466],[-43.577977,-6.262177],[-43.552753,-6.190328],[-43.538952,-6.171229],[-43.547043,-6.136669],[-43.566555,-6.1253],[-43.593206,-6.09938],[-43.6032,-6.075279],[-43.640321,-6.042538],[-43.662688,-6.008887],[-43.670779,-5.937493],[-43.682677,-5.909299],[-43.711231,-5.961139],[-43.741213,-5.982057],[-43.803558,-5.990697],[-43.808793,-5.999337],[-43.844486,-6.003885],[-43.90445,-6.004794],[-43.930149,-6.040264],[-43.931101,-6.116206],[-43.944903,-6.17896],[-43.95918,-6.192602],[-43.953945,-6.223524],[-43.973457,-6.277638],[-43.966318,-6.295373],[-43.943951,-6.2931],[-43.900643,-6.297647],[-43.859239,-6.28446]]]},"properties":{"cod_ibge":"210790","name":"Passagem Franca","uf":"MA"}},
{"type":"Feature","geometry":{"type":"Polygon","coordinates":[[[-43.740262,-5.308587],[-43.758346,-5.315863],[-43.748828,-5.342238],[-43.722653,-5.385438],[-43.625568,-5.348604],[-43.579404,-5.374979],[-43.574645,-5.390895],[-43.551326,-5.403173],[-43.530862,-5.395442],[-43.483271,-5.412268],[-43.457572,-5.45183],[-43.411884,-5.45274],[-43.400939,-5.459561],[-43.376667,-5.512765],[-43.336215,-5.563696],[-43.183924,-5.603713],[-43.094929,-5.615082],[-43.082079,-5.599621],[-43.033061,-5.59189],[-43.024494,-5.561877],[-43.00403,-5.542778],[-42.995464,-5.508218],[-42.973572,-5.484571],[-42.968337,-5.453649],[-43.059712,-5.384983],[-43.09826,-5.384983],[-43.151562,-5.354516],[-43.167267,-5.332688],[-43.189635,-5.286759],[-43.163936,-5.25038],[-43.159177,-5.200813],[-43.182496,-5.168527],[-43.203912,-5.166253],[-43.205816,-5.143061],[-43.229135,-5.143061],[-43.229135,-5.182169],[-43.267208,-5.20627],[-43.353348,-5.191719],[-43.449481,-5.224005],[-43.437108,-5.275391],[-43.449957,-5.287669],[-43.528482,-5.227188],[-43.567031,-5.230372],[-43.700761,-5.298583],[-43.713611,-5.31177],[-43.740262,-5.308587]]]},"properties":{"cod_ibge":"210660","name":"Matões","uf":"MA"}},
{"type":"Feature","geometry":{"type":"Polygon","coordinates":[[[-44.78393,-2.186795],[-44.798207,-2.174517],[-44.795828,-2.152235],[-44.827714,-2.15178],[-44.868642,-2.134955],[-44.868642,-2.165422],[-44.905763,-2.197254],[-44.917185,-2.219081],[-44.934793,-2.233633],[-44.934793,-2.329583],[-44.923847,-2.359596],[-44.898148,-2.384607],[-44.862931,-2.357777],[-44.869118,-2.337769],[-44.845798,-2.328674],[-44.846274,-2.316396],[-44.816292,-2.298661],[-44.806298,-2.304573],[-44.780599,-2.292749],[-44.761087,-2.270922],[-44.753472,-2.245456],[-44.779647,-2.249549],[-44.798683,-2.222265],[-44.78393,-2.186795]]]},"properties":{"cod_ibge":"210312","name":"Central do Maranhão","uf":"MA"}},
{"type":"Feature","geometry":{"type":"Polygon","coordinates":[[[-44.322774,-3.864332],[-44.199038,-3.927541],[-44.1662,-3.910261],[-44.15573,-3.837047],[-43.992969,-3.842504],[-44.048175,-3.703808],[-44.097669,-3.623319],[-44.122893,-3.63196],[-44.153351,-3.650604],[-44.183809,-3.696078],[-44.205225,-3.70972],[-44.260906,-3.694714],[-44.289461,-3.716086],[-44.261382,-3.757468],[-44.285653,-3.764744],[-44.312304,-3.769291],[-44.335148,-3.791573],[-44.350853,-3.823405],[-44.353708,-3.848871],[-44.322774,-3.864332]]]},"properties":{"cod_ibge":"210880","name":"Pirapemas","uf":"MA"}},
{"type":"Feature","geometry":{"type":"Polygon","coordinates":[[[-46.43581,-2.471008],[-46.436762,-2.507842],[-46.4301,-2.536945],[-46.473407,-2.546494],[-46.501486,-2.546949],[-46.48816,-2.568777],[-46.509576,-2.590604],[-46.506721,-2.616979],[-46.567161,-2.626983],[-46.586674,-2.640171],[-46.622367,-2.644718],[-46.61856,-2.665182],[-46.638072,-2.687009],[-46.663295,-2.693376],[-46.671385,-2.706108],[-46.669482,-2.734757],[-46.650921,-2.758858],[-46.631409,-2.770681],[-46.638548,-2.791145],[-46.62665,-2.806606],[-46.599047,-2.795692],[-46.590481,-2.819793],[-46.589529,-2.845714],[-46.610945,-2.853444],[-46.641403,-2.854354],[-46.6395,-2.883457],[-46.66853,-2.875726],[-46.673289,-2.893007],[-46.654729,-2.932114],[-46.672813,-2.944847],[-46.64759,-2.969858],[-46.64997,-2.996233],[-46.66853,-2.992595],[-46.677096,-3.034431],[-46.673289,-3.067172],[-46.688518,-3.093092],[-46.749435,-3.124469],[-46.722784,-3.15903],[-46.749435,-3.167215],[-46.7442,-3.179493],[-46.769423,-3.198592],[-46.778465,-3.216782],[-46.778941,-3.240883],[-46.806544,-3.24543],[-46.80226,-3.265894],[-46.814634,-3.311368],[-46.832243,-3.313641],[-46.858418,-3.343199],[-46.883641,-3.337288],[-46.927425,-3.375941],[-46.948365,-3.402316],[-46.956455,-3.425962],[-46.942178,-3.448699],[-46.96978,-3.475984],[-46.98263,-3.495992],[-46.96978,-3.512363],[-47.01642,-3.554199],[-47.038311,-3.564203],[-47.030697,-3.604675],[-47.02451,-3.614679],[-47.029269,-3.681981],[-46.99548,-3.710175],[-46.984058,-3.725636],[-46.962642,-3.783843],[-46.936943,-3.870243],[-46.945033,-3.923448],[-46.935991,-3.961191],[-46.920286,-3.992114],[-46.912195,-4.040771],[-46.916003,-4.07715],[-46.926949,-4.0867],[-46.900298,-4.076241],[-46.891731,-4.043954],[-46.86984,-4.032131],[-46.84414,-4.003028],[-46.80464,-3.998935],[-46.760856,-3.975743],[-46.757525,-3.905258],[-46.709458,-3.877974],[-46.69756,-3.854782],[-46.724687,-3.839321],[-46.727067,-3.807035],[-46.737537,-3.776112],[-46.711362,-3.74428],[-46.696133,-3.704718],[-46.698988,-3.685619],[-46.630933,-3.61286],[-46.580011,-3.57921],[-46.547649,-3.54283],[-46.495299,-3.496447],[-46.459606,-3.485533],[-46.413919,-3.400951],[-46.39869,-3.346383],[-46.395834,-3.291359],[-46.391075,-3.273624],[-46.400117,-3.22815],[-46.397262,-3.194954],[-46.379177,-3.165851],[-46.306363,-3.089],[-46.2602,-3.057623],[-46.230694,-3.045799],[-46.192145,-3.014877],[-46.187386,-2.978043],[-46.170253,-2.946211],[-46.125042,-2.911196],[-46.121235,-2.901192],[-46.132181,-2.872088],[-46.123614,-2.847533],[-46.091728,-2.80797],[-46.091252,-2.786597],[-46.069361,-2.741123],[-46.080782,-2.718386],[-46.064601,-2.686554],[-46.075071,-2.681552],[-46.182627,-2.681552],[-46.205471,-2.645173],[-46.232597,-2.631986],[-46.251634,-2.610158],[-46.244495,-2.587421],[-46.257345,-2.570141],[-46.259724,-2.544676],[-46.279236,-2.50966],[-46.282568,-2.486469],[-46.22879,-2.461458],[-46.228314,-2.430536],[-46.211657,-2.408708],[-46.205471,-2.386426],[-46.190241,-2.372329],[-46.186434,-2.31776],[-46.173109,-2.271831],[-46.159307,-2.260008],[-46.147886,-2.222719],[-46.150741,-2.194525],[-46.108385,-2.1345],[-46.098867,-2.092664],[-46.058891,-2.050828],[-46.263055,-2.049463],[-46.274477,-2.054465],[-46.277809,-2.079476],[-46.269242,-2.090845],[-46.27305,-2.119948],[-46.300176,-2.145868],[-46.28352,-2.154508],[-46.327303,-2.18634],[-46.347291,-2.22181],[-46.391075,-2.250004],[-46.410587,-2.228631],[-46.430575,-2.234997],[-46.416298,-2.27365],[-46.432955,-2.30048],[-46.431527,-2.334585],[-46.463413,-2.362325],[-46.453895,-2.385971],[-46.432003,-2.364598],[-46.412967,-2.37915],[-46.439142,-2.413256],[-46.44057,-2.452363],[-46.43581,-2.471008]]]},"properties":{"cod_ibge":"210317","name":"Centro Novo do Maranhão","uf":"MA"}},
{"type":"Feature","geometry":{"type":"Polygon","coordinates":[[[-45.192736,-4.998454],[-45.187977,-5.014825],[-45.16323,-5.026193],[-45.149904,-5.006185],[-45.033782,-5.058934],[-45.029499,-5.085309],[-44.969535,-5.114868],[-44.961444,-5.10168],[-44.969535,-5.083036],[-44.956209,-5.04984],[-44.934793,-5.022101],[-44.932414,-5.013915],[-45.005704,-4.966622],[-45.028547,-4.961165],[-45.040445,-4.929788],[-45.057578,-4.947068],[-45.104217,-4.968896],[-45.118018,-4.992088],[-45.132772,-4.99709],[-45.192736,-4.998454]]]},"properties":{"cod_ibge":"211167","name":"São Roberto","uf":"MA"}},
{"type":"Feature","geometry":{"type":"Polygon","coordinates":[[[-43.584639,-4.659673],[-43.56132,-4.674224],[-43.50897,-4.684228],[-43.490409,-4.675588],[-43.470897,-4.644666],[-43.457096,-4.64694],[-43.423306,-4.631479],[-43.397607,-4.630114],[-43.366197,-4.643757],[-43.338119,-4.670586],[-43.299094,-4.693323],[-43.284341,-4.693778],[-43.253407,-4.717425],[-43.240081,-4.694688],[-43.212003,-4.676498],[-43.203912,-4.629205],[-43.159653,-4.591007],[-43.133954,-4.562358],[-43.122056,-4.509608],[-43.082555,-4.445945],[-43.210575,-4.365456],[-43.429017,-4.223122],[-43.368101,-4.301792],[-43.500879,-4.378188],[-43.696002,-4.492328],[-43.701237,-4.479595],[-43.724557,-4.47141],[-43.742165,-4.475503],[-43.678869,-4.55008],[-43.640797,-4.583276],[-43.620333,-4.61238],[-43.610338,-4.636936],[-43.584639,-4.659673]]]},"properties":{"cod_ibge":"210030","name":"Aldeias Altas","uf":"MA"}},
{"type":"Feature","geometry":{"type":"Polygon","coordinates":[[[-46.075071,-2.681552],[-46.062698,-2.667455],[-46.065077,-2.635624],[-46.057939,-2.627893],[-46.053656,-2.585147],[-46.068409,-2.561046],[-46.055559,-2.520574],[-46.052228,-2.490561],[-46.031288,-2.461003],[-46.031764,-2.432355],[-46.012727,-2.419167],[-46.000354,-2.351411],[-46.008444,-2.345045],[-46.007492,-2.295933],[-45.997974,-2.27365],[-45.994643,-2.254551],[-46.005113,-2.213625],[-45.992739,-2.174517],[-45.997974,-2.157237],[-46.017486,-2.159056],[-46.051276,-2.144504],[-46.068885,-2.15087],[-46.094108,-2.18634],[-46.12647,-2.216353],[-46.147886,-2.222719],[-46.159307,-2.260008],[-46.173109,-2.271831],[-46.186434,-2.31776],[-46.190241,-2.372329],[-46.205471,-2.386426],[-46.211657,-2.408708],[-46.228314,-2.430536],[-46.22879,-2.461458],[-46.282568,-2.486469],[-46.279236,-2.50966],[-46.259724,-2.544676],[-46.257345,-2.570141],[-46.244495,-2.587421],[-46.251634,-2.610158],[-46.232597,-2.631986],[-46.205471,-2.645173],[-46.182627,-2.681552],[-46.075071,-2.681552]]]},"properties":{"cod_ibge":"210315","name":"Centro do Guilherme","uf":"MA"}},
{"type":"Feature","geometry":{"type":"Polygon","coordinates":[[[-44.183809,-2.461003],[-44.178098,-2.507387],[-44.186664,-2.552406],[-44.13717,-2.554225],[-44.077205,-2.540583],[-44.0615,-2.523303],[-44.061024,-2.486469],[-44.062452,-2.460549],[-44.092434,-2.454637],[-44.136218,-2.459639],[-44.170008,-2.474645],[-44.173815,-2.45782],[-44.183809,-2.461003]]]},"properties":{"cod_ibge":"210750","name":"Paço do Lumiar","uf":"MA"}},
{"type":"Feature","geometry":{"type":"Polygon","coordinates":[[[-45.935154,-1.576079],[-45.923732,-1.56471],[-45.915642,-1.534697],[-45.890419,-1.510141],[-45.871382,-1.471488],[-45.87281,-1.457846],[-45.847587,-1.427833],[-45.825219,-1.417829],[-45.810466,-1.378721],[-45.798092,-1.361896],[-45.808562,-1.340069],[-45.8019,-1.326881],[-45.829978,-1.314603],[-45.846635,-1.288228],[-45.816177,-1.260944],[-45.798092,-1.253668],[-45.782387,-1.219562],[-45.780484,-1.193187],[-45.79952,-1.18],[-45.800948,-1.161356],[-45.829978,-1.17909],[-45.825695,-1.198644],[-45.848539,-1.213651],[-45.852822,-1.237752],[-45.886611,-1.264582],[-45.882804,-1.279588],[-45.907551,-1.300051],[-46.016059,-1.523784],[-45.935154,-1.576079]]]},"properties":{"cod_ibge":"210620","name":"Luís Domingues","uf":"MA"}},
{"type":"Feature","geometry":{"type":"Polygon","coordinates":[[[-44.452697,-3.561929],[-44.446987,-3.573753],[-44.449366,-3.615589],[-44.460312,-3.664246],[-44.439372,-3.686983],[-44.437468,-3.704263],[-44.421763,-3.713358],[-44.403679,-3.693349],[-44.378456,-3.69153],[-44.285653,-3.764744],[-44.261382,-3.757468],[-44.289461,-3.716086],[-44.260906,-3.694714],[-44.205225,-3.70972],[-44.183809,-3.696078],[-44.153351,-3.650604],[-44.122893,-3.63196],[-44.097669,-3.623319],[-44.048175,-3.703808],[-44.031994,-3.687438],[-44.036277,-3.647875],[-44.05103,-3.587395],[-44.050554,-3.561475],[-44.066735,-3.558746],[-44.087675,-3.536464],[-44.397968,-3.537828],[-44.400347,-3.530098],[-44.452697,-3.561929]]]},"properties":{"cod_ibge":"210270","name":"Cantanhede","uf":"MA"}},
{"type":"Feature","geometry":{"type":"Polygon","coordinates":[[[-43.594633,-4.228579],[-43.597965,-4.184469],[-43.588447,-4.146725],[-43.605579,-4.124898],[-43.594633,-4.105344],[-43.60082,-4.093521],[-43.599868,-4.05214],[-43.646032,-4.006211],[-43.723129,-3.946185],[-43.729316,-3.935271],[-43.895408,-3.968467],[-43.99868,-4.252225],[-44.013909,-4.267232],[-44.042464,-4.273143],[-44.064356,-4.293152],[-44.060073,-4.329986],[-44.064832,-4.356361],[-44.051982,-4.386828],[-43.936812,-4.334988],[-43.921107,-4.309977],[-43.897788,-4.326348],[-43.87304,-4.356361],[-43.834968,-4.345902],[-43.82307,-4.328167],[-43.807841,-4.324529],[-43.752159,-4.241766],[-43.594633,-4.228579]]]},"properties":{"cod_ibge":"211210","name":"Timbiras","uf":"MA"}},
{"type":"Feature","geometry":{"type":"Polygon","coordinates":[[[-45.046156,-4.480505],[-45.060433,-4.570543],[-45.081849,-4.596918],[-45.084705,-4.623748],[-45.04568,-4.668313],[-45.041397,-4.686502],[-45.039017,-4.677407],[-44.998089,-4.631933],[-44.998565,-4.59328],[-44.927655,-4.520977],[-44.919088,-4.495057],[-44.871497,-4.486871],[-44.842943,-4.505516],[-44.837232,-4.499149],[-44.853413,-4.465498],[-44.848654,-4.456404],[-44.849606,-4.438669],[-44.863883,-4.419115],[-44.882919,-4.414568],[-44.873401,-4.3841],[-44.988571,-4.458677],[-45.03521,-4.480505],[-45.046156,-4.480505]]]},"properties":{"cod_ibge":"210580","name":"Lago do Junco","uf":"MA"}},
{"type":"Feature","geometry":{"type":"Polygon","coordinates":[[[-44.066259,-4.993907],[-44.079109,-4.986176],[-44.108615,-4.987995],[-44.112898,-4.969805],[-44.132887,-4.963439],[-44.135266,-4.948887],[-44.115754,-4.923422],[-44.122417,-4.904323],[-44.170483,-4.912053],[-44.171911,-4.8925],[-44.186188,-4.879312],[-44.20808,-4.882495],[-44.217123,-4.907506],[-44.268997,-4.912963],[-44.306593,-4.912053],[-44.312304,-5.023919],[-44.349901,-5.11032],[-44.352281,-5.118051],[-44.327533,-5.115777],[-44.277087,-5.092131],[-44.209508,-5.094859],[-44.066259,-4.993907]]]},"properties":{"cod_ibge":"210450","name":"Governador Archer","uf":"MA"}},
{"type":"Feature","geometry":{"type":"Polygon","coordinates":[[[-44.081488,-3.479622],[-44.050554,-3.481895],[-44.016289,-3.507361],[-43.975361,-3.520093],[-43.984403,-3.500994],[-43.994873,-3.479167],[-43.95918,-3.423688],[-43.943951,-3.418232],[-43.857811,-3.306365],[-43.783569,-3.213598],[-43.76025,-3.183131],[-44.029614,-3.29045],[-44.047223,-3.29045],[-44.038657,-3.335469],[-44.057217,-3.364117],[-44.065308,-3.397768],[-44.062928,-3.43824],[-44.081488,-3.479622]]]},"properties":{"cod_ibge":"210930","name":"Presidente Vargas","uf":"MA"}},
{"type":"Feature","geometry":{"type":"Polygon","coordinates":[[[-44.327533,-6.935193],[-44.214743,-6.743747],[-43.981548,-6.634155],[-43.790708,-6.545026],[-43.81022,-6.507737],[-43.821166,-6.512739],[-43.842582,-6.516832],[-43.872564,-6.509556],[-43.927294,-6.543661],[-44.057693,-6.369496],[-44.305642,-6.578676],[-44.507427,-6.749204],[-44.424143,-6.796042],[-44.401775,-6.818779],[-44.407486,-6.836514],[-44.38845,-6.8447],[-44.378456,-6.876531],[-44.334672,-6.915184],[-44.327533,-6.935193]]]},"properties":{"cod_ibge":"210800","name":"Pastos Bons","uf":"MA"}},
{"type":"Feature","geometry":{"type":"Polygon","coordinates":[[[-44.398444,-4.666039],[-44.450318,-4.697416],[-44.418432,-4.720608],[-44.40701,-4.743345],[-44.354184,-4.779724],[-44.352281,-4.807463],[-44.322298,-4.834748],[-44.311353,-4.843842],[-44.253292,-4.813375],[-44.233303,-4.789728],[-44.220454,-4.759261],[-44.19761,-4.729248],[-44.199038,-4.69105],[-44.207604,-4.65467],[-44.226641,-4.645576],[-44.233779,-4.621929],[-44.217598,-4.550535],[-44.196183,-4.527798],[-44.347522,-4.558265],[-44.352757,-4.572817],[-44.380835,-4.583276],[-44.387498,-4.597373],[-44.414149,-4.617836],[-44.40701,-4.654216],[-44.398444,-4.666039]]]},"properties":{"cod_ibge":"210275","name":"Capinzal do Norte","uf":"MA"}},
{"type":"Feature","geometry":{"type":"Polygon","coordinates":[[[-47.119692,-5.65419],[-47.302441,-5.658282],[-47.325284,-5.638728],[-47.356219,-5.648278],[-47.395719,-5.645549],[-47.436171,-5.630998],[-47.479479,-5.621903],[-47.477099,-5.637364],[-47.473768,-5.66192],[-47.49328,-5.710123],[-47.49328,-5.730586],[-47.48281,-5.759235],[-47.466629,-5.778334],[-47.442358,-5.830629],[-47.422846,-5.82017],[-47.39905,-5.824262],[-47.38049,-5.811984],[-47.372875,-5.829719],[-47.342417,-5.816532],[-47.319574,-5.800616],[-47.309104,-5.783336],[-47.288164,-5.769694],[-47.250567,-5.774696],[-47.23391,-5.76651],[-47.212018,-5.773786],[-47.191554,-5.764691],[-47.169662,-5.738771],[-47.134445,-5.729676],[-47.11065,-5.696935],[-47.085902,-5.672379],[-47.119692,-5.65419]]]},"properties":{"cod_ibge":"210455","name":"Governador Edison Lobão","uf":"MA"}},
{"type":"Feature","geometry":{"type":"Polygon","coordinates":[[[-43.447102,-3.316824],[-43.458048,-3.284993],[-43.604628,-3.235881],[-43.612242,-3.233152],[-43.606531,-3.172217],[-43.783569,-3.292723],[-43.79975,-3.292723],[-43.804033,-3.31546],[-43.788328,-3.332286],[-43.767864,-3.320008],[-43.74978,-3.349111],[-43.741689,-3.381398],[-43.72884,-3.381398],[-43.714087,-3.400951],[-43.73931,-3.431419],[-43.702665,-3.480531],[-43.606531,-3.618772],[-43.447102,-3.316824]]]},"properties":{"cod_ibge":"211040","name":"São Benedito do Rio Preto","uf":"MA"}},
{"type":"Feature","geometry":{"type":"Polygon","coordinates":[[[-42.687075,-3.059896],[-42.645195,-3.039888],[-42.607598,-3.031702],[-42.571905,-3.000325],[-42.588086,-2.983955],[-42.592369,-2.96531],[-42.567146,-2.947121],[-42.573333,-2.925293],[-42.530501,-2.925748],[-42.50147,-2.913925],[-42.445313,-2.831162],[-42.467681,-2.786143],[-42.466253,-2.749309],[-42.436747,-2.747035],[-42.442458,-2.723843],[-42.476247,-2.714294],[-42.487669,-2.70338],[-42.504326,-2.677914],[-42.562863,-2.678369],[-42.587134,-2.66882],[-42.641388,-2.625165],[-42.715629,-2.888914],[-42.739425,-2.906194],[-42.749895,-2.902101],[-42.776546,-3.002599],[-42.755606,-3.037614],[-42.757509,-3.055804],[-42.687075,-3.059896]]]},"properties":{"cod_ibge":"210805","name":"Paulino Neves","uf":"MA"}},
{"type":"Feature","geometry":{"type":"Polygon","coordinates":[[[-45.339792,-3.869789],[-45.334557,-3.904349],[-45.311713,-3.912534],[-45.322659,-3.965284],[-45.307906,-3.980745],[-45.308858,-4.00712],[-45.294105,-4.023946],[-45.319804,-4.068055],[-45.313617,-4.09443],[-45.269833,-4.120805],[-45.252701,-4.148544],[-45.209393,-4.066236],[-45.208441,-4.03304],[-45.219863,-4.031676],[-45.198447,-3.808853],[-45.176555,-3.787935],[-45.146573,-3.739278],[-45.146573,-3.731548],[-45.203682,-3.784752],[-45.219863,-3.772474],[-45.256032,-3.798849],[-45.29934,-3.799759],[-45.325515,-3.845233],[-45.339792,-3.869789]]]},"properties":{"cod_ibge":"211172","name":"Satubinha","uf":"MA"}},
{"type":"Feature","geometry":{"type":"Polygon","coordinates":[[[-44.755376,-4.711513],[-44.950974,-4.692869],[-44.975722,-4.69105],[-44.978577,-4.671041],[-44.958113,-4.652397],[-44.983336,-4.639664],[-44.983336,-4.66422],[-45.039969,-4.69105],[-45.144669,-4.741071],[-45.155615,-4.862487],[-45.125157,-4.912963],[-45.118494,-4.940247],[-45.040921,-4.912053],[-45.031403,-4.8925],[-45.036162,-4.874765],[-44.98524,-4.824743],[-44.820575,-4.840204],[-44.777267,-4.872036],[-44.762038,-4.878403],[-44.748237,-4.856575],[-44.723966,-4.84748],[-44.643537,-4.855211],[-44.633543,-4.816558],[-44.609272,-4.802461],[-44.575958,-4.766991],[-44.756803,-4.717425],[-44.755376,-4.711513]]]},"properties":{"cod_ibge":"210890","name":"Poção de Pedras","uf":"MA"}},
{"type":"Feature","geometry":{"type":"Polygon","coordinates":[[[-43.424258,-3.363208],[-43.447102,-3.316824],[-43.606531,-3.618772],[-43.607007,-3.619227],[-43.728364,-3.934817],[-43.729316,-3.935271],[-43.723129,-3.946185],[-43.646032,-4.006211],[-43.599868,-4.05214],[-43.60082,-4.093521],[-43.594633,-4.105344],[-43.605579,-4.124898],[-43.588447,-4.146725],[-43.597965,-4.184469],[-43.594633,-4.228579],[-43.515633,-4.186743],[-43.500403,-4.190381],[-43.429017,-4.223122],[-43.267684,-4.074877],[-43.208671,-4.018489],[-43.197725,-3.782933],[-43.215334,-3.760196],[-43.231039,-3.706537],[-43.334787,-3.68289],[-43.340498,-3.661518],[-43.367625,-3.649694],[-43.364294,-3.630141],[-43.384282,-3.584212],[-43.387613,-3.549652],[-43.399511,-3.53419],[-43.394276,-3.505996],[-43.406649,-3.495083],[-43.407601,-3.447335],[-43.408077,-3.447335],[-43.434252,-3.433238],[-43.437583,-3.411865],[-43.424258,-3.363208]]]},"properties":{"cod_ibge":"210320","name":"Chapadinha","uf":"MA"}},
{"type":"Feature","geometry":{"type":"Polygon","coordinates":[[[-44.819147,-2.79933],[-44.844371,-2.80888],[-44.903859,-2.793418],[-44.935269,-2.807061],[-44.960968,-2.840711],[-45.018553,-2.855263],[-45.039493,-2.867541],[-45.059957,-2.868451],[-45.196067,-2.910741],[-45.216056,-2.908013],[-45.217483,-2.953487],[-45.125633,-2.920291],[-45.08994,-2.904375],[-45.07947,-2.906649],[-45.028072,-2.887095],[-45.018553,-2.898463],[-45.017602,-2.936207],[-44.99571,-2.925748],[-44.97477,-2.938935],[-44.931938,-2.918472],[-44.902907,-2.937116],[-44.861979,-2.945756],[-44.791545,-2.888004],[-44.791545,-2.863903],[-44.780123,-2.846168],[-44.78631,-2.820248],[-44.819147,-2.79933]]]},"properties":{"cod_ibge":"211170","name":"São Vicente Ferrer","uf":"MA"}},
{"type":"Feature","geometry":{"type":"Polygon","coordinates":[[[-47.866869,-5.305404],[-47.858303,-5.324048],[-47.840218,-5.333598],[-47.82023,-5.325867],[-47.79691,-5.295854],[-47.776922,-5.281757],[-47.752651,-5.249925],[-47.726476,-5.229007],[-47.704584,-5.234464],[-47.702204,-5.20718],[-47.686499,-5.156249],[-47.666511,-5.166253],[-47.625107,-5.159432],[-47.538968,-5.156249],[-47.554673,-5.095314],[-47.679361,-5.042109],[-47.71315,-5.008458],[-47.717434,-4.986631],[-47.751699,-4.963894],[-47.774543,-4.957982],[-47.77835,-4.945704],[-47.813567,-4.921148],[-47.837363,-4.877948],[-47.858779,-4.85703],[-47.895424,-4.836566],[-47.919695,-4.829291],[-47.967762,-4.791092],[-47.996792,-4.780633],[-48.025347,-4.77836],[-48.058184,-4.80428],[-48.032485,-4.831564],[-48.014877,-4.863851],[-48.017256,-4.949342],[-47.991557,-4.982083],[-47.980135,-5.009368],[-47.984419,-5.046656],[-47.944918,-5.090766],[-47.940635,-5.103954],[-47.890189,-5.17262],[-47.916839,-5.221277],[-47.937304,-5.239466],[-47.885429,-5.260839],[-47.873056,-5.272208],[-47.866869,-5.305404]]]},"properties":{"cod_ibge":"210325","name":"Cidelândia","uf":"MA"}},
{"type":"Feature","geometry":{"type":"MultiPolygon","coordinates":[[[[-43.45662,-2.983955],[-43.425686,-2.948485],[-43.417595,-2.916653],[-43.455668,-2.884821],[-43.461379,-2.832981],[-43.455192,-2.806151],[-43.438535,-2.778867],[-43.44615,-2.742033],[-43.439487,-2.730664],[-43.444246,-2.690647],[-43.435204,-2.646083],[-43.44377,-2.606975],[-43.462331,-2.592878],[-43.442818,-2.569231],[-43.449481,-2.559227],[-43.461855,-2.486469],[-43.507066,-2.477374],[-43.520868,-2.454637],[-43.511825,-2.437812],[-43.524199,-2.419167],[-43.537524,-2.421896],[-43.554657,-2.447361],[-43.557988,-2.480102],[-43.578453,-2.506023],[-43.592254,-2.490561],[-43.574169,-2.480102],[-43.587019,-2.465551],[-43.612718,-2.506477],[-43.62414,-2.51057],[-43.649839,-2.492835],[-43.669827,-2.494654],[-43.680297,-2.512389],[-43.696954,-2.515117],[-43.710755,-2.519665],[-43.706472,-2.560137],[-43.687912,-2.568777],[-43.689815,-2.603792],[-43.745497,-2.637443],[-43.598441,-2.963946],[-43.571314,-3.038069],[-43.551326,-3.021698],[-43.546091,-3.003963],[-43.523247,-3.016241],[-43.499452,-3.014877],[-43.487078,-2.988957],[-43.45662,-2.983955]]],[[[-43.741213,-2.435083],[-43.727888,-2.424169],[-43.710279,-2.427353],[-43.686008,-2.39734],[-43.644604,-2.401432],[-43.628899,-2.358232],[-43.625092,-2.307301],[-43.594158,-2.282745],[-43.604152,-2.257734],[-43.626995,-2.251368],[-43.700761,-2.278652],[-43.720273,-2.291385],[-43.721701,-2.321853],[-43.739786,-2.350501],[-43.725033,-2.367782],[-43.726936,-2.386426],[-43.758822,-2.409163],[-43.762153,-2.418712],[-43.741213,-2.435083]]],[[[-43.541808,-2.37915],[-43.542283,-2.360506],[-43.557988,-2.355504],[-43.598441,-2.366872],[-43.612718,-2.378695],[-43.600344,-2.40598],[-43.581308,-2.42326],[-43.561796,-2.423715],[-43.541808,-2.37915]]],[[[-43.516108,-2.406889],[-43.50659,-2.384152],[-43.52991,-2.378695],[-43.535145,-2.406889],[-43.516108,-2.406889]]]]},"properties":{"cod_ibge":"210500","name":"Humberto de Campos","uf":"MA"}},
{"type":"Feature","geometry":{"type":"Polygon","coordinates":[[[-47.281025,-5.540504],[-47.255802,-5.511856],[-47.2025,-5.475931],[-47.174421,-5.451375],[-47.044974,-5.402718],[-47.012136,-5.3818],[-46.979775,-5.368158],[-46.947413,-5.364975],[-46.935515,-5.356335],[-46.906009,-5.35497],[-46.900298,-5.345876],[-46.912195,-5.286759],[-46.886972,-5.216275],[-46.889828,-5.207635],[-46.926949,-5.217184],[-46.945985,-5.213091],[-46.999287,-5.264932],[-47.031649,-5.282212],[-47.030697,-5.294035],[-47.055444,-5.300402],[-47.06401,-5.313589],[-47.111125,-5.313589],[-47.153481,-5.330869],[-47.175373,-5.350423],[-47.202024,-5.35497],[-47.226295,-5.342692],[-47.242,-5.344966],[-47.27341,-5.364975],[-47.270555,-5.380891],[-47.310055,-5.386347],[-47.33623,-5.440462],[-47.356694,-5.457287],[-47.37002,-5.457287],[-47.398099,-5.483207],[-47.406665,-5.509127],[-47.382394,-5.52186],[-47.373827,-5.537321],[-47.350032,-5.539595],[-47.319098,-5.55642],[-47.311483,-5.540504],[-47.281025,-5.540504]]]},"properties":{"cod_ibge":"211176","name":"Senador La Rocque","uf":"MA"}},
{"type":"Feature","geometry":{"type":"Polygon","coordinates":[[[-44.130983,-5.229917],[-44.09529,-5.349514],[-44.051506,-5.330414],[-44.040084,-5.315863],[-44.009626,-5.312225],[-43.953469,-5.331324],[-43.909209,-5.319046],[-43.872088,-5.32132],[-43.856383,-5.301766],[-43.815455,-5.284486],[-43.784045,-5.273572],[-44.016765,-5.166708],[-44.130983,-5.229917]]]},"properties":{"cod_ibge":"211174","name":"Senador Alexandre Costa","uf":"MA"}},
{"type":"Feature","geometry":{"type":"Polygon","coordinates":[[[-44.267569,-4.277691],[-44.342763,-4.099887],[-44.446987,-4.128991],[-44.486963,-4.1299],[-44.479824,-4.234036],[-44.500288,-4.255408],[-44.505523,-4.279055],[-44.476969,-4.279055],[-44.473162,-4.304975],[-44.406534,-4.321346],[-44.401775,-4.300428],[-44.356564,-4.268596],[-44.300883,-4.269505],[-44.267569,-4.277691]]]},"properties":{"cod_ibge":"210043","name":"Alto Alegre do Maranhão","uf":"MA"}},
{"type":"Feature","geometry":{"type":"Polygon","coordinates":[[[-45.189881,-2.040369],[-45.094699,-2.050373],[-44.967155,-2.170879],[-44.970011,-2.014903],[-44.924799,-2.014903],[-44.925275,-1.944873],[-44.913853,-1.919408],[-44.915281,-1.879845],[-44.928607,-1.878026],[-44.970962,-1.84483],[-44.970962,-1.82755],[-44.923372,-1.815727],[-44.904335,-1.817546],[-44.889106,-1.766615],[-44.908618,-1.732509],[-44.923847,-1.717958],[-44.881016,-1.708408],[-44.8596,-1.698404],[-44.842943,-1.680214],[-44.822479,-1.692492],[-44.80725,-1.6693],[-44.813912,-1.649292],[-44.848178,-1.629738],[-44.853889,-1.61746],[-44.871973,-1.601544],[-44.890058,-1.603818],[-44.927655,-1.607911],[-44.902907,-1.640197],[-44.910998,-1.650201],[-44.934317,-1.648837],[-44.978577,-1.662934],[-45.02474,-1.686581],[-45.081849,-1.693856],[-45.10041,-1.743878],[-45.129916,-1.767524],[-45.120874,-1.780257],[-45.090892,-1.788442],[-45.090892,-1.808451],[-45.127061,-1.835281],[-45.157995,-1.842102],[-45.177983,-1.856653],[-45.174652,-1.883483],[-45.142766,-1.903946],[-45.169892,-1.953058],[-45.185122,-1.993076],[-45.180838,-2.029],[-45.189881,-2.040369]]]},"properties":{"cod_ibge":"211178","name":"Serrano do Maranhão","uf":"MA"}},
{"type":"Feature","geometry":{"type":"Polygon","coordinates":[[[-45.561566,-3.987112],[-45.573463,-4.019853],[-45.558234,-4.060325],[-45.562041,-4.080788],[-45.581078,-4.109892],[-45.581078,-4.141723],[-45.591548,-4.158549],[-45.594879,-4.195837],[-45.595355,-4.221303],[-45.619151,-4.235855],[-45.626289,-4.26223],[-45.605349,-4.287695],[-45.576795,-4.280874],[-45.459721,-4.281329],[-45.425931,-4.265413],[-45.418793,-4.254499],[-45.402612,-4.187197],[-45.385479,-4.170827],[-45.364063,-4.169008],[-45.355973,-4.131264],[-45.376913,-4.116713],[-45.402612,-4.114894],[-45.431642,-4.141269],[-45.447347,-4.118986],[-45.426407,-4.088519],[-45.422124,-4.067601],[-45.446396,-4.074877],[-45.4878,-4.063508],[-45.550144,-3.987112],[-45.561566,-3.987112]]]},"properties":{"cod_ibge":"210040","name":"Altamira do Maranhão","uf":"MA"}},
{"type":"Feature","geometry":{"type":"Polygon","coordinates":[[[-42.81557,-5.318136],[-42.812239,-5.282212],[-42.829372,-5.239466],[-42.808908,-5.213091],[-42.798914,-5.1899],[-42.805576,-5.148518],[-42.81557,-5.125781],[-42.817474,-5.10168],[-42.835559,-5.073941],[-42.844601,-5.024374],[-42.863161,-4.967986],[-42.854119,-4.937064],[-42.868396,-4.92706],[-42.889812,-4.894773],[-43.039248,-4.927515],[-43.043531,-5.07576],[-43.063519,-5.081217],[-43.106351,-5.070303],[-43.132526,-5.086674],[-43.132526,-5.107137],[-43.143948,-5.115322],[-43.205816,-5.143061],[-43.203912,-5.166253],[-43.182496,-5.168527],[-43.159177,-5.200813],[-43.163936,-5.25038],[-43.189635,-5.286759],[-43.167267,-5.332688],[-43.151562,-5.354516],[-43.09826,-5.384983],[-43.059712,-5.384983],[-42.968337,-5.453649],[-42.93074,-5.439097],[-42.910752,-5.395897],[-42.886481,-5.391804],[-42.864589,-5.368613],[-42.825089,-5.34633],[-42.81557,-5.318136]]]},"properties":{"cod_ibge":"211220","name":"Timon","uf":"MA"}},
{"type":"Feature","geometry":{"type":"Polygon","coordinates":[[[-47.591794,-7.439955],[-47.560859,-7.449959],[-47.527546,-7.433588],[-47.502799,-7.439045],[-47.496136,-7.481336],[-47.479955,-7.494069],[-47.480431,-7.5259],[-47.462346,-7.518625],[-47.429033,-7.524991],[-47.429984,-7.547273],[-47.437599,-7.558187],[-47.400002,-7.567737],[-47.403334,-7.588655],[-47.383345,-7.600023],[-47.38858,-7.630945],[-47.382394,-7.654592],[-47.366213,-7.655501],[-47.357646,-7.615939],[-47.31529,-7.661868],[-47.336706,-7.664142],[-47.331471,-7.685514],[-47.317194,-7.704159],[-47.313387,-7.730988],[-47.289115,-7.729624],[-47.263892,-7.752816],[-47.245808,-7.78101],[-47.240573,-7.813751],[-47.207735,-7.833305],[-47.180608,-7.85968],[-47.157765,-7.892876],[-47.147295,-7.896969],[-47.13968,-7.925617],[-47.125879,-7.923798],[-47.10589,-7.951992],[-47.099704,-7.984733],[-47.062583,-8.004287],[-47.059727,-8.027934],[-47.045926,-8.052944],[-47.014992,-8.058856],[-46.963594,-8.039302],[-46.956931,-8.01702],[-46.941226,-7.997921],[-46.913147,-7.980641],[-46.898394,-7.987007],[-46.883165,-7.96427],[-46.828911,-7.962451],[-46.806544,-7.951083],[-46.84652,-7.880143],[-46.830815,-7.839671],[-46.83367,-7.822391],[-46.803688,-7.804202],[-46.795122,-7.766913],[-46.812255,-7.74554],[-46.830815,-7.74554],[-46.837002,-7.731898],[-46.868412,-7.736445],[-46.892683,-7.747359],[-46.917906,-7.714163],[-46.981202,-7.703704],[-47.012136,-7.703704],[-47.025938,-7.695973],[-47.057348,-7.656411],[-47.072101,-7.64959],[-47.106842,-7.64959],[-47.12683,-7.656411],[-47.16871,-7.644588],[-47.201072,-7.645497],[-47.212018,-7.621851],[-47.205355,-7.590019],[-47.19441,-7.574558],[-47.144439,-7.543635],[-47.124451,-7.518625],[-47.119216,-7.46633],[-47.109222,-7.435407],[-47.086378,-7.405849],[-47.026414,-7.382657],[-47.007853,-7.357192],[-46.983106,-7.354918],[-46.967877,-7.333545],[-46.974064,-7.302168],[-46.989293,-7.277612],[-46.98263,-7.258058],[-46.953124,-7.231229],[-46.926473,-7.216222],[-46.714217,-7.236686],[-46.71041,-7.210311],[-46.730398,-7.185755],[-46.72897,-7.163927],[-46.75229,-7.140735],[-46.774182,-7.129367],[-46.765615,-7.111177],[-46.77323,-7.08844],[-46.793694,-7.07207],[-46.845092,-7.060246],[-46.886972,-7.017046],[-46.909816,-7.017956],[-46.923617,-7.028415],[-46.94075,-7.018865],[-46.960738,-7.030234],[-46.980726,-7.011134],[-47.016895,-7.022048],[-47.036408,-7.017046],[-47.057824,-7.027505],[-47.106366,-7.008406],[-47.126355,-7.007951],[-47.143011,-6.995673],[-47.206307,-6.982941],[-47.219633,-6.991126],[-47.237717,-6.982486],[-47.274362,-6.98476],[-47.312435,-6.950199],[-47.324333,-6.952473],[-47.350508,-6.936102],[-47.382394,-6.931555],[-47.39905,-6.906544],[-47.456635,-6.874258],[-47.484714,-6.843335],[-47.520407,-6.840607],[-47.507082,-6.871984],[-47.507558,-6.906999],[-47.529449,-6.946107],[-47.528498,-6.970663],[-47.547058,-7.016591],[-47.574661,-7.050242],[-47.597029,-7.06343],[-47.618444,-7.091169],[-47.627487,-7.121636],[-47.644619,-7.143464],[-47.660324,-7.151194],[-47.694114,-7.137098],[-47.710771,-7.137552],[-47.745036,-7.162563],[-47.749795,-7.195304],[-47.737422,-7.216677],[-47.707915,-7.2285],[-47.68412,-7.245326],[-47.650806,-7.302168],[-47.627011,-7.300804],[-47.607499,-7.272155],[-47.591794,-7.26397],[-47.542775,-7.265334],[-47.499943,-7.293983],[-47.478051,-7.336729],[-47.483286,-7.364922],[-47.492804,-7.375836],[-47.579896,-7.418582],[-47.591794,-7.439955]]]},"properties":{"cod_ibge":"210280","name":"Carolina","uf":"MA"}},
{"type":"Feature","geometry":{"type":"Polygon","coordinates":[[[-43.355727,-6.349487],[-43.296714,-6.342212],[-43.099688,-6.424974],[-42.900282,-6.504099],[-42.886481,-6.504554],[-42.865541,-6.482272],[-42.877439,-6.416789],[-42.854595,-6.382683],[-42.851739,-6.358582],[-42.829372,-6.340393],[-42.84936,-6.308106],[-42.847456,-6.278093],[-42.854595,-6.249899],[-42.875535,-6.225798],[-42.89933,-6.22307],[-42.93312,-6.192602],[-42.969765,-6.177141],[-42.978331,-6.138488],[-42.992133,-6.11757],[-43.033537,-6.111203],[-43.049242,-6.101654],[-43.056856,-6.079826],[-43.074465,-6.057544],[-43.076369,-6.042538],[-43.049242,-6.013889],[-43.051145,-5.989788],[-43.070658,-5.97751],[-43.083983,-5.957501],[-43.086839,-5.919303],[-43.096357,-5.909754],[-43.333835,-5.911118],[-43.306709,-6.020255],[-43.314323,-6.025258],[-43.3286,-6.107566],[-43.313371,-6.193057],[-43.319558,-6.261268],[-43.397607,-6.275819],[-43.368577,-6.294919],[-43.338119,-6.282641],[-43.319082,-6.328115],[-43.355727,-6.349487]]]},"properties":{"cod_ibge":"211090","name":"São Francisco do Maranhão","uf":"MA"}},
{"type":"Feature","geometry":{"type":"Polygon","coordinates":[[[-45.947528,-1.795264],[-45.982745,-1.823912],[-46.0508,-1.908949],[-46.076499,-1.921227],[-46.081734,-1.95033],[-46.048896,-2.000806],[-46.049848,-2.025817],[-46.058891,-2.050828],[-46.098867,-2.092664],[-46.108385,-2.1345],[-46.150741,-2.194525],[-46.147886,-2.222719],[-46.12647,-2.216353],[-46.094108,-2.18634],[-46.068885,-2.15087],[-46.051276,-2.144504],[-46.017486,-2.159056],[-45.997974,-2.157237],[-45.984649,-2.15087],[-45.983697,-2.117674],[-45.943245,-2.056739],[-45.930871,-2.045825],[-45.911359,-2.008537],[-45.924208,-1.988983],[-45.910407,-1.97625],[-45.908979,-1.938507],[-45.890419,-1.916224],[-45.894226,-1.895761],[-45.880425,-1.867567],[-45.878997,-1.827095],[-45.872334,-1.80072],[-45.875666,-1.78435],[-45.933251,-1.787988],[-45.947528,-1.795264]]]},"properties":{"cod_ibge":"210632","name":"Maracaçumé","uf":"MA"}},
{"type":"Feature","geometry":{"type":"Polygon","coordinates":[[[-44.840087,-2.65927],[-44.879112,-2.640626],[-44.874353,-2.626983],[-44.944312,-2.618798],[-45.025692,-2.564229],[-45.041397,-2.541947],[-45.074235,-2.567413],[-45.076138,-2.610158],[-45.105645,-2.656996],[-45.108976,-2.692011],[-45.128488,-2.717477],[-45.128964,-2.745216],[-45.165133,-2.767498],[-45.183694,-2.798421],[-45.173224,-2.805696],[-45.157995,-2.837073],[-45.145621,-2.834345],[-44.882443,-2.70247],[-44.874829,-2.699287],[-44.840087,-2.65927]]]},"properties":{"cod_ibge":"210760","name":"Palmeirândia","uf":"MA"}},
{"type":"Feature","geometry":{"type":"Polygon","coordinates":[[[-45.641994,-3.626048],[-45.70529,-3.641964],[-45.732417,-3.635143],[-45.750977,-3.643783],[-45.813321,-3.636507],[-45.836165,-3.652878],[-45.86472,-3.663337],[-45.881852,-3.65788],[-45.913738,-3.691076],[-45.949907,-3.705627],[-45.982269,-3.68289],[-46.013203,-3.705627],[-46.042234,-3.700625],[-46.067933,-3.717451],[-46.101246,-3.717451],[-46.165018,-3.783843],[-46.179296,-3.815675],[-46.183103,-3.844323],[-46.203567,-3.874336],[-46.205471,-3.927541],[-46.258772,-3.966648],[-46.267815,-3.988931],[-46.225935,-4.010303],[-46.212609,-4.049411],[-46.267339,-4.128991],[-46.283044,-4.177648],[-46.284471,-4.227669],[-46.299225,-4.243585],[-46.292086,-4.2786],[-46.274001,-4.301792],[-46.093156,-4.034859],[-46.050324,-3.999844],[-46.017011,-3.995297],[-45.978938,-3.981655],[-45.928016,-3.952097],[-45.909931,-3.931633],[-45.901365,-3.903439],[-45.878997,-3.889797],[-45.846159,-3.880248],[-45.846159,-3.834774],[-45.839021,-3.816584],[-45.809514,-3.819312],[-45.785243,-3.832955],[-45.768586,-3.81522],[-45.77049,-3.798849],[-45.750977,-3.794302],[-45.743363,-3.813401],[-45.704338,-3.802942],[-45.685778,-3.78839],[-45.681971,-3.767017],[-45.661031,-3.745645],[-45.641994,-3.626048]]]},"properties":{"cod_ibge":"210047","name":"Alto Alegre do Pindaré","uf":"MA"}},
{"type":"Feature","geometry":{"type":"Polygon","coordinates":[[[-41.985585,-3.222693],[-42.245431,-3.199047],[-42.276841,-3.266803],[-42.272558,-3.444607],[-42.224491,-3.427326],[-42.201648,-3.431419],[-42.194509,-3.399587],[-42.167382,-3.396404],[-42.150725,-3.3864],[-42.146442,-3.356387],[-42.125978,-3.346383],[-42.120267,-3.310458],[-42.099327,-3.31546],[-42.101231,-3.291814],[-42.123123,-3.28954],[-42.123599,-3.266803],[-42.110273,-3.261801],[-42.068869,-3.264529],[-42.04079,-3.247249],[-42.012712,-3.248159],[-41.985585,-3.222693]]]},"properties":{"cod_ibge":"210630","name":"Magalhães de Almeida","uf":"MA"}},
{"type":"Feature","geometry":{"type":"Polygon","coordinates":[[[-43.45662,-2.983955],[-43.319082,-3.022153],[-43.297666,-3.021243],[-43.258166,-3.004418],[-43.242937,-2.99214],[-43.211051,-2.968948],[-43.185828,-2.958944],[-43.212954,-2.933933],[-43.226756,-2.893461],[-43.260069,-2.845259],[-43.284817,-2.792509],[-43.25769,-2.733393],[-43.261497,-2.719296],[-43.285293,-2.696559],[-43.319082,-2.642445],[-43.322414,-2.604701],[-43.347161,-2.55468],[-43.337167,-2.546494],[-43.340974,-2.500111],[-43.333835,-2.48374],[-43.304805,-2.47601],[-43.31813,-2.384607],[-43.314323,-2.3696],[-43.329552,-2.343226],[-43.369529,-2.347318],[-43.378095,-2.342316],[-43.405222,-2.335495],[-43.460427,-2.350501],[-43.478512,-2.366872],[-43.483271,-2.385516],[-43.451861,-2.443723],[-43.461855,-2.486469],[-43.449481,-2.559227],[-43.442818,-2.569231],[-43.462331,-2.592878],[-43.44377,-2.606975],[-43.435204,-2.646083],[-43.444246,-2.690647],[-43.439487,-2.730664],[-43.44615,-2.742033],[-43.438535,-2.778867],[-43.455192,-2.806151],[-43.461379,-2.832981],[-43.455668,-2.884821],[-43.417595,-2.916653],[-43.425686,-2.948485],[-43.45662,-2.983955]]]},"properties":{"cod_ibge":"210940","name":"Primeira Cruz","uf":"MA"}},
{"type":"Feature","geometry":{"type":"Polygon","coordinates":[[[-45.127537,-4.413203],[-45.238423,-4.393649],[-45.295057,-4.424117],[-45.335033,-4.424117],[-45.422124,-4.440942],[-45.526348,-4.427755],[-45.588216,-4.469591],[-45.593927,-4.531891],[-45.637711,-4.485962],[-45.698151,-4.501423],[-45.712429,-4.553263],[-45.714332,-4.559175],[-45.680067,-4.612834],[-45.686254,-4.626476],[-45.645801,-4.626022],[-45.609632,-4.591007],[-45.60059,-4.606013],[-45.566325,-4.609651],[-45.54015,-4.605558],[-45.506836,-4.615108],[-45.476854,-4.61238],[-45.437353,-4.572362],[-45.388335,-4.585095],[-45.365491,-4.606468],[-45.364063,-4.635571],[-45.345027,-4.648304],[-45.302195,-4.666494],[-45.259839,-4.649668],[-45.236996,-4.622384],[-45.205586,-4.603285],[-45.199399,-4.569634],[-45.213676,-4.552354],[-45.16085,-4.518703],[-45.109452,-4.449128],[-45.093747,-4.423208],[-45.127537,-4.413203]]]},"properties":{"cod_ibge":"210810","name":"Paulo Ramos","uf":"MA"}},
{"type":"Feature","geometry":{"type":"Polygon","coordinates":[[[-45.997974,-2.27365],[-46.007492,-2.295933],[-46.008444,-2.345045],[-46.000354,-2.351411],[-46.012727,-2.419167],[-46.031764,-2.432355],[-46.031288,-2.461003],[-46.052228,-2.490561],[-46.055559,-2.520574],[-46.068409,-2.561046],[-46.053656,-2.585147],[-46.057939,-2.627893],[-46.065077,-2.635624],[-46.062698,-2.667455],[-46.075071,-2.681552],[-46.064601,-2.686554],[-45.989884,-2.696104],[-45.99845,-2.665636],[-45.989408,-2.648356],[-45.983697,-2.611977],[-45.945624,-2.578781],[-45.929443,-2.546949],[-45.911835,-2.529214],[-45.90422,-2.469189],[-45.903744,-2.429626],[-45.900413,-2.414165],[-45.86234,-2.364598],[-45.852346,-2.345499],[-45.838545,-2.287747],[-45.837593,-2.245002],[-45.831882,-2.228631],[-45.805231,-2.202256],[-45.775725,-2.18725],[-45.74717,-2.189523],[-45.800472,-2.153144],[-45.863768,-2.181793],[-45.946576,-2.20453],[-45.93563,-2.251368],[-45.997974,-2.27365]]]},"properties":{"cod_ibge":"210637","name":"Maranhãozinho","uf":"MA"}},
{"type":"Feature","geometry":{"type":"Polygon","coordinates":[[[-43.682677,-5.909299],[-43.670779,-5.937493],[-43.662688,-6.008887],[-43.640321,-6.042538],[-43.6032,-6.075279],[-43.593206,-6.09938],[-43.566555,-6.1253],[-43.547043,-6.136669],[-43.538952,-6.171229],[-43.552753,-6.190328],[-43.577977,-6.262177],[-43.553229,-6.271272],[-43.521343,-6.260358],[-43.490409,-6.268998],[-43.449957,-6.260358],[-43.418547,-6.263087],[-43.397607,-6.275819],[-43.319558,-6.261268],[-43.313371,-6.193057],[-43.3286,-6.107566],[-43.314323,-6.025258],[-43.306709,-6.020255],[-43.333835,-5.911118],[-43.565603,-5.912937],[-43.569886,-5.904297],[-43.544663,-5.862461],[-43.536097,-5.83745],[-43.559892,-5.804709],[-43.560368,-5.771967],[-43.597489,-5.773331],[-43.606055,-5.737407],[-43.676966,-5.767875],[-43.716942,-5.802435],[-43.719322,-5.847454],[-43.676014,-5.871101],[-43.67411,-5.897476],[-43.682677,-5.909299]]]},"properties":{"cod_ibge":"210592","name":"Lagoa do Mato","uf":"MA"}},
{"type":"Feature","geometry":{"type":"Polygon","coordinates":[[[-45.345027,-4.648304],[-45.364063,-4.635571],[-45.365491,-4.606468],[-45.388335,-4.585095],[-45.437353,-4.572362],[-45.476854,-4.61238],[-45.506836,-4.615108],[-45.54015,-4.605558],[-45.566325,-4.609651],[-45.60059,-4.606013],[-45.609632,-4.591007],[-45.645801,-4.626022],[-45.686254,-4.626476],[-45.680067,-4.612834],[-45.714332,-4.559175],[-45.919925,-4.55872],[-45.922305,-4.615563],[-45.922781,-4.639664],[-45.867575,-4.627386],[-45.849015,-4.743799],[-45.712429,-4.775177],[-45.707194,-4.833383],[-45.598211,-4.893864],[-45.572036,-4.919784],[-45.57156,-4.943885],[-45.554903,-4.897956],[-45.526348,-4.889771],[-45.521113,-4.872946],[-45.488751,-4.866125],[-45.473998,-4.838385],[-45.456866,-4.841569],[-45.461149,-4.813829],[-45.455914,-4.787909],[-45.425931,-4.770174],[-45.420696,-4.747437],[-45.418793,-4.691504],[-45.40166,-4.689231],[-45.345027,-4.648304]]]},"properties":{"cod_ibge":"210635","name":"Marajá do Sena","uf":"MA"}},
{"type":"Feature","geometry":{"type":"Polygon","coordinates":[[[-44.025331,-5.377707],[-44.051506,-5.388621],[-44.057693,-5.419998],[-44.074826,-5.440007],[-44.068163,-5.459106],[-44.132411,-5.453649],[-44.164773,-5.459561],[-44.18714,-5.450921],[-44.207128,-5.464108],[-44.209508,-5.464108],[-44.195707,-5.545052],[-44.157158,-5.520496],[-44.143833,-5.521405],[-44.144308,-5.552328],[-44.122893,-5.588252],[-44.125272,-5.600075],[-44.177146,-5.649642],[-44.182381,-5.676927],[-44.164773,-5.706939],[-44.147164,-5.676017],[-44.114326,-5.642366],[-44.077205,-5.629179],[-44.0615,-5.610534],[-44.04294,-5.60917],[-44.019144,-5.553692],[-44.022,-5.525043],[-43.992018,-5.508218],[-43.979168,-5.516858],[-43.973933,-5.538231],[-43.952517,-5.545507],[-43.942047,-5.534593],[-43.959656,-5.497759],[-43.979644,-5.496395],[-43.993921,-5.476841],[-44.002012,-5.448192],[-44.021524,-5.424546],[-44.028663,-5.400444],[-44.025331,-5.377707]]]},"properties":{"cod_ibge":"210462","name":"Governador Luiz Rocha","uf":"MA"}},
{"type":"Feature","geometry":{"type":"Polygon","coordinates":[[[-44.725393,-4.650578],[-44.659718,-4.632843],[-44.65829,-4.606468],[-44.609747,-4.572362],[-44.604512,-4.500513],[-44.596898,-4.485052],[-44.600229,-4.452311],[-44.747761,-4.454585],[-44.747761,-4.566451],[-44.747761,-4.603739],[-44.725393,-4.650578]]]},"properties":{"cod_ibge":"211223","name":"Trizidela do Vale","uf":"MA"}},
{"type":"Feature","geometry":{"type":"Polygon","coordinates":[[[-44.622121,-3.85069],[-44.933366,-3.916172],[-44.956685,-3.872972],[-44.992378,-3.933452],[-45.004276,-3.942547],[-45.009987,-3.964375],[-45.029023,-4.041226],[-45.022361,-4.048047],[-45.011891,-4.113984],[-44.841991,-4.113075],[-44.851985,-4.080788],[-44.829617,-4.076695],[-44.801539,-4.047137],[-44.803442,-4.003482],[-44.793448,-3.979836],[-44.77346,-3.973924],[-44.753472,-3.944821],[-44.710164,-3.931179],[-44.714923,-3.918901],[-44.676851,-3.881612],[-44.66067,-3.884795],[-44.624501,-3.85933],[-44.622121,-3.85069]]]},"properties":{"cod_ibge":"210590","name":"Lago Verde","uf":"MA"}},
{"type":"Feature","geometry":{"type":"Polygon","coordinates":[[[-44.207128,-5.464108],[-44.18714,-5.450921],[-44.164773,-5.459561],[-44.132411,-5.453649],[-44.068163,-5.459106],[-44.074826,-5.440007],[-44.057693,-5.419998],[-44.051506,-5.388621],[-44.025331,-5.377707],[-43.869233,-5.472748],[-43.872088,-5.455013],[-43.859715,-5.431367],[-43.88351,-5.384983],[-43.882558,-5.333598],[-43.872088,-5.32132],[-43.909209,-5.319046],[-43.953469,-5.331324],[-44.009626,-5.312225],[-44.040084,-5.315863],[-44.051506,-5.330414],[-44.09529,-5.349514],[-44.130983,-5.229917],[-44.306593,-5.331324],[-44.207128,-5.464108]]]},"properties":{"cod_ibge":"210460","name":"Governador Eugênio Barros","uf":"MA"}},
{"type":"Feature","geometry":{"type":"Polygon","coordinates":[[[-45.605825,-4.992997],[-45.603921,-4.992088],[-45.279827,-5.055297],[-45.260315,-5.028012],[-45.238899,-5.014825],[-45.232237,-4.992997],[-45.238423,-4.97981],[-45.276496,-4.957527],[-45.283635,-4.927515],[-45.280779,-4.895228],[-45.291725,-4.853392],[-45.303623,-4.845207],[-45.305051,-4.824743],[-45.316948,-4.807463],[-45.348358,-4.793821],[-45.408323,-4.796549],[-45.425931,-4.770174],[-45.455914,-4.787909],[-45.461149,-4.813829],[-45.456866,-4.841569],[-45.473998,-4.838385],[-45.488751,-4.866125],[-45.521113,-4.872946],[-45.526348,-4.889771],[-45.554903,-4.897956],[-45.57156,-4.943885],[-45.604397,-4.981174],[-45.605825,-4.992997]]]},"properties":{"cod_ibge":"210596","name":"Lagoa Grande do Maranhão","uf":"MA"}},
{"type":"Feature","geometry":{"type":"Polygon","coordinates":[[[-44.173815,-2.45782],[-44.170008,-2.474645],[-44.136218,-2.459639],[-44.092434,-2.454637],[-44.062452,-2.460549],[-44.061024,-2.486469],[-44.052458,-2.466005],[-44.026759,-2.451454],[-44.023428,-2.431445],[-44.031994,-2.406434],[-44.094814,-2.406434],[-44.154303,-2.435993],[-44.173815,-2.45782]]]},"properties":{"cod_ibge":"210945","name":"Raposa","uf":"MA"}},
{"type":"Feature","geometry":{"type":"Polygon","coordinates":[[[-45.661031,-3.745645],[-45.624386,-3.732912],[-45.598211,-3.915263],[-45.563945,-3.878429],[-45.528252,-3.852054],[-45.528252,-3.793847],[-45.532535,-3.776567],[-45.537294,-3.70108],[-45.499221,-3.698352],[-45.521589,-3.660608],[-45.554903,-3.658789],[-45.607729,-3.681526],[-45.622006,-3.662882],[-45.627717,-3.63105],[-45.641994,-3.626048],[-45.661031,-3.745645]]]},"properties":{"cod_ibge":"211227","name":"Tufilândia","uf":"MA"}},
{"type":"Feature","geometry":{"type":"Polygon","coordinates":[[[-44.842943,-4.505516],[-44.871497,-4.486871],[-44.919088,-4.495057],[-44.927655,-4.520977],[-44.998565,-4.59328],[-44.998089,-4.631933],[-45.039017,-4.677407],[-45.041397,-4.686502],[-45.039969,-4.69105],[-44.983336,-4.66422],[-44.983336,-4.639664],[-44.958113,-4.652397],[-44.978577,-4.671041],[-44.975722,-4.69105],[-44.950974,-4.692869],[-44.933366,-4.666948],[-44.902907,-4.645121],[-44.903383,-4.626476],[-44.891962,-4.61238],[-44.891962,-4.58464],[-44.851509,-4.547806],[-44.842943,-4.505516]]]},"properties":{"cod_ibge":"210594","name":"Lago dos Rodrigues","uf":"MA"}},
{"type":"Feature","geometry":{"type":"Polygon","coordinates":[[[-45.633428,-2.17861],[-45.639615,-2.17861],[-45.662934,-2.131317],[-45.662458,-2.111308],[-45.687206,-2.086752],[-45.674832,-2.056739],[-45.691013,-1.970793],[-45.701959,-1.954423],[-45.796189,-1.894397],[-45.8019,-1.867112],[-45.819032,-1.833462],[-45.85187,-1.81891],[-45.872334,-1.80072],[-45.878997,-1.827095],[-45.880425,-1.867567],[-45.894226,-1.895761],[-45.890419,-1.916224],[-45.908979,-1.938507],[-45.910407,-1.97625],[-45.924208,-1.988983],[-45.911359,-2.008537],[-45.930871,-2.045825],[-45.943245,-2.056739],[-45.983697,-2.117674],[-45.984649,-2.15087],[-45.997974,-2.157237],[-45.992739,-2.174517],[-46.005113,-2.213625],[-45.994643,-2.254551],[-45.997974,-2.27365],[-45.93563,-2.251368],[-45.946576,-2.20453],[-45.863768,-2.181793],[-45.800472,-2.153144],[-45.74717,-2.189523],[-45.740983,-2.191342],[-45.709573,-2.243637],[-45.683874,-2.226812],[-45.638663,-2.197254],[-45.633428,-2.17861]]]},"properties":{"cod_ibge":"210467","name":"Governador Nunes Freire","uf":"MA"}},
{"type":"Feature","geometry":{"type":"Polygon","coordinates":[[[-43.594633,-4.228579],[-43.752159,-4.241766],[-43.807841,-4.324529],[-43.82307,-4.328167],[-43.834968,-4.345902],[-43.87304,-4.356361],[-43.897788,-4.326348],[-43.921107,-4.309977],[-43.936812,-4.334988],[-44.000108,-4.395923],[-44.093386,-4.494602],[-44.087675,-4.505516],[-44.196183,-4.527798],[-44.217598,-4.550535],[-44.233779,-4.621929],[-44.226641,-4.645576],[-44.207604,-4.65467],[-44.199038,-4.69105],[-44.19761,-4.729248],[-44.220454,-4.759261],[-44.233303,-4.789728],[-44.253292,-4.813375],[-44.311353,-4.843842],[-44.322298,-4.834748],[-44.344666,-4.848844],[-44.359895,-4.876129],[-44.357992,-4.894773],[-44.306593,-4.912053],[-44.268997,-4.912963],[-44.217123,-4.907506],[-44.20808,-4.882495],[-44.186188,-4.879312],[-44.171911,-4.8925],[-44.170483,-4.912053],[-44.122417,-4.904323],[-44.115754,-4.923422],[-44.135266,-4.948887],[-44.132887,-4.963439],[-44.112898,-4.969805],[-44.108615,-4.987995],[-44.079109,-4.986176],[-44.066259,-4.993907],[-44.021048,-4.980264],[-44.008674,-4.997545],[-43.987258,-5.010732],[-43.983451,-5.031195],[-43.960132,-5.050294],[-43.925866,-5.025738],[-43.897312,-5.016644],[-43.871137,-5.000728],[-43.855908,-4.977991],[-43.848293,-4.94434],[-43.83116,-4.931607],[-43.83116,-4.897956],[-43.853052,-4.882041],[-43.843058,-4.861577],[-43.84163,-4.813829],[-43.826877,-4.790638],[-43.84163,-4.763353],[-43.835443,-4.756532],[-43.721701,-4.739252],[-43.700285,-4.731521],[-43.677442,-4.738797],[-43.657929,-4.755168],[-43.63223,-4.739707],[-43.606055,-4.679226],[-43.584639,-4.659673],[-43.610338,-4.636936],[-43.620333,-4.61238],[-43.640797,-4.583276],[-43.678869,-4.55008],[-43.742165,-4.475503],[-43.724557,-4.47141],[-43.701237,-4.479595],[-43.696002,-4.492328],[-43.500879,-4.378188],[-43.368101,-4.301792],[-43.429017,-4.223122],[-43.500403,-4.190381],[-43.515633,-4.186743],[-43.594633,-4.228579]]]},"properties":{"cod_ibge":"210330","name":"Codó","uf":"MA"}},
{"type":"Feature","geometry":{"type":"Polygon","coordinates":[[[-45.542053,-3.485078],[-45.545385,-3.470072],[-45.593451,-3.426417],[-45.632476,-3.36912],[-45.660079,-3.338652],[-45.798568,-3.335469],[-45.878521,-3.315915],[-45.909455,-3.378669],[-45.939437,-3.365936],[-45.976082,-3.373212],[-45.995595,-3.367755],[-46.019866,-3.37776],[-46.060794,-3.363208],[-46.196904,-3.362753],[-46.250682,-3.324555],[-46.264007,-3.319098],[-46.278285,-3.346383],[-46.279712,-3.408227],[-46.274001,-3.423234],[-46.29161,-3.432783],[-46.26258,-3.467344],[-46.273525,-3.485988],[-46.109337,-3.485988],[-45.923732,-3.485533],[-45.687681,-3.487352],[-45.543005,-3.490081],[-45.542053,-3.485078]]]},"properties":{"cod_ibge":"210465","name":"Governador Newton Bello","uf":"MA"}},
{"type":"Feature","geometry":{"type":"Polygon","coordinates":[[[-42.965958,-3.422779],[-42.952156,-3.401406],[-42.932168,-3.387764],[-42.75275,-3.414139],[-42.567146,-3.558292],[-42.562863,-3.559201],[-42.55382,-3.538283],[-42.530025,-3.511453],[-42.527169,-3.485533],[-42.507657,-3.473255],[-42.496235,-3.445971],[-42.640436,-3.36048],[-42.852215,-3.234971],[-42.824613,-3.216327],[-43.041151,-3.130381],[-43.043055,-3.137202],[-43.042103,-3.164032],[-43.030681,-3.172672],[-43.086839,-3.217691],[-43.086839,-3.244066],[-43.112062,-3.244521],[-43.126339,-3.262256],[-43.133954,-3.294087],[-43.126339,-3.339562],[-43.159653,-3.359115],[-43.162984,-3.433238],[-43.137761,-3.465525],[-43.129194,-3.478712],[-42.965958,-3.422779]]]},"properties":{"cod_ibge":"211010","name":"Santa Quitéria do Maranhão","uf":"MA"}},
{"type":"Feature","geometry":{"type":"Polygon","coordinates":[[[-41.826155,-2.757494],[-41.807119,-2.73021],[-41.834246,-2.723843],[-41.910391,-2.718841],[-41.960838,-2.718841],[-41.983681,-2.723388],[-42.018899,-2.713839],[-42.016519,-2.737485],[-42.04317,-2.729755],[-42.057447,-2.698832],[-42.071249,-2.687009],[-42.095044,-2.693376],[-42.1374,-2.69474],[-42.212594,-2.687009],[-42.222588,-2.692011],[-42.194509,-2.709746],[-42.152629,-2.719751],[-42.116936,-2.747035],[-42.11646,-2.756584],[-42.096948,-2.758858],[-42.071249,-2.814336],[-42.08743,-2.835709],[-42.095996,-2.876636],[-42.083146,-2.913925],[-42.113129,-2.929386],[-42.130261,-2.947121],[-42.127406,-2.987593],[-42.048405,-2.990321],[-42.066965,-3.016241],[-42.12693,-3.039433],[-42.146918,-3.056258],[-42.169286,-3.057623],[-42.18975,-3.069901],[-42.253522,-3.079905],[-42.279221,-3.078995],[-42.309203,-3.092638],[-42.245431,-3.199047],[-41.985585,-3.222693],[-41.979874,-3.215872],[-41.97226,-3.19268],[-41.947036,-3.174036],[-41.924669,-3.138112],[-41.925145,-3.113101],[-41.895638,-3.094002],[-41.868987,-3.060351],[-41.822824,-3.01806],[-41.809975,-2.980317],[-41.796649,-2.960763],[-41.806167,-2.938481],[-41.834246,-2.915744],[-41.866132,-2.869815],[-41.845192,-2.813882],[-41.848523,-2.783869],[-41.826155,-2.757494]]]},"properties":{"cod_ibge":"210090","name":"Araioses","uf":"MA"}},
{"type":"Feature","geometry":{"type":"Polygon","coordinates":[[[-45.543005,-3.490081],[-45.687681,-3.487352],[-45.923732,-3.485533],[-46.109337,-3.485988],[-46.103626,-3.51782],[-46.118855,-3.520548],[-46.127421,-3.557837],[-46.112192,-3.605585],[-46.139795,-3.598309],[-46.191193,-3.574662],[-46.222127,-3.589214],[-46.242116,-3.585121],[-46.259248,-3.566477],[-46.312074,-3.546468],[-46.366804,-3.560111],[-46.3649,-3.57057],[-46.4044,-3.591942],[-46.434383,-3.585576],[-46.441045,-3.574662],[-46.48007,-3.603766],[-46.489588,-3.617863],[-46.529565,-3.632414],[-46.539559,-3.626957],[-46.575728,-3.64924],[-46.599523,-3.674705],[-46.617132,-3.679252],[-46.627126,-3.70199],[-46.646638,-3.706537],[-46.659964,-3.696078],[-46.696133,-3.704718],[-46.711362,-3.74428],[-46.737537,-3.776112],[-46.727067,-3.807035],[-46.724687,-3.839321],[-46.69756,-3.854782],[-46.709458,-3.877974],[-46.757525,-3.905258],[-46.760856,-3.975743],[-46.80464,-3.998935],[-46.84414,-4.003028],[-46.86984,-4.032131],[-46.891731,-4.043954],[-46.900298,-4.076241],[-46.926949,-4.0867],[-46.948365,-4.080788],[-46.962166,-4.090792],[-46.967877,-4.118986],[-47.010233,-4.174465],[-47.013088,-4.193109],[-47.029745,-4.220393],[-47.072577,-4.236764],[-47.073053,-4.274053],[-47.088282,-4.303611],[-47.063059,-4.344538],[-47.057348,-4.368184],[-47.030221,-4.389557],[-47.015944,-4.418205],[-46.999763,-4.4273],[-46.964545,-4.425481],[-46.933135,-4.442761],[-46.891731,-4.42821],[-46.86984,-4.42821],[-46.842237,-4.394104],[-46.811303,-4.375005],[-46.767043,-4.372277],[-46.73944,-4.382736],[-46.680904,-4.344083],[-46.632361,-4.334988],[-46.59286,-4.309068],[-46.564306,-4.282238],[-46.539083,-4.269505],[-46.533372,-4.240857],[-46.479118,-4.198566],[-46.450088,-4.169008],[-46.42534,-4.119896],[-46.37299,-4.08579],[-46.358713,-4.055323],[-46.303032,-4.020308],[-46.28923,-4.019398],[-46.267815,-3.988931],[-46.258772,-3.966648],[-46.205471,-3.927541],[-46.203567,-3.874336],[-46.183103,-3.844323],[-46.179296,-3.815675],[-46.165018,-3.783843],[-46.101246,-3.717451],[-46.067933,-3.717451],[-46.042234,-3.700625],[-46.013203,-3.705627],[-45.982269,-3.68289],[-45.949907,-3.705627],[-45.913738,-3.691076],[-45.881852,-3.65788],[-45.86472,-3.663337],[-45.836165,-3.652878],[-45.813321,-3.636507],[-45.750977,-3.643783],[-45.732417,-3.635143],[-45.70529,-3.641964],[-45.641994,-3.626048],[-45.627717,-3.63105],[-45.622006,-3.662882],[-45.607729,-3.681526],[-45.554903,-3.658789],[-45.521589,-3.660608],[-45.499221,-3.698352],[-45.476854,-3.681526],[-45.462576,-3.657425],[-45.463528,-3.636962],[-45.43307,-3.617863],[-45.398805,-3.610587],[-45.40404,-3.576481],[-45.441161,-3.593761],[-45.46448,-3.592397],[-45.491131,-3.611041],[-45.506836,-3.579664],[-45.520637,-3.580574],[-45.521589,-3.538283],[-45.533963,-3.528279],[-45.543005,-3.490081]]]},"properties":{"cod_ibge":"210200","name":"Bom Jardim","uf":"MA"}},
{"type":"Feature","geometry":{"type":"Polygon","coordinates":[[[-47.04307,-6.197604],[-47.039263,-6.211701],[-46.958835,-6.2308],[-46.919334,-6.219886],[-46.913623,-6.210337],[-46.85461,-6.189419],[-46.847472,-6.19533],[-46.800833,-6.203971],[-46.793218,-6.190328],[-46.764188,-6.195785],[-46.701844,-6.189874],[-46.694705,-6.163953],[-46.679952,-6.155768],[-46.672337,-6.13394],[-46.692325,-6.111203],[-46.727067,-6.085738],[-46.713265,-6.069367],[-46.73135,-6.056635],[-46.742296,-6.034352],[-46.735157,-6.013434],[-46.763236,-5.97751],[-46.783224,-5.967051],[-46.802736,-5.972508],[-46.843189,-5.967506],[-46.859845,-5.99388],[-46.90125,-6.013889],[-46.940274,-6.013889],[-46.952172,-6.039355],[-46.985485,-6.051178],[-47.025938,-6.04663],[-47.041643,-6.026622],[-47.087806,-6.028441],[-47.098276,-6.019346],[-47.180132,-6.034807],[-47.191078,-6.02071],[-47.209639,-6.033898],[-47.234862,-6.035717],[-47.222012,-6.077553],[-47.242,-6.10893],[-47.206307,-6.118025],[-47.185367,-6.105747],[-47.165379,-6.112568],[-47.112553,-6.156223],[-47.088758,-6.153494],[-47.069245,-6.182598],[-47.04307,-6.197604]]]},"properties":{"cod_ibge":"210598","name":"Lajeado Novo","uf":"MA"}},
{"type":"Feature","geometry":{"type":"Polygon","coordinates":[[[-48.224753,-5.235374],[-48.216662,-5.22355],[-48.221421,-5.195357],[-48.203337,-5.169436],[-48.200005,-5.152156],[-48.210475,-5.097133],[-48.222849,-5.073941],[-48.213331,-5.047111],[-48.193343,-5.021191],[-48.195246,-4.994361],[-48.187156,-4.982083],[-48.212379,-4.924786],[-48.373712,-5.052568],[-48.418923,-5.085764],[-48.437008,-5.078488],[-48.439388,-5.100771],[-48.451761,-5.112139],[-48.754915,-5.349059],[-48.712083,-5.353151],[-48.699234,-5.319955],[-48.679246,-5.305858],[-48.658306,-5.308132],[-48.630227,-5.333143],[-48.605956,-5.336326],[-48.584064,-5.311315],[-48.568359,-5.283121],[-48.56122,-5.230372],[-48.548847,-5.213546],[-48.51934,-5.192173],[-48.487454,-5.193992],[-48.472701,-5.187171],[-48.363718,-5.168527],[-48.328501,-5.196721],[-48.293283,-5.203997],[-48.224753,-5.235374]]]},"properties":{"cod_ibge":"211153","name":"São Pedro da Água Branca","uf":"MA"}}
]}