{"type":"FeatureCollection", "features": [
{"type":"Feature","geometry":{"type":"Polygon","coordinates":[[[-42.02223,-6.207608],[-42.008905,-6.194421],[-41.953223,-6.180779],[-41.913723,-6.198059],[-41.872795,-6.202152],[-41.858993,-6.221705],[-41.826631,-6.233074],[-41.798077,-6.257175],[-41.749058,-6.252628],[-41.720028,-6.268089],[-41.682907,-6.265815],[-41.672437,-6.275819],[-41.633888,-6.271727],[-41.734781,-6.209882],[-41.71622,-6.159861],[-41.640075,-6.073005],[-41.678148,-6.032988],[-41.667678,-5.972508],[-41.763335,-6.029805],[-41.799505,-5.974327],[-41.824728,-5.991152],[-41.841385,-6.016618],[-41.882789,-6.060273],[-41.903253,-6.062092],[-41.971784,-6.087557],[-42.060779,-6.052087],[-42.036507,-6.112568],[-42.05364,-6.113022],[-42.045074,-6.141671],[-42.045074,-6.185326],[-42.02223,-6.207608]]]},"properties":{"cod_ibge":"220090","name":"Aroazes","uf":"PI"}},
{"type":"Feature","geometry":{"type":"Polygon","coordinates":[[[-42.338234,-7.948809],[-42.357746,-7.811023],[-42.415807,-7.757363],[-42.476723,-7.701885],[-42.482434,-7.836033],[-42.508609,-7.8424],[-42.584279,-7.680057],[-42.599508,-7.694154],[-42.5957,-7.813751],[-42.588086,-7.861954],[-42.557152,-7.866046],[-42.544302,-7.884691],[-42.583327,-7.891966],[-42.5562,-8.066132],[-42.523362,-8.081138],[-42.441982,-8.066132],[-42.429132,-8.012927],[-42.42247,-8.001104],[-42.379162,-7.992919],[-42.362029,-7.950173],[-42.338234,-7.948809]]]},"properties":{"cod_ibge":"221090","name":"Socorro do Piauí","uf":"PI"}},
{"type":"Feature","geometry":{"type":"Polygon","coordinates":[[[-45.379292,-9.980588],[-45.271737,-9.985136],[-45.256984,-9.935569],[-45.13991,-9.935569],[-45.027596,-9.974677],[-44.956209,-9.823703],[-44.990475,-9.809151],[-45.020457,-9.808242],[-45.03759,-9.819156],[-45.087084,-9.806878],[-45.099934,-9.795054],[-45.155139,-9.804604],[-45.180838,-9.800966],[-45.233664,-9.820975],[-45.250797,-9.822339],[-45.27602,-9.802785],[-45.306002,-9.796873],[-45.308382,-9.780503],[-45.325991,-9.771863],[-45.331226,-9.740031],[-45.311237,-9.716384],[-45.299816,-9.693193],[-45.335033,-9.67955],[-45.114687,-9.33031],[-45.311713,-9.243],[-45.511595,-9.17206],[-45.410226,-9.459001],[-45.513499,-9.459001],[-45.515402,-9.483103],[-45.531107,-9.495835],[-45.583933,-9.516753],[-45.613916,-9.513115],[-45.64485,-9.532215],[-45.667693,-9.535398],[-45.688157,-9.556771],[-45.71576,-9.545857],[-45.741935,-9.512661],[-45.76811,-9.502656],[-45.790954,-9.482648],[-45.811418,-9.504021],[-45.841876,-9.562682],[-45.838069,-9.594514],[-45.82046,-9.617706],[-45.83331,-9.652266],[-45.829502,-9.680005],[-45.806183,-9.68819],[-45.756688,-9.726843],[-45.734796,-9.751854],[-45.665314,-9.802785],[-45.557282,-9.739576],[-45.541101,-9.74958],[-45.549192,-9.766861],[-45.543957,-9.782322],[-45.514451,-9.81097],[-45.483041,-9.829615],[-45.457817,-9.851897],[-45.412606,-9.909649],[-45.394521,-9.91738],[-45.392618,-9.951485],[-45.379292,-9.980588]]]},"properties":{"cod_ibge":"220440","name":"Gilbués","uf":"PI"}},
{"type":"Feature","geometry":{"type":"Polygon","coordinates":[[[-42.96453,-4.360908],[-42.963578,-4.354087],[-42.886481,-4.364091],[-42.83651,-4.392285],[-42.812239,-4.398652],[-42.772739,-4.395468],[-42.711346,-4.397742],[-42.581423,-4.426846],[-42.581423,-4.386828],[-42.557152,-4.366365],[-42.548109,-4.344992],[-42.616164,-4.238128],[-42.646623,-4.13081],[-42.658996,-4.077605],[-42.684219,-4.093521],[-42.709919,-4.088973],[-42.748943,-4.053049],[-42.783684,-3.996206],[-42.790823,-3.978926],[-42.796058,-3.993933],[-42.816522,-3.993023],[-42.845077,-4.037588],[-42.856023,-4.079424],[-42.869824,-4.10398],[-42.900282,-4.117167],[-42.890288,-4.154911],[-42.923602,-4.153092],[-42.942638,-4.167189],[-42.986422,-4.220393],[-42.984994,-4.283602],[-42.977379,-4.308613],[-42.965482,-4.322255],[-42.96453,-4.360908]]]},"properties":{"cod_ibge":"220620","name":"Miguel Alves","uf":"PI"}},
{"type":"Feature","geometry":{"type":"Polygon","coordinates":[[[-41.439241,-6.999311],[-41.437338,-7.010225],[-41.405928,-7.040238],[-41.403548,-7.05479],[-41.371662,-7.067522],[-41.332162,-7.061611],[-41.333114,-7.099354],[-41.232697,-7.110723],[-41.254589,-7.078891],[-41.317409,-7.007042],[-41.311222,-6.989762],[-41.346915,-6.986124],[-41.393554,-6.949745],[-41.399265,-6.905635],[-41.411639,-6.902452],[-41.442097,-6.912001],[-41.435434,-6.95793],[-41.416874,-6.999311],[-41.439241,-6.999311]]]},"properties":{"cod_ibge":"221093","name":"Sussuapara","uf":"PI"}},
{"type":"Feature","geometry":{"type":"Polygon","coordinates":[[[-41.232697,-7.110723],[-41.192721,-7.11527],[-41.187486,-6.99249],[-41.158455,-6.864708],[-41.143226,-6.750568],[-41.130376,-6.655073],[-41.189865,-6.663713],[-41.197004,-6.679629],[-41.188913,-6.733743],[-41.198431,-6.746476],[-41.19748,-6.768303],[-41.229841,-6.792859],[-41.220323,-6.820144],[-41.20557,-6.844245],[-41.200811,-6.889719],[-41.239836,-6.929281],[-41.243643,-6.949745],[-41.284571,-6.959749],[-41.288854,-6.977484],[-41.311222,-6.989762],[-41.317409,-7.007042],[-41.254589,-7.078891],[-41.232697,-7.110723]]]},"properties":{"cod_ibge":"220940","name":"Santo Antônio de Lisboa","uf":"PI"}},
{"type":"Feature","geometry":{"type":"Polygon","coordinates":[[[-43.096357,-5.909754],[-43.086839,-5.919303],[-43.083983,-5.957501],[-43.070658,-5.97751],[-43.051145,-5.989788],[-43.049242,-6.013889],[-43.076369,-6.042538],[-43.074465,-6.057544],[-43.056856,-6.079826],[-43.049242,-6.101654],[-43.033537,-6.111203],[-42.992133,-6.11757],[-42.978331,-6.138488],[-42.793203,-6.10029],[-42.791775,-6.068458],[-42.820329,-5.991607],[-42.811287,-5.994335],[-42.780353,-5.963413],[-42.776546,-5.958411],[-42.744184,-5.849728],[-42.777498,-5.847454],[-42.851264,-5.870191],[-42.853643,-5.848364],[-42.941686,-5.720127],[-42.936451,-5.704666],[-42.975476,-5.682838],[-42.953108,-5.652371],[-42.971669,-5.628724],[-42.914559,-5.625996],[-42.941686,-5.586433],[-42.955012,-5.567334],[-42.970717,-5.561877],[-43.00403,-5.542778],[-43.024494,-5.561877],[-43.033061,-5.59189],[-43.082079,-5.599621],[-43.094929,-5.615082],[-43.080176,-5.649187],[-43.088742,-5.67147],[-43.075893,-5.735588],[-43.093977,-5.742409],[-43.101116,-5.75878],[-43.090646,-5.807892],[-43.094453,-5.835176],[-43.074941,-5.865189],[-43.099212,-5.901568],[-43.096357,-5.909754]]]},"properties":{"cod_ibge":"220750","name":"Palmeirais","uf":"PI"}},
{"type":"Feature","geometry":{"type":"Polygon","coordinates":[[[-41.879933,-4.680591],[-41.864228,-4.680591],[-41.85709,-4.642847],[-41.840433,-4.624658],[-41.879457,-4.590097],[-41.921813,-4.543714],[-41.964169,-4.529162],[-42.034604,-4.529162],[-42.044598,-4.558265],[-42.015091,-4.568724],[-42.036031,-4.603285],[-42.029845,-4.623293],[-42.058875,-4.642392],[-42.06173,-4.660582],[-42.042218,-4.671041],[-42.034128,-4.687866],[-42.003194,-4.700599],[-41.95132,-4.688776],[-41.949892,-4.676498],[-41.908964,-4.6815],[-41.879933,-4.680591]]]},"properties":{"cod_ibge":"220271","name":"Cocal de Telha","uf":"PI"}},
{"type":"Feature","geometry":{"type":"Polygon","coordinates":[[[-42.334902,-6.72965],[-42.317294,-6.705094],[-42.254474,-6.750568],[-42.163099,-6.766484],[-42.165479,-6.758299],[-42.1374,-6.731924],[-42.145966,-6.64234],[-42.182611,-6.647342],[-42.205455,-6.62506],[-42.279697,-6.596411],[-42.305396,-6.590045],[-42.309679,-6.514103],[-42.356318,-6.528655],[-42.375355,-6.6769],[-42.362505,-6.679174],[-42.364885,-6.713734],[-42.334902,-6.72965]]]},"properties":{"cod_ibge":"221097","name":"Tanque do Piauí","uf":"PI"}},
{"type":"Feature","geometry":{"type":"Polygon","coordinates":[[[-41.523953,-3.605585],[-41.487308,-3.653787],[-41.457802,-3.669703],[-41.44876,-3.702444],[-41.449711,-3.742461],[-41.418301,-3.753375],[-41.400693,-3.730638],[-41.375946,-3.711994],[-41.360241,-3.709265],[-41.334541,-3.69153],[-41.334066,-3.6838],[-41.34168,-3.680617],[-41.33121,-3.624684],[-41.34406,-3.590578],[-41.367855,-3.578755],[-41.367379,-3.561475],[-41.394506,-3.547833],[-41.421633,-3.521458],[-41.430675,-3.538283],[-41.517766,-3.566022],[-41.523953,-3.605585]]]},"properties":{"cod_ibge":"220272","name":"Cocal dos Alves","uf":"PI"}},
{"type":"Feature","geometry":{"type":"Polygon","coordinates":[[[-41.613424,-7.327634],[-41.605334,-7.2908],[-41.564405,-7.293983],[-41.554887,-7.305806],[-41.469224,-7.313082],[-41.428296,-7.275339],[-41.396886,-7.263061],[-41.431151,-7.227136],[-41.462561,-7.187574],[-41.491591,-7.176205],[-41.49873,-7.161199],[-41.521574,-7.158016],[-41.536327,-7.172567],[-41.551556,-7.166656],[-41.576779,-7.194395],[-41.591056,-7.2285],[-41.609617,-7.223953],[-41.611996,-7.233502],[-41.648165,-7.23805],[-41.657208,-7.277158],[-41.648165,-7.293073],[-41.6791,-7.303532],[-41.670533,-7.319903],[-41.613424,-7.327634]]]},"properties":{"cod_ibge":"220095","name":"Aroeiras do Itaim","uf":"PI"}},
{"type":"Feature","geometry":{"type":"Polygon","coordinates":[[[-43.059236,-8.697766],[-43.062091,-8.619096],[-43.044483,-8.578169],[-43.004506,-8.519053],[-42.982139,-8.508594],[-42.955488,-8.518599],[-42.905517,-8.507685],[-42.853643,-8.510413],[-42.840794,-8.487221],[-42.83889,-8.450842],[-42.869824,-8.419465],[-42.893619,-8.356711],[-42.890288,-8.309418],[-42.88077,-8.275312],[-42.911228,-8.248938],[-42.911704,-8.225291],[-42.938831,-8.225746],[-43.002127,-8.27031],[-43.22628,-8.361713],[-43.23675,-8.37672],[-43.242937,-8.437655],[-43.241509,-8.473579],[-43.250075,-8.499499],[-43.273871,-8.529967],[-43.275774,-8.541336],[-43.260069,-8.595904],[-43.272443,-8.620006],[-43.260545,-8.635467],[-43.266256,-8.678667],[-43.253407,-8.728234],[-43.261021,-8.746878],[-43.076844,-8.740057],[-43.059236,-8.697766]]]},"properties":{"cod_ibge":"221095","name":"Tamboril do Piauí","uf":"PI"}},
{"type":"Feature","geometry":{"type":"Polygon","coordinates":[[[-41.67434,-3.481895],[-41.701467,-3.546014],[-41.746679,-3.586485],[-41.745727,-3.672431],[-41.678148,-3.664701],[-41.649117,-3.640145],[-41.523953,-3.605585],[-41.517766,-3.566022],[-41.430675,-3.538283],[-41.421633,-3.521458],[-41.394506,-3.547833],[-41.367379,-3.561475],[-41.336921,-3.553744],[-41.325499,-3.53419],[-41.32074,-3.497811],[-41.303131,-3.492354],[-41.319788,-3.484169],[-41.326927,-3.446425],[-41.324071,-3.385945],[-41.346915,-3.38549],[-41.37547,-3.399132],[-41.399741,-3.384581],[-41.414494,-3.350021],[-41.445904,-3.340471],[-41.485881,-3.31546],[-41.483501,-3.301363],[-41.503013,-3.283174],[-41.482073,-3.233607],[-41.51158,-3.185859],[-41.516815,-3.212234],[-41.554411,-3.231333],[-41.615804,-3.278626],[-41.615804,-3.293633],[-41.693377,-3.30773],[-41.677196,-3.317279],[-41.662443,-3.379579],[-41.673389,-3.437785],[-41.67434,-3.481895]]]},"properties":{"cod_ibge":"220270","name":"Cocal","uf":"PI"}},
{"type":"Feature","geometry":{"type":"Polygon","coordinates":[[[-42.651858,-6.081191],[-42.680888,-6.073915],[-42.682316,-6.031624],[-42.68993,-6.021165],[-42.724672,-6.02071],[-42.737045,-6.035717],[-42.734666,-6.047995],[-42.705159,-6.079826],[-42.651858,-6.081191]]]},"properties":{"cod_ibge":"220945","name":"Santo Antônio dos Milagres","uf":"PI"}},
{"type":"Feature","geometry":{"type":"Polygon","coordinates":[[[-43.794991,-8.068406],[-43.807841,-8.086141],[-43.804509,-8.103421],[-43.817835,-8.153897],[-43.813076,-8.233931],[-43.82307,-8.253485],[-43.647459,-8.252121],[-43.630803,-8.263944],[-43.57988,-8.256213],[-43.521819,-8.167994],[-43.518964,-8.147985],[-43.571314,-8.157535],[-43.585591,-8.135252],[-43.612242,-8.149349],[-43.724081,-8.15708],[-43.733599,-8.04385],[-43.794991,-8.068406]]]},"properties":{"cod_ibge":"220275","name":"Colônia do Gurguéia","uf":"PI"}},
{"type":"Feature","geometry":{"type":"Polygon","coordinates":[[[-41.815685,-7.066158],[-41.764763,-7.107085],[-41.74763,-7.147102],[-41.72669,-7.165746],[-41.72907,-7.189847],[-41.698136,-7.207128],[-41.721455,-7.298985],[-41.710034,-7.325815],[-41.6791,-7.303532],[-41.648165,-7.293073],[-41.657208,-7.277158],[-41.648165,-7.23805],[-41.611996,-7.233502],[-41.609617,-7.223953],[-41.63484,-7.173022],[-41.61628,-7.126184],[-41.599147,-7.101173],[-41.58011,-7.098445],[-41.591532,-7.075253],[-41.58487,-7.032962],[-41.615328,-7.033417],[-41.661491,-7.031143],[-41.715745,-6.999766],[-41.73145,-7.016591],[-41.778565,-7.0366],[-41.815685,-7.066158]]]},"properties":{"cod_ibge":"220755","name":"Paquetá","uf":"PI"}},
{"type":"Feature","geometry":{"type":"Polygon","coordinates":[[[-42.31301,-4.938428],[-42.390108,-5.139424],[-42.379162,-5.152611],[-42.351559,-5.184898],[-42.33871,-5.2331],[-42.326336,-5.297218],[-42.312059,-5.234919],[-42.280173,-5.235374],[-42.253998,-5.190809],[-42.227823,-5.164889],[-42.198316,-5.146699],[-42.191654,-5.11987],[-42.184039,-5.11123],[-42.172141,-5.069394],[-42.151201,-5.065301],[-42.31301,-4.938428]]]},"properties":{"cod_ibge":"220273","name":"Coivaras","uf":"PI"}},
{"type":"Feature","geometry":{"type":"Polygon","coordinates":[[[-42.656141,-5.832448],[-42.643291,-5.786519],[-42.61664,-5.758325],[-42.633773,-5.751504],[-42.633297,-5.734679],[-42.65852,-5.730131],[-42.679936,-5.7415],[-42.700876,-5.71467],[-42.724196,-5.706939],[-42.74466,-5.717853],[-42.724672,-5.746957],[-42.719913,-5.816987],[-42.656141,-5.832448]]]},"properties":{"cod_ibge":"220010","name":"Agricolândia","uf":"PI"}},
{"type":"Feature","geometry":{"type":"Polygon","coordinates":[[[-42.678509,-7.591383],[-42.580947,-7.584107],[-42.584279,-7.680057],[-42.508609,-7.8424],[-42.482434,-7.836033],[-42.476723,-7.701885],[-42.484814,-7.617303],[-42.483386,-7.560006],[-42.488621,-7.5259],[-42.448645,-7.53545],[-42.419614,-7.524536],[-42.392011,-7.534995],[-42.369168,-7.516806],[-42.347276,-7.480426],[-42.319197,-7.456325],[-42.312059,-7.431769],[-42.319673,-7.434043],[-42.360601,-7.417672],[-42.531929,-7.374927],[-42.569049,-7.392662],[-42.604267,-7.379929],[-42.622827,-7.352644],[-42.659948,-7.35219],[-42.674701,-7.310354],[-42.697545,-7.292164],[-42.688503,-7.263515],[-42.706111,-7.192121],[-42.726099,-7.191212],[-42.785112,-7.294892],[-42.81557,-7.279886],[-42.842221,-7.354463],[-42.798438,-7.386295],[-42.682316,-7.469967],[-42.678509,-7.591383]]]},"properties":{"cod_ibge":"221010","name":"São José do Peixe","uf":"PI"}},
{"type":"Feature","geometry":{"type":"Polygon","coordinates":[[[-42.312059,-7.431769],[-42.218305,-7.438136],[-42.188322,-7.439955],[-41.952747,-7.323086],[-41.992248,-7.265789],[-42.026513,-7.305351],[-42.051736,-7.318539],[-42.096472,-7.154378],[-42.168334,-7.104811],[-42.209738,-7.132095],[-42.231154,-7.138007],[-42.248763,-7.163927],[-42.26542,-7.17666],[-42.295878,-7.174841],[-42.310155,-7.223043],[-42.360601,-7.417672],[-42.319673,-7.434043],[-42.312059,-7.431769]]]},"properties":{"cod_ibge":"220277","name":"Colônia do Piauí","uf":"PI"}},
{"type":"Feature","geometry":{"type":"Polygon","coordinates":[[[-42.571905,-5.736043],[-42.575712,-5.766965],[-42.539067,-5.799252],[-42.547634,-5.816077],[-42.545254,-5.841997],[-42.512416,-5.86337],[-42.485765,-5.871101],[-42.466253,-5.894747],[-42.451976,-5.871101],[-42.457211,-5.829719],[-42.442458,-5.800161],[-42.44912,-5.760144],[-42.504802,-5.751959],[-42.521459,-5.726493],[-42.543826,-5.724674],[-42.560007,-5.740135],[-42.571905,-5.736043]]]},"properties":{"cod_ibge":"220140","name":"Barro Duro","uf":"PI"}},
{"type":"Feature","geometry":{"type":"Polygon","coordinates":[[[-42.309679,-6.514103],[-42.305396,-6.590045],[-42.279697,-6.596411],[-42.205455,-6.62506],[-42.182611,-6.647342],[-42.145966,-6.64234],[-42.145015,-6.64234],[-42.15834,-6.635519],[-42.154057,-6.615965],[-42.164527,-6.556394],[-42.146442,-6.547299],[-42.167382,-6.521379],[-42.186419,-6.488183],[-42.18975,-6.461353],[-42.309679,-6.507282],[-42.309679,-6.514103]]]},"properties":{"cod_ibge":"221140","name":"Várzea Grande","uf":"PI"}},
{"type":"Feature","geometry":{"type":"Polygon","coordinates":[[[-44.088151,-10.050618],[-44.119561,-10.027881],[-44.111471,-9.950121],[-44.131459,-9.935569],[-44.110519,-9.898735],[-44.095766,-9.886912],[-44.120037,-9.869177],[-44.138598,-9.833253],[-44.106236,-9.809606],[-44.118609,-9.787324],[-44.11385,-9.735938],[-44.177146,-9.666818],[-44.188092,-9.659542],[-44.303738,-9.717749],[-44.348473,-9.729572],[-44.410817,-9.717294],[-44.438896,-9.700014],[-44.470782,-9.725479],[-44.575958,-9.754583],[-44.597374,-9.766406],[-44.624501,-9.767315],[-44.625452,-9.790507],[-44.606416,-9.818246],[-44.607844,-9.83871],[-44.575482,-9.863266],[-44.563584,-9.892824],[-44.551687,-9.903283],[-44.502668,-9.913742],[-44.483632,-9.930112],[-44.491722,-9.950576],[-44.48268,-9.961944],[-44.441276,-9.979679],[-44.442703,-10.011511],[-44.410817,-10.049709],[-44.414625,-10.106552],[-44.392733,-10.112918],[-44.392733,-10.140657],[-44.362751,-10.168396],[-44.359895,-10.222056],[-44.335148,-10.240245],[-44.309449,-10.27526],[-44.307545,-10.289812],[-44.093386,-10.192043],[-44.156682,-10.131108],[-44.088151,-10.050618]]]},"properties":{"cod_ibge":"220320","name":"Curimatá","uf":"PI"}},
{"type":"Feature","geometry":{"type":"Polygon","coordinates":[[[-41.462561,-7.187574],[-41.461609,-7.122091],[-41.395458,-7.127093],[-41.387367,-7.107539],[-41.333114,-7.099354],[-41.332162,-7.061611],[-41.371662,-7.067522],[-41.403548,-7.05479],[-41.405928,-7.040238],[-41.437338,-7.010225],[-41.439241,-6.999311],[-41.473983,-6.995673],[-41.515387,-6.978848],[-41.537755,-6.942014],[-41.547749,-6.936557],[-41.541086,-6.899723],[-41.611996,-6.870165],[-41.612472,-6.87926],[-41.6139,-6.906999],[-41.613424,-6.925189],[-41.629605,-6.988397],[-41.615328,-7.033417],[-41.58487,-7.032962],[-41.591532,-7.075253],[-41.58011,-7.098445],[-41.599147,-7.101173],[-41.61628,-7.126184],[-41.63484,-7.173022],[-41.609617,-7.223953],[-41.591056,-7.2285],[-41.576779,-7.194395],[-41.551556,-7.166656],[-41.536327,-7.172567],[-41.521574,-7.158016],[-41.49873,-7.161199],[-41.491591,-7.176205],[-41.462561,-7.187574]]]},"properties":{"cod_ibge":"220800","name":"Picos","uf":"PI"}},
{"type":"Feature","geometry":{"type":"Polygon","coordinates":[[[-42.116936,-5.600075],[-41.95703,-5.671924],[-41.914199,-5.694207],[-41.814258,-5.70603],[-41.799029,-5.722855],[-41.76857,-5.739226],[-41.769998,-5.647368],[-41.766667,-5.632817],[-41.801884,-5.577793],[-41.756197,-5.556875],[-41.745727,-5.543233],[-41.752865,-5.534138],[-41.734305,-5.504125],[-41.698612,-5.482298],[-41.694805,-5.457287],[-41.730022,-5.429093],[-41.754293,-5.41636],[-41.757149,-5.403173],[-41.778089,-5.387712],[-41.791414,-5.39908],[-41.834722,-5.373615],[-41.845192,-5.352242],[-41.861849,-5.360882],[-41.880885,-5.362701],[-41.887072,-5.376798],[-41.926096,-5.381345],[-41.944181,-5.406811],[-41.957506,-5.443645],[-41.99891,-5.509127],[-41.99891,-5.521405],[-42.027941,-5.554601],[-42.052688,-5.560513],[-42.116936,-5.600075]]]},"properties":{"cod_ibge":"220990","name":"São João da Serra","uf":"PI"}},
{"type":"Feature","geometry":{"type":"Polygon","coordinates":[[[-42.748467,-5.541414],[-42.758937,-5.529136],[-42.789395,-5.519586],[-42.811287,-5.501397],[-42.819378,-5.524134],[-42.846504,-5.535957],[-42.861734,-5.561422],[-42.914559,-5.555966],[-42.941686,-5.586433],[-42.914559,-5.625996],[-42.971669,-5.628724],[-42.953108,-5.652371],[-42.975476,-5.682838],[-42.936451,-5.704666],[-42.814143,-5.678291],[-42.73419,-5.661465],[-42.735142,-5.634181],[-42.761317,-5.625541],[-42.748467,-5.541414]]]},"properties":{"cod_ibge":"220325","name":"Curralinhos","uf":"PI"}},
{"type":"Feature","geometry":{"type":"Polygon","coordinates":[[[-44.305166,-8.799173],[-44.516469,-8.66548],[-44.727773,-8.532241],[-44.827714,-8.426741],[-44.848654,-8.499499],[-44.876732,-8.532695],[-44.873877,-8.562708],[-44.884347,-8.606818],[-44.887202,-8.648199],[-44.884347,-8.694128],[-44.886727,-8.743695],[-44.904335,-8.786441],[-44.905287,-8.805994],[-44.92242,-8.839645],[-44.955257,-8.868294],[-44.977625,-8.915587],[-45.015222,-8.951966],[-45.060433,-8.972884],[-45.084705,-8.996076],[-45.062337,-9.028817],[-44.798207,-9.031091],[-44.430806,-9.033819],[-44.372745,-9.031546],[-44.355136,-9.04064],[-44.333244,-8.981979],[-44.303738,-8.943326],[-44.353708,-8.832824],[-44.305166,-8.799173]]]},"properties":{"cod_ibge":"220323","name":"Currais","uf":"PI"}},
{"type":"Feature","geometry":{"type":"Polygon","coordinates":[[[-43.488506,-6.821508],[-43.508494,-6.798771],[-43.541808,-6.789221],[-43.548946,-6.763301],[-43.561796,-6.748295],[-43.584163,-6.757389],[-43.62176,-6.735107],[-43.637465,-6.719646],[-43.672683,-6.706459],[-43.696478,-6.709642],[-43.715038,-6.698728],[-43.753587,-6.703275],[-43.775003,-6.715099],[-43.790708,-6.702366],[-43.820214,-6.727377],[-43.853528,-6.735562],[-43.883986,-6.758754],[-43.913968,-6.752842],[-43.930625,-6.771032],[-43.900167,-6.777853],[-43.882558,-6.801954],[-43.832588,-6.842881],[-43.862094,-6.876531],[-43.899215,-6.900178],[-43.921107,-6.933374],[-43.914444,-6.96566],[-43.868757,-6.944288],[-43.824973,-6.941559],[-43.818787,-6.933374],[-43.724081,-6.954292],[-43.661261,-6.980667],[-43.581784,-6.985669],[-43.488506,-6.821508]]]},"properties":{"cod_ibge":"220450","name":"Guadalupe","uf":"PI"}},
{"type":"Feature","geometry":{"type":"Polygon","coordinates":[[[-42.156436,-5.651461],[-42.202124,-5.654644],[-42.227823,-5.67147],[-42.226871,-5.742409],[-42.232582,-5.774241],[-42.203551,-5.799706],[-42.203075,-5.786519],[-42.086478,-5.787883],[-42.093616,-5.777424],[-42.10599,-5.742409],[-42.0979,-5.702847],[-42.116936,-5.669196],[-42.132165,-5.668741],[-42.156436,-5.651461]]]},"properties":{"cod_ibge":"220860","name":"Prata do Piauí","uf":"PI"}},
{"type":"Feature","geometry":{"type":"Polygon","coordinates":[[[-41.916102,-6.830148],[-41.960838,-6.856978],[-41.96179,-6.871984],[-41.991296,-6.920186],[-41.990344,-6.946107],[-42.002718,-6.951564],[-41.963693,-6.989762],[-41.968452,-7.011589],[-41.879933,-7.022958],[-41.898018,-7.051606],[-41.860421,-7.044785],[-41.815685,-7.066158],[-41.778565,-7.0366],[-41.73145,-7.016591],[-41.780468,-6.963842],[-41.797125,-6.987488],[-41.808547,-6.928827],[-41.812354,-6.940195],[-41.876602,-6.858796],[-41.916102,-6.830148]]]},"properties":{"cod_ibge":"220995","name":"São João da Varjota","uf":"PI"}},
{"type":"Feature","geometry":{"type":"Polygon","coordinates":[[[-42.400102,-3.474619],[-42.389156,-3.492354],[-42.367264,-3.508725],[-42.382493,-3.540102],[-42.377258,-3.593761],[-42.385349,-3.61377],[-42.421994,-3.627867],[-42.45388,-3.624684],[-42.463398,-3.606494],[-42.48053,-3.601037],[-42.505278,-3.616044],[-42.526218,-3.616498],[-42.5562,-3.641964],[-42.554296,-3.666065],[-42.518127,-3.68289],[-42.488621,-3.757468],[-42.471012,-3.770655],[-42.445313,-3.759742],[-42.441982,-3.746554],[-42.398674,-3.756104],[-42.377258,-3.751556],[-42.36774,-3.767472],[-42.32824,-3.742916],[-42.328715,-3.723817],[-42.29683,-3.660153],[-42.260185,-3.63969],[-42.259233,-3.596035],[-42.241148,-3.583757],[-42.22354,-3.542376],[-42.22354,-3.44688],[-42.201648,-3.431419],[-42.224491,-3.427326],[-42.272558,-3.444607],[-42.301589,-3.451882],[-42.314438,-3.435966],[-42.333475,-3.434602],[-42.355842,-3.450518],[-42.389156,-3.449154],[-42.400102,-3.474619]]]},"properties":{"cod_ibge":"220580","name":"Luzilândia","uf":"PI"}},
{"type":"Feature","geometry":{"type":"Polygon","coordinates":[[[-41.358337,-8.70777],[-41.336921,-8.708225],[-41.300276,-8.682305],[-41.287426,-8.660932],[-41.251257,-8.661387],[-41.233649,-8.647745],[-41.213661,-8.644107],[-41.20795,-8.610456],[-41.198431,-8.592266],[-41.179395,-8.592721],[-41.166546,-8.580898],[-41.149413,-8.53406],[-41.143226,-8.521782],[-41.16369,-8.47176],[-41.207474,-8.459937],[-41.21842,-8.440838],[-41.204618,-8.418101],[-41.20557,-8.389907],[-41.236028,-8.409461],[-41.23936,-8.387179],[-41.265059,-8.37581],[-41.268866,-8.363077],[-41.290758,-8.34898],[-41.34168,-8.343978],[-41.345011,-8.332155],[-41.387843,-8.335793],[-41.41735,-8.296231],[-41.451139,-8.27986],[-41.473983,-8.296685],[-41.47779,-8.324424],[-41.46732,-8.338521],[-41.486356,-8.368079],[-41.493495,-8.390816],[-41.493971,-8.454935],[-41.485881,-8.475398],[-41.495399,-8.505411],[-41.468272,-8.531786],[-41.483025,-8.601361],[-41.5092,-8.659568],[-41.517766,-8.725051],[-41.490164,-8.734145],[-41.463989,-8.712773],[-41.433055,-8.670027],[-41.425916,-8.667753],[-41.400693,-8.705497],[-41.381181,-8.707316],[-41.358337,-8.70777]]]},"properties":{"cod_ibge":"220865","name":"Queimada Nova","uf":"PI"}},
{"type":"Feature","geometry":{"type":"Polygon","coordinates":[[[-40.959049,-7.847857],[-40.940965,-7.879688],[-40.908603,-7.903335],[-40.855301,-7.922434],[-40.85197,-7.940624],[-40.793433,-7.979731],[-40.765354,-7.984733],[-40.705866,-8.02566],[-40.624485,-8.035664],[-40.575467,-8.030207],[-40.560713,-7.997466],[-40.544057,-7.961542],[-40.554051,-7.949264],[-40.580702,-7.946535],[-40.597358,-7.955175],[-40.647805,-7.939714],[-40.683974,-7.919706],[-40.691588,-7.896969],[-40.677787,-7.869229],[-40.695396,-7.852859],[-40.689685,-7.815115],[-40.703486,-7.786012],[-40.733468,-7.777372],[-40.778204,-7.777372],[-40.807234,-7.766913],[-40.827222,-7.741902],[-40.852921,-7.730534],[-40.901464,-7.733717],[-40.915741,-7.774189],[-40.933826,-7.790105],[-40.951435,-7.82512],[-40.959049,-7.847857]]]},"properties":{"cod_ibge":"220327","name":"Curral Novo do Piauí","uf":"PI"}},
{"type":"Feature","geometry":{"type":"Polygon","coordinates":[[[-44.34419,-10.549469],[-44.351329,-10.4949],[-44.347522,-10.472163],[-44.319443,-10.400769],[-44.298979,-10.360751],[-44.286129,-10.323463],[-44.305642,-10.303454],[-44.307545,-10.289812],[-44.309449,-10.27526],[-44.335148,-10.240245],[-44.359895,-10.222056],[-44.362751,-10.168396],[-44.392733,-10.140657],[-44.392733,-10.112918],[-44.414625,-10.106552],[-44.410817,-10.049709],[-44.442703,-10.011511],[-44.441276,-9.979679],[-44.48268,-9.961944],[-44.491722,-9.950576],[-44.483632,-9.930112],[-44.502668,-9.913742],[-44.551687,-9.903283],[-44.563584,-9.892824],[-44.575482,-9.863266],[-44.599277,-9.886457],[-44.596422,-9.910558],[-44.585476,-9.92602],[-44.615458,-9.981953],[-44.622597,-10.026972],[-44.640206,-10.031065],[-44.657814,-10.067444],[-44.67923,-10.065625],[-44.705405,-10.04789],[-44.723966,-10.04789],[-44.772032,-10.011511],[-44.819147,-10.008782],[-44.777267,-10.14384],[-44.796304,-10.210687],[-44.7944,-10.32801],[-44.831521,-10.340743],[-44.799635,-10.406225],[-44.806298,-10.428962],[-44.708261,-10.508087],[-44.769653,-10.566294],[-44.720158,-10.677705],[-44.666857,-10.759104],[-44.661622,-10.730455],[-44.66876,-10.687255],[-44.655435,-10.676796],[-44.62688,-10.675432],[-44.577862,-10.626774],[-44.546927,-10.629958],[-44.527415,-10.646783],[-44.500288,-10.649511],[-44.473162,-10.63496],[-44.451746,-10.606766],[-44.428426,-10.612223],[-44.392257,-10.600854],[-44.34419,-10.549469]]]},"properties":{"cod_ibge":"220760","name":"Parnaguá","uf":"PI"}},
{"type":"Feature","geometry":{"type":"Polygon","coordinates":[[[-41.491116,-8.021567],[-41.494923,-8.011563],[-41.46732,-7.989736],[-41.503489,-7.953356],[-41.525857,-7.941533],[-41.521574,-7.92016],[-41.507772,-7.908337],[-41.483501,-7.910156],[-41.474935,-7.900606],[-41.438766,-7.899697],[-41.413066,-7.870139],[-41.380705,-7.846038],[-41.378325,-7.813296],[-41.410211,-7.804202],[-41.430199,-7.786921],[-41.458278,-7.782374],[-41.507296,-7.804202],[-41.55346,-7.759637],[-41.595815,-7.758728],[-41.611045,-7.767822],[-41.618659,-7.796471],[-41.670057,-7.836488],[-41.715745,-7.852859],[-41.704799,-7.938805],[-41.730498,-7.960632],[-41.739064,-7.987462],[-41.715269,-8.055673],[-41.693377,-8.06886],[-41.645786,-8.072498],[-41.632936,-8.0775],[-41.510152,-8.022022],[-41.491116,-8.021567]]]},"properties":{"cod_ibge":"220280","name":"Conceição do Canindé","uf":"PI"}},
{"type":"Feature","geometry":{"type":"Polygon","coordinates":[[[-42.548109,-3.804306],[-42.490049,-3.872062],[-42.414379,-3.899347],[-42.39915,-3.898437],[-42.376306,-3.876155],[-42.392963,-3.8325],[-42.387252,-3.781569],[-42.36774,-3.767472],[-42.377258,-3.751556],[-42.398674,-3.756104],[-42.441982,-3.746554],[-42.445313,-3.759742],[-42.471012,-3.770655],[-42.488621,-3.757468],[-42.527645,-3.772474],[-42.528597,-3.786571],[-42.548109,-3.804306]]]},"properties":{"cod_ibge":"220997","name":"São João do Arraial","uf":"PI"}},
{"type":"Feature","geometry":{"type":"Polygon","coordinates":[[[-42.496235,-3.445971],[-42.507657,-3.473255],[-42.527169,-3.485533],[-42.530025,-3.511453],[-42.55382,-3.538283],[-42.562863,-3.559201],[-42.568098,-3.57057],[-42.609978,-3.586031],[-42.61664,-3.610587],[-42.554296,-3.666065],[-42.5562,-3.641964],[-42.526218,-3.616498],[-42.505278,-3.616044],[-42.48053,-3.601037],[-42.470536,-3.574207],[-42.45388,-3.565113],[-42.458639,-3.545559],[-42.489573,-3.510089],[-42.470536,-3.483714],[-42.488621,-3.473255],[-42.48291,-3.451882],[-42.496235,-3.445971]]]},"properties":{"cod_ibge":"220585","name":"Madeiro","uf":"PI"}},
{"type":"Feature","geometry":{"type":"Polygon","coordinates":[[[-43.540856,-9.308028],[-43.541332,-9.237543],[-43.458999,-9.126132],[-43.419499,-9.13841],[-43.420451,-9.103395],[-43.415216,-9.078839],[-43.421403,-9.060649],[-43.449957,-9.021541],[-43.445198,-8.973794],[-43.452337,-8.91877],[-43.447578,-8.86602],[-43.419499,-8.807813],[-43.418547,-8.780529],[-43.428065,-8.765068],[-43.46709,-8.730053],[-43.704093,-8.731872],[-43.702189,-8.71732],[-43.792612,-8.81418],[-43.869233,-9.018358],[-43.9568,-9.173879],[-43.869709,-9.313485],[-43.782142,-9.452635],[-43.751208,-9.433991],[-43.689339,-9.419894],[-43.62176,-9.371691],[-43.606055,-9.351683],[-43.578928,-9.320306],[-43.540856,-9.308028]]]},"properties":{"cod_ibge":"220455","name":"Guaribas","uf":"PI"}},
{"type":"Feature","geometry":{"type":"Polygon","coordinates":[[[-42.814143,-5.678291],[-42.807956,-5.697845],[-42.767028,-5.689205],[-42.74466,-5.717853],[-42.724196,-5.706939],[-42.700876,-5.71467],[-42.679936,-5.7415],[-42.65852,-5.730131],[-42.633297,-5.734679],[-42.633773,-5.751504],[-42.61664,-5.758325],[-42.60855,-5.729676],[-42.603315,-5.712851],[-42.73419,-5.661465],[-42.814143,-5.678291]]]},"properties":{"cod_ibge":"220630","name":"Miguel Leão","uf":"PI"}},
{"type":"Feature","geometry":{"type":"Polygon","coordinates":[[[-41.654828,-4.776086],[-41.618659,-4.76017],[-41.560122,-4.745164],[-41.543465,-4.759261],[-41.539658,-4.784726],[-41.525381,-4.828381],[-41.473031,-4.833383],[-41.451139,-4.825653],[-41.434958,-4.861122],[-41.412591,-4.875219],[-41.384036,-4.883859],[-41.347867,-4.865215],[-41.313601,-4.867944],[-41.302656,-4.849299],[-41.278384,-4.853392],[-41.267914,-4.811556],[-41.295041,-4.814739],[-41.293613,-4.555992],[-41.512056,-4.580548],[-41.745251,-4.590552],[-41.776661,-4.688776],[-41.746679,-4.703328],[-41.69528,-4.766082],[-41.654828,-4.776086]]]},"properties":{"cod_ibge":"220635","name":"Milton Brandão","uf":"PI"}},
{"type":"Feature","geometry":{"type":"Polygon","coordinates":[[[-41.91991,-7.184845],[-41.840909,-7.199852],[-41.787607,-7.24669],[-41.790938,-7.271246],[-41.778089,-7.339002],[-41.790938,-7.353554],[-41.819493,-7.357647],[-41.780468,-7.424493],[-41.629129,-7.394026],[-41.60581,-7.351735],[-41.613424,-7.327634],[-41.670533,-7.319903],[-41.6791,-7.303532],[-41.710034,-7.325815],[-41.721455,-7.298985],[-41.698136,-7.207128],[-41.72907,-7.189847],[-41.72669,-7.165746],[-41.74763,-7.147102],[-41.764763,-7.107085],[-41.815685,-7.066158],[-41.860421,-7.044785],[-41.898018,-7.051606],[-41.918482,-7.06252],[-41.899445,-7.124365],[-41.91991,-7.184845]]]},"properties":{"cod_ibge":"220910","name":"Santa Cruz do Piauí","uf":"PI"}},
{"type":"Feature","geometry":{"type":"Polygon","coordinates":[[[-41.667678,-5.972508],[-41.656256,-5.935674],[-41.715269,-5.791976],[-41.74763,-5.793795],[-41.787607,-5.80289],[-41.813306,-5.816532],[-41.875174,-5.81926],[-41.902301,-5.801525],[-41.950844,-5.806528],[-41.978446,-5.794704],[-41.981302,-5.774696],[-42.006525,-5.761508],[-42.026513,-5.762872],[-42.072676,-5.746957],[-42.10599,-5.742409],[-42.093616,-5.777424],[-42.063158,-5.787428],[-42.05364,-5.802435],[-42.068869,-5.834721],[-42.05364,-5.846545],[-42.048405,-5.877012],[-42.030796,-5.902023],[-42.013188,-5.904297],[-41.99891,-5.921577],[-41.974163,-5.914301],[-41.966073,-5.934764],[-41.971784,-6.044811],[-41.999386,-6.053451],[-42.060779,-6.052087],[-41.971784,-6.087557],[-41.903253,-6.062092],[-41.882789,-6.060273],[-41.841385,-6.016618],[-41.824728,-5.991152],[-41.799505,-5.974327],[-41.763335,-6.029805],[-41.667678,-5.972508]]]},"properties":{"cod_ibge":"220915","name":"Santa Cruz dos Milagres","uf":"PI"}},
{"type":"Feature","geometry":{"type":"Polygon","coordinates":[[[-42.244004,-3.926631],[-42.229726,-3.973469],[-42.237341,-3.997571],[-42.264468,-4.010758],[-42.254474,-4.077605],[-42.263992,-4.089428],[-42.250666,-4.126717],[-42.266847,-4.160822],[-42.2421,-4.167189],[-42.23401,-4.194928],[-42.237817,-4.224031],[-42.207835,-4.22585],[-42.193081,-4.216755],[-42.156436,-4.220393],[-42.11646,-4.207206],[-42.07696,-4.205387],[-42.05126,-4.181286],[-41.997007,-4.207661],[-41.996531,-4.245404],[-41.978922,-4.246314],[-41.954175,-4.220848],[-41.918958,-4.224031],[-41.921337,-4.184014],[-41.897066,-4.08579],[-41.91991,-4.062144],[-41.906108,-4.042135],[-41.856138,-4.040771],[-41.847571,-3.973924],[-41.910867,-3.940728],[-41.903253,-3.887069],[-41.898494,-3.796575],[-41.981302,-3.783843],[-41.975591,-3.765653],[-41.978446,-3.731093],[-41.973211,-3.689712],[-41.962265,-3.679252],[-42.050309,-3.680162],[-42.050309,-3.791119],[-42.03508,-3.791119],[-42.020326,-3.809763],[-41.995103,-3.799759],[-41.974163,-3.809763],[-41.988916,-3.83159],[-41.977019,-3.843414],[-41.991296,-3.870698],[-42.044122,-3.87661],[-42.062682,-3.895254],[-42.0722,-3.917991],[-42.105038,-3.916627],[-42.119315,-3.898892],[-42.148822,-3.903894],[-42.169286,-3.889797],[-42.204503,-3.918901],[-42.21878,-3.898437],[-42.24448,-3.914353],[-42.244004,-3.926631]]]},"properties":{"cod_ibge":"220150","name":"Batalha","uf":"PI"}},
{"type":"Feature","geometry":{"type":"Polygon","coordinates":[[[-41.628177,-7.547273],[-41.646738,-7.622305],[-41.512531,-7.673236],[-41.4697,-7.697792],[-41.458278,-7.695064],[-41.430675,-7.621396],[-41.397361,-7.580015],[-41.38594,-7.556823],[-41.398789,-7.550456],[-41.427344,-7.538178],[-41.49064,-7.526355],[-41.504917,-7.539088],[-41.531568,-7.541362],[-41.546797,-7.519534],[-41.628177,-7.547273]]]},"properties":{"cod_ibge":"221150","name":"Vera Mendes","uf":"PI"}},
{"type":"Feature","geometry":{"type":"Polygon","coordinates":[[[-42.328715,-9.184793],[-42.304444,-9.184793],[-42.239245,-9.201164],[-42.209738,-9.202528],[-42.225919,-9.283472],[-42.206407,-9.292566],[-42.17928,-9.285291],[-42.134545,-9.28711],[-42.095044,-9.27847],[-42.069345,-9.257551],[-42.142635,-9.152961],[-42.179756,-9.133862],[-42.224967,-9.012446],[-42.236865,-8.92741],[-42.235437,-8.863292],[-42.202124,-8.831915],[-42.12931,-8.728234],[-42.210214,-8.649109],[-42.291595,-8.63001],[-42.310631,-8.662751],[-42.475295,-8.657294],[-42.603791,-8.728689],[-42.573809,-8.907401],[-42.558579,-8.938324],[-42.52241,-8.907401],[-42.490049,-8.930138],[-42.403433,-8.95333],[-42.367264,-8.908766],[-42.342041,-8.945145],[-42.322529,-8.996076],[-42.332523,-9.00608],[-42.337282,-9.034274],[-42.3468,-9.060194],[-42.36774,-9.085205],[-42.376306,-9.121129],[-42.35727,-9.154325],[-42.359174,-9.168877],[-42.328715,-9.184793]]]},"properties":{"cod_ibge":"220285","name":"Coronel José Dias","uf":"PI"}},
{"type":"Feature","geometry":{"type":"Polygon","coordinates":[[[-41.378801,-7.515441],[-41.376897,-7.495888],[-41.347867,-7.425858],[-41.31027,-7.30717],[-41.390223,-7.260332],[-41.396886,-7.263061],[-41.428296,-7.275339],[-41.469224,-7.313082],[-41.554887,-7.305806],[-41.564405,-7.293983],[-41.605334,-7.2908],[-41.613424,-7.327634],[-41.60581,-7.351735],[-41.629129,-7.394026],[-41.639123,-7.420855],[-41.635792,-7.472696],[-41.628653,-7.494978],[-41.628177,-7.547273],[-41.546797,-7.519534],[-41.531568,-7.541362],[-41.504917,-7.539088],[-41.49064,-7.526355],[-41.427344,-7.538178],[-41.398789,-7.550456],[-41.378801,-7.515441]]]},"properties":{"cod_ibge":"220500","name":"Itainópolis","uf":"PI"}},
{"type":"Feature","geometry":{"type":"Polygon","coordinates":[[[-41.574875,-6.339028],[-41.562502,-6.381319],[-41.531568,-6.36222],[-41.527761,-6.375862],[-41.44638,-6.348578],[-41.388795,-6.365858],[-41.405928,-6.435888],[-41.374042,-6.50319],[-41.314553,-6.500461],[-41.317409,-6.525017],[-41.299324,-6.538659],[-41.296469,-6.556849],[-41.280764,-6.559123],[-41.264583,-6.594592],[-41.264583,-6.612782],[-41.281716,-6.65098],[-41.293137,-6.674627],[-41.274101,-6.678265],[-41.197004,-6.679629],[-41.189865,-6.663713],[-41.130376,-6.655073],[-41.143226,-6.750568],[-41.095159,-6.75648],[-40.790101,-6.500461],[-40.796764,-6.470903],[-40.796288,-6.428157],[-40.805331,-6.393142],[-40.779156,-6.341302],[-40.78677,-6.305378],[-40.810566,-6.287188],[-40.819608,-6.264451],[-40.852446,-6.224434],[-40.847211,-6.203061],[-40.853397,-6.160315],[-40.845783,-6.138488],[-40.857681,-6.105292],[-40.87291,-6.056635],[-40.906223,-6.04663],[-41.258872,-6.110294],[-41.330258,-6.133031],[-41.318361,-6.158496],[-41.363096,-6.177596],[-41.367855,-6.147128],[-41.416398,-6.128484],[-41.5092,-6.149856],[-41.500158,-6.113022],[-41.59534,-6.09165],[-41.640075,-6.073005],[-41.71622,-6.159861],[-41.734781,-6.209882],[-41.633888,-6.271727],[-41.608189,-6.259904],[-41.562502,-6.261268],[-41.562026,-6.272636],[-41.52205,-6.286278],[-41.521098,-6.312653],[-41.574875,-6.339028]]]},"properties":{"cod_ibge":"220810","name":"Pimenteiras","uf":"PI"}},
{"type":"Feature","geometry":{"type":"Polygon","coordinates":[[[-42.547634,-5.943859],[-42.548109,-5.932945],[-42.584754,-5.920213],[-42.585706,-5.903387],[-42.613785,-5.887926],[-42.601887,-5.853366],[-42.626159,-5.861551],[-42.659472,-5.86428],[-42.661852,-5.894747],[-42.676605,-5.896566],[-42.686123,-5.958865],[-42.662328,-5.952499],[-42.579995,-5.947497],[-42.547634,-5.943859]]]},"properties":{"cod_ibge":"220020","name":"Água Branca","uf":"PI"}},
{"type":"Feature","geometry":{"type":"Polygon","coordinates":[[[-41.396886,-6.86107],[-41.400693,-6.831057],[-41.41497,-6.797861],[-41.4045,-6.777853],[-41.42544,-6.74784],[-41.458278,-6.743292],[-41.441621,-6.670989],[-41.495399,-6.667806],[-41.479694,-6.745111],[-41.542514,-6.73829],[-41.606761,-6.833331],[-41.607713,-6.839243],[-41.58249,-6.87062],[-41.509676,-6.911546],[-41.442097,-6.912001],[-41.411639,-6.902452],[-41.411639,-6.87926],[-41.396886,-6.86107]]]},"properties":{"cod_ibge":"221020","name":"São José do Piauí","uf":"PI"}},
{"type":"Feature","geometry":{"type":"Polygon","coordinates":[[[-42.021754,-7.936531],[-42.031748,-7.975184],[-41.994151,-7.986552],[-41.947988,-8.012927],[-41.902301,-8.013382],[-41.873746,-8.051126],[-41.856614,-8.065677],[-41.859469,-8.11388],[-41.839957,-8.118882],[-41.777137,-8.117063],[-41.740016,-8.088414],[-41.693377,-8.06886],[-41.715269,-8.055673],[-41.739064,-7.987462],[-41.730498,-7.960632],[-41.775233,-7.933803],[-41.819969,-7.931074],[-41.856138,-7.939259],[-41.87803,-7.908792],[-41.879933,-7.896514],[-41.914199,-7.875596],[-41.937042,-7.904699],[-42.024134,-7.908792],[-42.021754,-7.936531]]]},"properties":{"cod_ibge":"220155","name":"Bela Vista do Piauí","uf":"PI"}},
{"type":"Feature","geometry":{"type":"Polygon","coordinates":[[[-40.850542,-6.985214],[-40.828174,-6.928372],[-40.836741,-6.849247],[-40.839596,-6.796042],[-40.847686,-6.784674],[-40.882904,-6.792859],[-40.897181,-6.769667],[-40.917169,-6.767848],[-40.981417,-6.772396],[-40.983796,-6.836059],[-40.981417,-6.915639],[-40.9857,-6.989762],[-41.000929,-7.088895],[-40.997598,-7.137098],[-40.960001,-7.107539],[-40.913362,-7.076617],[-40.854349,-7.020229],[-40.86006,-6.990671],[-40.850542,-6.985214]]]},"properties":{"cod_ibge":"220025","name":"Alagoinha do Piauí","uf":"PI"}},
{"type":"Feature","geometry":{"type":"Polygon","coordinates":[[[-42.125502,-8.566346],[-42.111225,-8.582262],[-42.080291,-8.572713],[-42.05364,-8.597723],[-42.02461,-8.5859],[-41.997007,-8.598633],[-41.967976,-8.635921],[-41.931331,-8.644107],[-41.916578,-8.657749],[-41.879933,-8.671846],[-41.839481,-8.701859],[-41.807119,-8.688671],[-41.7581,-8.732326],[-41.737636,-8.732781],[-41.750962,-8.604999],[-41.711937,-8.500409],[-41.754769,-8.423103],[-41.727166,-8.400366],[-41.937042,-8.399911],[-41.957506,-8.372627],[-41.985109,-8.326243],[-42.034128,-8.461756],[-42.153105,-8.47267],[-42.125502,-8.566346]]]},"properties":{"cod_ibge":"220245","name":"Capitão Gervásio Oliveira","uf":"PI"}},
{"type":"Feature","geometry":{"type":"Polygon","coordinates":[[[-44.665905,-9.563137],[-44.642109,-9.550404],[-44.614507,-9.544493],[-44.608796,-9.553133],[-44.623549,-9.577234],[-44.623549,-9.61043],[-44.636398,-9.623617],[-44.623073,-9.6459],[-44.619742,-9.720932],[-44.631639,-9.744124],[-44.624501,-9.767315],[-44.597374,-9.766406],[-44.575958,-9.754583],[-44.470782,-9.725479],[-44.438896,-9.700014],[-44.410817,-9.717294],[-44.348473,-9.729572],[-44.303738,-9.717749],[-44.188092,-9.659542],[-44.043416,-9.586329],[-44.218074,-9.428989],[-44.392733,-9.363051],[-44.428426,-9.344862],[-44.507427,-9.316213],[-44.513614,-9.355775],[-44.523132,-9.378058],[-44.726345,-9.26892],[-44.81772,-9.462185],[-44.670188,-9.553133],[-44.665905,-9.563137]]]},"properties":{"cod_ibge":"220870","name":"Redenção do Gurguéia","uf":"PI"}},
{"type":"Feature","geometry":{"type":"Polygon","coordinates":[[[-41.043285,-7.276703],[-41.041857,-7.301259],[-41.01949,-7.372198],[-41.00664,-7.424948],[-41.01711,-7.436771],[-41.008544,-7.484974],[-40.987604,-7.531812],[-40.940965,-7.506347],[-40.93573,-7.496342],[-40.922404,-7.464965],[-40.930971,-7.440409],[-40.931446,-7.3963],[-40.941441,-7.359011],[-40.937157,-7.343095],[-40.970947,-7.319903],[-40.972375,-7.305351],[-40.991887,-7.252602],[-41.040906,-7.255785],[-41.043285,-7.276703]]]},"properties":{"cod_ibge":"220157","name":"Belém do Piauí","uf":"PI"}},
{"type":"Feature","geometry":{"type":"Polygon","coordinates":[[[-43.974885,-8.003378],[-44.099097,-8.029298],[-44.129555,-8.274403],[-44.362751,-8.295321],[-44.383691,-8.366261],[-44.106712,-8.369444],[-44.059597,-8.381267],[-44.013433,-8.403094],[-43.919203,-8.387179],[-43.879227,-8.313511],[-43.824973,-8.314875],[-43.825449,-8.284862],[-43.815931,-8.273039],[-43.82307,-8.253485],[-43.813076,-8.233931],[-43.817835,-8.153897],[-43.804509,-8.103421],[-43.807841,-8.086141],[-43.794991,-8.068406],[-43.800226,-8.023841],[-43.793088,-7.982005],[-43.866378,-7.976093],[-43.974885,-8.003378]]]},"properties":{"cod_ibge":"220590","name":"Manoel Emídio","uf":"PI"}},
{"type":"Feature","geometry":{"type":"Polygon","coordinates":[[[-44.918612,-7.870139],[-45.122302,-7.831031],[-45.163706,-7.83376],[-45.18179,-7.804656],[-45.200827,-7.787831],[-45.246514,-7.801473],[-45.305051,-7.911065],[-45.231285,-7.954266],[-45.233664,-7.983824],[-45.261743,-8.007016],[-45.315521,-8.057947],[-45.354545,-8.076136],[-45.384527,-8.06022],[-45.447823,-8.27895],[-45.426407,-8.350345],[-45.329798,-8.343524],[-45.405943,-8.632738],[-45.385003,-8.65593],[-45.381196,-8.68276],[-45.394997,-8.714592],[-45.392142,-8.751426],[-45.398805,-8.7969],[-45.39119,-8.824184],[-45.40166,-8.870113],[-45.424028,-8.882845],[-45.473522,-8.938779],[-45.483992,-8.964244],[-45.503505,-8.976067],[-45.50636,-8.996985],[-45.542053,-9.038367],[-45.562517,-9.051099],[-45.553475,-9.07702],[-45.528252,-9.105213],[-45.533963,-9.140683],[-45.511595,-9.17206],[-45.311713,-9.243],[-45.259363,-9.19798],[-45.240803,-9.162511],[-45.209393,-9.137955],[-45.192736,-9.115218],[-45.181314,-9.085205],[-45.164657,-9.072472],[-45.12944,-9.03291],[-45.084705,-8.996076],[-45.060433,-8.972884],[-45.015222,-8.951966],[-44.977625,-8.915587],[-44.955257,-8.868294],[-44.92242,-8.839645],[-44.905287,-8.805994],[-44.904335,-8.786441],[-44.886727,-8.743695],[-44.884347,-8.694128],[-44.887202,-8.648199],[-44.884347,-8.606818],[-44.873877,-8.562708],[-44.876732,-8.532695],[-44.848654,-8.499499],[-44.827714,-8.426741],[-44.813912,-8.379903],[-44.822003,-8.33261],[-44.843419,-8.312601],[-44.841991,-8.265308],[-44.84675,-8.263034],[-44.918612,-7.870139]]]},"properties":{"cod_ibge":"220115","name":"Baixa Grande do Ribeiro","uf":"PI"}},
{"type":"Feature","geometry":{"type":"Polygon","coordinates":[[[-42.579995,-5.947497],[-42.590465,-6.015708],[-42.576188,-6.042538],[-42.525742,-6.048449],[-42.501946,-6.059818],[-42.500519,-6.09074],[-42.435795,-6.150311],[-42.397722,-6.146673],[-42.393915,-6.137578],[-42.412,-6.121663],[-42.421042,-6.09938],[-42.422945,-6.071186],[-42.435795,-6.033443],[-42.458639,-6.010251],[-42.480054,-5.999337],[-42.500043,-5.97751],[-42.489573,-5.936583],[-42.547634,-5.943859],[-42.579995,-5.947497]]]},"properties":{"cod_ibge":"220460","name":"Hugo Napoleão","uf":"PI"}},
{"type":"Feature","geometry":{"type":"Polygon","coordinates":[[[-40.714908,-7.480426],[-40.701106,-7.456325],[-40.66351,-7.449504],[-40.652088,-7.433133],[-40.694444,-7.392662],[-40.709197,-7.387205],[-40.727757,-7.349916],[-40.773921,-7.405849],[-40.794385,-7.42131],[-40.805331,-7.434952],[-40.804379,-7.484064],[-40.765354,-7.475424],[-40.714908,-7.480426]]]},"properties":{"cod_ibge":"220595","name":"Marcolândia","uf":"PI"}},
{"type":"Feature","geometry":{"type":"Polygon","coordinates":[[[-42.122647,-6.644159],[-42.110273,-6.632791],[-42.086954,-6.636429],[-42.081719,-6.612782],[-42.057447,-6.602323],[-42.05602,-6.566853],[-42.061255,-6.526836],[-42.048405,-6.509556],[-42.050309,-6.494095],[-42.013664,-6.474541],[-42.013664,-6.444073],[-42.067441,-6.445438],[-42.080767,-6.465446],[-42.09314,-6.456806],[-42.101231,-6.434069],[-42.127406,-6.431341],[-42.127882,-6.457261],[-42.1374,-6.472722],[-42.174521,-6.449985],[-42.18975,-6.461353],[-42.186419,-6.488183],[-42.167382,-6.521379],[-42.146442,-6.547299],[-42.164527,-6.556394],[-42.154057,-6.615965],[-42.15834,-6.635519],[-42.145015,-6.64234],[-42.122647,-6.644159]]]},"properties":{"cod_ibge":"220117","name":"Barra D'Alcântara","uf":"PI"}},
{"type":"Feature","geometry":{"type":"Polygon","coordinates":[[[-42.370595,-4.832019],[-42.335378,-4.67286],[-42.295878,-4.55099],[-42.435319,-4.477776],[-42.480054,-4.504151],[-42.481958,-4.521431],[-42.541447,-4.547352],[-42.553344,-4.588733],[-42.614261,-4.606468],[-42.688503,-4.672405],[-42.722292,-4.711968],[-42.778449,-4.763808],[-42.788444,-4.817467],[-42.731334,-4.823834],[-42.712774,-4.905687],[-42.634249,-4.913418],[-42.601887,-4.904323],[-42.370595,-4.832019]]]},"properties":{"cod_ibge":"220550","name":"José de Freitas","uf":"PI"}},
{"type":"Feature","geometry":{"type":"Polygon","coordinates":[[[-41.73954,-5.078488],[-41.732401,-5.117596],[-41.74192,-5.155339],[-41.730498,-5.189445],[-41.700991,-5.1899],[-41.683859,-5.168982],[-41.656732,-5.156249],[-41.639123,-5.1276],[-41.618659,-5.119415],[-41.617707,-5.103499],[-41.598671,-5.081672],[-41.56393,-5.073486],[-41.532044,-5.056661],[-41.510628,-5.061663],[-41.512056,-5.038926],[-41.498254,-5.013915],[-41.465416,-4.991178],[-41.440193,-4.979355],[-41.428771,-4.925241],[-41.413066,-4.905232],[-41.384036,-4.883859],[-41.412591,-4.875219],[-41.434958,-4.861122],[-41.451139,-4.825653],[-41.473031,-4.833383],[-41.525381,-4.828381],[-41.539658,-4.784726],[-41.543465,-4.759261],[-41.560122,-4.745164],[-41.618659,-4.76017],[-41.654828,-4.776086],[-41.643406,-4.810646],[-41.688618,-4.991178],[-41.720504,-4.991178],[-41.742871,-5.058934],[-41.73954,-5.078488]]]},"properties":{"cod_ibge":"220551","name":"Juazeiro do Piauí","uf":"PI"}},
{"type":"Feature","geometry":{"type":"Polygon","coordinates":[[[-40.942392,-7.598204],[-40.900036,-7.600478],[-40.885283,-7.623215],[-40.85197,-7.626398],[-40.82865,-7.66687],[-40.79724,-7.69279],[-40.807234,-7.766913],[-40.778204,-7.777372],[-40.733468,-7.777372],[-40.703486,-7.786012],[-40.689685,-7.815115],[-40.695396,-7.852859],[-40.677787,-7.869229],[-40.691588,-7.896969],[-40.683974,-7.919706],[-40.647805,-7.939714],[-40.597358,-7.955175],[-40.580702,-7.946535],[-40.554051,-7.949264],[-40.544057,-7.961542],[-40.54596,-7.936986],[-40.538346,-7.856951],[-40.555002,-7.818298],[-40.578322,-7.805111],[-40.644949,-7.786921],[-40.673504,-7.761456],[-40.666365,-7.726441],[-40.635431,-7.699611],[-40.62163,-7.65823],[-40.626389,-7.631855],[-40.645425,-7.594566],[-40.681118,-7.557732],[-40.704438,-7.518625],[-40.714908,-7.480426],[-40.765354,-7.475424],[-40.804379,-7.484064],[-40.871006,-7.44814],[-40.895753,-7.469058],[-40.908603,-7.489521],[-40.93573,-7.496342],[-40.940965,-7.506347],[-40.987604,-7.531812],[-40.981893,-7.558187],[-40.968091,-7.569101],[-40.965236,-7.591383],[-40.942392,-7.598204]]]},"properties":{"cod_ibge":"221070","name":"Simões","uf":"PI"}},
{"type":"Feature","geometry":{"type":"Polygon","coordinates":[[[-43.103019,-9.096119],[-43.11111,-9.101576],[-43.107303,-9.146595],[-43.086363,-9.167058],[-43.083031,-9.19798],[-43.106827,-9.243],[-43.08779,-9.288474],[-43.074465,-9.399885],[-43.059236,-9.397157],[-43.062091,-9.383515],[-43.053049,-9.334403],[-43.022591,-9.318487],[-42.997368,-9.318032],[-42.965482,-9.308028],[-42.985946,-9.265282],[-42.986422,-9.205256],[-42.966434,-9.182519],[-42.975952,-9.157054],[-42.982139,-9.129769],[-43.01688,-9.087933],[-43.092074,-9.089298],[-43.103019,-9.096119]]]},"properties":{"cod_ibge":"220070","name":"Anísio de Abreu","uf":"PI"}},
{"type":"Feature","geometry":{"type":"Polygon","coordinates":[[[-42.61664,-5.758325],[-42.643291,-5.786519],[-42.656141,-5.832448],[-42.676605,-5.896566],[-42.661852,-5.894747],[-42.659472,-5.86428],[-42.626159,-5.861551],[-42.601887,-5.853366],[-42.586182,-5.830174],[-42.609502,-5.788338],[-42.599032,-5.764691],[-42.60855,-5.729676],[-42.61664,-5.758325]]]},"properties":{"cod_ibge":"220554","name":"Lagoinha do Piauí","uf":"PI"}},
{"type":"Feature","geometry":{"type":"Polygon","coordinates":[[[-41.105153,-7.12482],[-41.080882,-6.997492],[-41.095159,-6.75648],[-41.143226,-6.750568],[-41.158455,-6.864708],[-41.187486,-6.99249],[-41.192721,-7.11527],[-41.264107,-7.225772],[-41.205094,-7.258058],[-41.196528,-7.218041],[-41.143226,-7.206673],[-41.143226,-7.165746],[-41.131804,-7.122091],[-41.105153,-7.12482]]]},"properties":{"cod_ibge":"220420","name":"Francisco Santos","uf":"PI"}},
{"type":"Feature","geometry":{"type":"Polygon","coordinates":[[[-42.581423,-4.426846],[-42.671846,-4.476867],[-42.680888,-4.541895],[-42.614261,-4.606468],[-42.553344,-4.588733],[-42.541447,-4.547352],[-42.481958,-4.521431],[-42.480054,-4.504151],[-42.435319,-4.477776],[-42.420566,-4.468227],[-42.444837,-4.440488],[-42.473868,-4.434121],[-42.54573,-4.362727],[-42.557152,-4.366365],[-42.581423,-4.386828],[-42.581423,-4.426846]]]},"properties":{"cod_ibge":"220555","name":"Lagoa Alegre","uf":"PI"}},
{"type":"Feature","geometry":{"type":"Polygon","coordinates":[[[-43.914444,-6.96566],[-43.935384,-6.96657],[-43.935384,-6.990671],[-43.981548,-6.990216],[-43.990114,-7.004313],[-44.007247,-7.090259],[-44.048175,-7.220315],[-44.037705,-7.231229],[-43.880655,-7.198033],[-43.84163,-7.135279],[-43.774051,-7.139371],[-43.779286,-7.114361],[-43.76025,-7.093897],[-43.796895,-7.066158],[-43.781666,-7.049787],[-43.724081,-6.954292],[-43.818787,-6.933374],[-43.824973,-6.941559],[-43.868757,-6.944288],[-43.914444,-6.96566]]]},"properties":{"cod_ibge":"220600","name":"Marcos Parente","uf":"PI"}},
{"type":"Feature","geometry":{"type":"Polygon","coordinates":[[[-44.083392,-10.589031],[-44.07197,-10.579936],[-44.05103,-10.506268],[-44.025807,-10.475346],[-44.035801,-10.444878],[-44.027711,-10.412592],[-44.007723,-10.405316],[-43.990114,-10.418049],[-44.066735,-10.217508],[-44.093386,-10.192043],[-44.307545,-10.289812],[-44.305642,-10.303454],[-44.286129,-10.323463],[-44.298979,-10.360751],[-44.319443,-10.400769],[-44.347522,-10.472163],[-44.351329,-10.4949],[-44.34419,-10.549469],[-44.314684,-10.557199],[-44.290413,-10.596762],[-44.266617,-10.623137],[-44.245201,-10.627684],[-44.21855,-10.615406],[-44.176194,-10.632686],[-44.165724,-10.64269],[-44.139073,-10.639962],[-44.125748,-10.627229],[-44.110519,-10.597216],[-44.083392,-10.589031]]]},"properties":{"cod_ibge":"220552","name":"Júlio Borges","uf":"PI"}},
{"type":"Feature","geometry":{"type":"Polygon","coordinates":[[[-43.074465,-9.399885],[-43.08779,-9.288474],[-43.106827,-9.243],[-43.083031,-9.19798],[-43.086363,-9.167058],[-43.107303,-9.146595],[-43.11111,-9.101576],[-43.103019,-9.096119],[-43.113965,-8.992893],[-43.0797,-8.812361],[-43.01688,-8.815544],[-43.020211,-8.700949],[-43.059236,-8.697766],[-43.076844,-8.740057],[-43.261021,-8.746878],[-43.283389,-8.749607],[-43.279106,-9.000168],[-43.188683,-9.194797],[-43.21581,-9.245728],[-43.223424,-9.313485],[-43.204864,-9.317577],[-43.20534,-9.352592],[-43.21343,-9.355775],[-43.218665,-9.400795],[-43.193918,-9.420803],[-43.172978,-9.409889],[-43.161556,-9.379422],[-43.130146,-9.385333],[-43.122056,-9.373055],[-43.074465,-9.399885]]]},"properties":{"cod_ibge":"220553","name":"Jurema","uf":"PI"}},
{"type":"Feature","geometry":{"type":"Polygon","coordinates":[[[-42.798438,-7.386295],[-42.823661,-7.434043],[-42.804149,-7.56137],[-42.861258,-7.619122],[-42.886481,-7.620032],[-43.03544,-7.734172],[-43.042103,-7.739174],[-43.048766,-7.874686],[-43.059236,-7.910611],[-42.898379,-7.884236],[-42.803197,-7.649135],[-42.756082,-7.701885],[-42.728955,-7.654592],[-42.727527,-7.633674],[-42.70278,-7.643223],[-42.67946,-7.623215],[-42.678509,-7.591383],[-42.682316,-7.469967],[-42.798438,-7.386295]]]},"properties":{"cod_ibge":"220380","name":"Flores do Piauí","uf":"PI"}},
{"type":"Feature","geometry":{"type":"Polygon","coordinates":[[[-42.747991,-5.5305],[-42.711822,-5.543233],[-42.694689,-5.515494],[-42.599032,-5.515039],[-42.572857,-5.491847],[-42.50385,-5.555056],[-42.462446,-5.535502],[-42.455783,-5.491847],[-42.469585,-5.480024],[-42.473868,-5.457742],[-42.496711,-5.458196],[-42.520031,-5.423181],[-42.513844,-5.40863],[-42.529073,-5.393623],[-42.554772,-5.384983],[-42.567146,-5.366794],[-42.599032,-5.350423],[-42.631394,-5.391804],[-42.662328,-5.39135],[-42.726575,-5.427729],[-42.748467,-5.424091],[-42.747991,-5.5305]]]},"properties":{"cod_ibge":"220558","name":"Lagoa do Piauí","uf":"PI"}},
{"type":"Feature","geometry":{"type":"Polygon","coordinates":[[[-45.938486,-8.786895],[-45.959901,-8.815544],[-45.949431,-8.845102],[-45.971799,-8.862382],[-45.967516,-8.876479],[-45.983697,-8.890121],[-45.97989,-8.903764],[-45.995119,-8.926955],[-45.991311,-8.949238],[-45.967992,-8.976522],[-45.957998,-9.002442],[-45.943721,-9.01563],[-45.936106,-9.038367],[-45.940865,-9.055192],[-45.923256,-9.090207],[-45.929443,-9.127496],[-45.917546,-9.159328],[-45.897557,-9.185248],[-45.897081,-9.23345],[-45.90422,-9.265282],[-45.897557,-9.289383],[-45.907551,-9.297569],[-45.887087,-9.3485],[-45.864244,-9.358959],[-45.847587,-9.35623],[-45.828551,-9.37351],[-45.799044,-9.417165],[-45.783339,-9.479919],[-45.790954,-9.482648],[-45.76811,-9.502656],[-45.741935,-9.512661],[-45.71576,-9.545857],[-45.688157,-9.556771],[-45.667693,-9.535398],[-45.64485,-9.532215],[-45.613916,-9.513115],[-45.583933,-9.516753],[-45.531107,-9.495835],[-45.515402,-9.483103],[-45.513499,-9.459001],[-45.410226,-9.459001],[-45.511595,-9.17206],[-45.533963,-9.140683],[-45.528252,-9.105213],[-45.553475,-9.07702],[-45.562517,-9.051099],[-45.542053,-9.038367],[-45.50636,-8.996985],[-45.503505,-8.976067],[-45.483992,-8.964244],[-45.473522,-8.938779],[-45.424028,-8.882845],[-45.40166,-8.870113],[-45.39119,-8.824184],[-45.398805,-8.7969],[-45.392142,-8.751426],[-45.394997,-8.714592],[-45.381196,-8.68276],[-45.385003,-8.65593],[-45.405943,-8.632738],[-45.448775,-8.570894],[-45.468287,-8.555887],[-45.503505,-8.547702],[-45.535866,-8.51678],[-45.574891,-8.497226],[-45.622958,-8.495861],[-45.659603,-8.444476],[-45.661982,-8.430834],[-45.692916,-8.411735],[-45.706242,-8.387633],[-45.724802,-8.394909],[-45.730513,-8.42856],[-45.745266,-8.452661],[-45.738604,-8.500864],[-45.757164,-8.526784],[-45.753833,-8.542245],[-45.772393,-8.574532],[-45.794761,-8.591812],[-45.76811,-8.606818],[-45.776201,-8.617277],[-45.805707,-8.622734],[-45.821888,-8.647745],[-45.82046,-8.663661],[-45.840924,-8.715956],[-45.864244,-8.715501],[-45.864244,-8.730507],[-45.890419,-8.740512],[-45.938486,-8.786895]]]},"properties":{"cod_ibge":"220920","name":"Santa Filomena","uf":"PI"}},
{"type":"Feature","geometry":{"type":"Polygon","coordinates":[[[-41.68957,-6.531384],[-41.685286,-6.531384],[-41.511104,-6.608235],[-41.508248,-6.556849],[-41.426392,-6.565944],[-41.371186,-6.594138],[-41.281716,-6.65098],[-41.264583,-6.612782],[-41.264583,-6.594592],[-41.280764,-6.559123],[-41.296469,-6.556849],[-41.299324,-6.538659],[-41.317409,-6.525017],[-41.314553,-6.500461],[-41.374042,-6.50319],[-41.405928,-6.435888],[-41.388795,-6.365858],[-41.44638,-6.348578],[-41.527761,-6.375862],[-41.531568,-6.36222],[-41.562502,-6.381319],[-41.574875,-6.339028],[-41.598195,-6.373134],[-41.665298,-6.460444],[-41.669581,-6.501825],[-41.686714,-6.515922],[-41.68957,-6.531384]]]},"properties":{"cod_ibge":"220559","name":"Lagoa do Sítio","uf":"PI"}},
{"type":"Feature","geometry":{"type":"Polygon","coordinates":[[[-42.225443,-7.906063],[-42.227823,-7.885145],[-42.198792,-7.796471],[-42.16072,-7.746904],[-42.189274,-7.722348],[-42.355366,-7.724167],[-42.394867,-7.751906],[-42.415807,-7.757363],[-42.357746,-7.811023],[-42.338234,-7.948809],[-42.32824,-7.951537],[-42.285408,-7.931074],[-42.263516,-7.909701],[-42.225443,-7.906063]]]},"properties":{"cod_ibge":"220730","name":"Paes Landim","uf":"PI"}},
{"type":"Feature","geometry":{"type":"Polygon","coordinates":[[[-41.227462,-7.573193],[-41.1951,-7.575467],[-41.172732,-7.609118],[-41.14513,-7.628672],[-41.064225,-7.645497],[-41.006164,-7.635038],[-40.994266,-7.613211],[-40.962856,-7.613211],[-40.942392,-7.598204],[-40.965236,-7.591383],[-40.968091,-7.569101],[-40.981893,-7.558187],[-40.987604,-7.531812],[-41.008544,-7.484974],[-41.01711,-7.436771],[-41.00664,-7.424948],[-41.037098,-7.428131],[-41.087069,-7.425858],[-41.106581,-7.419946],[-41.128949,-7.428131],[-41.1556,-7.427677],[-41.157979,-7.44723],[-41.188913,-7.477243],[-41.238408,-7.484519],[-41.227462,-7.52681],[-41.227462,-7.573193]]]},"properties":{"cod_ibge":"220605","name":"Massapê do Piauí","uf":"PI"}},
{"type":"Feature","geometry":{"type":"Polygon","coordinates":[[[-41.381181,-8.707316],[-41.400693,-8.705497],[-41.425916,-8.667753],[-41.433055,-8.670027],[-41.463989,-8.712773],[-41.490164,-8.734145],[-41.517766,-8.725051],[-41.5092,-8.659568],[-41.483025,-8.601361],[-41.468272,-8.531786],[-41.495399,-8.505411],[-41.485881,-8.475398],[-41.493971,-8.454935],[-41.493495,-8.390816],[-41.486356,-8.368079],[-41.523001,-8.373536],[-41.545369,-8.347161],[-41.573448,-8.324424],[-41.610569,-8.318968],[-41.657208,-8.298959],[-41.677196,-8.328517],[-41.669581,-8.350345],[-41.673389,-8.392635],[-41.727166,-8.400366],[-41.754769,-8.423103],[-41.711937,-8.500409],[-41.750962,-8.604999],[-41.737636,-8.732781],[-41.703847,-8.729598],[-41.698612,-8.750061],[-41.681479,-8.747333],[-41.645786,-8.758247],[-41.600575,-8.795081],[-41.544893,-8.779619],[-41.513483,-8.791897],[-41.497778,-8.806449],[-41.488736,-8.783712],[-41.471603,-8.77871],[-41.454946,-8.755973],[-41.429723,-8.756428],[-41.411163,-8.774163],[-41.39403,-8.724141],[-41.381181,-8.707316]]]},"properties":{"cod_ibge":"220556","name":"Lagoa do Barro do Piauí","uf":"PI"}},
{"type":"Feature","geometry":{"type":"Polygon","coordinates":[[[-41.605334,-4.409565],[-41.568213,-4.415022],[-41.549652,-4.404563],[-41.529188,-4.410475],[-41.510628,-4.400471],[-41.501586,-4.35727],[-41.513007,-4.331805],[-41.541562,-4.328622],[-41.560598,-4.310432],[-41.608189,-4.301792],[-41.617231,-4.339081],[-41.636744,-4.349994],[-41.654828,-4.344538],[-41.667678,-4.353632],[-41.658635,-4.395468],[-41.641503,-4.409111],[-41.605334,-4.409565]]]},"properties":{"cod_ibge":"220557","name":"Lagoa de São Francisco","uf":"PI"}},
{"type":"Feature","geometry":{"type":"Polygon","coordinates":[[[-43.540856,-9.308028],[-43.497548,-9.272558],[-43.468993,-9.260735],[-43.438059,-9.266192],[-43.42283,-9.27756],[-43.395228,-9.314394],[-43.376191,-9.348954],[-43.353348,-9.368963],[-43.336215,-9.368508],[-43.293383,-9.400795],[-43.285293,-9.419894],[-43.242461,-9.411708],[-43.218665,-9.400795],[-43.21343,-9.355775],[-43.20534,-9.352592],[-43.204864,-9.317577],[-43.223424,-9.313485],[-43.21581,-9.245728],[-43.188683,-9.194797],[-43.279106,-9.000168],[-43.283389,-8.749607],[-43.261021,-8.746878],[-43.253407,-8.728234],[-43.46709,-8.730053],[-43.428065,-8.765068],[-43.418547,-8.780529],[-43.419499,-8.807813],[-43.447578,-8.86602],[-43.452337,-8.91877],[-43.445198,-8.973794],[-43.449957,-9.021541],[-43.421403,-9.060649],[-43.415216,-9.078839],[-43.420451,-9.103395],[-43.419499,-9.13841],[-43.458999,-9.126132],[-43.541332,-9.237543],[-43.540856,-9.308028]]]},"properties":{"cod_ibge":"220250","name":"Caracol","uf":"PI"}},
{"type":"Feature","geometry":{"type":"Polygon","coordinates":[[[-41.830915,-7.344004],[-41.861849,-7.416763],[-41.854234,-7.42995],[-41.864704,-7.488157],[-41.858041,-7.501799],[-41.866608,-7.521808],[-41.860421,-7.53545],[-41.843288,-7.537724],[-41.829011,-7.552275],[-41.776185,-7.552275],[-41.752865,-7.559097],[-41.727642,-7.523627],[-41.741444,-7.461327],[-41.780468,-7.424493],[-41.819493,-7.357647],[-41.830915,-7.344004]]]},"properties":{"cod_ibge":"220385","name":"Floresta do Piauí","uf":"PI"}},
{"type":"Feature","geometry":{"type":"Polygon","coordinates":[[[-40.807234,-7.766913],[-40.79724,-7.69279],[-40.82865,-7.66687],[-40.85197,-7.626398],[-40.885283,-7.623215],[-40.900036,-7.600478],[-40.942392,-7.598204],[-40.962856,-7.613211],[-40.994266,-7.613211],[-41.006164,-7.635038],[-41.064225,-7.645497],[-41.067556,-7.674601],[-41.098015,-7.715527],[-41.099442,-7.738719],[-41.091828,-7.769641],[-41.064225,-7.770551],[-41.053279,-7.782374],[-41.01711,-7.792833],[-40.992839,-7.808749],[-40.951435,-7.82512],[-40.933826,-7.790105],[-40.915741,-7.774189],[-40.901464,-7.733717],[-40.852921,-7.730534],[-40.827222,-7.741902],[-40.807234,-7.766913]]]},"properties":{"cod_ibge":"220255","name":"Caridade do Piauí","uf":"PI"}},
{"type":"Feature","geometry":{"type":"Polygon","coordinates":[[[-43.063043,-7.934712],[-43.041151,-7.943807],[-42.995464,-7.983369],[-42.965958,-8.045669],[-42.935499,-8.063403],[-42.85745,-8.0775],[-42.826516,-8.070679],[-42.786064,-8.045669],[-42.756082,-8.041121],[-42.733238,-8.01702],[-42.711822,-8.019748],[-42.711822,-7.976548],[-42.686123,-7.779191],[-42.756082,-7.701885],[-42.803197,-7.649135],[-42.898379,-7.884236],[-43.059236,-7.910611],[-43.063043,-7.934712]]]},"properties":{"cod_ibge":"220735","name":"Pajeú do Piauí","uf":"PI"}},
{"type":"Feature","geometry":{"type":"Polygon","coordinates":[[[-41.745251,-3.463251],[-41.783324,-3.467344],[-41.82092,-3.45552],[-41.864228,-3.460068],[-41.8628,-3.475984],[-41.885644,-3.476893],[-41.871367,-3.533281],[-41.895638,-3.519639],[-41.912771,-3.528279],[-41.911343,-3.546923],[-41.934187,-3.571479],[-41.94085,-3.614225],[-41.925145,-3.638326],[-41.924669,-3.676979],[-41.866608,-3.721089],[-41.79427,-3.624229],[-41.772854,-3.572843],[-41.746679,-3.586485],[-41.701467,-3.546014],[-41.67434,-3.481895],[-41.68957,-3.452792],[-41.711937,-3.467798],[-41.745251,-3.463251]]]},"properties":{"cod_ibge":"220253","name":"Caraúbas do Piauí","uf":"PI"}},
{"type":"Feature","geometry":{"type":"Polygon","coordinates":[[[-44.841991,-8.265308],[-44.408438,-8.461756],[-44.383691,-8.366261],[-44.362751,-8.295321],[-44.316112,-8.132979],[-44.261858,-7.935621],[-44.144784,-7.54409],[-44.353233,-7.424948],[-44.358468,-7.369015],[-44.355136,-7.328998],[-44.338955,-7.298985],[-44.297551,-7.263515],[-44.351805,-7.227591],[-44.332768,-7.208037],[-44.328961,-7.161199],[-44.31278,-7.118453],[-44.327533,-7.110268],[-44.364654,-7.121636],[-44.38607,-7.120727],[-44.430806,-7.151649],[-44.473637,-7.166656],[-44.512662,-7.193485],[-44.521704,-7.218496],[-44.53503,-7.227136],[-44.565488,-7.2285],[-44.571675,-7.248509],[-44.594042,-7.267153],[-44.615934,-7.308535],[-44.660194,-7.328998],[-44.678278,-7.359466],[-44.690176,-7.395845],[-44.711116,-7.398118],[-44.730628,-7.390388],[-44.74205,-7.361739],[-44.780123,-7.378565],[-44.817244,-7.361285],[-44.820575,-7.375836],[-44.847226,-7.38584],[-44.868166,-7.421765],[-44.899576,-7.424948],[-44.922896,-7.467239],[-44.98524,-7.480881],[-44.974294,-7.538633],[-44.918612,-7.870139],[-44.84675,-8.263034],[-44.841991,-8.265308]]]},"properties":{"cod_ibge":"221120","name":"Uruçuí","uf":"PI"}},
{"type":"Feature","geometry":{"type":"Polygon","coordinates":[[[-42.548109,-4.344992],[-42.482434,-4.344083],[-42.447693,-4.334533],[-42.195937,-4.380917],[-42.174045,-4.372731],[-42.182135,-4.34954],[-42.177852,-4.326348],[-42.193557,-4.297245],[-42.178328,-4.269505],[-42.155009,-4.274053],[-42.111225,-4.265867],[-42.063634,-4.274053],[-42.030796,-4.266777],[-42.000338,-4.272234],[-41.996531,-4.245404],[-41.997007,-4.207661],[-42.05126,-4.181286],[-42.07696,-4.205387],[-42.11646,-4.207206],[-42.156436,-4.220393],[-42.193081,-4.216755],[-42.207835,-4.22585],[-42.237817,-4.224031],[-42.23401,-4.194928],[-42.2421,-4.167189],[-42.266847,-4.160822],[-42.250666,-4.126717],[-42.263992,-4.089428],[-42.254474,-4.077605],[-42.264468,-4.010758],[-42.237341,-3.997571],[-42.229726,-3.973469],[-42.244004,-3.926631],[-42.266847,-3.939364],[-42.287787,-3.975743],[-42.308727,-3.99848],[-42.359174,-3.974379],[-42.38868,-3.986202],[-42.439126,-3.968467],[-42.456259,-3.996661],[-42.512892,-4.042135],[-42.534308,-4.100342],[-42.5562,-4.104889],[-42.589989,-4.133083],[-42.646623,-4.13081],[-42.616164,-4.238128],[-42.548109,-4.344992]]]},"properties":{"cod_ibge":"220120","name":"Barras","uf":"PI"}},
{"type":"Feature","geometry":{"type":"Polygon","coordinates":[[[-45.41451,-10.644964],[-45.385003,-10.651785],[-45.369298,-10.679979],[-45.358352,-10.732274],[-45.329798,-10.755466],[-45.268406,-10.776384],[-45.25746,-10.811854],[-45.246038,-10.822313],[-45.219387,-10.817311],[-45.20511,-10.832772],[-45.157995,-10.839138],[-45.082325,-10.839593],[-45.051391,-10.851416],[-45.01665,-10.884612],[-44.972866,-10.892343],[-44.944787,-10.919172],[-44.930986,-10.928722],[-44.897672,-10.902802],[-44.863883,-10.885067],[-44.881967,-10.752283],[-44.993806,-10.666337],[-45.023788,-10.654968],[-45.191308,-10.58994],[-45.304575,-10.607221],[-45.41451,-10.644964]]]},"properties":{"cod_ibge":"220300","name":"Cristalândia do Piauí","uf":"PI"}},
{"type":"Feature","geometry":{"type":"Polygon","coordinates":[[[-41.860897,-6.604597],[-41.879457,-6.57322],[-41.908488,-6.545026],[-41.893735,-6.540933],[-41.898494,-6.410877],[-42.016043,-6.310834],[-42.036983,-6.389959],[-42.09314,-6.456806],[-42.080767,-6.465446],[-42.067441,-6.445438],[-42.013664,-6.444073],[-42.013664,-6.474541],[-42.050309,-6.494095],[-42.048405,-6.509556],[-42.061255,-6.526836],[-42.05602,-6.566853],[-42.057447,-6.602323],[-42.081719,-6.612782],[-42.086954,-6.636429],[-42.110273,-6.632791],[-42.122647,-6.644159],[-42.064586,-6.638247],[-42.04317,-6.627334],[-41.997959,-6.616875],[-41.927524,-6.644614],[-41.888024,-6.608235],[-41.860897,-6.604597]]]},"properties":{"cod_ibge":"220690","name":"Novo Oriente do Piauí","uf":"PI"}},
{"type":"Feature","geometry":{"type":"Polygon","coordinates":[[[-41.861849,-5.360882],[-41.849475,-5.338145],[-41.799029,-5.321774],[-41.799505,-5.304039],[-41.850903,-5.279484],[-41.818541,-5.215365],[-41.801884,-5.200359],[-41.800932,-5.193992],[-41.980826,-5.169891],[-41.994627,-5.168072],[-42.00938,-5.233555],[-42.002242,-5.252654],[-42.01414,-5.263113],[-41.9932,-5.287214],[-42.03032,-5.307223],[-42.0327,-5.340419],[-42.005097,-5.348604],[-41.990344,-5.388166],[-41.95941,-5.395897],[-41.944181,-5.406811],[-41.926096,-5.381345],[-41.887072,-5.376798],[-41.880885,-5.362701],[-41.861849,-5.360882]]]},"properties":{"cod_ibge":"220695","name":"Novo Santo Antônio","uf":"PI"}},
{"type":"Feature","geometry":{"type":"Polygon","coordinates":[[[-42.604267,-7.379929],[-42.569049,-7.392662],[-42.531929,-7.374927],[-42.360601,-7.417672],[-42.310155,-7.223043],[-42.403909,-7.169839],[-42.411524,-7.143009],[-42.406765,-7.096171],[-42.416283,-7.055244],[-42.420566,-6.967025],[-42.593797,-6.995219],[-42.625207,-6.997492],[-42.643767,-6.986124],[-42.655189,-7.094352],[-42.63758,-7.15847],[-42.662328,-7.20258],[-42.604267,-7.379929]]]},"properties":{"cod_ibge":"220970","name":"São Francisco do Piauí","uf":"PI"}},
{"type":"Feature","geometry":{"type":"Polygon","coordinates":[[[-40.425079,-6.935193],[-40.44126,-6.943833],[-40.462676,-6.936557],[-40.489327,-6.952473],[-40.505032,-6.938831],[-40.546912,-6.942014],[-40.553575,-6.951109],[-40.588316,-6.950199],[-40.604973,-6.956566],[-40.607352,-6.976119],[-40.624485,-6.993854],[-40.643997,-6.997947],[-40.654467,-7.011589],[-40.672552,-7.013408],[-40.69492,-7.030234],[-40.733468,-7.01068],[-40.75536,-7.008861],[-40.770589,-6.988397],[-40.790101,-7.001585],[-40.761547,-7.022503],[-40.729185,-7.102537],[-40.693492,-7.143919],[-40.691588,-7.159835],[-40.717287,-7.208037],[-40.700155,-7.226681],[-40.671124,-7.209856],[-40.604021,-7.214403],[-40.566424,-7.210765],[-40.505984,-7.210765],[-40.484568,-7.133005],[-40.489803,-7.118908],[-40.459345,-7.078436],[-40.443164,-7.047968],[-40.427935,-7.033872],[-40.428887,-6.94838],[-40.425079,-6.935193]]]},"properties":{"cod_ibge":"220430","name":"Fronteiras","uf":"PI"}},
{"type":"Feature","geometry":{"type":"Polygon","coordinates":[[[-41.605334,-4.409565],[-41.641503,-4.409111],[-41.658635,-4.395468],[-41.667678,-4.353632],[-41.654828,-4.344538],[-41.636744,-4.349994],[-41.617231,-4.339081],[-41.608189,-4.301792],[-41.560598,-4.310432],[-41.524905,-4.256773],[-41.497302,-4.180376],[-41.525381,-4.163551],[-41.574875,-4.159458],[-41.577731,-4.145816],[-41.656732,-4.219939],[-41.761432,-4.209025],[-41.79998,-4.173555],[-41.80474,-4.202204],[-41.921337,-4.184014],[-41.918958,-4.224031],[-41.954175,-4.220848],[-41.978922,-4.246314],[-41.996531,-4.245404],[-42.000338,-4.272234],[-42.000338,-4.344083],[-42.026989,-4.354087],[-42.007953,-4.380917],[-41.967976,-4.404563],[-41.958934,-4.424572],[-41.928952,-4.431848],[-41.902777,-4.427755],[-41.8885,-4.447309],[-41.860421,-4.46277],[-41.849951,-4.460042],[-41.807119,-4.510063],[-41.793318,-4.511427],[-41.779992,-4.532345],[-41.755721,-4.545078],[-41.739064,-4.570089],[-41.730022,-4.547352],[-41.638647,-4.463225],[-41.605334,-4.409565]]]},"properties":{"cod_ibge":"220840","name":"Piripiri","uf":"PI"}},
{"type":"Feature","geometry":{"type":"Polygon","coordinates":[[[-45.027596,-9.974677],[-45.13991,-9.935569],[-45.256984,-9.935569],[-45.271737,-9.985136],[-45.379292,-9.980588],[-45.549668,-9.974222],[-45.557758,-10.013785],[-45.53777,-10.043343],[-45.514926,-10.093364],[-45.511119,-10.161575],[-45.544909,-10.174763],[-45.556806,-10.217053],[-45.523493,-10.244338],[-45.522541,-10.276624],[-45.514451,-10.289812],[-45.490655,-10.30118],[-45.388335,-10.244793],[-45.285538,-10.201592],[-45.19226,-10.14475],[-45.106121,-10.138383],[-45.027596,-9.974677]]]},"properties":{"cod_ibge":"220975","name":"São Gonçalo do Gurguéia","uf":"PI"}},
{"type":"Feature","geometry":{"type":"Polygon","coordinates":[[[-43.784521,-7.365832],[-43.732647,-7.300349],[-43.717894,-7.263515],[-43.68458,-7.133005],[-43.740738,-7.112996],[-43.76025,-7.093897],[-43.779286,-7.114361],[-43.774051,-7.139371],[-43.84163,-7.135279],[-43.880655,-7.198033],[-44.037705,-7.231229],[-44.048175,-7.220315],[-44.069115,-7.199397],[-44.091007,-7.218951],[-44.071494,-7.268972],[-44.184285,-7.417672],[-44.134314,-7.534086],[-44.123368,-7.500435],[-44.036277,-7.423584],[-43.832588,-7.353099],[-43.784521,-7.365832]]]},"properties":{"cod_ibge":"220560","name":"Landri Sales","uf":"PI"}},
{"type":"Feature","geometry":{"type":"Polygon","coordinates":[[[-44.841991,-8.265308],[-44.843419,-8.312601],[-44.822003,-8.33261],[-44.813912,-8.379903],[-44.827714,-8.426741],[-44.727773,-8.532241],[-44.516469,-8.66548],[-44.305166,-8.799173],[-44.239014,-8.798719],[-44.17905,-8.755973],[-44.154303,-8.743695],[-44.135266,-8.696857],[-44.108139,-8.692309],[-44.082916,-8.667753],[-44.050554,-8.661842],[-44.041512,-8.642288],[-44.01962,-8.622279],[-44.028187,-8.610911],[-44.208556,-8.627281],[-44.205701,-8.553614],[-44.408438,-8.461756],[-44.841991,-8.265308]]]},"properties":{"cod_ibge":"220740","name":"Palmeira do Piauí","uf":"PI"}},
{"type":"Feature","geometry":{"type":"Polygon","coordinates":[[[-41.77333,-7.81648],[-41.798077,-7.816025],[-41.805691,-7.826939],[-41.839957,-7.813296],[-41.869939,-7.773734],[-41.932759,-7.756909],[-41.950844,-7.742812],[-41.968928,-7.705068],[-42.018423,-7.650499],[-42.036507,-7.620032],[-42.066014,-7.591838],[-42.060779,-7.581834],[-42.216401,-7.62276],[-42.219256,-7.629581],[-42.299209,-7.627308],[-42.189274,-7.722348],[-42.16072,-7.746904],[-42.198792,-7.796471],[-42.227823,-7.885145],[-42.225443,-7.906063],[-42.171665,-7.918341],[-42.153581,-7.936986],[-42.125502,-7.944262],[-42.128358,-7.958358],[-42.110749,-7.971546],[-42.095996,-7.949718],[-42.056495,-7.974274],[-42.021754,-7.936531],[-42.024134,-7.908792],[-41.937042,-7.904699],[-41.914199,-7.875596],[-41.879933,-7.896514],[-41.87803,-7.908792],[-41.856138,-7.939259],[-41.819969,-7.931074],[-41.775233,-7.933803],[-41.730498,-7.960632],[-41.704799,-7.938805],[-41.715745,-7.852859],[-41.670057,-7.836488],[-41.774281,-7.821027],[-41.77333,-7.81648]]]},"properties":{"cod_ibge":"221080","name":"Simplício Mendes","uf":"PI"}},
{"type":"Feature","geometry":{"type":"Polygon","coordinates":[[[-44.276135,-7.057973],[-44.275659,-7.074343],[-44.31278,-7.118453],[-44.328961,-7.161199],[-44.332768,-7.208037],[-44.351805,-7.227591],[-44.297551,-7.263515],[-44.266141,-7.243052],[-44.257099,-7.27352],[-44.184285,-7.417672],[-44.071494,-7.268972],[-44.091007,-7.218951],[-44.069115,-7.199397],[-44.150971,-7.117089],[-44.167628,-7.120272],[-44.200466,-7.08844],[-44.232828,-7.082529],[-44.249008,-7.057973],[-44.276135,-7.057973]]]},"properties":{"cod_ibge":"220080","name":"Antônio Almeida","uf":"PI"}},
{"type":"Feature","geometry":{"type":"Polygon","coordinates":[[[-41.745727,-5.543233],[-41.707654,-5.559604],[-41.663395,-5.56597],[-41.614376,-5.596892],[-41.563454,-5.590071],[-41.523001,-5.599166],[-41.519194,-5.576429],[-41.446856,-5.537321],[-41.42782,-5.480479],[-41.373566,-5.468655],[-41.367855,-5.456377],[-41.329306,-5.453649],[-41.31027,-5.438643],[-41.295041,-5.415451],[-41.245071,-5.407266],[-41.252209,-5.388621],[-41.286951,-5.357699],[-41.300276,-5.325412],[-41.321692,-5.318591],[-41.349295,-5.278574],[-41.362144,-5.282212],[-41.389747,-5.269479],[-41.408783,-5.246287],[-41.392126,-5.209454],[-41.353578,-5.18035],[-41.375946,-5.150337],[-41.394982,-5.15443],[-41.444476,-5.133967],[-41.441621,-5.098042],[-41.466368,-5.071212],[-41.476362,-5.048021],[-41.471603,-5.023465],[-41.498254,-5.013915],[-41.512056,-5.038926],[-41.510628,-5.061663],[-41.532044,-5.056661],[-41.56393,-5.073486],[-41.598671,-5.081672],[-41.617707,-5.103499],[-41.618659,-5.119415],[-41.639123,-5.1276],[-41.656732,-5.156249],[-41.683859,-5.168982],[-41.700991,-5.1899],[-41.730498,-5.189445],[-41.74192,-5.155339],[-41.732401,-5.117596],[-41.73954,-5.078488],[-41.777613,-5.094859],[-41.778089,-5.128055],[-41.787131,-5.162161],[-41.782848,-5.193083],[-41.801884,-5.200359],[-41.818541,-5.215365],[-41.850903,-5.279484],[-41.799505,-5.304039],[-41.799029,-5.321774],[-41.849475,-5.338145],[-41.861849,-5.360882],[-41.845192,-5.352242],[-41.834722,-5.373615],[-41.791414,-5.39908],[-41.778089,-5.387712],[-41.757149,-5.403173],[-41.754293,-5.41636],[-41.730022,-5.429093],[-41.694805,-5.457287],[-41.698612,-5.482298],[-41.734305,-5.504125],[-41.752865,-5.534138],[-41.745727,-5.543233]]]},"properties":{"cod_ibge":"220260","name":"Castelo do Piauí","uf":"PI"}},
{"type":"Feature","geometry":{"type":"Polygon","coordinates":[[[-41.205094,-7.258058],[-41.264107,-7.225772],[-41.192721,-7.11527],[-41.232697,-7.110723],[-41.333114,-7.099354],[-41.387367,-7.107539],[-41.395458,-7.127093],[-41.461609,-7.122091],[-41.462561,-7.187574],[-41.431151,-7.227136],[-41.396886,-7.263061],[-41.390223,-7.260332],[-41.31027,-7.30717],[-41.309794,-7.287162],[-41.283619,-7.267153],[-41.24983,-7.275793],[-41.208426,-7.275339],[-41.205094,-7.258058]]]},"properties":{"cod_ibge":"220435","name":"Geminiano","uf":"PI"}},
{"type":"Feature","geometry":{"type":"Polygon","coordinates":[[[-42.683268,-3.694714],[-42.656141,-3.722453],[-42.591417,-3.758377],[-42.548109,-3.804306],[-42.528597,-3.786571],[-42.527645,-3.772474],[-42.488621,-3.757468],[-42.518127,-3.68289],[-42.554296,-3.666065],[-42.61664,-3.610587],[-42.632821,-3.63196],[-42.675177,-3.672431],[-42.683268,-3.694714]]]},"properties":{"cod_ibge":"220610","name":"Matias Olímpio","uf":"PI"}},
{"type":"Feature","geometry":{"type":"Polygon","coordinates":[[[-43.225328,-7.283524],[-43.147755,-7.222134],[-43.074941,-7.314446],[-42.885053,-7.359011],[-42.842221,-7.354463],[-42.81557,-7.279886],[-42.852215,-7.214403],[-42.93074,-7.193031],[-42.944542,-7.13346],[-42.798914,-6.915184],[-42.793203,-6.77467],[-42.841269,-6.705549],[-42.856974,-6.662349],[-42.895999,-6.656892],[-42.915035,-6.647797],[-42.918843,-6.668715],[-42.946921,-6.701911],[-42.977379,-6.717827],[-42.992609,-6.748749],[-43.011169,-6.760118],[-43.047814,-6.761937],[-43.064471,-6.750568],[-43.087314,-6.751023],[-43.101116,-6.767848],[-43.147755,-6.783764],[-43.178213,-6.767394],[-43.219141,-6.763756],[-43.247696,-6.767848],[-43.271491,-6.792404],[-43.316227,-6.801499],[-43.343829,-6.797861],[-43.366673,-6.820144],[-43.383806,-6.816051],[-43.390944,-6.834241],[-43.400463,-6.876531],[-43.417119,-6.889719],[-43.441391,-6.944742],[-43.306233,-6.991126],[-43.356203,-7.204399],[-43.225328,-7.283524]]]},"properties":{"cod_ibge":"220390","name":"Floriano","uf":"PI"}},
{"type":"Feature","geometry":{"type":"Polygon","coordinates":[[[-41.633888,-6.271727],[-41.672437,-6.275819],[-41.682907,-6.265815],[-41.720028,-6.268089],[-41.749058,-6.252628],[-41.798077,-6.257175],[-41.826631,-6.233074],[-41.858993,-6.221705],[-41.872795,-6.202152],[-41.913723,-6.198059],[-41.953223,-6.180779],[-42.008905,-6.194421],[-42.02223,-6.207608],[-42.028893,-6.239895],[-42.022706,-6.24899],[-42.043646,-6.268089],[-42.046025,-6.284005],[-42.016043,-6.310834],[-41.898494,-6.410877],[-41.893735,-6.540933],[-41.908488,-6.545026],[-41.879457,-6.57322],[-41.860897,-6.604597],[-41.839481,-6.569582],[-41.728594,-6.559577],[-41.723835,-6.52911],[-41.68957,-6.531384],[-41.686714,-6.515922],[-41.669581,-6.501825],[-41.665298,-6.460444],[-41.598195,-6.373134],[-41.574875,-6.339028],[-41.521098,-6.312653],[-41.52205,-6.286278],[-41.562026,-6.272636],[-41.562502,-6.261268],[-41.608189,-6.259904],[-41.633888,-6.271727]]]},"properties":{"cod_ibge":"221130","name":"Valença do Piauí","uf":"PI"}},
{"type":"Feature","geometry":{"type":"Polygon","coordinates":[[[-45.379292,-9.980588],[-45.392618,-9.951485],[-45.394521,-9.91738],[-45.412606,-9.909649],[-45.457817,-9.851897],[-45.483041,-9.829615],[-45.514451,-9.81097],[-45.543957,-9.782322],[-45.549192,-9.766861],[-45.541101,-9.74958],[-45.557282,-9.739576],[-45.665314,-9.802785],[-45.734796,-9.751854],[-45.756688,-9.726843],[-45.806183,-9.68819],[-45.829502,-9.680005],[-45.838545,-9.696376],[-45.820936,-9.739121],[-45.821412,-9.773227],[-45.838545,-9.796873],[-45.864244,-9.861447],[-45.858057,-9.907375],[-45.842352,-9.939662],[-45.854726,-9.996504],[-45.863292,-10.005144],[-45.879949,-10.061078],[-45.869955,-10.069263],[-45.878521,-10.110189],[-45.897557,-10.136564],[-45.899937,-10.152935],[-45.924208,-10.171125],[-45.931347,-10.190679],[-45.945624,-10.19659],[-45.956094,-10.221146],[-45.9461,-10.258435],[-45.974179,-10.248431],[-46.012251,-10.250704],[-46.028432,-10.277079],[-45.999878,-10.296633],[-45.997498,-10.316642],[-45.982269,-10.326191],[-45.971323,-10.358932],[-45.933251,-10.369846],[-45.910883,-10.37121],[-45.887087,-10.340288],[-45.915642,-10.312549],[-45.896606,-10.264346],[-45.867099,-10.253887],[-45.793809,-10.26753],[-45.743839,-10.23979],[-45.727182,-10.203411],[-45.735272,-10.180219],[-45.723375,-10.155209],[-45.690061,-10.155209],[-45.647705,-10.127015],[-45.60297,-10.107916],[-45.579174,-10.122013],[-45.567276,-10.139748],[-45.57156,-10.181129],[-45.556806,-10.217053],[-45.544909,-10.174763],[-45.511119,-10.161575],[-45.514926,-10.093364],[-45.53777,-10.043343],[-45.557758,-10.013785],[-45.549668,-9.974222],[-45.379292,-9.980588]]]},"properties":{"cod_ibge":"220130","name":"Barreiras do Piauí","uf":"PI"}},
{"type":"Feature","geometry":{"type":"Polygon","coordinates":[[[-41.745251,-3.463251],[-41.738588,-3.434147],[-41.736209,-3.347747],[-41.730498,-3.334105],[-41.751438,-3.312732],[-41.796173,-3.253161],[-41.840909,-3.265894],[-41.85709,-3.2809],[-41.854234,-3.294087],[-41.882789,-3.30682],[-41.882789,-3.33365],[-41.926096,-3.333195],[-41.927524,-3.326374],[-42.004145,-3.338197],[-41.978922,-3.361844],[-41.956079,-3.362299],[-41.947036,-3.373212],[-41.952271,-3.393221],[-41.916102,-3.41232],[-41.908012,-3.454156],[-41.92562,-3.467798],[-41.955603,-3.450063],[-41.976543,-3.450518],[-41.974639,-3.506451],[-41.974163,-3.521458],[-41.912771,-3.528279],[-41.895638,-3.519639],[-41.871367,-3.533281],[-41.885644,-3.476893],[-41.8628,-3.475984],[-41.864228,-3.460068],[-41.82092,-3.45552],[-41.783324,-3.467344],[-41.745251,-3.463251]]]},"properties":{"cod_ibge":"220265","name":"Caxingó","uf":"PI"}},
{"type":"Feature","geometry":{"type":"Polygon","coordinates":[[[-42.608074,-8.302597],[-42.333475,-8.398092],[-42.296354,-8.448569],[-42.190702,-8.508594],[-42.158816,-8.590447],[-42.125502,-8.566346],[-42.153105,-8.47267],[-42.034128,-8.461756],[-41.985109,-8.326243],[-41.957506,-8.372627],[-41.924193,-8.256668],[-41.987489,-8.295321],[-42.047929,-8.276222],[-42.1374,-8.205737],[-42.149298,-8.234841],[-42.142635,-8.247119],[-42.165479,-8.273039],[-42.184515,-8.276677],[-42.222588,-8.262125],[-42.26304,-8.257578],[-42.263516,-8.240752],[-42.246859,-8.219379],[-42.282076,-8.193459],[-42.345848,-8.165265],[-42.396295,-8.132979],[-42.410572,-8.132524],[-42.420566,-8.108423],[-42.40153,-8.086595],[-42.438175,-8.074772],[-42.441982,-8.066132],[-42.523362,-8.081138],[-42.469585,-8.10524],[-42.461018,-8.234386],[-42.491952,-8.242571],[-42.533356,-8.224836],[-42.546682,-8.247119],[-42.536212,-8.271675],[-42.54335,-8.290774],[-42.575712,-8.303052],[-42.608074,-8.302597]]]},"properties":{"cod_ibge":"221000","name":"São João do Piauí","uf":"PI"}},
{"type":"Feature","geometry":{"type":"Polygon","coordinates":[[[-42.776546,-9.36578],[-42.771787,-9.343497],[-42.772739,-9.298933],[-42.767504,-9.288474],[-42.829372,-9.280288],[-42.834607,-9.251185],[-42.856023,-9.270739],[-42.866493,-9.299842],[-42.898379,-9.274377],[-42.915987,-9.248457],[-42.905517,-9.215261],[-42.938831,-9.201164],[-42.939307,-9.191159],[-42.969289,-9.146595],[-42.975952,-9.157054],[-42.966434,-9.182519],[-42.986422,-9.205256],[-42.985946,-9.265282],[-42.965482,-9.308028],[-42.997368,-9.318032],[-43.022591,-9.318487],[-43.053049,-9.334403],[-43.062091,-9.383515],[-43.059236,-9.397157],[-43.040199,-9.414437],[-42.987849,-9.401249],[-42.971669,-9.40807],[-42.958819,-9.428534],[-42.941686,-9.411254],[-42.89124,-9.40807],[-42.874583,-9.380331],[-42.862685,-9.384424],[-42.827944,-9.369872],[-42.780829,-9.377148],[-42.776546,-9.36578]]]},"properties":{"cod_ibge":"221135","name":"Várzea Branca","uf":"PI"}},
{"type":"Feature","geometry":{"type":"Polygon","coordinates":[[[-41.962265,-3.679252],[-41.973211,-3.689712],[-41.978446,-3.731093],[-41.975591,-3.765653],[-41.981302,-3.783843],[-41.898494,-3.796575],[-41.903253,-3.887069],[-41.865656,-3.848416],[-41.835674,-3.848416],[-41.686238,-3.79703],[-41.686714,-3.781569],[-41.712889,-3.77111],[-41.818065,-3.753375],[-41.829963,-3.753375],[-41.866608,-3.721089],[-41.924669,-3.676979],[-41.962265,-3.679252]]]},"properties":{"cod_ibge":"221005","name":"São José do Divino","uf":"PI"}},
{"type":"Feature","geometry":{"type":"Polygon","coordinates":[[[-43.753587,-7.574103],[-43.702189,-7.643678],[-43.72646,-7.669144],[-43.755967,-7.718256],[-43.765961,-7.723258],[-43.549898,-7.882872],[-43.537524,-7.922889],[-43.303853,-7.711435],[-43.507066,-7.679603],[-43.473277,-7.554094],[-43.324793,-7.40403],[-43.403794,-7.353099],[-43.386661,-7.321267],[-43.392848,-7.283069],[-43.518488,-7.283979],[-43.583688,-7.261242],[-43.62176,-7.262151],[-43.641748,-7.272155],[-43.649839,-7.246235],[-43.669351,-7.245326],[-43.704093,-7.267608],[-43.717894,-7.263515],[-43.732647,-7.300349],[-43.784521,-7.365832],[-43.692195,-7.327179],[-43.663164,-7.435407],[-43.740738,-7.516351],[-43.753587,-7.574103]]]},"properties":{"cod_ibge":"220225","name":"Canavieira","uf":"PI"}},
{"type":"Feature","geometry":{"type":"Polygon","coordinates":[[[-42.790823,-3.978926],[-42.783684,-3.996206],[-42.748943,-4.053049],[-42.709919,-4.088973],[-42.684219,-4.093521],[-42.699924,-4.063508],[-42.688027,-4.039407],[-42.698497,-4.000754],[-42.696117,-3.984838],[-42.625683,-3.927086],[-42.622827,-3.903894],[-42.646623,-3.895709],[-42.671846,-3.851144],[-42.656141,-3.806125],[-42.67137,-3.791573],[-42.684219,-3.803397],[-42.714678,-3.863422],[-42.721816,-3.88434],[-42.725148,-3.907532],[-42.739425,-3.927086],[-42.781305,-3.95437],[-42.790823,-3.978926]]]},"properties":{"cod_ibge":"220850","name":"Porto","uf":"PI"}},
{"type":"Feature","geometry":{"type":"Polygon","coordinates":[[[-45.114687,-9.33031],[-45.335033,-9.67955],[-45.299816,-9.693193],[-45.311237,-9.716384],[-45.331226,-9.740031],[-45.325991,-9.771863],[-45.308382,-9.780503],[-45.306002,-9.796873],[-45.27602,-9.802785],[-45.250797,-9.822339],[-45.233664,-9.820975],[-45.180838,-9.800966],[-45.155139,-9.804604],[-45.099934,-9.795054],[-45.087084,-9.806878],[-45.03759,-9.819156],[-45.020457,-9.808242],[-44.990475,-9.809151],[-44.956209,-9.823703],[-44.928131,-9.796873],[-44.903383,-9.797328],[-44.905763,-9.779593],[-44.879588,-9.780048],[-44.865787,-9.761404],[-44.868642,-9.742305],[-44.850557,-9.734574],[-44.848654,-9.671365],[-44.824382,-9.649538],[-44.806774,-9.68046],[-44.658766,-9.583145],[-44.665905,-9.563137],[-44.670188,-9.553133],[-44.81772,-9.462185],[-45.114687,-9.33031]]]},"properties":{"cod_ibge":"220660","name":"Monte Alegre do Piauí","uf":"PI"}},
{"type":"Feature","geometry":{"type":"Polygon","coordinates":[[[-41.697184,-3.038523],[-41.672437,-3.011239],[-41.658635,-3.016241],[-41.60343,-3.062625],[-41.598195,-3.122196],[-41.464465,-3.124924],[-41.463037,-3.160394],[-41.51158,-3.185859],[-41.482073,-3.233607],[-41.503013,-3.283174],[-41.483501,-3.301363],[-41.485881,-3.31546],[-41.445904,-3.340471],[-41.414494,-3.350021],[-41.397837,-3.327738],[-41.395934,-3.304092],[-41.322168,-3.178583],[-41.327403,-3.160849],[-41.311222,-3.135838],[-41.255541,-3.087635],[-41.260776,-3.053985],[-41.321216,-3.049437],[-41.378801,-3.057168],[-41.440669,-3.078541],[-41.429247,-3.039433],[-41.436862,-3.025336],[-41.433055,-3.003963],[-41.444952,-2.964856],[-41.430199,-2.944847],[-41.444952,-2.929841],[-41.436386,-2.906194],[-41.478266,-2.89619],[-41.510152,-2.911651],[-41.533471,-2.909377],[-41.555839,-2.898463],[-41.578683,-2.906649],[-41.612472,-2.896644],[-41.649593,-2.864358],[-41.670533,-2.879364],[-41.673389,-2.893916],[-41.661967,-2.913925],[-41.67434,-2.943483],[-41.683383,-2.947575],[-41.680051,-2.978043],[-41.697184,-2.999871],[-41.711937,-3.007146],[-41.712889,-3.025791],[-41.697184,-3.038523]]]},"properties":{"cod_ibge":"220570","name":"Luís Correia","uf":"PI"}},
{"type":"Feature","geometry":{"type":"Polygon","coordinates":[[[-42.441982,-8.066132],[-42.438175,-8.074772],[-42.40153,-8.086595],[-42.420566,-8.108423],[-42.410572,-8.132524],[-42.396295,-8.132979],[-42.345848,-8.165265],[-42.282076,-8.193459],[-42.246859,-8.219379],[-42.263516,-8.240752],[-42.26304,-8.257578],[-42.222588,-8.262125],[-42.184515,-8.276677],[-42.165479,-8.273039],[-42.142635,-8.247119],[-42.149298,-8.234841],[-42.1374,-8.205737],[-42.178804,-8.198007],[-42.185467,-8.189821],[-42.177852,-8.162537],[-42.159292,-8.135252],[-42.165003,-8.09569],[-42.145015,-8.049307],[-42.16072,-8.027024],[-42.164051,-8.007016],[-42.133593,-7.988371],[-42.128358,-7.958358],[-42.125502,-7.944262],[-42.153581,-7.936986],[-42.171665,-7.918341],[-42.225443,-7.906063],[-42.263516,-7.909701],[-42.285408,-7.931074],[-42.32824,-7.951537],[-42.338234,-7.948809],[-42.362029,-7.950173],[-42.379162,-7.992919],[-42.42247,-8.001104],[-42.429132,-8.012927],[-42.441982,-8.066132]]]},"properties":{"cod_ibge":"220793","name":"Pedro Laurentino","uf":"PI"}},
{"type":"Feature","geometry":{"type":"Polygon","coordinates":[[[-42.579995,-5.947497],[-42.662328,-5.952499],[-42.686123,-5.958865],[-42.714678,-5.966141],[-42.722768,-6.010706],[-42.736569,-6.011615],[-42.737045,-6.035717],[-42.724672,-6.02071],[-42.68993,-6.021165],[-42.682316,-6.031624],[-42.680888,-6.073915],[-42.651858,-6.081191],[-42.640436,-6.089831],[-42.629966,-6.040264],[-42.590465,-6.015708],[-42.579995,-5.947497]]]},"properties":{"cod_ibge":"220980","name":"São Gonçalo do Piauí","uf":"PI"}},
{"type":"Feature","geometry":{"type":"Polygon","coordinates":[[[-41.745251,-4.590552],[-41.512056,-4.580548],[-41.293613,-4.555992],[-41.295041,-4.814739],[-41.267914,-4.811556],[-41.256016,-4.800642],[-41.233173,-4.810192],[-41.212709,-4.771993],[-41.250306,-4.756532],[-41.223655,-4.721062],[-41.202715,-4.701963],[-41.181299,-4.673315],[-41.202715,-4.6383],[-41.233649,-4.610106],[-41.222227,-4.577819],[-41.239836,-4.573727],[-41.221751,-4.56736],[-41.203666,-4.528253],[-41.190817,-4.51552],[-41.187961,-4.485962],[-41.177491,-4.467772],[-41.177491,-4.443216],[-41.159883,-4.410475],[-41.157979,-4.378643],[-41.148461,-4.366365],[-41.119431,-4.324074],[-41.22889,-4.340445],[-41.240311,-4.375915],[-41.356909,-4.342719],[-41.363096,-4.338626],[-41.380705,-4.433667],[-41.387843,-4.432757],[-41.398789,-4.388647],[-41.427344,-4.320891],[-41.453043,-4.301337],[-41.487784,-4.303611],[-41.494923,-4.274508],[-41.524905,-4.256773],[-41.560598,-4.310432],[-41.541562,-4.328622],[-41.513007,-4.331805],[-41.501586,-4.35727],[-41.510628,-4.400471],[-41.529188,-4.410475],[-41.549652,-4.404563],[-41.568213,-4.415022],[-41.605334,-4.409565],[-41.638647,-4.463225],[-41.730022,-4.547352],[-41.739064,-4.570089],[-41.745251,-4.590552]]]},"properties":{"cod_ibge":"220790","name":"Pedro II","uf":"PI"}},
{"type":"Feature","geometry":{"type":"Polygon","coordinates":[[[-41.313126,-4.14718],[-41.294565,-4.165825],[-41.265535,-4.160822],[-41.24983,-4.13854],[-41.233173,-4.156275],[-41.196052,-4.147635],[-41.165118,-4.187652],[-41.135136,-4.176738],[-41.098015,-4.180376],[-41.118479,-4.16537],[-41.139419,-4.120805],[-41.113244,-4.049866],[-41.120382,-4.036224],[-41.168925,-4.03304],[-41.182726,-4.018034],[-41.23936,-4.01667],[-41.249354,-3.98984],[-41.22889,-3.968013],[-41.220323,-3.941638],[-41.22889,-3.911625],[-41.245546,-3.896618],[-41.24745,-3.882067],[-41.266962,-3.862513],[-41.27077,-3.837957],[-41.287902,-3.822496],[-41.254113,-3.775203],[-41.261251,-3.746099],[-41.253161,-3.724272],[-41.23936,-3.712903],[-41.279336,-3.700625],[-41.307891,-3.684709],[-41.334066,-3.6838],[-41.334541,-3.69153],[-41.313126,-3.739278],[-41.278384,-3.770201],[-41.484929,-4.04168],[-41.335969,-4.051685],[-41.313126,-4.14718]]]},"properties":{"cod_ibge":"220987","name":"São João da Fronteira","uf":"PI"}},
{"type":"Feature","geometry":{"type":"Polygon","coordinates":[[[-42.259233,-3.596035],[-42.260185,-3.63969],[-42.29683,-3.660153],[-42.328715,-3.723817],[-42.32824,-3.742916],[-42.36774,-3.767472],[-42.387252,-3.781569],[-42.392963,-3.8325],[-42.3468,-3.837502],[-42.293022,-3.785662],[-42.263516,-3.785662],[-42.248287,-3.77202],[-42.206883,-3.752011],[-42.209262,-3.737459],[-42.190702,-3.723362],[-42.208786,-3.695623],[-42.178328,-3.686528],[-42.175949,-3.666975],[-42.15834,-3.617863],[-42.158816,-3.606039],[-42.154057,-3.588304],[-42.191178,-3.553744],[-42.206407,-3.594216],[-42.222588,-3.606039],[-42.259233,-3.596035]]]},"properties":{"cod_ibge":"220667","name":"Morro do Chapéu do Piauí","uf":"PI"}},
{"type":"Feature","geometry":{"type":"Polygon","coordinates":[[[-41.495399,-6.667806],[-41.441621,-6.670989],[-41.458278,-6.743292],[-41.42544,-6.74784],[-41.4045,-6.777853],[-41.41497,-6.797861],[-41.400693,-6.831057],[-41.396886,-6.86107],[-41.378801,-6.86107],[-41.357385,-6.873348],[-41.342632,-6.864253],[-41.332638,-6.808775],[-41.303131,-6.80059],[-41.308842,-6.767848],[-41.326451,-6.750568],[-41.274101,-6.678265],[-41.293137,-6.674627],[-41.281716,-6.65098],[-41.371186,-6.594138],[-41.426392,-6.565944],[-41.508248,-6.556849],[-41.511104,-6.608235],[-41.507772,-6.635064],[-41.495399,-6.667806]]]},"properties":{"cod_ibge":"220985","name":"São João da Canabrava","uf":"PI"}},
{"type":"Feature","geometry":{"type":"Polygon","coordinates":[[[-42.1374,-8.205737],[-42.047929,-8.276222],[-41.987489,-8.295321],[-41.924193,-8.256668],[-41.891831,-8.134343],[-41.839957,-8.118882],[-41.859469,-8.11388],[-41.856614,-8.065677],[-41.873746,-8.051126],[-41.902301,-8.013382],[-41.947988,-8.012927],[-41.994151,-7.986552],[-42.031748,-7.975184],[-42.021754,-7.936531],[-42.056495,-7.974274],[-42.095996,-7.949718],[-42.110749,-7.971546],[-42.128358,-7.958358],[-42.133593,-7.988371],[-42.164051,-8.007016],[-42.16072,-8.027024],[-42.145015,-8.049307],[-42.165003,-8.09569],[-42.159292,-8.135252],[-42.177852,-8.162537],[-42.185467,-8.189821],[-42.178804,-8.198007],[-42.1374,-8.205737]]]},"properties":{"cod_ibge":"220795","name":"Nova Santa Rita","uf":"PI"}},
{"type":"Feature","geometry":{"type":"Polygon","coordinates":[[[-43.930625,-6.771032],[-43.942523,-6.767848],[-43.9568,-6.743292],[-43.987734,-6.757389],[-44.033422,-6.760573],[-44.05341,-6.768303],[-44.059121,-6.80832],[-44.077205,-6.821053],[-44.089103,-6.803318],[-44.11623,-6.805592],[-44.098621,-6.840152],[-44.114326,-6.852885],[-44.125272,-6.835605],[-44.140501,-6.865163],[-44.171435,-6.885171],[-44.173815,-6.920186],[-44.200942,-6.932919],[-44.20808,-6.969753],[-44.236159,-6.998857],[-44.249484,-7.000675],[-44.278515,-7.037964],[-44.276135,-7.057973],[-44.249008,-7.057973],[-44.232828,-7.082529],[-44.200466,-7.08844],[-44.167628,-7.120272],[-44.150971,-7.117089],[-44.069115,-7.199397],[-44.048175,-7.220315],[-44.007247,-7.090259],[-43.990114,-7.004313],[-43.981548,-6.990216],[-43.935384,-6.990671],[-43.935384,-6.96657],[-43.914444,-6.96566],[-43.921107,-6.933374],[-43.899215,-6.900178],[-43.862094,-6.876531],[-43.832588,-6.842881],[-43.882558,-6.801954],[-43.900167,-6.777853],[-43.930625,-6.771032]]]},"properties":{"cod_ibge":"220855","name":"Porto Alegre do Piauí","uf":"PI"}},
{"type":"Feature","geometry":{"type":"Polygon","coordinates":[[[-43.717894,-7.263515],[-43.704093,-7.267608],[-43.669351,-7.245326],[-43.649839,-7.246235],[-43.641748,-7.272155],[-43.62176,-7.262151],[-43.583688,-7.261242],[-43.518488,-7.283979],[-43.392848,-7.283069],[-43.386661,-7.321267],[-43.403794,-7.353099],[-43.324793,-7.40403],[-43.225328,-7.283524],[-43.356203,-7.204399],[-43.306233,-6.991126],[-43.441391,-6.944742],[-43.417119,-6.889719],[-43.400463,-6.876531],[-43.390944,-6.834241],[-43.419023,-6.84379],[-43.44615,-6.838788],[-43.454716,-6.846064],[-43.483271,-6.832876],[-43.488506,-6.821508],[-43.581784,-6.985669],[-43.661261,-6.980667],[-43.724081,-6.954292],[-43.781666,-7.049787],[-43.796895,-7.066158],[-43.76025,-7.093897],[-43.740738,-7.112996],[-43.68458,-7.133005],[-43.717894,-7.263515]]]},"properties":{"cod_ibge":"220530","name":"Jerumenha","uf":"PI"}},
{"type":"Feature","geometry":{"type":"Polygon","coordinates":[[[-44.088151,-10.050618],[-44.060548,-10.016513],[-44.016289,-9.996504],[-43.992018,-9.99605],[-43.968222,-9.979679],[-43.957752,-10.028336],[-43.945378,-10.035157],[-43.918728,-10.065625],[-43.882083,-10.05744],[-43.832588,-10.031519],[-43.81022,-10.034703],[-43.769292,-10.023789],[-43.751683,-10.027427],[-43.725508,-10.050618],[-43.692671,-10.059259],[-43.690291,-10.044707],[-43.669351,-10.03061],[-43.665068,-9.991048],[-43.696954,-9.974222],[-43.702665,-9.961035],[-43.690291,-9.941481],[-43.692671,-9.925565],[-43.708852,-9.913287],[-43.69505,-9.892369],[-43.677442,-9.886457],[-43.665068,-9.85599],[-43.652694,-9.843712],[-43.665068,-9.823703],[-43.69743,-9.804149],[-43.763581,-9.77641],[-43.784997,-9.762313],[-43.797847,-9.727753],[-43.794515,-9.705016],[-43.828305,-9.647264],[-43.842106,-9.63726],[-43.84163,-9.585874],[-43.852576,-9.562227],[-43.837823,-9.525393],[-43.816407,-9.491743],[-43.799274,-9.479465],[-43.785949,-9.457637],[-44.043416,-9.586329],[-44.188092,-9.659542],[-44.177146,-9.666818],[-44.11385,-9.735938],[-44.118609,-9.787324],[-44.106236,-9.809606],[-44.138598,-9.833253],[-44.120037,-9.869177],[-44.095766,-9.886912],[-44.110519,-9.898735],[-44.131459,-9.935569],[-44.111471,-9.950121],[-44.119561,-10.027881],[-44.088151,-10.050618]]]},"properties":{"cod_ibge":"220665","name":"Morro Cabeça no Tempo","uf":"PI"}},
{"type":"Feature","geometry":{"type":"Polygon","coordinates":[[[-42.656141,-5.832448],[-42.719913,-5.816987],[-42.724672,-5.746957],[-42.74466,-5.717853],[-42.767028,-5.689205],[-42.807956,-5.697845],[-42.814143,-5.678291],[-42.936451,-5.704666],[-42.941686,-5.720127],[-42.853643,-5.848364],[-42.851264,-5.870191],[-42.777498,-5.847454],[-42.744184,-5.849728],[-42.776546,-5.958411],[-42.780353,-5.963413],[-42.777022,-5.975236],[-42.785112,-6.015708],[-42.736569,-6.011615],[-42.722768,-6.010706],[-42.714678,-5.966141],[-42.686123,-5.958865],[-42.676605,-5.896566],[-42.656141,-5.832448]]]},"properties":{"cod_ibge":"221050","name":"São Pedro do Piauí","uf":"PI"}},
{"type":"Feature","geometry":{"type":"Polygon","coordinates":[[[-42.978331,-6.138488],[-42.969765,-6.177141],[-42.93312,-6.192602],[-42.89933,-6.22307],[-42.875535,-6.225798],[-42.854595,-6.249899],[-42.847456,-6.278093],[-42.84936,-6.308106],[-42.829372,-6.340393],[-42.851739,-6.358582],[-42.854595,-6.382683],[-42.877439,-6.416789],[-42.865541,-6.482272],[-42.886481,-6.504554],[-42.874107,-6.518651],[-42.886481,-6.533657],[-42.886957,-6.577767],[-42.907897,-6.605961],[-42.915035,-6.647797],[-42.895999,-6.656892],[-42.856974,-6.662349],[-42.841269,-6.705549],[-42.791299,-6.521834],[-42.653285,-6.505009],[-42.593321,-6.490457],[-42.669466,-6.290371],[-42.714678,-6.263087],[-42.719437,-6.214884],[-42.726099,-6.175322],[-42.769883,-6.18669],[-42.788444,-6.202606],[-42.801293,-6.147128],[-42.793203,-6.10029],[-42.978331,-6.138488]]]},"properties":{"cod_ibge":"220050","name":"Amarante","uf":"PI"}},
{"type":"Feature","geometry":{"type":"Polygon","coordinates":[[[-42.125978,-3.346383],[-42.063634,-3.395495],[-42.078863,-3.409592],[-42.086002,-3.448699],[-42.058399,-3.452337],[-42.04555,-3.478257],[-42.05364,-3.490535],[-42.021278,-3.504177],[-41.974639,-3.506451],[-41.976543,-3.450518],[-41.955603,-3.450063],[-41.92562,-3.467798],[-41.908012,-3.454156],[-41.916102,-3.41232],[-41.952271,-3.393221],[-41.947036,-3.373212],[-41.956079,-3.362299],[-41.978922,-3.361844],[-42.004145,-3.338197],[-41.927524,-3.326374],[-41.932283,-3.29909],[-41.913723,-3.298635],[-41.910867,-3.280445],[-41.92562,-3.260891],[-41.929428,-3.235426],[-41.958934,-3.232243],[-41.979874,-3.215872],[-41.985585,-3.222693],[-42.012712,-3.248159],[-42.04079,-3.247249],[-42.068869,-3.264529],[-42.110273,-3.261801],[-42.123599,-3.266803],[-42.123123,-3.28954],[-42.101231,-3.291814],[-42.099327,-3.31546],[-42.120267,-3.310458],[-42.125978,-3.346383]]]},"properties":{"cod_ibge":"220669","name":"Murici dos Portelas","uf":"PI"}},
{"type":"Feature","geometry":{"type":"Polygon","coordinates":[[[-42.290167,-6.325841],[-42.290643,-6.39678],[-42.34918,-6.506828],[-42.309679,-6.507282],[-42.18975,-6.461353],[-42.174521,-6.449985],[-42.1374,-6.472722],[-42.127882,-6.457261],[-42.127406,-6.431341],[-42.126454,-6.390869],[-42.290167,-6.325841]]]},"properties":{"cod_ibge":"220400","name":"Francinópolis","uf":"PI"}},
{"type":"Feature","geometry":{"type":"Polygon","coordinates":[[[-42.158816,-8.590447],[-42.190702,-8.508594],[-42.296354,-8.448569],[-42.333475,-8.398092],[-42.608074,-8.302597],[-42.620924,-8.318968],[-42.623303,-8.349435],[-42.643767,-8.416282],[-42.638056,-8.493588],[-42.667087,-8.518144],[-42.694689,-8.55043],[-42.706587,-8.577715],[-42.726099,-8.685033],[-42.733714,-8.800537],[-42.603791,-8.728689],[-42.475295,-8.657294],[-42.310631,-8.662751],[-42.291595,-8.63001],[-42.210214,-8.649109],[-42.189274,-8.584081],[-42.158816,-8.590447]]]},"properties":{"cod_ibge":"220535","name":"João Costa","uf":"PI"}},
{"type":"Feature","geometry":{"type":"Polygon","coordinates":[[[-41.411639,-6.902452],[-41.399265,-6.905635],[-41.393554,-6.949745],[-41.346915,-6.986124],[-41.311222,-6.989762],[-41.288854,-6.977484],[-41.284571,-6.959749],[-41.243643,-6.949745],[-41.239836,-6.929281],[-41.200811,-6.889719],[-41.20557,-6.844245],[-41.220323,-6.820144],[-41.257444,-6.830603],[-41.268866,-6.851975],[-41.318361,-6.852885],[-41.342632,-6.864253],[-41.357385,-6.873348],[-41.378801,-6.86107],[-41.396886,-6.86107],[-41.411639,-6.87926],[-41.411639,-6.902452]]]},"properties":{"cod_ibge":"220180","name":"Bocaina","uf":"PI"}},
{"type":"Feature","geometry":{"type":"Polygon","coordinates":[[[-43.765961,-7.723258],[-43.795943,-7.759182],[-43.80213,-7.778736],[-43.797847,-7.801928],[-43.783093,-7.831031],[-43.797847,-7.916522],[-43.785949,-7.934712],[-43.796419,-7.974274],[-43.793088,-7.982005],[-43.800226,-8.023841],[-43.794991,-8.068406],[-43.733599,-8.04385],[-43.724081,-8.15708],[-43.612242,-8.149349],[-43.585591,-8.135252],[-43.571314,-8.157535],[-43.518964,-8.147985],[-43.492313,-8.120701],[-43.493265,-8.064313],[-43.537524,-7.922889],[-43.549898,-7.882872],[-43.765961,-7.723258]]]},"properties":{"cod_ibge":"220360","name":"Eliseu Martins","uf":"PI"}},
{"type":"Feature","geometry":{"type":"Polygon","coordinates":[[[-43.286244,-7.695519],[-43.23675,-7.869229],[-43.199629,-7.86741],[-43.175834,-7.854223],[-43.107779,-7.904699],[-43.137761,-7.936986],[-43.071609,-7.956994],[-43.063043,-7.934712],[-43.059236,-7.910611],[-43.048766,-7.874686],[-43.042103,-7.739174],[-43.03544,-7.734172],[-43.073513,-7.683241],[-43.087314,-7.671417],[-43.196298,-7.614575],[-43.286244,-7.695519]]]},"properties":{"cod_ibge":"220900","name":"Rio Grande do Piauí","uf":"PI"}},
{"type":"Feature","geometry":{"type":"Polygon","coordinates":[[[-42.601887,-5.853366],[-42.613785,-5.887926],[-42.585706,-5.903387],[-42.584754,-5.920213],[-42.548109,-5.932945],[-42.547634,-5.943859],[-42.489573,-5.936583],[-42.463398,-5.910208],[-42.466253,-5.894747],[-42.485765,-5.871101],[-42.512416,-5.86337],[-42.545254,-5.841997],[-42.547634,-5.816077],[-42.539067,-5.799252],[-42.575712,-5.766965],[-42.571905,-5.736043],[-42.603315,-5.712851],[-42.60855,-5.729676],[-42.599032,-5.764691],[-42.609502,-5.788338],[-42.586182,-5.830174],[-42.601887,-5.853366]]]},"properties":{"cod_ibge":"220710","name":"Olho D'Água do Piauí","uf":"PI"}},
{"type":"Feature","geometry":{"type":"Polygon","coordinates":[[[-42.911704,-8.225291],[-42.903614,-8.20028],[-42.885529,-8.171632],[-42.879342,-8.147076],[-42.881246,-8.120701],[-42.869824,-8.08705],[-42.85745,-8.0775],[-42.935499,-8.063403],[-42.965958,-8.045669],[-42.995464,-7.983369],[-43.041151,-7.943807],[-43.063043,-7.934712],[-43.071609,-7.956994],[-43.137761,-7.936986],[-43.126339,-7.969272],[-43.320986,-8.078865],[-43.41236,-8.038848],[-43.492313,-8.120701],[-43.518964,-8.147985],[-43.521819,-8.167994],[-43.57988,-8.256213],[-43.630803,-8.263944],[-43.683628,-8.599088],[-43.702189,-8.71732],[-43.704093,-8.731872],[-43.46709,-8.730053],[-43.253407,-8.728234],[-43.266256,-8.678667],[-43.260545,-8.635467],[-43.272443,-8.620006],[-43.260069,-8.595904],[-43.275774,-8.541336],[-43.273871,-8.529967],[-43.250075,-8.499499],[-43.241509,-8.473579],[-43.242937,-8.437655],[-43.23675,-8.37672],[-43.22628,-8.361713],[-43.002127,-8.27031],[-42.938831,-8.225746],[-42.911704,-8.225291]]]},"properties":{"cod_ibge":"220230","name":"Canto do Buriti","uf":"PI"}},
{"type":"Feature","geometry":{"type":"Polygon","coordinates":[[[-41.4697,-7.697792],[-41.512531,-7.673236],[-41.646738,-7.622305],[-41.628177,-7.547273],[-41.628653,-7.494978],[-41.635792,-7.472696],[-41.639123,-7.420855],[-41.629129,-7.394026],[-41.780468,-7.424493],[-41.741444,-7.461327],[-41.727642,-7.523627],[-41.752865,-7.559097],[-41.730022,-7.593202],[-41.726215,-7.69279],[-41.757625,-7.727805],[-41.756197,-7.81648],[-41.77333,-7.81648],[-41.774281,-7.821027],[-41.670057,-7.836488],[-41.618659,-7.796471],[-41.611045,-7.767822],[-41.595815,-7.758728],[-41.55346,-7.759637],[-41.507296,-7.804202],[-41.458278,-7.782374],[-41.477314,-7.750087],[-41.4697,-7.697792]]]},"properties":{"cod_ibge":"220490","name":"Isaías Coelho","uf":"PI"}},
{"type":"Feature","geometry":{"type":"Polygon","coordinates":[[[-42.889812,-4.894773],[-42.868396,-4.92706],[-42.854119,-4.937064],[-42.863161,-4.967986],[-42.844601,-5.024374],[-42.835559,-5.073941],[-42.817474,-5.10168],[-42.81557,-5.125781],[-42.805576,-5.148518],[-42.798914,-5.1899],[-42.808908,-5.213091],[-42.829372,-5.239466],[-42.812239,-5.282212],[-42.81557,-5.318136],[-42.762269,-5.337236],[-42.75275,-5.35497],[-42.768931,-5.431367],[-42.810811,-5.497759],[-42.851264,-5.490938],[-42.84698,-5.525043],[-42.904089,-5.530955],[-42.910276,-5.542323],[-42.94359,-5.535502],[-42.970717,-5.561877],[-42.955012,-5.567334],[-42.941686,-5.586433],[-42.914559,-5.555966],[-42.861734,-5.561422],[-42.846504,-5.535957],[-42.819378,-5.524134],[-42.811287,-5.501397],[-42.789395,-5.519586],[-42.758937,-5.529136],[-42.748467,-5.541414],[-42.747991,-5.5305],[-42.748467,-5.424091],[-42.748943,-5.339054],[-42.678984,-5.272662],[-42.659948,-5.2763],[-42.633773,-5.246742],[-42.601411,-5.251744],[-42.599032,-5.194447],[-42.601411,-5.099406],[-42.601887,-4.904323],[-42.634249,-4.913418],[-42.712774,-4.905687],[-42.731334,-4.823834],[-42.788444,-4.817467],[-42.816046,-4.78609],[-42.892668,-4.887952],[-42.889812,-4.894773]]]},"properties":{"cod_ibge":"221100","name":"Teresina","uf":"PI"}},
{"type":"Feature","geometry":{"type":"Polygon","coordinates":[[[-42.34918,-6.506828],[-42.35489,-6.518196],[-42.582375,-6.519106],[-42.593321,-6.490457],[-42.653285,-6.505009],[-42.644719,-6.609144],[-42.638532,-6.611873],[-42.612357,-6.664168],[-42.647574,-6.761482],[-42.623303,-6.797861],[-42.606646,-6.808775],[-42.570001,-6.788312],[-42.563339,-6.754661],[-42.549537,-6.741474],[-42.552869,-6.724193],[-42.530025,-6.706004],[-42.512416,-6.719646],[-42.489097,-6.708277],[-42.47244,-6.681448],[-42.477675,-6.667351],[-42.418186,-6.671444],[-42.408668,-6.661894],[-42.375355,-6.6769],[-42.356318,-6.528655],[-42.309679,-6.514103],[-42.309679,-6.507282],[-42.34918,-6.506828]]]},"properties":{"cod_ibge":"220100","name":"Arraial","uf":"PI"}},
{"type":"Feature","geometry":{"type":"Polygon","coordinates":[[[-42.81557,-5.318136],[-42.825089,-5.34633],[-42.864589,-5.368613],[-42.886481,-5.391804],[-42.910752,-5.395897],[-42.93074,-5.439097],[-42.968337,-5.453649],[-42.973572,-5.484571],[-42.995464,-5.508218],[-43.00403,-5.542778],[-42.970717,-5.561877],[-42.94359,-5.535502],[-42.910276,-5.542323],[-42.904089,-5.530955],[-42.84698,-5.525043],[-42.851264,-5.490938],[-42.810811,-5.497759],[-42.768931,-5.431367],[-42.75275,-5.35497],[-42.762269,-5.337236],[-42.81557,-5.318136]]]},"properties":{"cod_ibge":"220672","name":"Nazária","uf":"PI"}},
{"type":"Feature","geometry":{"type":"Polygon","coordinates":[[[-42.623303,-6.797861],[-42.665659,-6.851975],[-42.793203,-6.77467],[-42.798914,-6.915184],[-42.944542,-7.13346],[-42.93074,-7.193031],[-42.852215,-7.214403],[-42.81557,-7.279886],[-42.785112,-7.294892],[-42.726099,-7.191212],[-42.706111,-7.192121],[-42.688503,-7.263515],[-42.697545,-7.292164],[-42.674701,-7.310354],[-42.659948,-7.35219],[-42.622827,-7.352644],[-42.604267,-7.379929],[-42.662328,-7.20258],[-42.63758,-7.15847],[-42.655189,-7.094352],[-42.643767,-6.986124],[-42.625207,-6.997492],[-42.600935,-6.967934],[-42.56667,-6.869256],[-42.606646,-6.824691],[-42.606646,-6.808775],[-42.623303,-6.797861]]]},"properties":{"cod_ibge":"220670","name":"Nazaré do Piauí","uf":"PI"}},
{"type":"Feature","geometry":{"type":"Polygon","coordinates":[[[-42.058875,-4.642392],[-42.0722,-4.634207],[-42.085526,-4.606468],[-42.132165,-4.601921],[-42.174521,-4.603285],[-42.180708,-4.583276],[-42.174521,-4.566451],[-42.14549,-4.571453],[-42.148822,-4.54235],[-42.188798,-4.560084],[-42.210214,-4.556446],[-42.216401,-4.544168],[-42.245907,-4.551444],[-42.250666,-4.535074],[-42.277793,-4.549171],[-42.259233,-4.570089],[-42.27589,-4.582821],[-42.285408,-4.625567],[-42.282076,-4.678772],[-42.317294,-4.727429],[-42.292546,-4.730157],[-42.282552,-4.746073],[-42.257329,-4.743799],[-42.252094,-4.696961],[-42.257329,-4.673315],[-42.245907,-4.666494],[-42.216877,-4.672405],[-42.216877,-4.69878],[-42.205455,-4.726519],[-42.178328,-4.707875],[-42.159768,-4.726974],[-42.140255,-4.706056],[-42.103135,-4.725155],[-42.08743,-4.70742],[-42.077911,-4.673315],[-42.06173,-4.660582],[-42.058875,-4.642392]]]},"properties":{"cod_ibge":"220675","name":"Nossa Senhora de Nazaré","uf":"PI"}},
{"type":"Feature","geometry":{"type":"Polygon","coordinates":[[[-41.860421,-7.53545],[-41.866608,-7.521808],[-41.858041,-7.501799],[-41.864704,-7.488157],[-41.854234,-7.42995],[-41.861849,-7.416763],[-41.830915,-7.344004],[-41.872795,-7.291709],[-41.901349,-7.29944],[-41.952747,-7.323086],[-42.188322,-7.439955],[-42.218305,-7.438136],[-42.170238,-7.521353],[-42.216401,-7.62276],[-42.060779,-7.581834],[-42.046025,-7.555004],[-42.006525,-7.539088],[-41.962741,-7.532267],[-41.944657,-7.553185],[-41.909915,-7.550456],[-41.889451,-7.530903],[-41.860421,-7.53545]]]},"properties":{"cod_ibge":"220950","name":"Santo Inácio do Piauí","uf":"PI"}},
{"type":"Feature","geometry":{"type":"Polygon","coordinates":[[[-40.910031,-5.764237],[-40.917645,-5.742864],[-40.913838,-5.725129],[-40.928115,-5.704211],[-40.938585,-5.673289],[-40.91479,-5.660101],[-40.907651,-5.642366],[-41.167973,-5.641002],[-41.167973,-5.786064],[-41.258872,-5.875193],[-41.258872,-6.110294],[-40.906223,-6.04663],[-40.903844,-6.02071],[-40.873386,-5.972962],[-40.880048,-5.917484],[-40.897657,-5.901113],[-40.893374,-5.885652],[-40.905747,-5.849273],[-40.910031,-5.764237]]]},"properties":{"cod_ibge":"220105","name":"Assunção do Piauí","uf":"PI"}},
{"type":"Feature","geometry":{"type":"Polygon","coordinates":[[[-42.793203,-6.77467],[-42.665659,-6.851975],[-42.623303,-6.797861],[-42.647574,-6.761482],[-42.612357,-6.664168],[-42.638532,-6.611873],[-42.644719,-6.609144],[-42.653285,-6.505009],[-42.791299,-6.521834],[-42.841269,-6.705549],[-42.793203,-6.77467]]]},"properties":{"cod_ibge":"220410","name":"Francisco Ayres","uf":"PI"}},
{"type":"Feature","geometry":{"type":"Polygon","coordinates":[[[-44.81772,-9.462185],[-44.726345,-9.26892],[-44.523132,-9.378058],[-44.513614,-9.355775],[-44.507427,-9.316213],[-44.428426,-9.344862],[-44.392733,-9.363051],[-44.218074,-9.428989],[-44.043416,-9.586329],[-43.785949,-9.457637],[-43.782142,-9.452635],[-43.869709,-9.313485],[-44.238063,-9.09339],[-44.311828,-9.029272],[-44.311828,-8.994712],[-44.290888,-8.968791],[-44.303738,-8.943326],[-44.333244,-8.981979],[-44.355136,-9.04064],[-44.372745,-9.031546],[-44.430806,-9.033819],[-44.798207,-9.031091],[-45.062337,-9.028817],[-45.084705,-8.996076],[-45.12944,-9.03291],[-45.164657,-9.072472],[-45.181314,-9.085205],[-45.192736,-9.115218],[-45.209393,-9.137955],[-45.240803,-9.162511],[-45.259363,-9.19798],[-45.311713,-9.243],[-45.114687,-9.33031],[-44.81772,-9.462185]]]},"properties":{"cod_ibge":"220190","name":"Bom Jesus","uf":"PI"}},
{"type":"Feature","geometry":{"type":"Polygon","coordinates":[[[-43.103019,-9.096119],[-43.092074,-9.089298],[-43.01688,-9.087933],[-42.982139,-9.129769],[-42.921698,-9.107032],[-42.845553,-9.069744],[-42.900758,-9.026089],[-42.917415,-9.001533],[-42.922174,-8.981979],[-42.937879,-8.971975],[-42.957391,-8.946054],[-42.953108,-8.918315],[-42.96453,-8.844193],[-42.976904,-8.810542],[-42.98309,-8.710044],[-43.013073,-8.709135],[-43.020211,-8.700949],[-43.01688,-8.815544],[-43.0797,-8.812361],[-43.113965,-8.992893],[-43.103019,-9.096119]]]},"properties":{"cod_ibge":"220955","name":"São Braz do Piauí","uf":"PI"}},
{"type":"Feature","geometry":{"type":"Polygon","coordinates":[[[-41.51158,-3.185859],[-41.463037,-3.160394],[-41.464465,-3.124924],[-41.598195,-3.122196],[-41.60343,-3.062625],[-41.658635,-3.016241],[-41.672437,-3.011239],[-41.697184,-3.038523],[-41.771426,-3.120831],[-41.666726,-3.248613],[-41.693377,-3.30773],[-41.615804,-3.293633],[-41.615804,-3.278626],[-41.554411,-3.231333],[-41.516815,-3.212234],[-41.51158,-3.185859]]]},"properties":{"cod_ibge":"220191","name":"Bom Princípio do Piauí","uf":"PI"}},
{"type":"Feature","geometry":{"type":"Polygon","coordinates":[[[-42.158816,-3.606039],[-42.11646,-3.591033],[-42.11646,-3.672886],[-42.050309,-3.680162],[-41.962265,-3.679252],[-41.924669,-3.676979],[-41.925145,-3.638326],[-41.94085,-3.614225],[-41.934187,-3.571479],[-41.911343,-3.546923],[-41.912771,-3.528279],[-41.974163,-3.521458],[-41.974639,-3.506451],[-42.021278,-3.504177],[-42.05364,-3.490535],[-42.04555,-3.478257],[-42.058399,-3.452337],[-42.086002,-3.448699],[-42.078863,-3.409592],[-42.063634,-3.395495],[-42.125978,-3.346383],[-42.146442,-3.356387],[-42.150725,-3.3864],[-42.167382,-3.396404],[-42.194509,-3.399587],[-42.201648,-3.431419],[-42.22354,-3.44688],[-42.22354,-3.542376],[-42.241148,-3.583757],[-42.259233,-3.596035],[-42.222588,-3.606039],[-42.206407,-3.594216],[-42.191178,-3.553744],[-42.154057,-3.588304],[-42.158816,-3.606039]]]},"properties":{"cod_ibge":"220540","name":"Joaquim Pires","uf":"PI"}},
{"type":"Feature","geometry":{"type":"Polygon","coordinates":[[[-44.806298,-10.428962],[-44.812009,-10.449426],[-44.844371,-10.470344],[-44.853413,-10.500357],[-44.891486,-10.509906],[-44.965252,-10.615861],[-45.029023,-10.615406],[-45.023788,-10.654968],[-44.993806,-10.666337],[-44.881967,-10.752283],[-44.863883,-10.885067],[-44.847226,-10.900983],[-44.808202,-10.865968],[-44.810105,-10.846414],[-44.788213,-10.808671],[-44.758707,-10.803668],[-44.757279,-10.787752],[-44.714447,-10.761832],[-44.680658,-10.767744],[-44.666857,-10.759104],[-44.720158,-10.677705],[-44.769653,-10.566294],[-44.708261,-10.508087],[-44.806298,-10.428962]]]},"properties":{"cod_ibge":"221062","name":"Sebastião Barros","uf":"PI"}},
{"type":"Feature","geometry":{"type":"Polygon","coordinates":[[[-40.972375,-7.305351],[-40.970947,-7.319903],[-40.937157,-7.343095],[-40.941441,-7.359011],[-40.931446,-7.3963],[-40.930971,-7.440409],[-40.922404,-7.464965],[-40.93573,-7.496342],[-40.908603,-7.489521],[-40.895753,-7.469058],[-40.871006,-7.44814],[-40.804379,-7.484064],[-40.805331,-7.434952],[-40.794385,-7.42131],[-40.796764,-7.391297],[-40.837216,-7.35992],[-40.852446,-7.327634],[-40.848162,-7.285343],[-40.87291,-7.261696],[-40.929067,-7.283069],[-40.972375,-7.305351]]]},"properties":{"cod_ibge":"220720","name":"Padre Marcos","uf":"PI"}},
{"type":"Feature","geometry":{"type":"Polygon","coordinates":[[[-42.337282,-9.034274],[-42.332523,-9.00608],[-42.322529,-8.996076],[-42.342041,-8.945145],[-42.367264,-8.908766],[-42.403433,-8.95333],[-42.490049,-8.930138],[-42.52241,-8.907401],[-42.558579,-8.938324],[-42.573809,-8.907401],[-42.603791,-8.728689],[-42.733714,-8.800537],[-42.726099,-8.685033],[-42.771787,-8.690945],[-42.838414,-8.692764],[-42.893619,-8.698676],[-42.956439,-8.713682],[-42.98309,-8.710044],[-42.976904,-8.810542],[-42.96453,-8.844193],[-42.953108,-8.918315],[-42.957391,-8.946054],[-42.937879,-8.971975],[-42.922174,-8.981979],[-42.917415,-9.001533],[-42.900758,-9.026089],[-42.845553,-9.069744],[-42.818902,-9.091117],[-42.801769,-9.114763],[-42.795582,-9.137045],[-42.811287,-9.167968],[-42.798438,-9.194343],[-42.834607,-9.251185],[-42.829372,-9.280288],[-42.767504,-9.288474],[-42.772739,-9.298933],[-42.771787,-9.343497],[-42.776546,-9.36578],[-42.730859,-9.358504],[-42.722768,-9.341224],[-42.642339,-9.331674],[-42.685171,-9.289838],[-42.676605,-9.280288],[-42.682792,-9.257551],[-42.67946,-9.231631],[-42.683744,-9.201618],[-42.672798,-9.150233],[-42.631394,-9.087024],[-42.596176,-9.115218],[-42.591417,-9.065651],[-42.518603,-9.080203],[-42.481482,-9.052464],[-42.478151,-9.081567],[-42.458639,-9.142502],[-42.439126,-9.083841],[-42.412951,-9.034274],[-42.37821,-9.018358],[-42.337282,-9.034274]]]},"properties":{"cod_ibge":"221060","name":"São Raimundo Nonato","uf":"PI"}},
{"type":"Feature","geometry":{"type":"Polygon","coordinates":[[[-42.250666,-4.535074],[-42.245907,-4.551444],[-42.216401,-4.544168],[-42.210214,-4.556446],[-42.188798,-4.560084],[-42.148822,-4.54235],[-42.14549,-4.571453],[-42.174521,-4.566451],[-42.180708,-4.583276],[-42.174521,-4.603285],[-42.132165,-4.601921],[-42.085526,-4.606468],[-42.0722,-4.634207],[-42.058875,-4.642392],[-42.029845,-4.623293],[-42.036031,-4.603285],[-42.015091,-4.568724],[-42.044598,-4.558265],[-42.034604,-4.529162],[-42.055544,-4.527798],[-42.057447,-4.464134],[-42.049833,-4.452766],[-42.060779,-4.434121],[-42.150725,-4.482324],[-42.250666,-4.535074]]]},"properties":{"cod_ibge":"220194","name":"Boqueirão do Piauí","uf":"PI"}},
{"type":"Feature","geometry":{"type":"Polygon","coordinates":[[[-42.737045,-6.035717],[-42.736569,-6.011615],[-42.785112,-6.015708],[-42.777022,-5.975236],[-42.780353,-5.963413],[-42.811287,-5.994335],[-42.820329,-5.991607],[-42.791775,-6.068458],[-42.793203,-6.10029],[-42.801293,-6.147128],[-42.788444,-6.202606],[-42.769883,-6.18669],[-42.726099,-6.175322],[-42.719437,-6.214884],[-42.683744,-6.213975],[-42.684695,-6.17805],[-42.690406,-6.164408],[-42.682792,-6.138488],[-42.688979,-6.111658],[-42.70278,-6.100744],[-42.705159,-6.079826],[-42.734666,-6.047995],[-42.737045,-6.035717]]]},"properties":{"cod_ibge":"220060","name":"Angical do Piauí","uf":"PI"}},
{"type":"Feature","geometry":{"type":"Polygon","coordinates":[[[-41.654828,-4.776086],[-41.69528,-4.766082],[-41.746679,-4.703328],[-41.760004,-4.719244],[-41.757149,-4.733795],[-41.77333,-4.754259],[-41.775709,-4.787],[-41.811402,-4.80428],[-41.827583,-4.855666],[-41.841385,-4.858394],[-41.873746,-4.884314],[-41.873746,-4.90114],[-41.946085,-5.027557],[-41.980826,-5.169891],[-41.800932,-5.193992],[-41.801884,-5.200359],[-41.782848,-5.193083],[-41.787131,-5.162161],[-41.778089,-5.128055],[-41.777613,-5.094859],[-41.73954,-5.078488],[-41.742871,-5.058934],[-41.720504,-4.991178],[-41.688618,-4.991178],[-41.643406,-4.810646],[-41.654828,-4.776086]]]},"properties":{"cod_ibge":"221065","name":"Sigefredo Pacheco","uf":"PI"}},
{"type":"Feature","geometry":{"type":"Polygon","coordinates":[[[-42.034604,-4.529162],[-41.964169,-4.529162],[-41.921813,-4.543714],[-41.879457,-4.590097],[-41.840433,-4.624658],[-41.85709,-4.642847],[-41.864228,-4.680591],[-41.879933,-4.680591],[-41.819017,-4.696961],[-41.776661,-4.688776],[-41.745251,-4.590552],[-41.739064,-4.570089],[-41.755721,-4.545078],[-41.779992,-4.532345],[-41.793318,-4.511427],[-41.807119,-4.510063],[-41.849951,-4.460042],[-41.860421,-4.46277],[-41.8885,-4.447309],[-41.902777,-4.427755],[-41.928952,-4.431848],[-41.958934,-4.424572],[-41.967976,-4.404563],[-42.007953,-4.380917],[-42.026989,-4.354087],[-42.079339,-4.374096],[-42.058399,-4.403654],[-42.060779,-4.434121],[-42.049833,-4.452766],[-42.057447,-4.464134],[-42.055544,-4.527798],[-42.034604,-4.529162]]]},"properties":{"cod_ibge":"220240","name":"Capitão de Campos","uf":"PI"}},
{"type":"Feature","geometry":{"type":"Polygon","coordinates":[[[-42.975952,-9.157054],[-42.969289,-9.146595],[-42.939307,-9.191159],[-42.938831,-9.201164],[-42.905517,-9.215261],[-42.915987,-9.248457],[-42.898379,-9.274377],[-42.866493,-9.299842],[-42.856023,-9.270739],[-42.834607,-9.251185],[-42.798438,-9.194343],[-42.811287,-9.167968],[-42.795582,-9.137045],[-42.801769,-9.114763],[-42.818902,-9.091117],[-42.845553,-9.069744],[-42.921698,-9.107032],[-42.982139,-9.129769],[-42.975952,-9.157054]]]},"properties":{"cod_ibge":"220192","name":"Bonfim do Piauí","uf":"PI"}},
{"type":"Feature","geometry":{"type":"Polygon","coordinates":[[[-42.48053,-3.601037],[-42.463398,-3.606494],[-42.45388,-3.624684],[-42.421994,-3.627867],[-42.385349,-3.61377],[-42.377258,-3.593761],[-42.382493,-3.540102],[-42.367264,-3.508725],[-42.389156,-3.492354],[-42.400102,-3.474619],[-42.424849,-3.453247],[-42.448169,-3.478257],[-42.470536,-3.483714],[-42.489573,-3.510089],[-42.458639,-3.545559],[-42.45388,-3.565113],[-42.470536,-3.574207],[-42.48053,-3.601037]]]},"properties":{"cod_ibge":"220545","name":"Joca Marques","uf":"PI"}},
{"type":"Feature","geometry":{"type":"Polygon","coordinates":[[[-44.297551,-7.263515],[-44.338955,-7.298985],[-44.355136,-7.328998],[-44.358468,-7.369015],[-44.353233,-7.424948],[-44.144784,-7.54409],[-44.261858,-7.935621],[-44.316112,-8.132979],[-44.362751,-8.295321],[-44.129555,-8.274403],[-44.099097,-8.029298],[-43.974885,-8.003378],[-44.008198,-7.594112],[-43.983927,-7.593202],[-43.964891,-7.601842],[-43.952517,-7.57001],[-43.934433,-7.556823],[-43.905878,-7.512713],[-43.886366,-7.497252],[-43.857811,-7.514532],[-43.832112,-7.494523],[-43.820214,-7.50089],[-43.819263,-7.537724],[-43.753587,-7.574103],[-43.740738,-7.516351],[-43.663164,-7.435407],[-43.692195,-7.327179],[-43.784521,-7.365832],[-43.832588,-7.353099],[-44.036277,-7.423584],[-44.123368,-7.500435],[-44.134314,-7.534086],[-44.184285,-7.417672],[-44.257099,-7.27352],[-44.266141,-7.243052],[-44.297551,-7.263515]]]},"properties":{"cod_ibge":"221063","name":"Sebastião Leal","uf":"PI"}},
{"type":"Feature","geometry":{"type":"Polygon","coordinates":[[[-40.848162,-7.285343],[-40.852446,-7.327634],[-40.837216,-7.35992],[-40.796764,-7.391297],[-40.794385,-7.42131],[-40.773921,-7.405849],[-40.727757,-7.349916],[-40.730137,-7.290345],[-40.714432,-7.24578],[-40.730137,-7.244871],[-40.753456,-7.254875],[-40.799144,-7.261242],[-40.848162,-7.285343]]]},"properties":{"cod_ibge":"220415","name":"Francisco Macedo","uf":"PI"}},
{"type":"Feature","geometry":{"type":"Polygon","coordinates":[[[-42.711822,-8.019748],[-42.733238,-8.01702],[-42.756082,-8.041121],[-42.786064,-8.045669],[-42.826516,-8.070679],[-42.85745,-8.0775],[-42.869824,-8.08705],[-42.881246,-8.120701],[-42.879342,-8.147076],[-42.885529,-8.171632],[-42.903614,-8.20028],[-42.911704,-8.225291],[-42.911228,-8.248938],[-42.88077,-8.275312],[-42.890288,-8.309418],[-42.893619,-8.356711],[-42.869824,-8.419465],[-42.83889,-8.450842],[-42.840794,-8.487221],[-42.853643,-8.510413],[-42.905517,-8.507685],[-42.955488,-8.518599],[-42.982139,-8.508594],[-43.004506,-8.519053],[-43.044483,-8.578169],[-43.062091,-8.619096],[-43.059236,-8.697766],[-43.020211,-8.700949],[-43.013073,-8.709135],[-42.98309,-8.710044],[-42.956439,-8.713682],[-42.893619,-8.698676],[-42.838414,-8.692764],[-42.771787,-8.690945],[-42.726099,-8.685033],[-42.706587,-8.577715],[-42.694689,-8.55043],[-42.667087,-8.518144],[-42.638056,-8.493588],[-42.643767,-8.416282],[-42.623303,-8.349435],[-42.620924,-8.318968],[-42.608074,-8.302597],[-42.585706,-8.233931],[-42.590465,-8.168448],[-42.583327,-8.124339],[-42.608074,-8.113425],[-42.639484,-8.071134],[-42.644719,-8.050216],[-42.659472,-8.031572],[-42.711822,-8.019748]]]},"properties":{"cod_ibge":"220198","name":"Brejo do Piauí","uf":"PI"}},
{"type":"Feature","geometry":{"type":"Polygon","coordinates":[[[-42.244004,-3.926631],[-42.24448,-3.914353],[-42.21878,-3.898437],[-42.204503,-3.918901],[-42.169286,-3.889797],[-42.148822,-3.903894],[-42.119315,-3.898892],[-42.105038,-3.916627],[-42.0722,-3.917991],[-42.062682,-3.895254],[-42.044122,-3.87661],[-41.991296,-3.870698],[-41.977019,-3.843414],[-41.988916,-3.83159],[-41.974163,-3.809763],[-41.995103,-3.799759],[-42.020326,-3.809763],[-42.03508,-3.791119],[-42.050309,-3.791119],[-42.050309,-3.680162],[-42.11646,-3.672886],[-42.11646,-3.591033],[-42.158816,-3.606039],[-42.15834,-3.617863],[-42.175949,-3.666975],[-42.178328,-3.686528],[-42.208786,-3.695623],[-42.190702,-3.723362],[-42.209262,-3.737459],[-42.206883,-3.752011],[-42.248287,-3.77202],[-42.263516,-3.785662],[-42.293022,-3.785662],[-42.3468,-3.837502],[-42.392963,-3.8325],[-42.376306,-3.876155],[-42.39915,-3.898437],[-42.38868,-3.986202],[-42.359174,-3.974379],[-42.308727,-3.99848],[-42.287787,-3.975743],[-42.266847,-3.939364],[-42.244004,-3.926631]]]},"properties":{"cod_ibge":"220370","name":"Esperantina","uf":"PI"}},
{"type":"Feature","geometry":{"type":"Polygon","coordinates":[[[-41.921337,-4.184014],[-41.80474,-4.202204],[-41.79998,-4.173555],[-41.761432,-4.209025],[-41.656732,-4.219939],[-41.577731,-4.145816],[-41.574875,-4.159458],[-41.525381,-4.163551],[-41.497302,-4.180376],[-41.473507,-4.187197],[-41.432103,-4.181286],[-41.425916,-4.159913],[-41.410211,-4.148544],[-41.39403,-4.161277],[-41.371186,-4.14718],[-41.342632,-4.139904],[-41.331686,-4.151273],[-41.313126,-4.14718],[-41.335969,-4.051685],[-41.484929,-4.04168],[-41.555363,-4.057596],[-41.62199,-4.060325],[-41.631985,-4.135812],[-41.774281,-4.100342],[-41.76048,-4.097614],[-41.738112,-4.071693],[-41.737636,-4.045318],[-41.771902,-4.03395],[-41.856138,-4.040771],[-41.906108,-4.042135],[-41.91991,-4.062144],[-41.897066,-4.08579],[-41.921337,-4.184014]]]},"properties":{"cod_ibge":"220196","name":"Brasileira","uf":"PI"}},
{"type":"Feature","geometry":{"type":"Polygon","coordinates":[[[-41.927524,-3.326374],[-41.926096,-3.333195],[-41.882789,-3.33365],[-41.882789,-3.30682],[-41.854234,-3.294087],[-41.85709,-3.2809],[-41.840909,-3.265894],[-41.796173,-3.253161],[-41.751438,-3.312732],[-41.730498,-3.334105],[-41.736209,-3.347747],[-41.738588,-3.434147],[-41.745251,-3.463251],[-41.711937,-3.467798],[-41.68957,-3.452792],[-41.67434,-3.481895],[-41.673389,-3.437785],[-41.662443,-3.379579],[-41.677196,-3.317279],[-41.693377,-3.30773],[-41.666726,-3.248613],[-41.771426,-3.120831],[-41.868987,-3.060351],[-41.895638,-3.094002],[-41.925145,-3.113101],[-41.924669,-3.138112],[-41.947036,-3.174036],[-41.97226,-3.19268],[-41.979874,-3.215872],[-41.958934,-3.232243],[-41.929428,-3.235426],[-41.92562,-3.260891],[-41.910867,-3.280445],[-41.913723,-3.298635],[-41.932283,-3.29909],[-41.927524,-3.326374]]]},"properties":{"cod_ibge":"220200","name":"Buriti dos Lopes","uf":"PI"}},
{"type":"Feature","geometry":{"type":"Polygon","coordinates":[[[-42.958819,-9.428534],[-42.959295,-9.479465],[-42.94359,-9.520846],[-42.904089,-9.526758],[-42.876487,-9.561773],[-42.851264,-9.551314],[-42.82842,-9.560408],[-42.830324,-9.57587],[-42.820329,-9.61907],[-42.769883,-9.61907],[-42.757985,-9.589057],[-42.739425,-9.579508],[-42.716105,-9.554497],[-42.708491,-9.532215],[-42.68993,-9.545857],[-42.619496,-9.53949],[-42.602839,-9.516753],[-42.62711,-9.445359],[-42.677081,-9.402159],[-42.687551,-9.38306],[-42.722768,-9.341224],[-42.730859,-9.358504],[-42.776546,-9.36578],[-42.780829,-9.377148],[-42.827944,-9.369872],[-42.862685,-9.384424],[-42.874583,-9.380331],[-42.89124,-9.40807],[-42.941686,-9.411254],[-42.958819,-9.428534]]]},"properties":{"cod_ibge":"220375","name":"Fartura do Piauí","uf":"PI"}},
{"type":"Feature","geometry":{"type":"Polygon","coordinates":[[[-42.581423,-4.426846],[-42.711346,-4.397742],[-42.772739,-4.395468],[-42.812239,-4.398652],[-42.83651,-4.392285],[-42.886481,-4.364091],[-42.963578,-4.354087],[-42.96453,-4.360908],[-42.948825,-4.385464],[-42.927409,-4.385009],[-42.896475,-4.40229],[-42.871728,-4.42821],[-42.877439,-4.461861],[-42.853643,-4.474138],[-42.850312,-4.49824],[-42.875059,-4.538712],[-42.866493,-4.566451],[-42.873155,-4.581912],[-42.915987,-4.651487],[-42.944542,-4.671496],[-42.953108,-4.687412],[-42.944066,-4.706511],[-42.926933,-4.71697],[-42.926457,-4.750621],[-42.949777,-4.769265],[-42.938831,-4.809282],[-42.897427,-4.842478],[-42.892668,-4.887952],[-42.816046,-4.78609],[-42.788444,-4.817467],[-42.778449,-4.763808],[-42.722292,-4.711968],[-42.688503,-4.672405],[-42.614261,-4.606468],[-42.680888,-4.541895],[-42.671846,-4.476867],[-42.581423,-4.426846]]]},"properties":{"cod_ibge":"221110","name":"União","uf":"PI"}},
{"type":"Feature","geometry":{"type":"Polygon","coordinates":[[[-44.093386,-10.192043],[-44.066735,-10.217508],[-43.990114,-10.418049],[-43.976788,-10.431236],[-43.936812,-10.436238],[-43.914444,-10.418049],[-43.915872,-10.393038],[-43.894932,-10.354385],[-43.836871,-10.30209],[-43.837347,-10.250249],[-43.784997,-10.191588],[-43.770244,-10.151116],[-43.765961,-10.120648],[-43.773099,-10.098821],[-43.759298,-10.07472],[-43.719798,-10.072446],[-43.698858,-10.077903],[-43.692671,-10.059259],[-43.725508,-10.050618],[-43.751683,-10.027427],[-43.769292,-10.023789],[-43.81022,-10.034703],[-43.832588,-10.031519],[-43.882083,-10.05744],[-43.918728,-10.065625],[-43.945378,-10.035157],[-43.957752,-10.028336],[-43.968222,-9.979679],[-43.992018,-9.99605],[-44.016289,-9.996504],[-44.060548,-10.016513],[-44.088151,-10.050618],[-44.156682,-10.131108],[-44.093386,-10.192043]]]},"properties":{"cod_ibge":"220110","name":"Avelino Lopes","uf":"PI"}},
{"type":"Feature","geometry":{"type":"Polygon","coordinates":[[[-42.601411,-5.251744],[-42.633773,-5.246742],[-42.659948,-5.2763],[-42.678984,-5.272662],[-42.748943,-5.339054],[-42.748467,-5.424091],[-42.726575,-5.427729],[-42.662328,-5.39135],[-42.631394,-5.391804],[-42.599032,-5.350423],[-42.599032,-5.349514],[-42.601411,-5.251744]]]},"properties":{"cod_ibge":"220330","name":"Demerval Lobão","uf":"PI"}},
{"type":"Feature","geometry":{"type":"Polygon","coordinates":[[[-42.646623,-4.13081],[-42.589989,-4.133083],[-42.5562,-4.104889],[-42.534308,-4.100342],[-42.512892,-4.042135],[-42.525742,-4.018489],[-42.533356,-3.965739],[-42.612833,-3.897528],[-42.622827,-3.903894],[-42.625683,-3.927086],[-42.696117,-3.984838],[-42.698497,-4.000754],[-42.688027,-4.039407],[-42.699924,-4.063508],[-42.684219,-4.093521],[-42.658996,-4.077605],[-42.646623,-4.13081]]]},"properties":{"cod_ibge":"220680","name":"Nossa Senhora dos Remédios","uf":"PI"}},
{"type":"Feature","geometry":{"type":"Polygon","coordinates":[[[-40.881476,-7.157106],[-40.863867,-7.175296],[-40.882904,-7.241233],[-40.87291,-7.261696],[-40.848162,-7.285343],[-40.799144,-7.261242],[-40.753456,-7.254875],[-40.730137,-7.244871],[-40.700155,-7.226681],[-40.717287,-7.208037],[-40.691588,-7.159835],[-40.729661,-7.160289],[-40.775824,-7.134824],[-40.844355,-7.126184],[-40.856253,-7.148011],[-40.881476,-7.157106]]]},"properties":{"cod_ibge":"220027","name":"Alegrete do Piauí","uf":"PI"}},
{"type":"Feature","geometry":{"type":"Polygon","coordinates":[[[-41.245071,-5.407266],[-41.187961,-5.395442],[-41.142274,-5.423636],[-41.081358,-5.408175],[-41.036146,-5.406811],[-41.009496,-5.41727],[-40.97761,-5.409539],[-40.958573,-5.438643],[-40.937157,-5.438643],[-40.938109,-5.41636],[-40.911458,-5.407266],[-40.917169,-5.389531],[-40.936206,-5.365884],[-40.918597,-5.338145],[-40.913362,-5.308132],[-40.926687,-5.296764],[-40.924308,-5.274936],[-40.911934,-5.266751],[-40.93573,-5.243104],[-40.921928,-5.226279],[-40.931922,-5.201268],[-40.929067,-5.17171],[-40.949531,-5.166708],[-40.961905,-5.151247],[-40.984272,-5.151247],[-40.988556,-5.138969],[-41.026628,-5.109865],[-41.081834,-5.087583],[-41.096587,-5.053478],[-41.131804,-5.048475],[-41.12181,-5.026193],[-41.12419,-5.006185],[-41.150841,-4.992088],[-41.188913,-4.940702],[-41.220323,-4.938883],[-41.234125,-4.908415],[-41.227938,-4.891135],[-41.249354,-4.869763],[-41.23936,-4.854756],[-41.243167,-4.828381],[-41.233173,-4.810192],[-41.256016,-4.800642],[-41.267914,-4.811556],[-41.278384,-4.853392],[-41.302656,-4.849299],[-41.313601,-4.867944],[-41.347867,-4.865215],[-41.384036,-4.883859],[-41.413066,-4.905232],[-41.428771,-4.925241],[-41.440193,-4.979355],[-41.465416,-4.991178],[-41.498254,-5.013915],[-41.471603,-5.023465],[-41.476362,-5.048021],[-41.466368,-5.071212],[-41.441621,-5.098042],[-41.444476,-5.133967],[-41.394982,-5.15443],[-41.375946,-5.150337],[-41.353578,-5.18035],[-41.392126,-5.209454],[-41.408783,-5.246287],[-41.389747,-5.269479],[-41.362144,-5.282212],[-41.349295,-5.278574],[-41.321692,-5.318591],[-41.300276,-5.325412],[-41.286951,-5.357699],[-41.252209,-5.388621],[-41.245071,-5.407266]]]},"properties":{"cod_ibge":"220202","name":"Buriti dos Montes","uf":"PI"}},
{"type":"Feature","geometry":{"type":"Polygon","coordinates":[[[-42.375355,-6.6769],[-42.408668,-6.661894],[-42.418186,-6.671444],[-42.477675,-6.667351],[-42.47244,-6.681448],[-42.489097,-6.708277],[-42.512416,-6.719646],[-42.530025,-6.706004],[-42.552869,-6.724193],[-42.549537,-6.741474],[-42.563339,-6.754661],[-42.570001,-6.788312],[-42.606646,-6.808775],[-42.606646,-6.824691],[-42.56667,-6.869256],[-42.540971,-6.862889],[-42.50147,-6.880624],[-42.489573,-6.87835],[-42.461494,-6.910182],[-42.43294,-6.901542],[-42.408668,-6.864253],[-42.393439,-6.831512],[-42.369644,-6.821963],[-42.360125,-6.805592],[-42.33395,-6.799226],[-42.319673,-6.771486],[-42.333475,-6.748295],[-42.334902,-6.72965],[-42.364885,-6.713734],[-42.362505,-6.679174],[-42.375355,-6.6769]]]},"properties":{"cod_ibge":"220207","name":"Cajazeiras do Piauí","uf":"PI"}},
{"type":"Feature","geometry":{"type":"Polygon","coordinates":[[[-40.727757,-7.349916],[-40.709197,-7.387205],[-40.694444,-7.392662],[-40.652088,-7.433133],[-40.54834,-7.392662],[-40.541677,-7.332181],[-40.523592,-7.318539],[-40.511695,-7.29944],[-40.515978,-7.264425],[-40.505984,-7.210765],[-40.566424,-7.210765],[-40.604021,-7.214403],[-40.671124,-7.209856],[-40.700155,-7.226681],[-40.730137,-7.244871],[-40.714432,-7.24578],[-40.730137,-7.290345],[-40.727757,-7.349916]]]},"properties":{"cod_ibge":"220209","name":"Caldeirão Grande do Piauí","uf":"PI"}},
{"type":"Feature","geometry":{"type":"Polygon","coordinates":[[[-41.322644,-2.9212],[-41.340252,-2.927567],[-41.374042,-2.917563],[-41.397837,-2.90392],[-41.436386,-2.906194],[-41.444952,-2.929841],[-41.430199,-2.944847],[-41.444952,-2.964856],[-41.433055,-3.003963],[-41.436862,-3.025336],[-41.429247,-3.039433],[-41.440669,-3.078541],[-41.378801,-3.057168],[-41.321216,-3.049437],[-41.260776,-3.053985],[-41.252685,-3.034886],[-41.25792,-3.002599],[-41.27077,-2.971677],[-41.302656,-2.967129],[-41.321692,-2.951668],[-41.322644,-2.9212]]]},"properties":{"cod_ibge":"220208","name":"Cajueiro da Praia","uf":"PI"}},
{"type":"Feature","geometry":{"type":"Polygon","coordinates":[[[-42.328715,-9.184793],[-42.369644,-9.187521],[-42.402957,-9.177517],[-42.462922,-9.172515],[-42.493856,-9.256642],[-42.642339,-9.331674],[-42.722768,-9.341224],[-42.687551,-9.38306],[-42.677081,-9.402159],[-42.62711,-9.445359],[-42.602839,-9.516753],[-42.590465,-9.498564],[-42.554772,-9.49629],[-42.514796,-9.501747],[-42.492904,-9.494926],[-42.491,-9.46946],[-42.481482,-9.459001],[-42.448645,-9.461275],[-42.42818,-9.439902],[-42.418662,-9.409435],[-42.364885,-9.38215],[-42.35727,-9.352592],[-42.32586,-9.333493],[-42.315866,-9.316668],[-42.268751,-9.310301],[-42.238293,-9.285745],[-42.225919,-9.283472],[-42.209738,-9.202528],[-42.239245,-9.201164],[-42.304444,-9.184793],[-42.328715,-9.184793]]]},"properties":{"cod_ibge":"220335","name":"Dirceu Arcoverde","uf":"PI"}},
{"type":"Feature","geometry":{"type":"Polygon","coordinates":[[[-42.435319,-4.477776],[-42.295878,-4.55099],[-42.277793,-4.549171],[-42.250666,-4.535074],[-42.150725,-4.482324],[-42.177852,-4.46277],[-42.166906,-4.451401],[-42.167382,-4.423662],[-42.1769,-4.40138],[-42.195937,-4.380917],[-42.447693,-4.334533],[-42.482434,-4.344083],[-42.548109,-4.344992],[-42.557152,-4.366365],[-42.54573,-4.362727],[-42.473868,-4.434121],[-42.444837,-4.440488],[-42.420566,-4.468227],[-42.435319,-4.477776]]]},"properties":{"cod_ibge":"220205","name":"Cabeceiras do Piauí","uf":"PI"}},
{"type":"Feature","geometry":{"type":"Polygon","coordinates":[[[-41.826155,-2.757494],[-41.848523,-2.783869],[-41.845192,-2.813882],[-41.866132,-2.869815],[-41.834246,-2.915744],[-41.816637,-2.886185],[-41.785227,-2.872998],[-41.775709,-2.853444],[-41.755245,-2.84253],[-41.784751,-2.769772],[-41.781896,-2.758403],[-41.803312,-2.750218],[-41.826155,-2.757494]]]},"properties":{"cod_ibge":"220465","name":"Ilha Grande","uf":"PI"}},
{"type":"Feature","geometry":{"type":"Polygon","coordinates":[[[-42.73419,-5.661465],[-42.603315,-5.712851],[-42.571905,-5.736043],[-42.560007,-5.740135],[-42.543826,-5.724674],[-42.521459,-5.726493],[-42.526694,-5.683748],[-42.494332,-5.664194],[-42.486241,-5.646459],[-42.460066,-5.647823],[-42.445313,-5.638728],[-42.452452,-5.61872],[-42.48291,-5.607351],[-42.477199,-5.581431],[-42.50385,-5.555056],[-42.572857,-5.491847],[-42.599032,-5.515039],[-42.694689,-5.515494],[-42.711822,-5.543233],[-42.747991,-5.5305],[-42.748467,-5.541414],[-42.761317,-5.625541],[-42.735142,-5.634181],[-42.73419,-5.661465]]]},"properties":{"cod_ibge":"220640","name":"Monsenhor Gil","uf":"PI"}},
{"type":"Feature","geometry":{"type":"Polygon","coordinates":[[[-42.256853,-5.955228],[-42.142159,-6.047085],[-42.08505,-6.067094],[-42.060779,-6.052087],[-41.999386,-6.053451],[-41.971784,-6.044811],[-41.966073,-5.934764],[-41.974163,-5.914301],[-41.99891,-5.921577],[-42.013188,-5.904297],[-42.030796,-5.902023],[-42.048405,-5.877012],[-42.05364,-5.846545],[-42.068869,-5.834721],[-42.05364,-5.802435],[-42.063158,-5.787428],[-42.093616,-5.777424],[-42.086478,-5.787883],[-42.203075,-5.786519],[-42.203551,-5.799706],[-42.204027,-5.825172],[-42.15834,-5.835176],[-42.14787,-5.856549],[-42.15596,-5.88065],[-42.185943,-5.882469],[-42.227823,-5.892019],[-42.232582,-5.918394],[-42.256853,-5.955228]]]},"properties":{"cod_ibge":"220960","name":"São Félix do Piauí","uf":"PI"}},
{"type":"Feature","geometry":{"type":"Polygon","coordinates":[[[-41.697184,-3.038523],[-41.712889,-3.025791],[-41.711937,-3.007146],[-41.697184,-2.999871],[-41.680051,-2.978043],[-41.683383,-2.947575],[-41.67434,-2.943483],[-41.661967,-2.913925],[-41.673389,-2.893916],[-41.670533,-2.879364],[-41.649593,-2.864358],[-41.680527,-2.847533],[-41.729546,-2.802968],[-41.740968,-2.807515],[-41.771426,-2.779776],[-41.781896,-2.758403],[-41.784751,-2.769772],[-41.755245,-2.84253],[-41.775709,-2.853444],[-41.785227,-2.872998],[-41.816637,-2.886185],[-41.834246,-2.915744],[-41.806167,-2.938481],[-41.796649,-2.960763],[-41.809975,-2.980317],[-41.822824,-3.01806],[-41.868987,-3.060351],[-41.771426,-3.120831],[-41.697184,-3.038523]]]},"properties":{"cod_ibge":"220770","name":"Parnaíba","uf":"PI"}},
{"type":"Feature","geometry":{"type":"Polygon","coordinates":[[[-45.41451,-10.644964],[-45.304575,-10.607221],[-45.191308,-10.58994],[-45.023788,-10.654968],[-45.029023,-10.615406],[-44.965252,-10.615861],[-44.891486,-10.509906],[-44.853413,-10.500357],[-44.844371,-10.470344],[-44.812009,-10.449426],[-44.806298,-10.428962],[-44.799635,-10.406225],[-44.831521,-10.340743],[-44.7944,-10.32801],[-45.000945,-10.130653],[-45.106121,-10.138383],[-45.19226,-10.14475],[-45.285538,-10.201592],[-45.388335,-10.244793],[-45.490655,-10.30118],[-45.456866,-10.338469],[-45.430215,-10.359387],[-45.425931,-10.375303],[-45.428787,-10.413956],[-45.418317,-10.432146],[-45.395949,-10.444878],[-45.400232,-10.463068],[-45.431166,-10.488533],[-45.447347,-10.509451],[-45.439257,-10.522184],[-45.446396,-10.562201],[-45.436877,-10.576753],[-45.437353,-10.615406],[-45.41451,-10.644964]]]},"properties":{"cod_ibge":"220290","name":"Corrente","uf":"PI"}},
{"type":"Feature","geometry":{"type":"Polygon","coordinates":[[[-41.064225,-7.645497],[-41.14513,-7.628672],[-41.172732,-7.609118],[-41.1951,-7.575467],[-41.227462,-7.573193],[-41.240311,-7.595021],[-41.266486,-7.613211],[-41.277908,-7.598659],[-41.276481,-7.580469],[-41.295993,-7.578196],[-41.30218,-7.540452],[-41.327403,-7.540907],[-41.34168,-7.527265],[-41.378801,-7.515441],[-41.398789,-7.550456],[-41.38594,-7.556823],[-41.397361,-7.580015],[-41.430675,-7.621396],[-41.458278,-7.695064],[-41.4697,-7.697792],[-41.477314,-7.750087],[-41.458278,-7.782374],[-41.430199,-7.786921],[-41.410211,-7.804202],[-41.378325,-7.813296],[-41.319312,-7.791924],[-41.311222,-7.734172],[-41.256968,-7.726896],[-41.229841,-7.735536],[-41.207474,-7.719165],[-41.188437,-7.745995],[-41.150365,-7.760546],[-41.124666,-7.740993],[-41.099442,-7.738719],[-41.098015,-7.715527],[-41.067556,-7.674601],[-41.064225,-7.645497]]]},"properties":{"cod_ibge":"220777","name":"Patos do Piauí","uf":"PI"}},
{"type":"Feature","geometry":{"type":"Polygon","coordinates":[[[-42.521459,-5.726493],[-42.504802,-5.751959],[-42.44912,-5.760144],[-42.442458,-5.800161],[-42.457211,-5.829719],[-42.451976,-5.871101],[-42.466253,-5.894747],[-42.463398,-5.910208],[-42.489573,-5.936583],[-42.500043,-5.97751],[-42.480054,-5.999337],[-42.458639,-6.010251],[-42.435795,-6.033443],[-42.422945,-6.071186],[-42.421042,-6.09938],[-42.412,-6.121663],[-42.393915,-6.137578],[-42.385349,-6.154859],[-42.370595,-6.136214],[-42.392487,-6.107566],[-42.35489,-6.069367],[-42.313962,-6.070732],[-42.303492,-6.036171],[-42.370595,-5.990697],[-42.391535,-5.973872],[-42.372023,-5.941585],[-42.369644,-5.911118],[-42.311583,-5.840178],[-42.337282,-5.821989],[-42.350131,-5.796523],[-42.346324,-5.772877],[-42.332999,-5.76742],[-42.324908,-5.731041],[-42.379638,-5.722855],[-42.404385,-5.702392],[-42.407716,-5.677836],[-42.435319,-5.673743],[-42.445313,-5.638728],[-42.460066,-5.647823],[-42.486241,-5.646459],[-42.494332,-5.664194],[-42.526694,-5.683748],[-42.521459,-5.726493]]]},"properties":{"cod_ibge":"220775","name":"Passagem Franca do Piauí","uf":"PI"}},
{"type":"Feature","geometry":{"type":"Polygon","coordinates":[[[-41.740016,-8.088414],[-41.776661,-8.121156],[-41.743347,-8.181636],[-41.783324,-8.222108],[-41.783324,-8.251211],[-41.771426,-8.290319],[-41.749534,-8.312146],[-41.696232,-8.284407],[-41.690045,-8.273948],[-41.657208,-8.298959],[-41.610569,-8.318968],[-41.573448,-8.324424],[-41.545369,-8.347161],[-41.523001,-8.373536],[-41.486356,-8.368079],[-41.46732,-8.338521],[-41.47779,-8.324424],[-41.473983,-8.296685],[-41.451139,-8.27986],[-41.41735,-8.296231],[-41.403072,-8.267127],[-41.374042,-8.247119],[-41.371662,-8.217106],[-41.399265,-8.20119],[-41.448284,-8.189821],[-41.476362,-8.174815],[-41.453519,-8.137981],[-41.436862,-8.123884],[-41.454471,-8.09569],[-41.437814,-8.087959],[-41.443525,-8.065222],[-41.458278,-8.055673],[-41.466844,-8.032481],[-41.491116,-8.021567],[-41.510152,-8.022022],[-41.632936,-8.0775],[-41.645786,-8.072498],[-41.693377,-8.06886],[-41.740016,-8.088414]]]},"properties":{"cod_ibge":"220965","name":"São Francisco de Assis do Piauí","uf":"PI"}},
{"type":"Feature","geometry":{"type":"Polygon","coordinates":[[[-43.286244,-7.695519],[-43.196298,-7.614575],[-43.087314,-7.671417],[-43.073513,-7.683241],[-43.03544,-7.734172],[-42.886481,-7.620032],[-42.861258,-7.619122],[-42.804149,-7.56137],[-42.823661,-7.434043],[-42.798438,-7.386295],[-42.842221,-7.354463],[-42.885053,-7.359011],[-43.074941,-7.314446],[-43.147755,-7.222134],[-43.225328,-7.283524],[-43.324793,-7.40403],[-43.473277,-7.554094],[-43.507066,-7.679603],[-43.303853,-7.711435],[-43.286244,-7.695519]]]},"properties":{"cod_ibge":"220510","name":"Itaueira","uf":"PI"}},
{"type":"Feature","geometry":{"type":"Polygon","coordinates":[[[-42.326336,-5.297218],[-42.33871,-5.2331],[-42.351559,-5.184898],[-42.379162,-5.152611],[-42.39677,-5.173529],[-42.429132,-5.18899],[-42.444837,-5.213091],[-42.464825,-5.203087],[-42.481958,-5.168072],[-42.579519,-5.168982],[-42.599032,-5.194447],[-42.601411,-5.251744],[-42.599032,-5.349514],[-42.585706,-5.317682],[-42.549537,-5.313589],[-42.542399,-5.301766],[-42.485289,-5.311315],[-42.462922,-5.300856],[-42.434367,-5.310406],[-42.410572,-5.30313],[-42.368692,-5.32041],[-42.326336,-5.297218]]]},"properties":{"cod_ibge":"220779","name":"Pau D'Arco do Piauí","uf":"PI"}},
{"type":"Feature","geometry":{"type":"Polygon","coordinates":[[[-40.881476,-7.157106],[-40.856253,-7.148011],[-40.844355,-7.126184],[-40.775824,-7.134824],[-40.729661,-7.160289],[-40.691588,-7.159835],[-40.693492,-7.143919],[-40.729185,-7.102537],[-40.761547,-7.022503],[-40.790101,-7.001585],[-40.805806,-6.981122],[-40.816276,-6.988852],[-40.850542,-6.985214],[-40.86006,-6.990671],[-40.854349,-7.020229],[-40.913362,-7.076617],[-40.960001,-7.107539],[-40.911458,-7.125274],[-40.881476,-7.157106]]]},"properties":{"cod_ibge":"221030","name":"São Julião","uf":"PI"}},
{"type":"Feature","geometry":{"type":"Polygon","coordinates":[[[-42.191654,-5.11987],[-42.198316,-5.146699],[-42.227823,-5.164889],[-42.253998,-5.190809],[-42.280173,-5.235374],[-42.312059,-5.234919],[-42.326336,-5.297218],[-42.368692,-5.32041],[-42.34918,-5.362701],[-42.355842,-5.380436],[-42.33395,-5.395442],[-42.317294,-5.441371],[-42.301589,-5.457742],[-42.297305,-5.48639],[-42.286835,-5.502761],[-42.272558,-5.544142],[-42.27351,-5.563696],[-42.262088,-5.581886],[-42.256377,-5.620993],[-42.235913,-5.640547],[-42.228299,-5.67147],[-42.227823,-5.67147],[-42.202124,-5.654644],[-42.156436,-5.651461],[-42.141683,-5.643276],[-42.139304,-5.616901],[-42.116936,-5.600075],[-42.052688,-5.560513],[-42.027941,-5.554601],[-41.99891,-5.521405],[-41.99891,-5.509127],[-41.957506,-5.443645],[-41.944181,-5.406811],[-41.95941,-5.395897],[-41.990344,-5.388166],[-42.005097,-5.348604],[-42.0327,-5.340419],[-42.03032,-5.307223],[-41.9932,-5.287214],[-42.01414,-5.263113],[-42.002242,-5.252654],[-42.00938,-5.233555],[-41.994627,-5.168072],[-42.038411,-5.158977],[-42.079339,-5.123508],[-42.120267,-5.138059],[-42.140731,-5.124417],[-42.159768,-5.12851],[-42.191654,-5.11987]]]},"properties":{"cod_ibge":"220030","name":"Alto Longá","uf":"PI"}},
{"type":"Feature","geometry":{"type":"Polygon","coordinates":[[[-41.454471,-8.09569],[-41.425916,-8.105694],[-41.394506,-8.0966],[-41.381181,-8.082503],[-41.385464,-8.052944],[-41.367855,-8.036574],[-41.347391,-8.036119],[-41.309318,-8.018839],[-41.267914,-8.021567],[-41.22651,-8.011108],[-41.195576,-8.020203],[-41.161311,-8.018839],[-41.148937,-7.984279],[-41.113244,-7.979731],[-41.077075,-7.93835],[-41.062321,-7.943807],[-41.031387,-7.918341],[-41.048044,-7.8856],[-41.037574,-7.865137],[-41.016634,-7.85104],[-40.993315,-7.865137],[-40.959049,-7.847857],[-40.951435,-7.82512],[-40.992839,-7.808749],[-41.01711,-7.792833],[-41.053279,-7.782374],[-41.064225,-7.770551],[-41.091828,-7.769641],[-41.099442,-7.738719],[-41.124666,-7.740993],[-41.150365,-7.760546],[-41.188437,-7.745995],[-41.207474,-7.719165],[-41.229841,-7.735536],[-41.256968,-7.726896],[-41.311222,-7.734172],[-41.319312,-7.791924],[-41.378325,-7.813296],[-41.380705,-7.846038],[-41.413066,-7.870139],[-41.438766,-7.899697],[-41.474935,-7.900606],[-41.483501,-7.910156],[-41.507772,-7.908337],[-41.521574,-7.92016],[-41.525857,-7.941533],[-41.503489,-7.953356],[-41.46732,-7.989736],[-41.494923,-8.011563],[-41.491116,-8.021567],[-41.466844,-8.032481],[-41.458278,-8.055673],[-41.443525,-8.065222],[-41.437814,-8.087959],[-41.454471,-8.09569]]]},"properties":{"cod_ibge":"220515","name":"Jacobina do Piauí","uf":"PI"}},
{"type":"Feature","geometry":{"type":"Polygon","coordinates":[[[-40.87291,-7.261696],[-40.882904,-7.241233],[-40.863867,-7.175296],[-40.881476,-7.157106],[-40.911458,-7.125274],[-40.960001,-7.107539],[-40.997598,-7.137098],[-40.991411,-7.200306],[-40.979989,-7.215768],[-40.991887,-7.252602],[-40.972375,-7.305351],[-40.929067,-7.283069],[-40.87291,-7.261696]]]},"properties":{"cod_ibge":"221160","name":"Vila Nova do Piauí","uf":"PI"}},
{"type":"Feature","geometry":{"type":"Polygon","coordinates":[[[-42.445313,-5.638728],[-42.435319,-5.673743],[-42.407716,-5.677836],[-42.404385,-5.702392],[-42.379638,-5.722855],[-42.324908,-5.731041],[-42.329667,-5.708304],[-42.308251,-5.664649],[-42.272082,-5.645549],[-42.241148,-5.670105],[-42.228299,-5.67147],[-42.235913,-5.640547],[-42.256377,-5.620993],[-42.262088,-5.581886],[-42.27351,-5.563696],[-42.272558,-5.544142],[-42.286835,-5.502761],[-42.297305,-5.48639],[-42.301589,-5.457742],[-42.317294,-5.441371],[-42.33395,-5.395442],[-42.355842,-5.380436],[-42.34918,-5.362701],[-42.368692,-5.32041],[-42.410572,-5.30313],[-42.434367,-5.310406],[-42.462922,-5.300856],[-42.485289,-5.311315],[-42.542399,-5.301766],[-42.549537,-5.313589],[-42.585706,-5.317682],[-42.599032,-5.349514],[-42.599032,-5.350423],[-42.567146,-5.366794],[-42.554772,-5.384983],[-42.529073,-5.393623],[-42.513844,-5.40863],[-42.520031,-5.423181],[-42.496711,-5.458196],[-42.473868,-5.457742],[-42.469585,-5.480024],[-42.455783,-5.491847],[-42.462446,-5.535502],[-42.50385,-5.555056],[-42.477199,-5.581431],[-42.48291,-5.607351],[-42.452452,-5.61872],[-42.445313,-5.638728]]]},"properties":{"cod_ibge":"220160","name":"Beneditinos","uf":"PI"}},
{"type":"Feature","geometry":{"type":"Polygon","coordinates":[[[-41.73145,-7.016591],[-41.715745,-6.999766],[-41.661491,-7.031143],[-41.615328,-7.033417],[-41.629605,-6.988397],[-41.613424,-6.925189],[-41.6139,-6.906999],[-41.622466,-6.898814],[-41.70004,-6.915184],[-41.702895,-6.901087],[-41.76048,-6.912911],[-41.763811,-6.921096],[-41.808547,-6.928827],[-41.797125,-6.987488],[-41.780468,-6.963842],[-41.73145,-7.016591]]]},"properties":{"cod_ibge":"220340","name":"Dom Expedito Lopes","uf":"PI"}},
{"type":"Feature","geometry":{"type":"Polygon","coordinates":[[[-40.37035,-6.803318],[-40.38891,-6.796952],[-40.416989,-6.812413],[-40.432218,-6.812868],[-40.452206,-6.783764],[-40.458393,-6.757844],[-40.476953,-6.732833],[-40.517406,-6.73056],[-40.55881,-6.72101],[-40.602117,-6.716008],[-40.632576,-6.698728],[-40.651136,-6.678265],[-40.710149,-6.675991],[-40.732041,-6.653709],[-40.722046,-6.617784],[-40.736324,-6.600049],[-40.740131,-6.577312],[-40.754408,-6.554575],[-40.787722,-6.523653],[-40.790101,-6.500461],[-41.095159,-6.75648],[-41.02996,-6.761937],[-40.981417,-6.772396],[-40.917169,-6.767848],[-40.897181,-6.769667],[-40.882904,-6.792859],[-40.847686,-6.784674],[-40.839596,-6.796042],[-40.836741,-6.849247],[-40.828174,-6.928372],[-40.850542,-6.985214],[-40.816276,-6.988852],[-40.805806,-6.981122],[-40.790101,-7.001585],[-40.770589,-6.988397],[-40.75536,-7.008861],[-40.733468,-7.01068],[-40.69492,-7.030234],[-40.672552,-7.013408],[-40.654467,-7.011589],[-40.643997,-6.997947],[-40.624485,-6.993854],[-40.607352,-6.976119],[-40.604973,-6.956566],[-40.588316,-6.950199],[-40.553575,-6.951109],[-40.546912,-6.942014],[-40.505032,-6.938831],[-40.489327,-6.952473],[-40.462676,-6.936557],[-40.44126,-6.943833],[-40.425079,-6.935193],[-40.432694,-6.908363],[-40.428411,-6.864253],[-40.416037,-6.859251],[-40.387007,-6.830148],[-40.37035,-6.803318]]]},"properties":{"cod_ibge":"220820","name":"Pio IX","uf":"PI"}},
{"type":"Feature","geometry":{"type":"Polygon","coordinates":[[[-41.957506,-8.372627],[-41.937042,-8.399911],[-41.727166,-8.400366],[-41.673389,-8.392635],[-41.669581,-8.350345],[-41.677196,-8.328517],[-41.657208,-8.298959],[-41.690045,-8.273948],[-41.696232,-8.284407],[-41.749534,-8.312146],[-41.771426,-8.290319],[-41.783324,-8.251211],[-41.783324,-8.222108],[-41.743347,-8.181636],[-41.776661,-8.121156],[-41.740016,-8.088414],[-41.777137,-8.117063],[-41.839957,-8.118882],[-41.891831,-8.134343],[-41.924193,-8.256668],[-41.957506,-8.372627]]]},"properties":{"cod_ibge":"220211","name":"Campo Alegre do Fidalgo","uf":"PI"}},
{"type":"Feature","geometry":{"type":"Polygon","coordinates":[[[-41.274101,-6.678265],[-41.326451,-6.750568],[-41.308842,-6.767848],[-41.303131,-6.80059],[-41.332638,-6.808775],[-41.342632,-6.864253],[-41.318361,-6.852885],[-41.268866,-6.851975],[-41.257444,-6.830603],[-41.220323,-6.820144],[-41.229841,-6.792859],[-41.19748,-6.768303],[-41.198431,-6.746476],[-41.188913,-6.733743],[-41.197004,-6.679629],[-41.274101,-6.678265]]]},"properties":{"cod_ibge":"221037","name":"São Luis do Piauí","uf":"PI"}},
{"type":"Feature","geometry":{"type":"Polygon","coordinates":[[[-42.324908,-5.731041],[-42.332999,-5.76742],[-42.346324,-5.772877],[-42.350131,-5.796523],[-42.337282,-5.821989],[-42.311583,-5.840178],[-42.369644,-5.911118],[-42.372023,-5.941585],[-42.324908,-5.950225],[-42.256853,-5.955228],[-42.232582,-5.918394],[-42.227823,-5.892019],[-42.185943,-5.882469],[-42.15596,-5.88065],[-42.14787,-5.856549],[-42.15834,-5.835176],[-42.204027,-5.825172],[-42.203551,-5.799706],[-42.232582,-5.774241],[-42.226871,-5.742409],[-42.227823,-5.67147],[-42.228299,-5.67147],[-42.241148,-5.670105],[-42.272082,-5.645549],[-42.308251,-5.664649],[-42.329667,-5.708304],[-42.324908,-5.731041]]]},"properties":{"cod_ibge":"221038","name":"São Miguel da Baixa Grande","uf":"PI"}},
{"type":"Feature","geometry":{"type":"Polygon","coordinates":[[[-42.337282,-9.034274],[-42.37821,-9.018358],[-42.412951,-9.034274],[-42.439126,-9.083841],[-42.458639,-9.142502],[-42.478151,-9.081567],[-42.481482,-9.052464],[-42.518603,-9.080203],[-42.591417,-9.065651],[-42.596176,-9.115218],[-42.631394,-9.087024],[-42.672798,-9.150233],[-42.683744,-9.201618],[-42.67946,-9.231631],[-42.682792,-9.257551],[-42.676605,-9.280288],[-42.685171,-9.289838],[-42.642339,-9.331674],[-42.493856,-9.256642],[-42.462922,-9.172515],[-42.402957,-9.177517],[-42.369644,-9.187521],[-42.328715,-9.184793],[-42.359174,-9.168877],[-42.35727,-9.154325],[-42.376306,-9.121129],[-42.36774,-9.085205],[-42.3468,-9.060194],[-42.337282,-9.034274]]]},"properties":{"cod_ibge":"221035","name":"São Lourenço do Piauí","uf":"PI"}},
{"type":"Feature","geometry":{"type":"Polygon","coordinates":[[[-42.060779,-7.581834],[-42.066014,-7.591838],[-42.036507,-7.620032],[-42.018423,-7.650499],[-41.968928,-7.705068],[-41.950844,-7.742812],[-41.932759,-7.756909],[-41.869939,-7.773734],[-41.839957,-7.813296],[-41.805691,-7.826939],[-41.798077,-7.816025],[-41.77333,-7.81648],[-41.756197,-7.81648],[-41.757625,-7.727805],[-41.726215,-7.69279],[-41.730022,-7.593202],[-41.752865,-7.559097],[-41.776185,-7.552275],[-41.829011,-7.552275],[-41.843288,-7.537724],[-41.860421,-7.53545],[-41.889451,-7.530903],[-41.909915,-7.550456],[-41.944657,-7.553185],[-41.962741,-7.532267],[-42.006525,-7.539088],[-42.046025,-7.555004],[-42.060779,-7.581834]]]},"properties":{"cod_ibge":"220210","name":"Campinas do Piauí","uf":"PI"}},
{"type":"Feature","geometry":{"type":"Polygon","coordinates":[[[-42.069345,-9.257551],[-42.018899,-9.25073],[-41.999862,-9.266192],[-41.97226,-9.248457],[-41.921813,-9.278924],[-41.901825,-9.257551],[-41.870415,-9.237543],[-41.85471,-9.240726],[-41.838053,-9.24209],[-41.821872,-9.194343],[-41.79998,-9.165239],[-41.79998,-9.147959],[-41.780468,-9.12886],[-41.742871,-9.103849],[-41.732877,-9.087933],[-41.730974,-9.027908],[-41.723835,-9.013356],[-41.688618,-9.013811],[-41.673389,-9.007899],[-41.669581,-8.990164],[-41.633412,-8.986072],[-41.60581,-8.957423],[-41.570116,-8.955149],[-41.545845,-8.961516],[-41.541562,-8.933776],[-41.523001,-8.903764],[-41.507296,-8.892395],[-41.510628,-8.876024],[-41.487784,-8.843738],[-41.472079,-8.843283],[-41.434482,-8.799173],[-41.424488,-8.802356],[-41.411163,-8.774163],[-41.429723,-8.756428],[-41.454946,-8.755973],[-41.471603,-8.77871],[-41.488736,-8.783712],[-41.497778,-8.806449],[-41.513483,-8.791897],[-41.544893,-8.779619],[-41.600575,-8.795081],[-41.645786,-8.758247],[-41.681479,-8.747333],[-41.698612,-8.750061],[-41.703847,-8.729598],[-41.737636,-8.732781],[-41.7581,-8.732326],[-41.807119,-8.688671],[-41.839481,-8.701859],[-41.879933,-8.671846],[-41.916578,-8.657749],[-41.931331,-8.644107],[-41.967976,-8.635921],[-41.997007,-8.598633],[-42.02461,-8.5859],[-42.05364,-8.597723],[-42.080291,-8.572713],[-42.111225,-8.582262],[-42.125502,-8.566346],[-42.158816,-8.590447],[-42.189274,-8.584081],[-42.210214,-8.649109],[-42.12931,-8.728234],[-42.202124,-8.831915],[-42.235437,-8.863292],[-42.236865,-8.92741],[-42.224967,-9.012446],[-42.179756,-9.133862],[-42.142635,-9.152961],[-42.069345,-9.257551]]]},"properties":{"cod_ibge":"220345","name":"Dom Inocêncio","uf":"PI"}},
{"type":"Feature","geometry":{"type":"Polygon","coordinates":[[[-41.313126,-4.14718],[-41.331686,-4.151273],[-41.342632,-4.139904],[-41.371186,-4.14718],[-41.39403,-4.161277],[-41.410211,-4.148544],[-41.425916,-4.159913],[-41.432103,-4.181286],[-41.473507,-4.187197],[-41.497302,-4.180376],[-41.524905,-4.256773],[-41.494923,-4.274508],[-41.487784,-4.303611],[-41.453043,-4.301337],[-41.427344,-4.320891],[-41.398789,-4.388647],[-41.387843,-4.432757],[-41.380705,-4.433667],[-41.363096,-4.338626],[-41.356909,-4.342719],[-41.240311,-4.375915],[-41.22889,-4.340445],[-41.119431,-4.324074],[-41.118955,-4.306339],[-41.136087,-4.233581],[-41.098491,-4.181286],[-41.098015,-4.180376],[-41.135136,-4.176738],[-41.165118,-4.187652],[-41.196052,-4.147635],[-41.233173,-4.156275],[-41.24983,-4.13854],[-41.265535,-4.160822],[-41.294565,-4.165825],[-41.313126,-4.14718]]]},"properties":{"cod_ibge":"220342","name":"Domingos Mourão","uf":"PI"}},
{"type":"Feature","geometry":{"type":"Polygon","coordinates":[[[-41.921813,-6.646433],[-41.898018,-6.68645],[-41.865656,-6.690543],[-41.816161,-6.715099],[-41.766191,-6.790131],[-41.660539,-6.796042],[-41.660539,-6.830148],[-41.606761,-6.833331],[-41.542514,-6.73829],[-41.479694,-6.745111],[-41.495399,-6.667806],[-41.507772,-6.635064],[-41.511104,-6.608235],[-41.685286,-6.531384],[-41.68957,-6.531384],[-41.723835,-6.52911],[-41.728594,-6.559577],[-41.839481,-6.569582],[-41.860897,-6.604597],[-41.888024,-6.608235],[-41.927524,-6.644614],[-41.921813,-6.646433]]]},"properties":{"cod_ibge":"220470","name":"Inhuma","uf":"PI"}},
{"type":"Feature","geometry":{"type":"Polygon","coordinates":[[[-42.189274,-7.722348],[-42.299209,-7.627308],[-42.219256,-7.629581],[-42.216401,-7.62276],[-42.170238,-7.521353],[-42.218305,-7.438136],[-42.312059,-7.431769],[-42.319197,-7.456325],[-42.347276,-7.480426],[-42.369168,-7.516806],[-42.392011,-7.534995],[-42.419614,-7.524536],[-42.448645,-7.53545],[-42.488621,-7.5259],[-42.483386,-7.560006],[-42.484814,-7.617303],[-42.476723,-7.701885],[-42.415807,-7.757363],[-42.394867,-7.751906],[-42.355366,-7.724167],[-42.189274,-7.722348]]]},"properties":{"cod_ibge":"221039","name":"São Miguel do Fidalgo","uf":"PI"}},
{"type":"Feature","geometry":{"type":"Polygon","coordinates":[[[-41.000929,-7.088895],[-41.066129,-7.069796],[-41.105153,-7.12482],[-41.131804,-7.122091],[-41.143226,-7.165746],[-41.143226,-7.206673],[-41.141798,-7.251692],[-41.133708,-7.273974],[-41.105629,-7.271246],[-41.085165,-7.284433],[-41.067556,-7.272155],[-41.043285,-7.276703],[-41.040906,-7.255785],[-40.991887,-7.252602],[-40.979989,-7.215768],[-40.991411,-7.200306],[-40.997598,-7.137098],[-41.000929,-7.088895]]]},"properties":{"cod_ibge":"220213","name":"Campo Grande do Piauí","uf":"PI"}},
{"type":"Feature","geometry":{"type":"Polygon","coordinates":[[[-42.719437,-6.214884],[-42.714678,-6.263087],[-42.669466,-6.290371],[-42.593321,-6.490457],[-42.582375,-6.519106],[-42.35489,-6.518196],[-42.34918,-6.506828],[-42.290643,-6.39678],[-42.290167,-6.325841],[-42.282552,-6.304013],[-42.311583,-6.297192],[-42.319197,-6.238531],[-42.439126,-6.254901],[-42.442934,-6.218522],[-42.535736,-6.220796],[-42.545254,-6.203061],[-42.621875,-6.173503],[-42.684695,-6.17805],[-42.683744,-6.213975],[-42.719437,-6.214884]]]},"properties":{"cod_ibge":"220880","name":"Regeneração","uf":"PI"}},
{"type":"Feature","geometry":{"type":"Polygon","coordinates":[[[-45.106121,-10.138383],[-45.000945,-10.130653],[-44.7944,-10.32801],[-44.796304,-10.210687],[-44.777267,-10.14384],[-44.819147,-10.008782],[-44.772032,-10.011511],[-44.723966,-10.04789],[-44.705405,-10.04789],[-44.67923,-10.065625],[-44.657814,-10.067444],[-44.640206,-10.031065],[-44.622597,-10.026972],[-44.615458,-9.981953],[-44.585476,-9.92602],[-44.596422,-9.910558],[-44.599277,-9.886457],[-44.575482,-9.863266],[-44.607844,-9.83871],[-44.606416,-9.818246],[-44.625452,-9.790507],[-44.624501,-9.767315],[-44.631639,-9.744124],[-44.619742,-9.720932],[-44.623073,-9.6459],[-44.636398,-9.623617],[-44.623549,-9.61043],[-44.623549,-9.577234],[-44.608796,-9.553133],[-44.614507,-9.544493],[-44.642109,-9.550404],[-44.665905,-9.563137],[-44.658766,-9.583145],[-44.806774,-9.68046],[-44.824382,-9.649538],[-44.848654,-9.671365],[-44.850557,-9.734574],[-44.868642,-9.742305],[-44.865787,-9.761404],[-44.879588,-9.780048],[-44.905763,-9.779593],[-44.903383,-9.797328],[-44.928131,-9.796873],[-44.956209,-9.823703],[-45.027596,-9.974677],[-45.106121,-10.138383]]]},"properties":{"cod_ibge":"220885","name":"Riacho Frio","uf":"PI"}},
{"type":"Feature","geometry":{"type":"Polygon","coordinates":[[[-42.622827,-3.903894],[-42.612833,-3.897528],[-42.533356,-3.965739],[-42.525742,-4.018489],[-42.512892,-4.042135],[-42.456259,-3.996661],[-42.439126,-3.968467],[-42.38868,-3.986202],[-42.39915,-3.898437],[-42.414379,-3.899347],[-42.490049,-3.872062],[-42.548109,-3.804306],[-42.591417,-3.758377],[-42.656141,-3.722453],[-42.683268,-3.694714],[-42.669466,-3.728364],[-42.684219,-3.765198],[-42.67137,-3.791573],[-42.656141,-3.806125],[-42.671846,-3.851144],[-42.646623,-3.895709],[-42.622827,-3.903894]]]},"properties":{"cod_ibge":"220217","name":"Campo Largo do Piauí","uf":"PI"}},
{"type":"Feature","geometry":{"type":"Polygon","coordinates":[[[-40.959049,-7.847857],[-40.993315,-7.865137],[-41.016634,-7.85104],[-41.037574,-7.865137],[-41.048044,-7.8856],[-41.031387,-7.918341],[-41.062321,-7.943807],[-41.077075,-7.93835],[-41.113244,-7.979731],[-41.148937,-7.984279],[-41.161311,-8.018839],[-41.195576,-8.020203],[-41.22651,-8.011108],[-41.267914,-8.021567],[-41.309318,-8.018839],[-41.347391,-8.036119],[-41.367855,-8.036574],[-41.385464,-8.052944],[-41.381181,-8.082503],[-41.394506,-8.0966],[-41.425916,-8.105694],[-41.454471,-8.09569],[-41.436862,-8.123884],[-41.453519,-8.137981],[-41.476362,-8.174815],[-41.448284,-8.189821],[-41.399265,-8.20119],[-41.371662,-8.217106],[-41.374042,-8.247119],[-41.403072,-8.267127],[-41.41735,-8.296231],[-41.387843,-8.335793],[-41.345011,-8.332155],[-41.34168,-8.343978],[-41.290758,-8.34898],[-41.268866,-8.363077],[-41.265059,-8.37581],[-41.23936,-8.387179],[-41.236028,-8.409461],[-41.20557,-8.389907],[-41.196528,-8.382631],[-41.197004,-8.356711],[-41.160359,-8.321241],[-41.162738,-8.297595],[-41.177967,-8.28759],[-41.180823,-8.268491],[-41.161786,-8.250302],[-41.093731,-8.20028],[-41.073743,-8.16572],[-41.047092,-8.136162],[-41.02758,-8.135707],[-41.013779,-8.119791],[-40.985224,-8.118427],[-40.980941,-8.136617],[-40.942392,-8.12161],[-40.959525,-8.110696],[-40.958573,-8.088414],[-40.929067,-8.097509],[-40.903844,-8.076591],[-40.873861,-8.092962],[-40.858156,-8.072953],[-40.86006,-8.050216],[-40.827222,-8.033391],[-40.792957,-8.023386],[-40.777252,-8.027024],[-40.705866,-8.02566],[-40.765354,-7.984733],[-40.793433,-7.979731],[-40.85197,-7.940624],[-40.855301,-7.922434],[-40.908603,-7.903335],[-40.940965,-7.879688],[-40.959049,-7.847857]]]},"properties":{"cod_ibge":"220780","name":"Paulistana","uf":"PI"}},
{"type":"Feature","geometry":{"type":"Polygon","coordinates":[[[-42.756082,-7.701885],[-42.686123,-7.779191],[-42.711822,-7.976548],[-42.711822,-8.019748],[-42.659472,-8.031572],[-42.644719,-8.050216],[-42.639484,-8.071134],[-42.608074,-8.113425],[-42.583327,-8.124339],[-42.590465,-8.168448],[-42.585706,-8.233931],[-42.608074,-8.302597],[-42.575712,-8.303052],[-42.54335,-8.290774],[-42.536212,-8.271675],[-42.546682,-8.247119],[-42.533356,-8.224836],[-42.491952,-8.242571],[-42.461018,-8.234386],[-42.469585,-8.10524],[-42.523362,-8.081138],[-42.5562,-8.066132],[-42.583327,-7.891966],[-42.544302,-7.884691],[-42.557152,-7.866046],[-42.588086,-7.861954],[-42.5957,-7.813751],[-42.599508,-7.694154],[-42.584279,-7.680057],[-42.580947,-7.584107],[-42.678509,-7.591383],[-42.67946,-7.623215],[-42.70278,-7.643223],[-42.727527,-7.633674],[-42.728955,-7.654592],[-42.756082,-7.701885]]]},"properties":{"cod_ibge":"220887","name":"Ribeira do Piauí","uf":"PI"}},
{"type":"Feature","geometry":{"type":"Polygon","coordinates":[[[-43.137761,-7.936986],[-43.107779,-7.904699],[-43.175834,-7.854223],[-43.199629,-7.86741],[-43.23675,-7.869229],[-43.286244,-7.695519],[-43.303853,-7.711435],[-43.537524,-7.922889],[-43.493265,-8.064313],[-43.492313,-8.120701],[-43.41236,-8.038848],[-43.320986,-8.078865],[-43.126339,-7.969272],[-43.137761,-7.936986]]]},"properties":{"cod_ibge":"220785","name":"Pavussu","uf":"PI"}},
{"type":"Feature","geometry":{"type":"Polygon","coordinates":[[[-41.000929,-7.088895],[-40.9857,-6.989762],[-40.981417,-6.915639],[-40.983796,-6.836059],[-40.981417,-6.772396],[-41.02996,-6.761937],[-41.095159,-6.75648],[-41.080882,-6.997492],[-41.105153,-7.12482],[-41.066129,-7.069796],[-41.000929,-7.088895]]]},"properties":{"cod_ibge":"220650","name":"Monsenhor Hipólito","uf":"PI"}},
{"type":"Feature","geometry":{"type":"Polygon","coordinates":[[[-44.303738,-8.943326],[-44.290888,-8.968791],[-44.311828,-8.994712],[-44.311828,-9.029272],[-44.238063,-9.09339],[-43.869709,-9.313485],[-43.9568,-9.173879],[-43.869233,-9.018358],[-44.244725,-8.882845],[-44.262334,-8.882845],[-44.268997,-8.861927],[-44.300407,-8.846921],[-44.269473,-8.82282],[-44.305166,-8.799173],[-44.353708,-8.832824],[-44.303738,-8.943326]]]},"properties":{"cod_ibge":"220930","name":"Santa Luz","uf":"PI"}},
{"type":"Feature","geometry":{"type":"Polygon","coordinates":[[[-41.439241,-6.999311],[-41.416874,-6.999311],[-41.435434,-6.95793],[-41.442097,-6.912001],[-41.509676,-6.911546],[-41.58249,-6.87062],[-41.607713,-6.839243],[-41.617231,-6.878805],[-41.612472,-6.87926],[-41.611996,-6.870165],[-41.541086,-6.899723],[-41.547749,-6.936557],[-41.537755,-6.942014],[-41.515387,-6.978848],[-41.473983,-6.995673],[-41.439241,-6.999311]]]},"properties":{"cod_ibge":"220935","name":"Santana do Piauí","uf":"PI"}},
{"type":"Feature","geometry":{"type":"Polygon","coordinates":[[[-41.952747,-7.323086],[-41.901349,-7.29944],[-41.872795,-7.291709],[-41.830915,-7.344004],[-41.819493,-7.357647],[-41.790938,-7.353554],[-41.778089,-7.339002],[-41.790938,-7.271246],[-41.787607,-7.24669],[-41.840909,-7.199852],[-41.91991,-7.184845],[-41.946085,-7.221679],[-42.005573,-7.248964],[-41.992248,-7.265789],[-41.952747,-7.323086]]]},"properties":{"cod_ibge":"221170","name":"Wall Ferraz","uf":"PI"}},
{"type":"Feature","geometry":{"type":"Polygon","coordinates":[[[-43.753587,-7.574103],[-43.819263,-7.537724],[-43.820214,-7.50089],[-43.832112,-7.494523],[-43.857811,-7.514532],[-43.886366,-7.497252],[-43.905878,-7.512713],[-43.934433,-7.556823],[-43.952517,-7.57001],[-43.964891,-7.601842],[-43.983927,-7.593202],[-44.008198,-7.594112],[-43.974885,-8.003378],[-43.866378,-7.976093],[-43.793088,-7.982005],[-43.796419,-7.974274],[-43.785949,-7.934712],[-43.797847,-7.916522],[-43.783093,-7.831031],[-43.797847,-7.801928],[-43.80213,-7.778736],[-43.795943,-7.759182],[-43.765961,-7.723258],[-43.755967,-7.718256],[-43.72646,-7.669144],[-43.702189,-7.643678],[-43.753587,-7.574103]]]},"properties":{"cod_ibge":"220170","name":"Bertolínia","uf":"PI"}},
{"type":"Feature","geometry":{"type":"Polygon","coordinates":[[[-41.00664,-7.424948],[-41.01949,-7.372198],[-41.041857,-7.301259],[-41.043285,-7.276703],[-41.067556,-7.272155],[-41.085165,-7.284433],[-41.105629,-7.271246],[-41.133708,-7.273974],[-41.141798,-7.251692],[-41.143226,-7.206673],[-41.196528,-7.218041],[-41.205094,-7.258058],[-41.208426,-7.275339],[-41.24983,-7.275793],[-41.283619,-7.267153],[-41.309794,-7.287162],[-41.31027,-7.30717],[-41.347867,-7.425858],[-41.376897,-7.495888],[-41.378801,-7.515441],[-41.34168,-7.527265],[-41.327403,-7.540907],[-41.30218,-7.540452],[-41.295993,-7.578196],[-41.276481,-7.580469],[-41.277908,-7.598659],[-41.266486,-7.613211],[-41.240311,-7.595021],[-41.227462,-7.573193],[-41.227462,-7.52681],[-41.238408,-7.484519],[-41.188913,-7.477243],[-41.157979,-7.44723],[-41.1556,-7.427677],[-41.128949,-7.428131],[-41.106581,-7.419946],[-41.087069,-7.425858],[-41.037098,-7.428131],[-41.00664,-7.424948]]]},"properties":{"cod_ibge":"220520","name":"Jaicós","uf":"PI"}},
{"type":"Feature","geometry":{"type":"Polygon","coordinates":[[[-41.856138,-4.040771],[-41.771902,-4.03395],[-41.737636,-4.045318],[-41.738112,-4.071693],[-41.76048,-4.097614],[-41.774281,-4.100342],[-41.631985,-4.135812],[-41.62199,-4.060325],[-41.555363,-4.057596],[-41.484929,-4.04168],[-41.278384,-3.770201],[-41.313126,-3.739278],[-41.334541,-3.69153],[-41.360241,-3.709265],[-41.375946,-3.711994],[-41.400693,-3.730638],[-41.418301,-3.753375],[-41.449711,-3.742461],[-41.44876,-3.702444],[-41.457802,-3.669703],[-41.487308,-3.653787],[-41.523953,-3.605585],[-41.649117,-3.640145],[-41.678148,-3.664701],[-41.745727,-3.672431],[-41.746679,-3.586485],[-41.772854,-3.572843],[-41.79427,-3.624229],[-41.866608,-3.721089],[-41.829963,-3.753375],[-41.818065,-3.753375],[-41.712889,-3.77111],[-41.686714,-3.781569],[-41.686238,-3.79703],[-41.835674,-3.848416],[-41.865656,-3.848416],[-41.903253,-3.887069],[-41.910867,-3.940728],[-41.847571,-3.973924],[-41.856138,-4.040771]]]},"properties":{"cod_ibge":"220830","name":"Piracuruca","uf":"PI"}},
{"type":"Feature","geometry":{"type":"Polygon","coordinates":[[[-42.310155,-7.223043],[-42.295878,-7.174841],[-42.26542,-7.17666],[-42.248763,-7.163927],[-42.231154,-7.138007],[-42.209738,-7.132095],[-42.168334,-7.104811],[-42.096472,-7.154378],[-42.051736,-7.318539],[-42.026513,-7.305351],[-41.992248,-7.265789],[-42.005573,-7.248964],[-41.946085,-7.221679],[-41.91991,-7.184845],[-41.899445,-7.124365],[-41.918482,-7.06252],[-41.898018,-7.051606],[-41.879933,-7.022958],[-41.968452,-7.011589],[-41.963693,-6.989762],[-42.002718,-6.951564],[-41.990344,-6.946107],[-41.991296,-6.920186],[-41.96179,-6.871984],[-41.960838,-6.856978],[-41.916102,-6.830148],[-41.916578,-6.740109],[-41.932759,-6.670079],[-41.921813,-6.646433],[-41.927524,-6.644614],[-41.997959,-6.616875],[-42.04317,-6.627334],[-42.064586,-6.638247],[-42.122647,-6.644159],[-42.145015,-6.64234],[-42.145966,-6.64234],[-42.1374,-6.731924],[-42.111225,-6.755116],[-42.112177,-6.796952],[-42.125978,-6.810594],[-42.11646,-6.83515],[-42.125502,-6.844245],[-42.160244,-6.852885],[-42.178804,-6.897904],[-42.228775,-6.91382],[-42.2421,-6.896085],[-42.236865,-6.870165],[-42.25019,-6.864253],[-42.291595,-6.877896],[-42.288263,-6.836969],[-42.308727,-6.839697],[-42.357746,-6.820144],[-42.360125,-6.805592],[-42.369644,-6.821963],[-42.393439,-6.831512],[-42.408668,-6.864253],[-42.43294,-6.901542],[-42.461494,-6.910182],[-42.489573,-6.87835],[-42.50147,-6.880624],[-42.540971,-6.862889],[-42.56667,-6.869256],[-42.600935,-6.967934],[-42.625207,-6.997492],[-42.593797,-6.995219],[-42.420566,-6.967025],[-42.416283,-7.055244],[-42.406765,-7.096171],[-42.411524,-7.143009],[-42.403909,-7.169839],[-42.310155,-7.223043]]]},"properties":{"cod_ibge":"220700","name":"Oeiras","uf":"PI"}},
{"type":"Feature","geometry":{"type":"Polygon","coordinates":[[[-41.245071,-5.407266],[-41.295041,-5.415451],[-41.31027,-5.438643],[-41.329306,-5.453649],[-41.367855,-5.456377],[-41.373566,-5.468655],[-41.42782,-5.480479],[-41.446856,-5.537321],[-41.519194,-5.576429],[-41.523001,-5.599166],[-41.563454,-5.590071],[-41.614376,-5.596892],[-41.663395,-5.56597],[-41.707654,-5.559604],[-41.745727,-5.543233],[-41.756197,-5.556875],[-41.801884,-5.577793],[-41.766667,-5.632817],[-41.769998,-5.647368],[-41.76857,-5.739226],[-41.799029,-5.722855],[-41.814258,-5.70603],[-41.914199,-5.694207],[-41.95703,-5.671924],[-42.116936,-5.600075],[-42.139304,-5.616901],[-42.141683,-5.643276],[-42.156436,-5.651461],[-42.132165,-5.668741],[-42.116936,-5.669196],[-42.0979,-5.702847],[-42.10599,-5.742409],[-42.072676,-5.746957],[-42.026513,-5.762872],[-42.006525,-5.761508],[-41.981302,-5.774696],[-41.978446,-5.794704],[-41.950844,-5.806528],[-41.902301,-5.801525],[-41.875174,-5.81926],[-41.813306,-5.816532],[-41.787607,-5.80289],[-41.74763,-5.793795],[-41.715269,-5.791976],[-41.656256,-5.935674],[-41.667678,-5.972508],[-41.678148,-6.032988],[-41.640075,-6.073005],[-41.59534,-6.09165],[-41.500158,-6.113022],[-41.5092,-6.149856],[-41.416398,-6.128484],[-41.367855,-6.147128],[-41.363096,-6.177596],[-41.318361,-6.158496],[-41.330258,-6.133031],[-41.258872,-6.110294],[-41.258872,-5.875193],[-41.167973,-5.786064],[-41.167973,-5.641002],[-40.907651,-5.642366],[-40.902416,-5.607806],[-40.911934,-5.595073],[-40.915741,-5.564151],[-40.932398,-5.54869],[-40.936681,-5.526407],[-40.929543,-5.493666],[-40.916217,-5.468201],[-40.922404,-5.448192],[-40.937157,-5.438643],[-40.958573,-5.438643],[-40.97761,-5.409539],[-41.009496,-5.41727],[-41.036146,-5.406811],[-41.081358,-5.408175],[-41.142274,-5.423636],[-41.187961,-5.395442],[-41.245071,-5.407266]]]},"properties":{"cod_ibge":"221040","name":"São Miguel do Tapuio","uf":"PI"}},
{"type":"Feature","geometry":{"type":"Polygon","coordinates":[[[-41.908964,-4.6815],[-41.887548,-4.714241],[-41.900873,-4.722881],[-41.93038,-4.76108],[-41.978922,-4.762444],[-41.99082,-4.782452],[-42.01414,-4.803825],[-42.014615,-4.820196],[-42.000814,-4.842478],[-42.023658,-4.866579],[-42.081719,-4.847935],[-42.083622,-4.862487],[-42.049833,-4.910689],[-42.042218,-4.9357],[-42.047453,-4.974808],[-42.040315,-4.984812],[-41.982254,-4.998454],[-41.946085,-5.027557],[-41.873746,-4.90114],[-41.873746,-4.884314],[-41.841385,-4.858394],[-41.827583,-4.855666],[-41.811402,-4.80428],[-41.775709,-4.787],[-41.77333,-4.754259],[-41.757149,-4.733795],[-41.760004,-4.719244],[-41.746679,-4.703328],[-41.776661,-4.688776],[-41.819017,-4.696961],[-41.879933,-4.680591],[-41.908964,-4.6815]]]},"properties":{"cod_ibge":"220527","name":"Jatobá do Piauí","uf":"PI"}},
{"type":"Feature","geometry":{"type":"Polygon","coordinates":[[[-42.599032,-5.194447],[-42.579519,-5.168982],[-42.481958,-5.168072],[-42.464825,-5.203087],[-42.444837,-5.213091],[-42.429132,-5.18899],[-42.39677,-5.173529],[-42.379162,-5.152611],[-42.390108,-5.139424],[-42.31301,-4.938428],[-42.370595,-4.832019],[-42.601887,-4.904323],[-42.601411,-5.099406],[-42.599032,-5.194447]]]},"properties":{"cod_ibge":"220040","name":"Altos","uf":"PI"}},
{"type":"Feature","geometry":{"type":"Polygon","coordinates":[[[-43.82307,-8.253485],[-43.815931,-8.273039],[-43.825449,-8.284862],[-43.824973,-8.314875],[-43.879227,-8.313511],[-43.919203,-8.387179],[-44.013433,-8.403094],[-44.059597,-8.381267],[-44.106712,-8.369444],[-44.383691,-8.366261],[-44.408438,-8.461756],[-44.205701,-8.553614],[-44.208556,-8.627281],[-44.028187,-8.610911],[-44.024855,-8.603635],[-43.76834,-8.584081],[-43.72646,-8.598178],[-43.683628,-8.599088],[-43.630803,-8.263944],[-43.647459,-8.252121],[-43.82307,-8.253485]]]},"properties":{"cod_ibge":"220045","name":"Alvorada do Gurguéia","uf":"PI"}},
{"type":"Feature","geometry":{"type":"Polygon","coordinates":[[[-42.31301,-4.938428],[-42.151201,-5.065301],[-42.172141,-5.069394],[-42.184039,-5.11123],[-42.191654,-5.11987],[-42.159768,-5.12851],[-42.140731,-5.124417],[-42.120267,-5.138059],[-42.079339,-5.123508],[-42.038411,-5.158977],[-41.994627,-5.168072],[-41.980826,-5.169891],[-41.946085,-5.027557],[-41.982254,-4.998454],[-42.040315,-4.984812],[-42.047453,-4.974808],[-42.042218,-4.9357],[-42.049833,-4.910689],[-42.083622,-4.862487],[-42.081719,-4.847935],[-42.023658,-4.866579],[-42.000814,-4.842478],[-42.014615,-4.820196],[-42.01414,-4.803825],[-41.99082,-4.782452],[-41.978922,-4.762444],[-41.93038,-4.76108],[-41.900873,-4.722881],[-41.887548,-4.714241],[-41.908964,-4.6815],[-41.949892,-4.676498],[-41.95132,-4.688776],[-42.003194,-4.700599],[-42.034128,-4.687866],[-42.042218,-4.671041],[-42.06173,-4.660582],[-42.077911,-4.673315],[-42.08743,-4.70742],[-42.103135,-4.725155],[-42.140255,-4.706056],[-42.159768,-4.726974],[-42.178328,-4.707875],[-42.205455,-4.726519],[-42.216877,-4.69878],[-42.216877,-4.672405],[-42.245907,-4.666494],[-42.257329,-4.673315],[-42.252094,-4.696961],[-42.257329,-4.743799],[-42.282552,-4.746073],[-42.292546,-4.730157],[-42.317294,-4.727429],[-42.282076,-4.678772],[-42.285408,-4.625567],[-42.27589,-4.582821],[-42.259233,-4.570089],[-42.277793,-4.549171],[-42.295878,-4.55099],[-42.335378,-4.67286],[-42.370595,-4.832019],[-42.31301,-4.938428]]]},"properties":{"cod_ibge":"220220","name":"Campo Maior","uf":"PI"}},
{"type":"Feature","geometry":{"type":"Polygon","coordinates":[[[-42.360125,-6.805592],[-42.357746,-6.820144],[-42.308727,-6.839697],[-42.288263,-6.836969],[-42.291595,-6.877896],[-42.25019,-6.864253],[-42.236865,-6.870165],[-42.2421,-6.896085],[-42.228775,-6.91382],[-42.178804,-6.897904],[-42.160244,-6.852885],[-42.125502,-6.844245],[-42.11646,-6.83515],[-42.125978,-6.810594],[-42.112177,-6.796952],[-42.111225,-6.755116],[-42.1374,-6.731924],[-42.165479,-6.758299],[-42.163099,-6.766484],[-42.254474,-6.750568],[-42.317294,-6.705094],[-42.334902,-6.72965],[-42.333475,-6.748295],[-42.319673,-6.771486],[-42.33395,-6.799226],[-42.360125,-6.805592]]]},"properties":{"cod_ibge":"220937","name":"Santa Rosa do Piauí","uf":"PI"}},
{"type":"Feature","geometry":{"type":"Polygon","coordinates":[[[-40.764402,-8.243935],[-40.7368,-8.228019],[-40.711101,-8.224836],[-40.700631,-8.202554],[-40.667793,-8.17527],[-40.666365,-8.161627],[-40.645425,-8.157989],[-40.633051,-8.139345],[-40.604497,-8.149804],[-40.589268,-8.137981],[-40.604021,-8.103875],[-40.598786,-8.080684],[-40.575942,-8.030662],[-40.575467,-8.030207],[-40.624485,-8.035664],[-40.705866,-8.02566],[-40.777252,-8.027024],[-40.792957,-8.023386],[-40.827222,-8.033391],[-40.86006,-8.050216],[-40.858156,-8.072953],[-40.873861,-8.092962],[-40.903844,-8.076591],[-40.929067,-8.097509],[-40.958573,-8.088414],[-40.959525,-8.110696],[-40.942392,-8.12161],[-40.912886,-8.14753],[-40.895753,-8.153442],[-40.856253,-8.147076],[-40.846259,-8.17527],[-40.81818,-8.172996],[-40.801047,-8.185729],[-40.784391,-8.234386],[-40.764402,-8.243935]]]},"properties":{"cod_ibge":"220173","name":"Betânia do Piauí","uf":"PI"}},
{"type":"Feature","geometry":{"type":"Polygon","coordinates":[[[-42.684695,-6.17805],[-42.621875,-6.173503],[-42.545254,-6.203061],[-42.535736,-6.220796],[-42.442934,-6.218522],[-42.439126,-6.254901],[-42.319197,-6.238531],[-42.342993,-6.193966],[-42.37012,-6.17805],[-42.385349,-6.154859],[-42.393915,-6.137578],[-42.397722,-6.146673],[-42.435795,-6.150311],[-42.500519,-6.09074],[-42.501946,-6.059818],[-42.525742,-6.048449],[-42.576188,-6.042538],[-42.590465,-6.015708],[-42.629966,-6.040264],[-42.640436,-6.089831],[-42.651858,-6.081191],[-42.705159,-6.079826],[-42.70278,-6.100744],[-42.688979,-6.111658],[-42.682792,-6.138488],[-42.690406,-6.164408],[-42.684695,-6.17805]]]},"properties":{"cod_ibge":"220525","name":"Jardim do Mulato","uf":"PI"}},
{"type":"Feature","geometry":{"type":"Polygon","coordinates":[[[-42.016043,-6.310834],[-42.046025,-6.284005],[-42.043646,-6.268089],[-42.022706,-6.24899],[-42.028893,-6.239895],[-42.02223,-6.207608],[-42.045074,-6.185326],[-42.045074,-6.141671],[-42.05364,-6.113022],[-42.036507,-6.112568],[-42.060779,-6.052087],[-42.08505,-6.067094],[-42.142159,-6.047085],[-42.256853,-5.955228],[-42.324908,-5.950225],[-42.372023,-5.941585],[-42.391535,-5.973872],[-42.370595,-5.990697],[-42.303492,-6.036171],[-42.313962,-6.070732],[-42.35489,-6.069367],[-42.392487,-6.107566],[-42.370595,-6.136214],[-42.385349,-6.154859],[-42.37012,-6.17805],[-42.342993,-6.193966],[-42.319197,-6.238531],[-42.311583,-6.297192],[-42.282552,-6.304013],[-42.290167,-6.325841],[-42.126454,-6.390869],[-42.127406,-6.431341],[-42.101231,-6.434069],[-42.09314,-6.456806],[-42.036983,-6.389959],[-42.016043,-6.310834]]]},"properties":{"cod_ibge":"220350","name":"Elesbão Veloso","uf":"PI"}},
{"type":"Feature","geometry":{"type":"Polygon","coordinates":[[[-44.918612,-7.870139],[-44.974294,-7.538633],[-44.98524,-7.480881],[-44.989523,-7.482245],[-45.002848,-7.496342],[-45.020933,-7.498161],[-45.049487,-7.513168],[-45.085657,-7.502254],[-45.126585,-7.514077],[-45.154663,-7.512713],[-45.180838,-7.541816],[-45.203682,-7.551821],[-45.215104,-7.566827],[-45.233188,-7.549547],[-45.261743,-7.571375],[-45.285538,-7.566372],[-45.298864,-7.575012],[-45.334557,-7.577741],[-45.341696,-7.592747],[-45.372154,-7.618213],[-45.395473,-7.614575],[-45.398329,-7.639131],[-45.432594,-7.661413],[-45.455914,-7.670053],[-45.470191,-7.690062],[-45.469715,-7.714163],[-45.487324,-7.728715],[-45.481613,-7.747814],[-45.490179,-7.787376],[-45.509691,-7.800564],[-45.511119,-7.823301],[-45.538246,-7.861499],[-45.520637,-7.884691],[-45.542053,-7.898333],[-45.539674,-7.918341],[-45.555379,-7.971091],[-45.568228,-7.995192],[-45.552999,-8.007016],[-45.577271,-8.029753],[-45.563469,-8.044304],[-45.568704,-8.06977],[-45.585361,-8.095235],[-45.576319,-8.11388],[-45.587741,-8.129341],[-45.583933,-8.15708],[-45.614867,-8.191186],[-45.609632,-8.205282],[-45.66341,-8.250756],[-45.667217,-8.2885],[-45.690061,-8.335793],[-45.692916,-8.360804],[-45.706242,-8.368534],[-45.706242,-8.387633],[-45.692916,-8.411735],[-45.661982,-8.430834],[-45.659603,-8.444476],[-45.622958,-8.495861],[-45.574891,-8.497226],[-45.535866,-8.51678],[-45.503505,-8.547702],[-45.468287,-8.555887],[-45.448775,-8.570894],[-45.405943,-8.632738],[-45.329798,-8.343524],[-45.426407,-8.350345],[-45.447823,-8.27895],[-45.384527,-8.06022],[-45.354545,-8.076136],[-45.315521,-8.057947],[-45.261743,-8.007016],[-45.233664,-7.983824],[-45.231285,-7.954266],[-45.305051,-7.911065],[-45.246514,-7.801473],[-45.200827,-7.787831],[-45.18179,-7.804656],[-45.163706,-7.83376],[-45.122302,-7.831031],[-44.918612,-7.870139]]]},"properties":{"cod_ibge":"220890","name":"Ribeiro Gonçalves","uf":"PI"}},
{"type":"Feature","geometry":{"type":"Polygon","coordinates":[[[-42.000338,-4.272234],[-42.030796,-4.266777],[-42.063634,-4.274053],[-42.111225,-4.265867],[-42.155009,-4.274053],[-42.178328,-4.269505],[-42.193557,-4.297245],[-42.177852,-4.326348],[-42.182135,-4.34954],[-42.174045,-4.372731],[-42.195937,-4.380917],[-42.1769,-4.40138],[-42.167382,-4.423662],[-42.166906,-4.451401],[-42.177852,-4.46277],[-42.150725,-4.482324],[-42.060779,-4.434121],[-42.058399,-4.403654],[-42.079339,-4.374096],[-42.026989,-4.354087],[-42.000338,-4.344083],[-42.000338,-4.272234]]]},"properties":{"cod_ibge":"220177","name":"Boa Hora","uf":"PI"}},
{"type":"Feature","geometry":{"type":"Polygon","coordinates":[[[-40.764402,-8.243935],[-40.784391,-8.234386],[-40.801047,-8.185729],[-40.81818,-8.172996],[-40.846259,-8.17527],[-40.856253,-8.147076],[-40.895753,-8.153442],[-40.912886,-8.14753],[-40.942392,-8.12161],[-40.980941,-8.136617],[-40.985224,-8.118427],[-41.013779,-8.119791],[-41.02758,-8.135707],[-41.047092,-8.136162],[-41.073743,-8.16572],[-41.093731,-8.20028],[-41.161786,-8.250302],[-41.180823,-8.268491],[-41.177967,-8.28759],[-41.162738,-8.297595],[-41.160359,-8.321241],[-41.197004,-8.356711],[-41.196528,-8.382631],[-41.20557,-8.389907],[-41.204618,-8.418101],[-41.21842,-8.440838],[-41.207474,-8.459937],[-41.16369,-8.47176],[-41.143226,-8.521782],[-41.149413,-8.53406],[-41.126569,-8.54179],[-41.0904,-8.512687],[-41.076599,-8.47267],[-41.057562,-8.477672],[-41.039002,-8.431743],[-41.007592,-8.420829],[-40.999977,-8.400366],[-40.978561,-8.398547],[-40.949531,-8.429469],[-40.926687,-8.446295],[-40.902416,-8.423103],[-40.907651,-8.401276],[-40.890042,-8.386724],[-40.897657,-8.366715],[-40.872434,-8.35762],[-40.861964,-8.370808],[-40.837216,-8.381267],[-40.819132,-8.360804],[-40.817704,-8.320332],[-40.792957,-8.319877],[-40.780107,-8.296231],[-40.783915,-8.26167],[-40.764402,-8.243935]]]},"properties":{"cod_ibge":"220005","name":"Acauã","uf":"PI"}},
{"type":"Feature","geometry":{"type":"Polygon","coordinates":[[[-41.606761,-6.833331],[-41.660539,-6.830148],[-41.660539,-6.796042],[-41.766191,-6.790131],[-41.816161,-6.715099],[-41.865656,-6.690543],[-41.898018,-6.68645],[-41.921813,-6.646433],[-41.932759,-6.670079],[-41.916578,-6.740109],[-41.916102,-6.830148],[-41.876602,-6.858796],[-41.812354,-6.940195],[-41.808547,-6.928827],[-41.763811,-6.921096],[-41.76048,-6.912911],[-41.702895,-6.901087],[-41.70004,-6.915184],[-41.622466,-6.898814],[-41.6139,-6.906999],[-41.612472,-6.87926],[-41.617231,-6.878805],[-41.607713,-6.839243],[-41.606761,-6.833331]]]},"properties":{"cod_ibge":"220480","name":"Ipiranga do Piauí","uf":"PI"}},
{"type":"Feature","geometry":{"type":"Polygon","coordinates":[[[-44.028187,-8.610911],[-44.01962,-8.622279],[-44.041512,-8.642288],[-44.050554,-8.661842],[-44.082916,-8.667753],[-44.108139,-8.692309],[-44.135266,-8.696857],[-44.154303,-8.743695],[-44.17905,-8.755973],[-44.239014,-8.798719],[-44.305166,-8.799173],[-44.269473,-8.82282],[-44.300407,-8.846921],[-44.268997,-8.861927],[-44.262334,-8.882845],[-44.244725,-8.882845],[-43.869233,-9.018358],[-43.792612,-8.81418],[-43.702189,-8.71732],[-43.683628,-8.599088],[-43.72646,-8.598178],[-43.76834,-8.584081],[-44.024855,-8.603635],[-44.028187,-8.610911]]]},"properties":{"cod_ibge":"220310","name":"Cristino Castro","uf":"PI"}}
]}