{"type":"FeatureCollection", "features": [
{"type":"Feature","geometry":{"type":"Polygon","coordinates":[[[-49.364555,-16.005897],[-49.288409,-16.005442],[-49.247005,-16.04455],[-49.227493,-16.050916],[-49.227493,-16.072289],[-49.215595,-16.081384],[-49.177047,-16.083658],[-49.16039,-16.063194],[-49.14992,-16.029998],[-49.133739,-16.002259],[-49.179902,-15.959059],[-49.179426,-15.934958],[-49.197035,-15.929046],[-49.198938,-15.88721],[-49.216071,-15.856288],[-49.227493,-15.841281],[-49.26509,-15.827639],[-49.280319,-15.833551],[-49.305066,-15.82582],[-49.340283,-15.857197],[-49.331241,-15.873113],[-49.344091,-15.901762],[-49.363127,-15.903581],[-49.348374,-15.935412],[-49.364079,-15.954511],[-49.355988,-15.97452],[-49.364555,-16.005897]]]},"properties":{"cod_ibge":"521990","name":"São Francisco de Goiás","uf":"GO"}},
{"type":"Feature","geometry":{"type":"Polygon","coordinates":[[[-51.577056,-16.662542],[-51.604659,-16.668908],[-51.610845,-16.693464],[-51.597044,-16.707561],[-51.590381,-16.732572],[-51.603707,-16.756673],[-51.620364,-16.756219],[-51.658912,-16.794872],[-51.655105,-16.813061],[-51.665099,-16.854897],[-51.658436,-16.861264],[-51.659388,-16.921744],[-51.631785,-16.919016],[-51.610845,-16.888093],[-51.577056,-16.874906],[-51.548501,-16.89446],[-51.50329,-16.88491],[-51.489013,-16.890367],[-51.473308,-16.874451],[-51.42762,-16.853533],[-51.41715,-16.828522],[-51.383361,-16.817609],[-51.368132,-16.819882],[-51.344336,-16.799874],[-51.32292,-16.803512],[-51.302932,-16.784867],[-51.256769,-16.782139],[-51.222028,-16.729389],[-51.235353,-16.673911],[-51.254865,-16.649809],[-51.259625,-16.626163],[-51.288655,-16.599788],[-51.297697,-16.572504],[-51.289131,-16.556588],[-51.311975,-16.525211],[-51.339101,-16.509295],[-51.365276,-16.470642],[-51.378126,-16.46473],[-51.400494,-16.467913],[-51.422385,-16.483829],[-51.423337,-16.497017],[-51.456651,-16.528848],[-51.468549,-16.527939],[-51.509953,-16.546583],[-51.502814,-16.567956],[-51.509001,-16.582508],[-51.541839,-16.612066],[-51.577056,-16.662542]]]},"properties":{"cod_ibge":"521565","name":"Palestina de Goiás","uf":"GO"}},
{"type":"Feature","geometry":{"type":"Polygon","coordinates":[[[-48.997153,-16.486103],[-48.981924,-16.405159],[-49.004292,-16.412435],[-49.019997,-16.445631],[-49.050931,-16.451543],[-49.068539,-16.467459],[-49.079961,-16.500655],[-49.113275,-16.537034],[-49.127076,-16.513387],[-49.175619,-16.539307],[-49.166101,-16.575232],[-49.134215,-16.579325],[-49.102805,-16.562499],[-49.095666,-16.589329],[-49.078058,-16.593422],[-49.066636,-16.591603],[-49.057118,-16.562045],[-48.997153,-16.529758],[-49.002864,-16.501109],[-48.997153,-16.486103]]]},"properties":{"cod_ibge":"520840","name":"Goianápolis","uf":"GO"}},
{"type":"Feature","geometry":{"type":"Polygon","coordinates":[[[-51.117804,-16.30648],[-51.12399,-16.26419],[-51.135412,-16.228265],[-51.152545,-16.200071],[-51.172533,-16.188703],[-51.163967,-16.157326],[-51.177292,-16.148686],[-51.172057,-16.125949],[-51.196329,-16.100938],[-51.202991,-16.070016],[-51.227739,-16.091843],[-51.226787,-16.129587],[-51.257721,-16.18461],[-51.280565,-16.16642],[-51.308643,-16.204619],[-51.32292,-16.194614],[-51.360041,-16.210985],[-51.370511,-16.190522],[-51.388596,-16.188248],[-51.404777,-16.206892],[-51.441898,-16.198252],[-51.44047,-16.144138],[-51.48235,-16.112761],[-51.499007,-16.140046],[-51.515188,-16.150505],[-51.5347,-16.146867],[-51.548501,-16.169604],[-51.570393,-16.167785],[-51.591333,-16.189157],[-51.61608,-16.18461],[-51.610845,-16.210076],[-51.59752,-16.230539],[-51.554212,-16.22781],[-51.540887,-16.266463],[-51.52185,-16.287381],[-51.466169,-16.305571],[-51.466169,-16.324215],[-51.43,-16.320123],[-51.410488,-16.302843],[-51.412391,-16.276013],[-51.369084,-16.284653],[-51.117804,-16.30648]]]},"properties":{"cod_ibge":"520710","name":"Diorama","uf":"GO"}},
{"type":"Feature","geometry":{"type":"Polygon","coordinates":[[[-49.549207,-15.184181],[-49.54778,-15.20419],[-49.563961,-15.238296],[-49.551111,-15.258304],[-49.572527,-15.301504],[-49.58966,-15.312418],[-49.574907,-15.335155],[-49.591087,-15.354709],[-49.585852,-15.375172],[-49.604889,-15.387905],[-49.605365,-15.408823],[-49.58728,-15.409278],[-49.570623,-15.454752],[-49.539213,-15.448386],[-49.52684,-15.451114],[-49.479725,-15.43247],[-49.462592,-15.43247],[-49.464972,-15.412006],[-49.454026,-15.381539],[-49.487339,-15.357438],[-49.483532,-15.327879],[-49.512087,-15.293319],[-49.520653,-15.270127],[-49.50352,-15.248755],[-49.511611,-15.23011],[-49.498285,-15.203281],[-49.5059,-15.175996],[-49.524936,-15.173268],[-49.549207,-15.184181]]]},"properties":{"cod_ibge":"521860","name":"Rialma","uf":"GO"}},
{"type":"Feature","geometry":{"type":"Polygon","coordinates":[[[-48.813928,-15.517506],[-48.820115,-15.507957],[-48.846766,-15.51978],[-48.895308,-15.522963],[-48.917676,-15.531148],[-48.937188,-15.51114],[-48.957177,-15.511594],[-48.993346,-15.537515],[-48.996201,-15.55434],[-49.018569,-15.572075],[-49.030467,-15.540698],[-49.06616,-15.510685],[-49.080913,-15.51114],[-49.118034,-15.553885],[-49.128504,-15.573439],[-49.186565,-15.602088],[-49.167052,-15.627099],[-49.147064,-15.61573],[-49.127076,-15.62437],[-49.216071,-15.856288],[-49.198938,-15.88721],[-49.197035,-15.929046],[-49.179426,-15.934958],[-49.179902,-15.959059],[-49.133739,-16.002259],[-49.14992,-16.029998],[-49.143733,-16.04546],[-49.150872,-16.086841],[-49.168956,-16.094572],[-49.181806,-16.125039],[-49.164673,-16.137772],[-49.127076,-16.130951],[-49.112323,-16.143683],[-49.091383,-16.134589],[-49.043792,-16.135498],[-49.011906,-16.14141],[-49.006195,-16.131405],[-48.963839,-16.125949],[-48.940044,-16.134589],[-48.904827,-16.065468],[-48.897688,-16.031817],[-48.913393,-16.018175],[-48.90673,-15.989527],[-48.89626,-15.979522],[-48.903875,-15.909037],[-48.895784,-15.876296],[-48.868658,-15.874022],[-48.871037,-15.849012],[-48.84391,-15.841281],[-48.862471,-15.812178],[-48.856284,-15.801719],[-48.836772,-15.803083],[-48.816783,-15.749424],[-48.836296,-15.725777],[-48.82535,-15.690307],[-48.808693,-15.66757],[-48.811548,-15.63301],[-48.829157,-15.624825],[-48.792036,-15.585262],[-48.803934,-15.573894],[-48.792036,-15.554795],[-48.830585,-15.542517],[-48.813928,-15.517506]]]},"properties":{"cod_ibge":"521730","name":"Pirenópolis","uf":"GO"}},
{"type":"Feature","geometry":{"type":"Polygon","coordinates":[[[-46.635216,-12.970051],[-46.750386,-12.969142],[-46.822725,-13.006885],[-46.831767,-13.028258],[-46.854135,-13.054633],[-46.85461,-13.067365],[-46.837478,-13.071003],[-46.8232,-13.058725],[-46.803688,-13.084191],[-46.768947,-13.090557],[-46.736585,-13.107837],[-46.713265,-13.102835],[-46.707079,-13.081008],[-46.674717,-13.062363],[-46.622367,-13.06782],[-46.605234,-13.039626],[-46.57668,-13.04281],[-46.554788,-13.025529],[-46.502438,-13.005066],[-46.468172,-13.010523],[-46.44866,-13.037807],[-46.453419,-13.054633],[-46.449612,-13.055087],[-46.298749,-13.063728],[-46.281616,-13.045083],[-46.275429,-13.020072],[-46.194049,-12.996881],[-46.150741,-12.969596],[-46.124566,-12.960047],[-46.108861,-12.938674],[-46.113144,-12.918211],[-46.151217,-12.937765],[-46.178344,-12.940038],[-46.198332,-12.957318],[-46.229266,-12.957773],[-46.304935,-12.978691],[-46.361569,-12.988695],[-46.372515,-12.985967],[-46.372515,-12.94504],[-46.365376,-12.934581],[-46.365852,-12.863642],[-46.382033,-12.849545],[-46.397738,-12.851364],[-46.418202,-12.82226],[-46.432955,-12.929579],[-46.445805,-12.935946],[-46.454847,-12.970961],[-46.635216,-12.970051]]]},"properties":{"cod_ibge":"520490","name":"Campos Belos","uf":"GO"}},
{"type":"Feature","geometry":{"type":"Polygon","coordinates":[[[-50.226902,-18.01403],[-50.251173,-18.031765],[-50.290674,-18.029946],[-50.298288,-17.999933],[-50.323987,-17.987201],[-50.344451,-17.942636],[-50.358253,-17.948093],[-50.37253,-17.932177],[-50.401085,-17.928539],[-50.426308,-17.941727],[-50.467712,-17.951276],[-50.468664,-17.975832],[-50.47961,-17.999479],[-50.506736,-18.019942],[-50.43773,-18.050864],[-50.426784,-18.095429],[-50.376337,-18.155],[-50.357301,-18.159547],[-50.325891,-18.115892],[-50.311138,-18.114073],[-50.281631,-18.078603],[-50.216908,-18.074965],[-50.188353,-18.059959],[-50.226902,-18.01403]]]},"properties":{"cod_ibge":"521300","name":"Maurilândia","uf":"GO"}},
{"type":"Feature","geometry":{"type":"Polygon","coordinates":[[[-49.421664,-16.405614],[-49.392157,-16.435627],[-49.385019,-16.45609],[-49.354561,-16.455181],[-49.322199,-16.437446],[-49.297927,-16.437446],[-49.334097,-16.405159],[-49.334097,-16.388788],[-49.363127,-16.381513],[-49.36741,-16.362868],[-49.336952,-16.310118],[-49.333145,-16.286927],[-49.351229,-16.304207],[-49.37788,-16.305571],[-49.380736,-16.316485],[-49.414049,-16.343314],[-49.426423,-16.362414],[-49.449742,-16.378784],[-49.440224,-16.396974],[-49.421664,-16.405614]]]},"properties":{"cod_ibge":"520360","name":"Brazabrantes","uf":"GO"}},
{"type":"Feature","geometry":{"type":"Polygon","coordinates":[[[-49.592991,-14.126456],[-49.605365,-14.137369],[-49.638202,-14.117816],[-49.662474,-14.083255],[-49.682938,-14.073251],[-49.698643,-14.055061],[-49.74433,-14.080072],[-49.732432,-14.108721],[-49.749565,-14.147828],[-49.750993,-14.164199],[-49.705306,-14.211492],[-49.769077,-14.252873],[-49.752897,-14.286069],[-49.703402,-14.304714],[-49.708161,-14.330179],[-49.696739,-14.341093],[-49.663426,-14.300621],[-49.635347,-14.292891],[-49.575382,-14.288343],[-49.563961,-14.276975],[-49.556346,-14.237867],[-49.561581,-14.232865],[-49.560629,-14.199214],[-49.545876,-14.169201],[-49.573479,-14.128729],[-49.592991,-14.126456]]]},"properties":{"cod_ibge":"520495","name":"Campos Verdes","uf":"GO"}},
{"type":"Feature","geometry":{"type":"Polygon","coordinates":[[[-46.333966,-14.453414],[-46.317309,-14.494795],[-46.319213,-14.523444],[-46.292086,-14.538905],[-46.281616,-14.567554],[-46.254489,-14.604388],[-46.212609,-14.608935],[-46.185482,-14.62667],[-46.164066,-14.666232],[-46.025101,-14.678056],[-46.020818,-14.66987],[-46.015583,-14.645314],[-46.02986,-14.639403],[-46.066029,-14.610299],[-46.096963,-14.621668],[-46.122662,-14.587107],[-46.111716,-14.559368],[-46.150741,-14.500707],[-46.185006,-14.472058],[-46.19738,-14.453869],[-46.275429,-14.432951],[-46.333966,-14.453414]]]},"properties":{"cod_ibge":"520670","name":"Damianópolis","uf":"GO"}},
{"type":"Feature","geometry":{"type":"Polygon","coordinates":[[[-49.748137,-15.293774],[-49.719583,-15.293774],[-49.671516,-15.30878],[-49.661522,-15.341067],[-49.643437,-15.352435],[-49.612027,-15.359256],[-49.591087,-15.354709],[-49.574907,-15.335155],[-49.58966,-15.312418],[-49.572527,-15.301504],[-49.551111,-15.258304],[-49.563961,-15.238296],[-49.54778,-15.20419],[-49.549207,-15.184181],[-49.583949,-15.190093],[-49.589184,-15.201007],[-49.638678,-15.242843],[-49.658191,-15.252393],[-49.684842,-15.239205],[-49.695312,-15.251483],[-49.74671,-15.240115],[-49.745282,-15.252393],[-49.770505,-15.287862],[-49.748137,-15.293774]]]},"properties":{"cod_ibge":"520540","name":"Ceres","uf":"GO"}},
{"type":"Feature","geometry":{"type":"Polygon","coordinates":[[[-46.458178,-14.477515],[-46.478642,-14.470239],[-46.506245,-14.487065],[-46.511004,-14.475696],[-46.542414,-14.486155],[-46.564306,-14.472513],[-46.57668,-14.483427],[-46.59762,-14.479789],[-46.629981,-14.506618],[-46.675193,-14.490248],[-46.68947,-14.498433],[-46.69994,-14.46842],[-46.718025,-14.466601],[-46.711838,-14.428403],[-46.732302,-14.408395],[-46.731826,-14.391114],[-46.73944,-14.375199],[-46.784176,-14.391114],[-46.815586,-14.350188],[-46.84414,-14.348369],[-46.858894,-14.332908],[-46.873171,-14.337],[-46.882213,-14.316537],[-46.90125,-14.330179],[-46.878882,-14.361102],[-46.876026,-14.396117],[-46.887448,-14.412487],[-46.887448,-14.436588],[-46.861749,-14.446138],[-46.857942,-14.490703],[-46.868412,-14.516168],[-46.84652,-14.530265],[-46.850803,-14.543452],[-46.775134,-14.58256],[-46.75467,-14.580286],[-46.748483,-14.598476],[-46.716121,-14.597112],[-46.682331,-14.652135],[-46.688518,-14.68715],[-46.669006,-14.720801],[-46.669006,-14.760818],[-46.650921,-14.776734],[-46.630933,-14.780372],[-46.619511,-14.81857],[-46.560499,-14.814932],[-46.56383,-14.783555],[-46.543366,-14.768549],[-46.544318,-14.753088],[-46.510052,-14.738081],[-46.50339,-14.703976],[-46.499582,-14.664413],[-46.486257,-14.64395],[-46.462937,-14.626215],[-46.442949,-14.634855],[-46.420581,-14.6344],[-46.412967,-14.615756],[-46.389171,-14.589836],[-46.380605,-14.569373],[-46.38822,-14.540269],[-46.376322,-14.518442],[-46.379177,-14.489338],[-46.397738,-14.476151],[-46.426292,-14.492067],[-46.458178,-14.477515]]]},"properties":{"cod_ibge":"520080","name":"Alvorada do Norte","uf":"GO"}},
{"type":"Feature","geometry":{"type":"Polygon","coordinates":[[[-48.09007,-15.136434],[-48.082932,-15.083684],[-48.056281,-15.052307],[-48.062468,-15.024113],[-48.049142,-14.981822],[-48.036293,-14.962268],[-48.046763,-14.922706],[-48.0796,-14.898605],[-48.081028,-14.864499],[-48.10054,-14.848583],[-48.1843,-14.848583],[-48.235223,-14.881779],[-48.255687,-14.874958],[-48.286621,-14.900424],[-48.321362,-14.901333],[-48.371333,-14.927708],[-48.384658,-14.944533],[-48.424158,-14.939076],[-48.447478,-14.956811],[-48.474129,-14.964087],[-48.482695,-14.987734],[-48.4984,-14.983641],[-48.508394,-15.010471],[-48.523623,-15.016837],[-48.594534,-14.993645],[-48.611191,-15.002285],[-48.605956,-15.017292],[-48.653547,-15.043212],[-48.65545,-15.058673],[-48.643077,-15.088686],[-48.654023,-15.100964],[-48.626896,-15.114151],[-48.628799,-15.125065],[-48.606908,-15.152804],[-48.586443,-15.153714],[-48.554082,-15.173268],[-48.534093,-15.171449],[-48.497924,-15.149621],[-48.488882,-15.119154],[-48.445098,-15.099145],[-48.413213,-15.102328],[-48.365622,-15.09005],[-48.302802,-15.106876],[-48.286145,-15.100509],[-48.256163,-15.121427],[-48.212855,-15.11688],[-48.181921,-15.141891],[-48.161933,-15.145983],[-48.130047,-15.135979],[-48.107203,-15.147348],[-48.09007,-15.136434]]]},"properties":{"cod_ibge":"521305","name":"Mimoso de Goiás","uf":"GO"}},
{"type":"Feature","geometry":{"type":"Polygon","coordinates":[[[-49.695312,-16.522027],[-49.730053,-16.580234],[-49.729101,-16.637986],[-49.716727,-16.645717],[-49.727673,-16.671182],[-49.701498,-16.664361],[-49.687221,-16.671182],[-49.656287,-16.662542],[-49.653907,-16.63071],[-49.632967,-16.592967],[-49.602509,-16.568411],[-49.640106,-16.542945],[-49.680558,-16.536124],[-49.695312,-16.522027]]]},"properties":{"cod_ibge":"521910","name":"Santa Bárbara de Goiás","uf":"GO"}},
{"type":"Feature","geometry":{"type":"Polygon","coordinates":[[[-49.908995,-12.975053],[-49.940881,-12.955954],[-49.949923,-12.959137],[-49.978002,-12.940493],[-50.023213,-12.92867],[-50.038442,-12.935946],[-50.055575,-12.92003],[-50.08984,-12.908206],[-50.146473,-12.903204],[-50.157419,-12.8932],[-50.185022,-12.893655],[-50.224522,-12.873191],[-50.225474,-12.860004],[-50.263547,-12.842269],[-50.285439,-12.839541],[-50.307806,-12.817258],[-50.310662,-12.791793],[-50.297812,-12.740407],[-50.283059,-12.71767],[-50.295909,-12.710849],[-50.29924,-12.680382],[-50.283535,-12.682655],[-50.263547,-12.666739],[-50.268306,-12.651733],[-50.236896,-12.623994],[-50.244986,-12.597619],[-50.193588,-12.563968],[-50.229281,-12.531681],[-50.21786,-12.513492],[-50.215004,-12.482115],[-50.179311,-12.43846],[-50.158371,-12.430729],[-50.158847,-12.414358],[-50.141714,-12.395259],[-50.171696,-12.405718],[-50.171696,-12.42118],[-50.211197,-12.435277],[-50.205962,-12.445281],[-50.253553,-12.462106],[-50.261643,-12.477113],[-50.305427,-12.492574],[-50.333506,-12.520313],[-50.331602,-12.535319],[-50.369675,-12.558056],[-50.386331,-12.589888],[-50.417266,-12.623084],[-50.434874,-12.657644],[-50.431543,-12.688567],[-50.479134,-12.712668],[-50.465332,-12.731312],[-50.487224,-12.7445],[-50.475326,-12.77133],[-50.493411,-12.783608],[-50.484369,-12.809073],[-50.496742,-12.845907],[-50.51102,-12.860913],[-50.513399,-12.912754],[-50.526249,-12.934127],[-50.523869,-12.970961],[-50.548616,-12.992788],[-50.587165,-12.9987],[-50.590972,-13.014161],[-50.570984,-13.034169],[-50.580026,-13.055087],[-50.598111,-13.050995],[-50.610485,-13.064637],[-50.59478,-13.096924],[-50.599539,-13.142398],[-50.593352,-13.161497],[-50.604774,-13.19151],[-50.584786,-13.215156],[-50.596207,-13.268815],[-50.605726,-13.275182],[-50.610961,-13.320201],[-50.609057,-13.353852],[-50.589545,-13.36522],[-50.577647,-13.386593],[-50.593352,-13.403873],[-50.557183,-13.421608],[-50.544809,-13.457987],[-50.520062,-13.463444],[-50.531484,-13.499369],[-50.512923,-13.522106],[-50.497694,-13.551209],[-50.468664,-13.562578],[-50.443916,-13.543933],[-50.42488,-13.551664],[-50.412506,-13.543024],[-50.384904,-13.57531],[-50.372054,-13.557121],[-50.281156,-13.543479],[-50.255456,-13.545298],[-50.238324,-13.557576],[-50.227378,-13.538476],[-50.211197,-13.533474],[-50.170745,-13.552573],[-50.108876,-13.513011],[-50.083177,-13.512556],[-50.059858,-13.524834],[-50.036538,-13.516649],[-50.002749,-13.488455],[-49.979429,-13.487091],[-49.946116,-13.459806],[-49.90138,-13.449802],[-49.886627,-13.41797],[-49.86188,-13.390686],[-49.850458,-13.327477],[-49.826662,-13.300647],[-49.818572,-13.279729],[-49.825235,-13.262904],[-49.81762,-13.24335],[-49.822855,-13.188781],[-49.844747,-13.162406],[-49.842843,-13.151947],[-49.908995,-12.975053]]]},"properties":{"cod_ibge":"522020","name":"São Miguel do Araguaia","uf":"GO"}},
{"type":"Feature","geometry":{"type":"Polygon","coordinates":[[[-49.88044,-16.974039],[-49.854741,-16.989955],[-49.843795,-17.005871],[-49.845699,-17.04316],[-49.821903,-17.066806],[-49.823807,-17.098183],[-49.849506,-17.12183],[-49.849982,-17.152297],[-49.843319,-17.164121],[-49.794301,-17.158209],[-49.76765,-17.137291],[-49.750041,-17.13911],[-49.730529,-17.1573],[-49.72339,-17.186858],[-49.710065,-17.192769],[-49.706733,-17.205957],[-49.685793,-17.218235],[-49.678179,-17.240517],[-49.658191,-17.254614],[-49.645817,-17.301907],[-49.619166,-17.291903],[-49.613455,-17.257797],[-49.620594,-17.228694],[-49.632016,-17.201409],[-49.657715,-17.180946],[-49.658191,-17.155026],[-49.688173,-17.126832],[-49.701022,-17.085451],[-49.726722,-17.067261],[-49.748137,-17.007235],[-49.741951,-16.956759],[-49.748613,-16.944936],[-49.776692,-16.922654],[-49.779072,-16.907192],[-49.801439,-16.902645],[-49.823331,-16.922199],[-49.827614,-16.959033],[-49.854741,-16.944026],[-49.88044,-16.974039]]]},"properties":{"cod_ibge":"520545","name":"Cezarina","uf":"GO"}},
{"type":"Feature","geometry":{"type":"Polygon","coordinates":[[[-48.120529,-13.628515],[-48.111486,-13.617601],[-48.107203,-13.562123],[-48.091974,-13.548026],[-48.122432,-13.54075],[-48.132426,-13.504371],[-48.157649,-13.495731],[-48.198578,-13.471175],[-48.189535,-13.455714],[-48.148131,-13.439798],[-48.143372,-13.41024],[-48.148131,-13.379317],[-48.166692,-13.372951],[-48.164312,-13.333843],[-48.170023,-13.300193],[-48.153366,-13.279729],[-48.157173,-13.250171],[-48.166692,-13.232436],[-48.15289,-13.219249],[-48.16574,-13.189236],[-48.143848,-13.152402],[-48.164788,-13.158314],[-48.180017,-13.151947],[-48.196198,-13.16468],[-48.235223,-13.176048],[-48.249976,-13.196512],[-48.278054,-13.206516],[-48.291856,-13.220158],[-48.320886,-13.231072],[-48.341826,-13.231527],[-48.384658,-13.264268],[-48.429869,-13.271089],[-48.437484,-13.283822],[-48.461755,-13.275182],[-48.456996,-13.247897],[-48.467466,-13.243805],[-48.476984,-13.177867],[-48.468418,-13.158768],[-48.494593,-13.136941],[-48.516009,-13.139214],[-48.530286,-13.192419],[-48.553606,-13.204242],[-48.554082,-13.303376],[-48.580257,-13.31338],[-48.569787,-13.327022],[-48.560268,-13.387503],[-48.581208,-13.413423],[-48.551702,-13.432522],[-48.577877,-13.477541],[-48.580257,-13.496186],[-48.611191,-13.532565],[-48.626896,-13.535293],[-48.644028,-13.573037],[-48.670679,-13.5935],[-48.686384,-13.593955],[-48.701613,-13.638519],[-48.662113,-13.645795],[-48.657354,-13.625787],[-48.642601,-13.618965],[-48.605956,-13.632153],[-48.592154,-13.629879],[-48.57169,-13.595319],[-48.533142,-13.596228],[-48.506967,-13.614418],[-48.476033,-13.610325],[-48.462231,-13.616692],[-48.466514,-13.66353],[-48.444623,-13.698545],[-48.455093,-13.709004],[-48.433677,-13.728558],[-48.437008,-13.758571],[-48.419875,-13.765847],[-48.3937,-13.796314],[-48.376568,-13.805409],[-48.382754,-13.824963],[-48.359435,-13.836331],[-48.346585,-13.862251],[-48.331832,-13.836331],[-48.315175,-13.844971],[-48.303753,-13.832693],[-48.281862,-13.831784],[-48.250928,-13.857704],[-48.20762,-13.822234],[-48.196674,-13.790403],[-48.170975,-13.772213],[-48.157173,-13.774032],[-48.137661,-13.754933],[-48.137185,-13.734015],[-48.147655,-13.703092],[-48.140517,-13.682629],[-48.142896,-13.652616],[-48.120529,-13.628515]]]},"properties":{"cod_ibge":"521308","name":"Minaçu","uf":"GO"}},
{"type":"Feature","geometry":{"type":"Polygon","coordinates":[[[-48.314223,-17.943091],[-48.308513,-17.968101],[-48.318983,-17.986746],[-48.297091,-18.034494],[-48.320886,-18.053138],[-48.335163,-18.079513],[-48.368001,-18.089062],[-48.368477,-18.105888],[-48.397032,-18.12817],[-48.39608,-18.144541],[-48.377519,-18.150907],[-48.335639,-18.205931],[-48.32041,-18.25004],[-48.271868,-18.223211],[-48.269012,-18.193198],[-48.278054,-18.182284],[-48.274247,-18.152271],[-48.261873,-18.124987],[-48.231415,-18.122258],[-48.235698,-18.083151],[-48.20762,-18.069509],[-48.225704,-18.035403],[-48.211903,-18.018578],[-48.209999,-17.99766],[-48.231891,-17.991293],[-48.248072,-17.997205],[-48.314223,-17.943091]]]},"properties":{"cod_ibge":"521480","name":"Nova Aurora","uf":"GO"}},
{"type":"Feature","geometry":{"type":"Polygon","coordinates":[[[-49.983237,-16.56068],[-50.013695,-16.506566],[-50.054623,-16.515661],[-50.059382,-16.503383],[-50.097931,-16.492469],[-50.129341,-16.501109],[-50.15266,-16.497017],[-50.171696,-16.48292],[-50.165986,-16.46564],[-50.221667,-16.476099],[-50.22833,-16.451088],[-50.243559,-16.489286],[-50.233565,-16.518844],[-50.247366,-16.545219],[-50.244986,-16.582053],[-50.233089,-16.610247],[-50.240703,-16.636167],[-50.211673,-16.679822],[-50.213576,-16.703014],[-50.193112,-16.686189],[-50.149805,-16.680732],[-50.006556,-16.620706],[-49.983237,-16.56068]]]},"properties":{"cod_ibge":"522150","name":"Turvânia","uf":"GO"}},
{"type":"Feature","geometry":{"type":"Polygon","coordinates":[[[-50.369675,-16.142319],[-50.361108,-16.160054],[-50.344451,-16.147776],[-50.311138,-16.160054],[-50.280204,-16.15778],[-50.25974,-16.178244],[-50.211673,-16.258278],[-50.207866,-16.275103],[-50.226902,-16.283289],[-50.219763,-16.30648],[-50.18645,-16.299659],[-50.165034,-16.321032],[-50.138383,-16.327853],[-50.129816,-16.304207],[-50.10031,-16.282834],[-50.095551,-16.266463],[-50.106973,-16.250547],[-50.093171,-16.225537],[-50.047008,-16.225537],[-50.037014,-16.234177],[-49.96658,-16.237815],[-49.940881,-16.223718],[-49.963724,-16.218716],[-49.968007,-16.202345],[-50.000845,-16.200526],[-50.031779,-16.18461],[-50.039394,-16.130496],[-50.032731,-16.101847],[-50.031303,-16.055464],[-50.042725,-16.029544],[-50.064617,-16.029544],[-50.086985,-16.045005],[-50.099834,-16.033182],[-50.138859,-16.054554],[-50.214052,-16.078656],[-50.226426,-16.076382],[-50.256884,-16.093662],[-50.295909,-16.082748],[-50.335409,-16.091388],[-50.354921,-16.078201],[-50.379193,-16.100938],[-50.369675,-16.142319]]]},"properties":{"cod_ibge":"521390","name":"Mossâmedes","uf":"GO"}},
{"type":"Feature","geometry":{"type":"Polygon","coordinates":[[[-49.834753,-13.903633],[-49.811909,-13.904997],[-49.804771,-13.885443],[-49.75718,-13.849064],[-49.73386,-13.861342],[-49.700071,-13.855885],[-49.671516,-13.83815],[-49.623925,-13.886807],[-49.621546,-13.901814],[-49.586328,-13.936374],[-49.53493,-13.969115],[-49.520177,-13.98685],[-49.482104,-13.975482],[-49.455929,-13.986396],[-49.436893,-13.97821],[-49.41167,-13.952745],[-49.368362,-13.959566],[-49.35694,-13.976391],[-49.321247,-13.999583],[-49.293644,-13.991852],[-49.285078,-13.975027],[-49.264138,-13.96184],[-49.257475,-13.942286],[-49.257951,-13.899085],[-49.224637,-13.865435],[-49.334097,-13.869982],[-49.320295,-13.85634],[-49.314108,-13.831329],[-49.298403,-13.805864],[-49.300307,-13.780398],[-49.333621,-13.765392],[-49.360272,-13.772213],[-49.370266,-13.789038],[-49.399772,-13.793131],[-49.410242,-13.815868],[-49.441652,-13.823144],[-49.457833,-13.81223],[-49.479249,-13.828601],[-49.508755,-13.826782],[-49.525888,-13.834967],[-49.563009,-13.793586],[-49.574431,-13.766756],[-49.590136,-13.757206],[-49.619642,-13.754478],[-49.651528,-13.726739],[-49.679131,-13.731741],[-49.683414,-13.750385],[-49.714824,-13.74311],[-49.720059,-13.728558],[-49.735288,-13.718099],[-49.783831,-13.726739],[-49.821427,-13.692179],[-49.854741,-13.696726],[-49.886627,-13.693998],[-49.909471,-13.68081],[-49.950399,-13.704002],[-49.9642,-13.702638],[-49.95611,-13.727648],[-49.959441,-13.744019],[-49.936122,-13.746747],[-49.920892,-13.759935],[-49.925176,-13.781762],[-49.942308,-13.802226],[-49.940881,-13.834058],[-49.960393,-13.848609],[-49.960869,-13.866344],[-49.97467,-13.884534],[-49.950875,-13.914092],[-49.942308,-13.914092],[-49.936597,-13.895448],[-49.893766,-13.901814],[-49.873777,-13.896812],[-49.852362,-13.914547],[-49.834753,-13.903633]]]},"properties":{"cod_ibge":"520082","name":"Amaralina","uf":"GO"}},
{"type":"Feature","geometry":{"type":"Polygon","coordinates":[[[-47.963479,-16.104576],[-47.952057,-16.124584],[-47.92493,-16.130041],[-47.889713,-16.14914],[-47.862586,-16.158235],[-47.85973,-16.185974],[-47.838314,-16.230994],[-47.810712,-16.251002],[-47.794055,-16.253276],[-47.742181,-16.194614],[-47.732187,-16.16642],[-47.725524,-16.150959],[-47.723144,-16.091843],[-47.683168,-16.070016],[-47.683644,-16.050007],[-47.938731,-16.050007],[-47.963479,-16.104576]]]},"properties":{"cod_ibge":"520549","name":"Cidade Ocidental","uf":"GO"}},
{"type":"Feature","geometry":{"type":"Polygon","coordinates":[[[-50.847963,-14.620304],[-50.84606,-14.609845],[-50.784191,-14.628034],[-50.780384,-14.684877],[-50.72042,-14.717618],[-50.691389,-14.698974],[-50.66569,-14.705795],[-50.637136,-14.674418],[-50.617147,-14.681693],[-50.580026,-14.668506],[-50.570508,-14.632582],[-50.552424,-14.611663],[-50.538146,-14.649407],[-50.521966,-14.648952],[-50.504833,-14.665323],[-50.506261,-14.682603],[-50.486272,-14.691243],[-50.504357,-14.71489],[-50.445344,-14.723984],[-50.422976,-14.735353],[-50.333506,-14.723984],[-50.302571,-14.739445],[-50.274493,-14.73217],[-50.234516,-14.649407],[-50.239276,-14.619394],[-50.294957,-14.582105],[-50.289246,-14.558459],[-50.269258,-14.542543],[-50.277348,-14.511621],[-50.302096,-14.498433],[-50.301144,-14.44341],[-50.312566,-14.437953],[-50.327795,-14.407485],[-50.337789,-14.374744],[-50.354446,-14.353371],[-50.143618,-14.125546],[-50.150281,-14.083255],[-50.147901,-14.049604],[-50.160751,-14.000947],[-50.285439,-13.994126],[-50.323036,-13.983667],[-50.344927,-13.967296],[-50.366343,-13.910454],[-50.383952,-13.879986],[-50.370626,-13.853157],[-50.399181,-13.833603],[-50.422976,-13.824508],[-50.434398,-13.804045],[-50.441537,-13.771303],[-50.456766,-13.757661],[-50.484845,-13.746293],[-50.466284,-13.734015],[-50.474851,-13.710368],[-50.45867,-13.693998],[-50.476754,-13.671261],[-50.459621,-13.655345],[-50.459146,-13.588953],[-50.468664,-13.562578],[-50.497694,-13.551209],[-50.512923,-13.522106],[-50.531484,-13.499369],[-50.520062,-13.463444],[-50.544809,-13.457987],[-50.557183,-13.421608],[-50.593352,-13.403873],[-50.577647,-13.386593],[-50.589545,-13.36522],[-50.609057,-13.353852],[-50.610961,-13.320201],[-50.646654,-13.362037],[-50.664738,-13.374315],[-50.669497,-13.395233],[-50.663786,-13.434796],[-50.683299,-13.445255],[-50.694245,-13.469356],[-50.714709,-13.491638],[-50.758968,-13.520287],[-50.771818,-13.604414],[-50.783716,-13.62033],[-50.786571,-13.646705],[-50.808939,-13.697181],[-50.848439,-13.712642],[-50.874138,-13.734469],[-50.855102,-13.757206],[-50.85415,-13.799952],[-50.858909,-13.828601],[-50.840825,-13.863616],[-50.840349,-13.923641],[-50.865572,-13.960021],[-50.86462,-13.984122],[-50.847011,-13.999583],[-50.856054,-14.019137],[-50.831306,-14.082801],[-50.841301,-14.104173],[-50.848915,-14.119634],[-50.807035,-14.167837],[-50.785143,-14.23332],[-50.774673,-14.24196],[-50.768962,-14.293345],[-50.758968,-14.313354],[-50.778005,-14.35428],[-50.807035,-14.395207],[-50.839873,-14.425675],[-50.839873,-14.466147],[-50.858433,-14.490703],[-50.854626,-14.517077],[-50.860337,-14.558459],[-50.872711,-14.561187],[-50.880801,-14.599385],[-50.865572,-14.61712],[-50.847963,-14.620304]]]},"properties":{"cod_ibge":"521483","name":"Nova Crixás","uf":"GO"}},
{"type":"Feature","geometry":{"type":"Polygon","coordinates":[[[-52.873432,-18.645664],[-52.846305,-18.667037],[-52.810136,-18.667492],[-52.785389,-18.680679],[-52.763021,-18.681589],[-52.748268,-18.692048],[-52.715906,-18.691593],[-52.687352,-18.678406],[-52.634526,-18.691593],[-52.588839,-18.687046],[-52.566471,-18.664764],[-52.531729,-18.657488],[-52.501747,-18.676132],[-52.427981,-18.635205],[-52.397999,-18.605193],[-52.381818,-18.576544],[-52.336131,-18.599736],[-52.290444,-18.615197],[-52.290444,-18.588822],[-52.325661,-18.562902],[-52.331372,-18.53016],[-52.311859,-18.501057],[-52.335655,-18.46968],[-52.370396,-18.46877],[-52.434168,-18.433301],[-52.461771,-18.411473],[-52.477952,-18.359633],[-52.492229,-18.344172],[-52.522211,-18.342807],[-52.524115,-18.321435],[-52.545531,-18.313249],[-52.592646,-18.26823],[-52.597881,-18.255043],[-52.667364,-18.199564],[-52.674978,-18.178646],[-52.695442,-18.169551],[-52.753027,-18.121349],[-52.77825,-18.085879],[-52.782534,-18.070418],[-52.820606,-18.310521],[-52.775871,-18.32871],[-52.759214,-18.348264],[-52.758738,-18.363271],[-52.783961,-18.388281],[-52.798714,-18.414656],[-52.838691,-18.423751],[-52.873432,-18.645664]]]},"properties":{"cod_ibge":"520547","name":"Chapadão do Céu","uf":"GO"}},
{"type":"Feature","geometry":{"type":"Polygon","coordinates":[[[-49.435941,-14.619394],[-49.454502,-14.634855],[-49.47211,-14.668051],[-49.491622,-14.693971],[-49.509231,-14.69579],[-49.513514,-14.720801],[-49.530171,-14.729441],[-49.528267,-14.77537],[-49.494478,-14.777644],[-49.484008,-14.787648],[-49.426899,-14.81857],[-49.427375,-14.833577],[-49.412146,-14.848128],[-49.408814,-14.848583],[-49.4012,-14.836305],[-49.354561,-14.80993],[-49.30697,-14.819935],[-49.291741,-14.814478],[-49.249385,-14.821753],[-49.238915,-14.864954],[-49.205601,-14.845855],[-49.209884,-14.817206],[-49.187517,-14.813568],[-49.194655,-14.768094],[-49.197511,-14.748086],[-49.274608,-14.708068],[-49.281271,-14.680784],[-49.319819,-14.668961],[-49.326482,-14.636674],[-49.357892,-14.607571],[-49.38026,-14.620304],[-49.392157,-14.637584],[-49.435941,-14.619394]]]},"properties":{"cod_ibge":"520980","name":"Hidrolina","uf":"GO"}},
{"type":"Feature","geometry":{"type":"Polygon","coordinates":[[[-51.238209,-18.356904],[-51.222028,-18.373275],[-51.223455,-18.408745],[-51.206323,-18.419204],[-51.211082,-18.450581],[-51.187286,-18.48696],[-51.170154,-18.491053],[-51.142551,-18.544712],[-51.111617,-18.563356],[-51.103526,-18.584275],[-51.080207,-18.607012],[-51.080683,-18.627475],[-51.057839,-18.642481],[-51.02167,-18.703416],[-50.993591,-18.737977],[-50.984549,-18.766625],[-50.984549,-18.793455],[-50.967416,-18.806643],[-50.938862,-18.841203],[-50.938386,-18.878491],[-50.917446,-18.889405],[-50.899361,-18.885313],[-50.87747,-18.894862],[-50.867476,-18.913506],[-50.83559,-18.91669],[-50.830831,-18.883494],[-50.818457,-18.869397],[-50.838921,-18.747526],[-50.82512,-18.716149],[-50.803704,-18.690229],[-50.784191,-18.655669],[-50.790378,-18.64521],[-50.826547,-18.647938],[-50.830831,-18.637934],[-50.867476,-18.619744],[-50.863668,-18.604283],[-50.902693,-18.568813],[-50.960754,-18.530615],[-50.965989,-18.513335],[-50.93791,-18.50424],[-50.902693,-18.481048],[-50.891747,-18.447852],[-50.858909,-18.453309],[-50.789426,-18.422387],[-50.753257,-18.418294],[-50.77277,-18.374639],[-50.807987,-18.357814],[-50.824644,-18.358723],[-50.846536,-18.333713],[-50.849391,-18.303245],[-50.858433,-18.298243],[-50.886512,-18.319616],[-50.944573,-18.31234],[-50.970272,-18.28642],[-50.982646,-18.323254],[-51.002158,-18.331439],[-51.04499,-18.323254],[-51.100195,-18.345991],[-51.126846,-18.328256],[-51.146358,-18.300517],[-51.180624,-18.296879],[-51.189666,-18.315068],[-51.21822,-18.333713],[-51.238209,-18.356904]]]},"properties":{"cod_ibge":"520410","name":"Cachoeira Alta","uf":"GO"}},
{"type":"Feature","geometry":{"type":"Polygon","coordinates":[[[-51.97206,-15.838098],[-51.986814,-15.849012],[-52.009657,-15.885846],[-52.060579,-15.88721],[-52.073429,-15.881753],[-52.111026,-15.882663],[-52.127683,-15.894941],[-52.194786,-15.880844],[-52.215726,-15.891757],[-52.254274,-15.893576],[-52.25713,-15.930865],[-52.267124,-15.94769],[-52.289968,-15.964516],[-52.295679,-15.99271],[-52.310908,-16.007261],[-52.324233,-16.039548],[-52.328516,-16.07047],[-52.360878,-16.081384],[-52.356595,-16.130496],[-52.334227,-16.137317],[-52.301865,-16.165966],[-52.036308,-15.915404],[-51.865457,-15.911766],[-51.851655,-15.884481],[-51.831667,-15.868566],[-51.86736,-15.859471],[-51.88021,-15.824456],[-51.892108,-15.831277],[-51.913048,-15.813087],[-51.948265,-15.809904],[-51.956355,-15.839917],[-51.97206,-15.838098]]]},"properties":{"cod_ibge":"520170","name":"Aragarças","uf":"GO"}},
{"type":"Feature","geometry":{"type":"Polygon","coordinates":[[[-49.278891,-14.221042],[-49.316012,-14.240595],[-49.325054,-14.256511],[-49.364079,-14.262878],[-49.381687,-14.251509],[-49.424043,-14.26788],[-49.425471,-14.299257],[-49.415477,-14.304714],[-49.418332,-14.330634],[-49.406435,-14.369742],[-49.415477,-14.392479],[-49.397868,-14.402938],[-49.405959,-14.418399],[-49.403579,-14.441591],[-49.355512,-14.502071],[-49.36979,-14.514804],[-49.34647,-14.510256],[-49.344091,-14.477515],[-49.333621,-14.459325],[-49.305542,-14.439772],[-49.301735,-14.405211],[-49.266517,-14.410214],[-49.262234,-14.396117],[-49.234632,-14.389295],[-49.212264,-14.392024],[-49.196083,-14.38202],[-49.187517,-14.371106],[-49.186565,-14.337],[-49.171336,-14.321994],[-49.164197,-14.2938],[-49.17086,-14.272427],[-49.16039,-14.212402],[-49.177522,-14.198759],[-49.187041,-14.159652],[-49.176571,-14.132367],[-49.185613,-14.110994],[-49.203697,-14.097352],[-49.217499,-14.105538],[-49.239391,-14.158287],[-49.238439,-14.181479],[-49.261282,-14.211947],[-49.278891,-14.221042]]]},"properties":{"cod_ibge":"521487","name":"Nova Iguaçu de Goiás","uf":"GO"}},
{"type":"Feature","geometry":{"type":"Polygon","coordinates":[[[-47.12683,-13.439798],[-47.10018,-13.432067],[-47.067818,-13.446164],[-47.080191,-13.475722],[-47.079715,-13.495276],[-47.051161,-13.526198],[-47.010709,-13.542114],[-46.946937,-13.561213],[-46.9279,-13.591226],[-46.904581,-13.585769],[-46.885069,-13.604414],[-46.850803,-13.614873],[-46.816538,-13.587134],[-46.791315,-13.591226],[-46.772278,-13.541205],[-46.782272,-13.513466],[-46.767519,-13.49755],[-46.76514,-13.450712],[-46.753242,-13.434796],[-46.748959,-13.407511],[-46.715169,-13.385229],[-46.696133,-13.353852],[-46.707555,-13.332934],[-46.703747,-13.298374],[-46.67662,-13.284277],[-46.685187,-13.264268],[-46.675193,-13.239257],[-46.64759,-13.236984],[-46.62903,-13.220613],[-46.609041,-13.220613],[-46.578107,-13.203333],[-46.53242,-13.155585],[-46.506721,-13.097378],[-46.459606,-13.071458],[-46.453419,-13.054633],[-46.44866,-13.037807],[-46.468172,-13.010523],[-46.502438,-13.005066],[-46.554788,-13.025529],[-46.57668,-13.04281],[-46.605234,-13.039626],[-46.622367,-13.06782],[-46.674717,-13.062363],[-46.707079,-13.081008],[-46.713265,-13.102835],[-46.736585,-13.107837],[-46.768947,-13.090557],[-46.803688,-13.084191],[-46.8232,-13.058725],[-46.837478,-13.071003],[-46.85461,-13.067365],[-46.894111,-13.054178],[-46.946461,-13.099197],[-46.953124,-13.110566],[-46.978347,-13.121025],[-47.00119,-13.12148],[-47.010709,-13.141033],[-47.048305,-13.156949],[-47.080191,-13.161951],[-47.091613,-13.17332],[-47.132541,-13.177867],[-47.133969,-13.200604],[-47.154909,-13.210154],[-47.18394,-13.204697],[-47.196789,-13.193783],[-47.224868,-13.193329],[-47.25247,-13.212428],[-47.252946,-13.233346],[-47.268651,-13.237438],[-47.281501,-13.264723],[-47.295778,-13.248352],[-47.327188,-13.25199],[-47.379538,-13.230617],[-47.394291,-13.246078],[-47.392864,-13.262449],[-47.375255,-13.267906],[-47.372875,-13.294281],[-47.347176,-13.316108],[-47.352411,-13.346576],[-47.327664,-13.360218],[-47.330044,-13.381136],[-47.311959,-13.404328],[-47.272459,-13.432067],[-47.257229,-13.450257],[-47.224392,-13.446619],[-47.196789,-13.452076],[-47.14777,-13.413423],[-47.12683,-13.439798]]]},"properties":{"cod_ibge":"521350","name":"Monte Alegre de Goiás","uf":"GO"}},
{"type":"Feature","geometry":{"type":"Polygon","coordinates":[[[-49.5059,-15.175996],[-49.481628,-15.176451],[-49.477821,-15.139162],[-49.45355,-15.100055],[-49.438797,-15.11597],[-49.414049,-15.091869],[-49.397392,-15.093688],[-49.386447,-15.048669],[-49.347898,-15.027751],[-49.323151,-14.989098],[-49.35694,-15.000466],[-49.368838,-15.01138],[-49.41976,-14.999102],[-49.427851,-14.971363],[-49.450694,-14.998647],[-49.506376,-15.000921],[-49.528267,-14.990007],[-49.55587,-14.993645],[-49.560629,-15.009106],[-49.580617,-15.018656],[-49.591087,-15.040029],[-49.60822,-15.041393],[-49.622973,-15.057764],[-49.620118,-15.074134],[-49.635823,-15.095507],[-49.62916,-15.122337],[-49.604413,-15.145983],[-49.583949,-15.190093],[-49.549207,-15.184181],[-49.524936,-15.173268],[-49.5059,-15.175996]]]},"properties":{"cod_ibge":"521486","name":"Nova Glória","uf":"GO"}},
{"type":"Feature","geometry":{"type":"Polygon","coordinates":[[[-51.257721,-15.969518],[-51.233925,-15.944507],[-51.211082,-15.94769],[-51.196329,-15.965425],[-51.179672,-15.954511],[-51.132081,-15.964971],[-51.114472,-15.961333],[-51.081635,-15.978613],[-51.069261,-15.968608],[-51.034044,-15.988162],[-51.007869,-16.019994],[-50.986453,-16.029998],[-50.962657,-16.013173],[-50.92744,-16.02727],[-50.921253,-16.051371],[-50.887464,-16.042276],[-50.872235,-16.011809],[-50.836541,-16.00999],[-50.815126,-16.022723],[-50.796089,-16.000895],[-50.784667,-15.999531],[-50.78324,-15.955421],[-50.77039,-15.928137],[-50.763727,-15.905854],[-50.77277,-15.879479],[-50.784191,-15.86902],[-50.781812,-15.843555],[-50.807035,-15.802628],[-50.828927,-15.789441],[-50.888416,-15.784439],[-50.909831,-15.77307],[-50.913163,-15.758064],[-50.941717,-15.736236],[-50.943621,-15.725777],[-51.000254,-15.715773],[-50.993591,-15.72896],[-51.00311,-15.776253],[-51.027857,-15.785348],[-51.054984,-15.825365],[-51.058315,-15.846738],[-51.049273,-15.866292],[-51.058315,-15.880844],[-51.124466,-15.903126],[-51.126846,-15.854923],[-51.154449,-15.822182],[-51.156352,-15.798081],[-51.188714,-15.804447],[-51.211558,-15.79899],[-51.242968,-15.808085],[-51.307215,-15.768977],[-51.331487,-15.742603],[-51.355758,-15.724868],[-51.383837,-15.723958],[-51.402873,-15.684851],[-51.430476,-15.670299],[-51.434283,-15.630736],[-51.416199,-15.613911],[-51.387168,-15.631646],[-51.382409,-15.603452],[-51.372891,-15.597995],[-51.319589,-15.62437],[-51.253438,-15.673482],[-51.242968,-15.677575],[-51.17872,-15.646198],[-51.218696,-15.604816],[-51.243444,-15.539788],[-51.232022,-15.484765],[-51.244395,-15.490676],[-51.284848,-15.471123],[-51.311499,-15.480672],[-51.315782,-15.412006],[-51.30198,-15.411097],[-51.30674,-15.323332],[-51.213461,-15.307871],[-51.230594,-15.270582],[-51.272474,-15.276039],[-51.380505,-15.243752],[-51.387644,-15.201007],[-51.380505,-15.181908],[-51.396686,-15.155078],[-51.408584,-15.121882],[-51.407632,-15.087322],[-51.394783,-15.061402],[-51.396686,-15.041393],[-51.356234,-15.012744],[-51.341481,-14.994555],[-51.338625,-14.975001],[-51.350047,-14.990462],[-51.368132,-15.009561],[-51.401921,-15.00274],[-51.430476,-15.010016],[-51.441422,-15.031389],[-51.461886,-15.047759],[-51.534224,-15.06504],[-51.547074,-15.100509],[-51.564206,-15.108695],[-51.606086,-15.162354],[-51.64749,-15.173268],[-51.64987,-15.199643],[-51.66843,-15.232384],[-51.668906,-15.254666],[-51.650822,-15.273311],[-51.677473,-15.287408],[-51.691274,-15.324696],[-51.687467,-15.346978],[-51.669382,-15.374263],[-51.696033,-15.406095],[-51.691274,-15.425649],[-51.709359,-15.461573],[-51.698889,-15.484765],[-51.648918,-15.507957],[-51.636545,-15.524327],[-51.644159,-15.553885],[-51.617032,-15.586172],[-51.593713,-15.587991],[-51.583243,-15.616185],[-51.581815,-15.647107],[-51.56849,-15.658476],[-51.5742,-15.706223],[-51.535176,-15.717137],[-51.538507,-15.76534],[-51.52661,-15.773525],[-51.528037,-15.811723],[-51.497579,-15.809904],[-51.467597,-15.834005],[-51.462838,-15.853104],[-51.433331,-15.845374],[-51.43238,-15.871749],[-51.414295,-15.884027],[-51.37765,-15.930865],[-51.35909,-15.939505],[-51.347192,-15.928137],[-51.257721,-15.969518]]]},"properties":{"cod_ibge":"521220","name":"Jussara","uf":"GO"}},
{"type":"Feature","geometry":{"type":"Polygon","coordinates":[[[-49.814765,-16.397429],[-49.818096,-16.422439],[-49.829994,-16.444722],[-49.82,-16.457909],[-49.846175,-16.492015],[-49.83047,-16.519299],[-49.79668,-16.51748],[-49.763842,-16.563863],[-49.730053,-16.580234],[-49.695312,-16.522027],[-49.690077,-16.50793],[-49.696739,-16.471096],[-49.738143,-16.467459],[-49.742902,-16.453816],[-49.770505,-16.434262],[-49.773361,-16.421985],[-49.814765,-16.397429]]]},"properties":{"cod_ibge":"520280","name":"Avelinópolis","uf":"GO"}},
{"type":"Feature","geometry":{"type":"Polygon","coordinates":[[[-51.44856,-19.16043],[-51.420006,-19.166342],[-51.394307,-19.196355],[-51.370035,-19.199538],[-51.364325,-19.22273],[-51.308643,-19.217728],[-51.307691,-19.232734],[-51.276757,-19.260473],[-51.242492,-19.269113],[-51.225359,-19.259109],[-51.186335,-19.270478],[-51.169202,-19.286848],[-51.143979,-19.286848],[-51.126846,-19.302764],[-51.092105,-19.307766],[-51.089249,-19.263202],[-51.102575,-19.214999],[-51.156828,-19.20545],[-51.166822,-19.189989],[-51.203467,-19.182713],[-51.221552,-19.152245],[-51.26486,-19.142696],[-51.271998,-19.120413],[-51.321017,-19.100859],[-51.328631,-19.075849],[-51.386216,-19.074485],[-51.426669,-19.062207],[-51.435711,-19.065844],[-51.46141,-19.123142],[-51.458079,-19.150881],[-51.44856,-19.16043]]]},"properties":{"cod_ibge":"521225","name":"Lagoa Santa","uf":"GO"}},
{"type":"Feature","geometry":{"type":"Polygon","coordinates":[[[-49.216071,-15.856288],[-49.127076,-15.62437],[-49.147064,-15.61573],[-49.167052,-15.627099],[-49.186565,-15.602088],[-49.211788,-15.567073],[-49.225589,-15.57253],[-49.238915,-15.553885],[-49.224637,-15.523872],[-49.229872,-15.504319],[-49.221782,-15.482946],[-49.236535,-15.454752],[-49.252716,-15.458845],[-49.282222,-15.437927],[-49.309349,-15.46612],[-49.314108,-15.493405],[-49.339332,-15.491586],[-49.352181,-15.500226],[-49.380736,-15.495679],[-49.431658,-15.494769],[-49.4407,-15.527965],[-49.455929,-15.533877],[-49.485912,-15.517051],[-49.504472,-15.516142],[-49.525888,-15.474761],[-49.544448,-15.467939],[-49.56872,-15.477489],[-49.573955,-15.506138],[-49.562057,-15.534786],[-49.55587,-15.579806],[-49.555394,-15.637103],[-49.556822,-15.683941],[-49.535882,-15.713954],[-49.544924,-15.755335],[-49.560629,-15.779436],[-49.578238,-15.79035],[-49.57681,-15.81627],[-49.607268,-15.883117],[-49.596322,-15.911311],[-49.573955,-15.925863],[-49.548256,-15.919951],[-49.541593,-15.93041],[-49.550635,-15.969518],[-49.532551,-15.978613],[-49.509231,-15.972701],[-49.465447,-16.004533],[-49.47211,-15.966335],[-49.468303,-15.946326],[-49.392633,-15.905854],[-49.363127,-15.903581],[-49.344091,-15.901762],[-49.331241,-15.873113],[-49.340283,-15.857197],[-49.305066,-15.82582],[-49.280319,-15.833551],[-49.26509,-15.827639],[-49.227493,-15.841281],[-49.216071,-15.856288]]]},"properties":{"cod_ibge":"521180","name":"Jaraguá","uf":"GO"}},
{"type":"Feature","geometry":{"type":"Polygon","coordinates":[[[-48.271868,-18.223211],[-48.227608,-18.199564],[-48.162884,-18.230941],[-48.130999,-18.230487],[-48.062468,-18.264137],[-48.047239,-18.245493],[-48.045335,-18.223211],[-48.009166,-18.179556],[-48.021539,-18.16273],[-48.042479,-18.157273],[-48.022967,-18.125896],[-48.024395,-18.096793],[-48.032961,-18.063142],[-48.051998,-18.061323],[-48.074365,-18.044953],[-48.096257,-17.999933],[-48.129095,-17.975832],[-48.148131,-17.979925],[-48.17383,-17.97083],[-48.209999,-17.99766],[-48.211903,-18.018578],[-48.225704,-18.035403],[-48.20762,-18.069509],[-48.235698,-18.083151],[-48.231415,-18.122258],[-48.261873,-18.124987],[-48.274247,-18.152271],[-48.278054,-18.182284],[-48.269012,-18.193198],[-48.271868,-18.223211]]]},"properties":{"cod_ibge":"520850","name":"Goiandira","uf":"GO"}},
{"type":"Feature","geometry":{"type":"Polygon","coordinates":[[[-49.69436,-14.465692],[-49.721962,-14.469784],[-49.726722,-14.484791],[-49.752897,-14.489338],[-49.772409,-14.507528],[-49.787162,-14.532993],[-49.821427,-14.550274],[-49.815717,-14.568008],[-49.822379,-14.602569],[-49.779547,-14.627579],[-49.770029,-14.649862],[-49.743378,-14.657592],[-49.730529,-14.693517],[-49.752897,-14.704885],[-49.773837,-14.742174],[-49.774312,-14.754907],[-49.776216,-14.783101],[-49.794777,-14.784465],[-49.792397,-14.808566],[-49.812861,-14.839943],[-49.813813,-14.889965],[-49.806674,-14.89724],[-49.819048,-14.933165],[-49.805247,-14.939076],[-49.7548,-14.907245],[-49.737192,-14.913611],[-49.70483,-14.879505],[-49.701498,-14.86359],[-49.674847,-14.860406],[-49.661046,-14.839943],[-49.645817,-14.840853],[-49.656287,-14.730805],[-49.664853,-14.704885],[-49.688649,-14.659866],[-49.708637,-14.633036],[-49.734812,-14.608935],[-49.697691,-14.602569],[-49.691028,-14.594838],[-49.634871,-14.578013],[-49.663426,-14.525263],[-49.66057,-14.481153],[-49.686269,-14.478879],[-49.69436,-14.465692]]]},"properties":{"cod_ibge":"520945","name":"Guarinos","uf":"GO"}},
{"type":"Feature","geometry":{"type":"Polygon","coordinates":[[[-48.49031,-17.002233],[-48.354676,-17.118192],[-48.338495,-17.143203],[-48.294711,-17.163211],[-48.269488,-17.184129],[-48.240933,-17.185039],[-48.225704,-17.199136],[-48.221897,-17.23597],[-48.18668,-17.274168],[-48.209048,-17.287355],[-48.199053,-17.310092],[-48.149083,-17.292357],[-48.119101,-17.273713],[-48.086739,-17.249157],[-48.087691,-17.234605],[-48.055329,-17.196862],[-48.031534,-17.193224],[-48.018684,-17.17367],[-47.99822,-17.125013],[-47.991557,-17.089088],[-47.951105,-17.044524],[-47.937304,-17.036793],[-47.918267,-17.004052],[-47.926834,-17.001324],[-48.002979,-16.950847],[-48.00631,-16.934477],[-48.034389,-16.922654],[-48.064847,-16.932658],[-48.079124,-16.92038],[-48.089119,-16.891276],[-48.077697,-16.878998],[-48.083408,-16.854443],[-48.076745,-16.8408],[-48.080076,-16.785322],[-48.104824,-16.765313],[-48.105299,-16.747579],[-48.156698,-16.735301],[-48.19477,-16.733936],[-48.214758,-16.742122],[-48.238078,-16.733936],[-48.256638,-16.738938],[-48.264253,-16.754854],[-48.255211,-16.774863],[-48.263301,-16.798509],[-48.30185,-16.810333],[-48.309464,-16.84171],[-48.34135,-16.864447],[-48.365622,-16.895824],[-48.363718,-16.907647],[-48.397508,-16.91947],[-48.41464,-16.936296],[-48.449382,-16.929929],[-48.471273,-16.950847],[-48.478412,-16.99041],[-48.49031,-17.002233]]]},"properties":{"cod_ibge":"521530","name":"Orizona","uf":"GO"}},
{"type":"Feature","geometry":{"type":"Polygon","coordinates":[[[-49.111847,-16.426987],[-49.112323,-16.47337],[-49.127076,-16.513387],[-49.113275,-16.537034],[-49.079961,-16.500655],[-49.068539,-16.467459],[-49.050931,-16.451543],[-49.019997,-16.445631],[-49.004292,-16.412435],[-48.981924,-16.405159],[-49.009051,-16.397883],[-49.024756,-16.41198],[-49.041888,-16.396974],[-49.048075,-16.376965],[-49.069015,-16.37742],[-49.097094,-16.393791],[-49.098522,-16.416982],[-49.111847,-16.426987]]]},"properties":{"cod_ibge":"522119","name":"Terezópolis de Goiás","uf":"GO"}},
{"type":"Feature","geometry":{"type":"Polygon","coordinates":[[[-48.654023,-18.342807],[-48.634034,-18.327801],[-48.602148,-18.334622],[-48.56122,-18.323708],[-48.554558,-18.3469],[-48.526003,-18.354176],[-48.515533,-18.366454],[-48.492689,-18.352812],[-48.46937,-18.370547],[-48.442243,-18.35645],[-48.399887,-18.37282],[-48.341826,-18.371001],[-48.355152,-18.341443],[-48.356103,-18.321889],[-48.324218,-18.302336],[-48.307561,-18.284146],[-48.32041,-18.25004],[-48.335639,-18.205931],[-48.377519,-18.150907],[-48.39608,-18.144541],[-48.397032,-18.12817],[-48.368477,-18.105888],[-48.368001,-18.089062],[-48.335163,-18.079513],[-48.320886,-18.053138],[-48.297091,-18.034494],[-48.318983,-17.986746],[-48.308513,-17.968101],[-48.314223,-17.943091],[-48.332308,-17.935815],[-48.347061,-17.945819],[-48.37276,-17.946729],[-48.388465,-17.938543],[-48.406074,-17.898981],[-48.411785,-17.856235],[-48.431297,-17.860783],[-48.451761,-17.8385],[-48.469846,-17.863966],[-48.491262,-17.86624],[-48.512202,-17.880337],[-48.506491,-17.9008],[-48.519816,-17.929449],[-48.519816,-17.983563],[-48.543612,-17.992657],[-48.538853,-18.030401],[-48.562172,-18.053593],[-48.61595,-18.06678],[-48.635462,-18.048136],[-48.659258,-18.066325],[-48.656402,-18.088153],[-48.692095,-18.094974],[-48.708276,-18.111799],[-48.703993,-18.151817],[-48.723029,-18.159092],[-48.715891,-18.176372],[-48.728264,-18.190469],[-48.72065,-18.204566],[-48.743018,-18.222301],[-48.785373,-18.241855],[-48.811548,-18.234579],[-48.823446,-18.244129],[-48.823922,-18.265956],[-48.842958,-18.270958],[-48.847242,-18.289603],[-48.866278,-18.296424],[-48.878176,-18.271413],[-48.898164,-18.269594],[-48.89626,-18.291877],[-48.917676,-18.305973],[-48.88817,-18.316887],[-48.872941,-18.332803],[-48.832013,-18.345991],[-48.828205,-18.375094],[-48.787277,-18.353266],[-48.771572,-18.358269],[-48.757771,-18.344626],[-48.742066,-18.352357],[-48.697806,-18.350083],[-48.654023,-18.342807]]]},"properties":{"cod_ibge":"520590","name":"Corumbaíba","uf":"GO"}},
{"type":"Feature","geometry":{"type":"Polygon","coordinates":[[[-49.462592,-15.43247],[-49.479725,-15.43247],[-49.52684,-15.451114],[-49.539213,-15.448386],[-49.544448,-15.467939],[-49.525888,-15.474761],[-49.504472,-15.516142],[-49.485912,-15.517051],[-49.455929,-15.533877],[-49.4407,-15.527965],[-49.431658,-15.494769],[-49.380736,-15.495679],[-49.352181,-15.500226],[-49.339332,-15.491586],[-49.343139,-15.464756],[-49.362175,-15.4402],[-49.409766,-15.438836],[-49.42214,-15.428377],[-49.462592,-15.43247]]]},"properties":{"cod_ibge":"521870","name":"Rianápolis","uf":"GO"}},
{"type":"Feature","geometry":{"type":"Polygon","coordinates":[[[-48.404646,-17.239608],[-48.374188,-17.26962],[-48.365622,-17.336012],[-48.376092,-17.36739],[-48.392273,-17.346471],[-48.41464,-17.342834],[-48.447002,-17.43651],[-48.437008,-17.470161],[-48.44605,-17.50654],[-48.459852,-17.511997],[-48.468418,-17.541555],[-48.486978,-17.565202],[-48.502208,-17.571568],[-48.466514,-17.601581],[-48.440815,-17.612495],[-48.405122,-17.566566],[-48.391797,-17.573387],[-48.364194,-17.513816],[-48.379899,-17.505176],[-48.371333,-17.474254],[-48.348965,-17.451516],[-48.311844,-17.448788],[-48.287097,-17.411499],[-48.268536,-17.396038],[-48.23903,-17.327372],[-48.20524,-17.327372],[-48.199053,-17.310092],[-48.209048,-17.287355],[-48.18668,-17.274168],[-48.221897,-17.23597],[-48.225704,-17.199136],[-48.240933,-17.185039],[-48.269488,-17.184129],[-48.294711,-17.163211],[-48.338495,-17.143203],[-48.354676,-17.118192],[-48.49031,-17.002233],[-48.512678,-17.039522],[-48.527907,-17.0518],[-48.537901,-17.077265],[-48.56122,-17.099548],[-48.573118,-17.129106],[-48.577877,-17.161847],[-48.591678,-17.180946],[-48.607383,-17.221873],[-48.45652,-17.200045],[-48.450809,-17.214142],[-48.404646,-17.239608]]]},"properties":{"cod_ibge":"521740","name":"Pires do Rio","uf":"GO"}},
{"type":"Feature","geometry":{"type":"Polygon","coordinates":[[[-48.703041,-17.496991],[-48.61595,-17.475163],[-48.601197,-17.482894],[-48.58216,-17.476072],[-48.550274,-17.481984],[-48.522672,-17.47971],[-48.510774,-17.505176],[-48.498876,-17.555197],[-48.502208,-17.571568],[-48.486978,-17.565202],[-48.468418,-17.541555],[-48.459852,-17.511997],[-48.44605,-17.50654],[-48.437008,-17.470161],[-48.447002,-17.43651],[-48.41464,-17.342834],[-48.422255,-17.320551],[-48.408453,-17.275532],[-48.428442,-17.260071],[-48.404646,-17.239608],[-48.450809,-17.214142],[-48.45652,-17.200045],[-48.607383,-17.221873],[-48.704469,-17.237789],[-48.754439,-17.27917],[-48.794416,-17.353747],[-48.808217,-17.411954],[-48.800603,-17.432417],[-48.784898,-17.438784],[-48.763006,-17.461521],[-48.754915,-17.481984],[-48.703041,-17.496991]]]},"properties":{"cod_ibge":"521920","name":"Santa Cruz de Goiás","uf":"GO"}},
{"type":"Feature","geometry":{"type":"MultiPolygon","coordinates":[[[[-46.50339,-14.703976],[-46.474835,-14.70534],[-46.463889,-14.729896],[-46.447232,-14.731715],[-46.423913,-14.755816],[-46.4044,-14.760364],[-46.378701,-14.78492],[-46.336345,-14.803109],[-46.322068,-14.814478],[-46.324924,-14.8454],[-46.300652,-14.858133],[-46.318261,-14.883143],[-46.319213,-14.900424],[-46.29399,-14.909973],[-46.286851,-14.928163],[-46.2602,-14.929982],[-46.232121,-14.922251],[-46.211181,-14.936803],[-46.172157,-14.947262],[-46.161687,-14.930891],[-46.118855,-14.920432],[-46.110289,-14.936803],[-46.087921,-14.936348],[-46.079355,-14.904971],[-46.067457,-14.909973],[-46.048421,-14.878141],[-46.039378,-14.875413],[-46.025101,-14.855859],[-46.041282,-14.826301],[-46.018438,-14.81857],[-46.002733,-14.795833],[-45.997022,-14.741264],[-46.005589,-14.688969],[-46.025101,-14.678056],[-46.164066,-14.666232],[-46.185482,-14.62667],[-46.212609,-14.608935],[-46.254489,-14.604388],[-46.281616,-14.567554],[-46.292086,-14.538905],[-46.319213,-14.523444],[-46.317309,-14.494795],[-46.333966,-14.453414],[-46.360617,-14.440681],[-46.381557,-14.445229],[-46.386316,-14.473422],[-46.397738,-14.476151],[-46.379177,-14.489338],[-46.376322,-14.518442],[-46.38822,-14.540269],[-46.380605,-14.569373],[-46.389171,-14.589836],[-46.412967,-14.615756],[-46.420581,-14.6344],[-46.442949,-14.634855],[-46.462937,-14.626215],[-46.486257,-14.64395],[-46.499582,-14.664413],[-46.50339,-14.703976]]],[[[-46.526233,-15.056399],[-46.502914,-15.050943],[-46.520522,-15.013654],[-46.530992,-15.005469],[-46.518143,-14.970454],[-46.540986,-14.951809],[-46.546221,-14.929072],[-46.540035,-14.891783],[-46.521474,-14.851312],[-46.531944,-14.830394],[-46.560499,-14.814932],[-46.619511,-14.81857],[-46.615228,-14.848583],[-46.604282,-14.86268],[-46.58715,-14.934984],[-46.567161,-14.975001],[-46.559547,-15.025932],[-46.526233,-15.056399]]]]},"properties":{"cod_ibge":"522070","name":"Sítio d'Abadia","uf":"GO"}},
{"type":"Feature","geometry":{"type":"Polygon","coordinates":[[[-49.727673,-16.671182],[-49.733384,-16.695738],[-49.745758,-16.70165],[-49.765746,-16.733482],[-49.761463,-16.748488],[-49.779547,-16.765313],[-49.781451,-16.783958],[-49.758132,-16.817154],[-49.752421,-16.853988],[-49.727673,-16.872632],[-49.738143,-16.884455],[-49.732908,-16.90219],[-49.684366,-16.873996],[-49.663902,-16.875361],[-49.620594,-16.843074],[-49.609648,-16.84171],[-49.598702,-16.802147],[-49.635347,-16.805785],[-49.63963,-16.771225],[-49.655335,-16.754854],[-49.653907,-16.739393],[-49.669612,-16.726206],[-49.690077,-16.6921],[-49.687221,-16.671182],[-49.701498,-16.664361],[-49.727673,-16.671182]]]},"properties":{"cod_ibge":"520460","name":"Campestre de Goiás","uf":"GO"}},
{"type":"Feature","geometry":{"type":"Polygon","coordinates":[[[-49.550635,-15.969518],[-49.541593,-15.93041],[-49.548256,-15.919951],[-49.573955,-15.925863],[-49.596322,-15.911311],[-49.607268,-15.883117],[-49.623449,-15.86993],[-49.642962,-15.872204],[-49.663902,-15.889484],[-49.681986,-15.865837],[-49.676275,-15.883117],[-49.683414,-15.901762],[-49.671516,-15.914949],[-49.682462,-15.939505],[-49.679131,-15.990436],[-49.684366,-16.007261],[-49.668185,-16.006352],[-49.651052,-15.98407],[-49.561581,-15.97543],[-49.550635,-15.969518]]]},"properties":{"cod_ibge":"521056","name":"Itaguari","uf":"GO"}},
{"type":"Feature","geometry":{"type":"Polygon","coordinates":[[[-50.800372,-14.902243],[-50.797041,-14.926344],[-50.771342,-14.956811],[-50.73898,-14.95863],[-50.717088,-14.950445],[-50.668546,-14.967725],[-50.648557,-14.983641],[-50.595256,-14.990007],[-50.576695,-15.021384],[-50.549092,-15.045486],[-50.50055,-15.054126],[-50.456766,-15.047759],[-50.401085,-15.027751],[-50.314945,-14.944079],[-50.303999,-14.897695],[-50.334457,-14.873139],[-50.344451,-14.833122],[-50.36206,-14.811294],[-50.379669,-14.813113],[-50.39585,-14.792195],[-50.407747,-14.80129],[-50.42488,-14.761728],[-50.445344,-14.743538],[-50.445344,-14.723984],[-50.504357,-14.71489],[-50.486272,-14.691243],[-50.506261,-14.682603],[-50.504833,-14.665323],[-50.521966,-14.648952],[-50.538146,-14.649407],[-50.552424,-14.611663],[-50.570508,-14.632582],[-50.580026,-14.668506],[-50.617147,-14.681693],[-50.637136,-14.674418],[-50.66569,-14.705795],[-50.691389,-14.698974],[-50.72042,-14.717618],[-50.780384,-14.684877],[-50.784191,-14.628034],[-50.84606,-14.609845],[-50.847963,-14.620304],[-50.865096,-14.640312],[-50.874614,-14.668051],[-50.855578,-14.676691],[-50.832258,-14.733079],[-50.838445,-14.758999],[-50.825596,-14.778553],[-50.830355,-14.819935],[-50.803704,-14.856314],[-50.807511,-14.870411],[-50.800372,-14.902243]]]},"properties":{"cod_ibge":"521400","name":"Mozarlândia","uf":"GO"}},
{"type":"Feature","geometry":{"type":"Polygon","coordinates":[[[-49.084244,-17.06044],[-49.055214,-17.053164],[-49.036178,-17.065897],[-49.01381,-17.067716],[-48.9824,-17.092272],[-48.955749,-17.073627],[-48.922911,-17.059076],[-48.90911,-17.064533],[-48.886742,-17.048162],[-48.861043,-17.048617],[-48.842483,-17.066806],[-48.800603,-17.180037],[-48.794416,-17.195498],[-48.760626,-17.169123],[-48.734927,-17.169123],[-48.704469,-17.160028],[-48.662113,-17.177308],[-48.637842,-17.165485],[-48.647836,-17.148205],[-48.637366,-17.134563],[-48.681625,-17.117737],[-48.679246,-17.10364],[-48.709228,-17.07772],[-48.7078,-17.049071],[-48.725409,-17.03361],[-48.776331,-17.00678],[-48.766337,-16.992684],[-48.780138,-16.973584],[-48.766813,-16.941753],[-48.779187,-16.922199],[-48.801078,-16.911285],[-48.800603,-16.87718],[-48.787753,-16.836708],[-48.787277,-16.822156],[-48.80203,-16.797145],[-48.827253,-16.797145],[-48.829633,-16.766223],[-48.856284,-16.751671],[-48.868182,-16.767587],[-48.889598,-16.796236],[-48.928146,-16.787596],[-48.933857,-16.793053],[-48.99049,-16.799874],[-49.002864,-16.820337],[-49.022376,-16.826703],[-49.039985,-16.81488],[-49.067112,-16.815335],[-49.061401,-16.787596],[-49.08472,-16.772135],[-49.127552,-16.799874],[-49.134215,-16.827613],[-49.154203,-16.823975],[-49.146112,-16.84171],[-49.153251,-16.862628],[-49.139926,-16.889003],[-49.13945,-16.900371],[-49.117082,-16.913559],[-49.121365,-16.932203],[-49.112799,-16.948574],[-49.093763,-16.958578],[-49.075202,-16.956759],[-49.058069,-16.983589],[-49.079009,-17.003597],[-49.093287,-17.035429],[-49.084244,-17.06044]]]},"properties":{"cod_ibge":"520330","name":"Bela Vista de Goiás","uf":"GO"}},
{"type":"Feature","geometry":{"type":"Polygon","coordinates":[[[-48.832964,-13.477996],[-48.836296,-13.530291],[-48.861995,-13.572127],[-48.873893,-13.57531],[-48.885314,-13.600321],[-48.921959,-13.621694],[-48.917676,-13.634427],[-48.928146,-13.667623],[-48.95908,-13.678991],[-48.973358,-13.699],[-48.970502,-13.721282],[-48.990966,-13.741291],[-48.977165,-13.76812],[-49.002388,-13.791767],[-48.992394,-13.810866],[-49.004292,-13.831784],[-49.025232,-13.850883],[-49.023804,-13.889991],[-48.987635,-13.908635],[-48.976213,-13.903178],[-48.936237,-13.935919],[-48.881507,-13.931827],[-48.866278,-13.888172],[-48.869609,-13.863616],[-48.834868,-13.840424],[-48.823922,-13.822234],[-48.799175,-13.822689],[-48.785849,-13.799497],[-48.806789,-13.771303],[-48.78347,-13.731741],[-48.788705,-13.710823],[-48.761102,-13.688541],[-48.725409,-13.667168],[-48.721602,-13.646705],[-48.701613,-13.638519],[-48.7078,-13.617601],[-48.725885,-13.607142],[-48.731596,-13.573037],[-48.771572,-13.530291],[-48.785849,-13.500278],[-48.788705,-13.472994],[-48.832964,-13.477996]]]},"properties":{"cod_ibge":"520810","name":"Formoso","uf":"GO"}},
{"type":"Feature","geometry":{"type":"Polygon","coordinates":[[[-48.874844,-16.400612],[-48.871037,-16.421075],[-48.852953,-16.430625],[-48.822494,-16.434717],[-48.800127,-16.458818],[-48.780138,-16.463821],[-48.750632,-16.499745],[-48.727788,-16.492469],[-48.698758,-16.492924],[-48.644504,-16.519299],[-48.596438,-16.528394],[-48.589775,-16.514297],[-48.555033,-16.510659],[-48.541232,-16.49929],[-48.558841,-16.471551],[-48.59501,-16.462002],[-48.605004,-16.444722],[-48.578829,-16.418801],[-48.541232,-16.417437],[-48.522672,-16.394245],[-48.516009,-16.339222],[-48.548847,-16.345588],[-48.558365,-16.33331],[-48.58454,-16.332855],[-48.618329,-16.309209],[-48.629275,-16.285108],[-48.651643,-16.291474],[-48.675914,-16.285108],[-48.690192,-16.292384],[-48.716843,-16.280106],[-48.770144,-16.289655],[-48.751584,-16.330582],[-48.763958,-16.35923],[-48.760626,-16.385605],[-48.799651,-16.384241],[-48.823446,-16.400157],[-48.874844,-16.400612]]]},"properties":{"cod_ibge":"520815","name":"Gameleira de Goiás","uf":"GO"}},
{"type":"Feature","geometry":{"type":"Polygon","coordinates":[[[-48.716843,-17.851688],[-48.733023,-17.832134],[-48.748253,-17.7953],[-48.738258,-17.750736],[-48.779187,-17.715266],[-48.823446,-17.72527],[-48.838199,-17.721177],[-48.846766,-17.745279],[-48.825826,-17.77802],[-48.818687,-17.821675],[-48.830109,-17.823949],[-48.84391,-17.852143],[-48.832013,-17.859419],[-48.846766,-17.908076],[-48.813452,-17.920808],[-48.794892,-17.919899],[-48.765385,-17.934451],[-48.733975,-17.923537],[-48.709228,-17.901709],[-48.716843,-17.851688]]]},"properties":{"cod_ibge":"521878","name":"Rio Quente","uf":"GO"}},
{"type":"Feature","geometry":{"type":"Polygon","coordinates":[[[-49.483532,-17.022696],[-49.457357,-17.040886],[-49.437845,-17.036339],[-49.423092,-17.047252],[-49.396441,-17.03361],[-49.382639,-17.040431],[-49.368362,-17.004052],[-49.373121,-16.978587],[-49.362175,-16.934932],[-49.363603,-16.892186],[-49.382639,-16.861264],[-49.384067,-16.831705],[-49.410718,-16.851714],[-49.437369,-16.860354],[-49.446887,-16.901281],[-49.468303,-16.912195],[-49.482104,-16.929929],[-49.479249,-16.981315],[-49.475917,-17.000414],[-49.483532,-17.022696]]]},"properties":{"cod_ibge":"520180","name":"Aragoiânia","uf":"GO"}},
{"type":"Feature","geometry":{"type":"Polygon","coordinates":[[[-50.505309,-16.005897],[-50.488652,-15.969973],[-50.468188,-15.956785],[-50.463905,-15.941779],[-50.497218,-15.898578],[-50.498646,-15.881753],[-50.514827,-15.871749],[-50.512923,-15.837189],[-50.503881,-15.822182],[-50.523869,-15.78262],[-50.57146,-15.760337],[-50.579551,-15.733053],[-50.620003,-15.723049],[-50.610009,-15.698493],[-50.617147,-15.645288],[-50.63666,-15.595721],[-50.655696,-15.575713],[-50.677588,-15.575713],[-50.698528,-15.541607],[-50.737552,-15.500226],[-50.737552,-15.493405],[-50.805607,-15.481127],[-50.827499,-15.472942],[-50.84368,-15.499316],[-50.872711,-15.497498],[-50.873186,-15.479308],[-50.901265,-15.473396],[-50.926964,-15.449295],[-51.119707,-15.437017],[-51.099719,-15.453388],[-51.085918,-15.494769],[-51.062122,-15.505228],[-51.056411,-15.535696],[-51.045465,-15.557068],[-51.048321,-15.576168],[-51.020242,-15.639831],[-51.026905,-15.651654],[-51.01929,-15.683941],[-51.000254,-15.715773],[-50.943621,-15.725777],[-50.941717,-15.736236],[-50.913163,-15.758064],[-50.909831,-15.77307],[-50.888416,-15.784439],[-50.828927,-15.789441],[-50.807035,-15.802628],[-50.781812,-15.843555],[-50.784191,-15.86902],[-50.77277,-15.879479],[-50.763727,-15.905854],[-50.77039,-15.928137],[-50.742311,-15.918132],[-50.742311,-15.899943],[-50.717564,-15.879479],[-50.710901,-15.899943],[-50.685678,-15.901762],[-50.683299,-15.952238],[-50.627141,-15.961333],[-50.604298,-15.999076],[-50.590972,-16.010445],[-50.587641,-16.036819],[-50.56099,-16.033182],[-50.505309,-16.005897]]]},"properties":{"cod_ibge":"521100","name":"Itapirapuã","uf":"GO"}},
{"type":"Feature","geometry":{"type":"Polygon","coordinates":[[[-50.160751,-14.000947],[-49.950875,-14.021865],[-49.938977,-14.006404],[-49.935646,-13.972753],[-49.924224,-13.959566],[-49.919941,-13.932281],[-49.942308,-13.914092],[-49.950875,-13.914092],[-49.97467,-13.884534],[-49.960869,-13.866344],[-49.960393,-13.848609],[-49.940881,-13.834058],[-49.942308,-13.802226],[-49.925176,-13.781762],[-49.920892,-13.759935],[-49.936122,-13.746747],[-49.959441,-13.744019],[-49.95611,-13.727648],[-49.9642,-13.702638],[-49.973718,-13.688541],[-50.023689,-13.686267],[-50.032731,-13.678991],[-50.054147,-13.705366],[-50.067472,-13.683539],[-50.091268,-13.679901],[-50.100786,-13.659892],[-50.138859,-13.678991],[-50.143142,-13.656709],[-50.186926,-13.641248],[-50.199299,-13.655799],[-50.239276,-13.653071],[-50.235468,-13.622149],[-50.255456,-13.545298],[-50.281156,-13.543479],[-50.372054,-13.557121],[-50.384904,-13.57531],[-50.412506,-13.543024],[-50.42488,-13.551664],[-50.443916,-13.543933],[-50.468664,-13.562578],[-50.459146,-13.588953],[-50.459621,-13.655345],[-50.476754,-13.671261],[-50.45867,-13.693998],[-50.474851,-13.710368],[-50.466284,-13.734015],[-50.484845,-13.746293],[-50.456766,-13.757661],[-50.441537,-13.771303],[-50.434398,-13.804045],[-50.422976,-13.824508],[-50.399181,-13.833603],[-50.370626,-13.853157],[-50.383952,-13.879986],[-50.366343,-13.910454],[-50.344927,-13.967296],[-50.323036,-13.983667],[-50.285439,-13.994126],[-50.160751,-14.000947]]]},"properties":{"cod_ibge":"521405","name":"Mundo Novo","uf":"GO"}},
{"type":"Feature","geometry":{"type":"Polygon","coordinates":[[[-49.276512,-17.472889],[-49.240342,-17.455154],[-49.228921,-17.431963],[-49.22321,-17.400586],[-49.247957,-17.361478],[-49.246529,-17.343743],[-49.19989,-17.353293],[-49.201318,-17.321461],[-49.187041,-17.307364],[-49.172287,-17.257342],[-49.184185,-17.212778],[-49.176571,-17.206866],[-49.193703,-17.177308],[-49.21036,-17.176399],[-49.215595,-17.150933],[-49.211312,-17.120011],[-49.224637,-17.082722],[-49.267469,-17.094545],[-49.320295,-17.12956],[-49.276512,-17.159118],[-49.272228,-17.181856],[-49.256999,-17.200045],[-49.262234,-17.228239],[-49.292692,-17.291903],[-49.297452,-17.316913],[-49.291265,-17.360568],[-49.299831,-17.372846],[-49.293644,-17.387398],[-49.301259,-17.413773],[-49.294596,-17.455154],[-49.276512,-17.472889]]]},"properties":{"cod_ibge":"521839","name":"Professor Jamil","uf":"GO"}},
{"type":"Feature","geometry":{"type":"Polygon","coordinates":[[[-47.198217,-13.861797],[-47.183464,-13.881805],[-47.171566,-13.915001],[-47.175373,-13.9532],[-47.19441,-13.965932],[-47.149674,-14.015954],[-47.141584,-14.050514],[-47.126355,-14.087803],[-47.113981,-14.096897],[-47.088758,-14.080527],[-47.038787,-14.03187],[-46.985485,-14.052333],[-46.994528,-14.081891],[-46.991196,-14.09235],[-46.960262,-14.088712],[-46.937419,-14.102809],[-46.922665,-14.076889],[-46.901725,-14.078708],[-46.876026,-14.033689],[-46.854135,-14.035053],[-46.842237,-14.04824],[-46.827484,-14.03187],[-46.831767,-14.008223],[-46.851279,-13.985941],[-46.837478,-13.968206],[-46.841285,-13.950016],[-46.837002,-13.910454],[-46.866984,-13.887717],[-46.857466,-13.869527],[-46.838905,-13.863161],[-46.825104,-13.844517],[-46.851279,-13.82951],[-46.848424,-13.819506],[-46.817965,-13.799043],[-46.837002,-13.763573],[-46.811779,-13.727194],[-46.789887,-13.726284],[-46.785128,-13.703092],[-46.799881,-13.695817],[-46.808447,-13.676263],[-46.799881,-13.655799],[-46.851279,-13.631698],[-46.850803,-13.614873],[-46.885069,-13.604414],[-46.904581,-13.585769],[-46.9279,-13.591226],[-46.946937,-13.561213],[-47.010709,-13.542114],[-47.051161,-13.526198],[-47.079715,-13.495276],[-47.080191,-13.475722],[-47.067818,-13.446164],[-47.10018,-13.432067],[-47.12683,-13.439798],[-47.127782,-13.465718],[-47.140156,-13.484817],[-47.143487,-13.510283],[-47.137776,-13.56667],[-47.154909,-13.621239],[-47.162524,-13.631243],[-47.157765,-13.671261],[-47.173945,-13.70673],[-47.19441,-13.722646],[-47.203452,-13.772668],[-47.191078,-13.795405],[-47.197265,-13.817232],[-47.191554,-13.834967],[-47.198217,-13.861797]]]},"properties":{"cod_ibge":"521490","name":"Nova Roma","uf":"GO"}},
{"type":"Feature","geometry":{"type":"Polygon","coordinates":[[[-48.346585,-13.862251],[-48.359435,-13.836331],[-48.382754,-13.824963],[-48.376568,-13.805409],[-48.3937,-13.796314],[-48.419875,-13.765847],[-48.437008,-13.758571],[-48.433677,-13.728558],[-48.455093,-13.709004],[-48.444623,-13.698545],[-48.466514,-13.66353],[-48.462231,-13.616692],[-48.476033,-13.610325],[-48.506967,-13.614418],[-48.533142,-13.596228],[-48.57169,-13.595319],[-48.592154,-13.629879],[-48.605956,-13.632153],[-48.642601,-13.618965],[-48.657354,-13.625787],[-48.662113,-13.645795],[-48.667348,-13.682174],[-48.71018,-13.713551],[-48.726837,-13.774941],[-48.748253,-13.79495],[-48.764433,-13.797678],[-48.784898,-13.816323],[-48.767765,-13.844062],[-48.780138,-13.879077],[-48.760626,-13.925006],[-48.734927,-13.940922],[-48.726837,-13.960021],[-48.733975,-13.990488],[-48.713035,-14.020501],[-48.719698,-14.044602],[-48.702089,-14.107811],[-48.722553,-14.128275],[-48.7078,-14.161471],[-48.688288,-14.153285],[-48.672107,-14.17193],[-48.614998,-14.178751],[-48.58216,-14.165109],[-48.567407,-14.134641],[-48.541708,-14.115542],[-48.52172,-14.125091],[-48.50078,-14.108266],[-48.495069,-14.079617],[-48.483647,-14.062337],[-48.474129,-14.020046],[-48.398459,-14.005495],[-48.357531,-13.975482],[-48.320886,-13.977301],[-48.318507,-13.939103],[-48.327073,-13.929098],[-48.327549,-13.900904],[-48.338971,-13.8909],[-48.346585,-13.862251]]]},"properties":{"cod_ibge":"520465","name":"Campinaçu","uf":"GO"}},
{"type":"Feature","geometry":{"type":"Polygon","coordinates":[[[-49.774312,-14.754907],[-49.773837,-14.742174],[-49.752897,-14.704885],[-49.730529,-14.693517],[-49.743378,-14.657592],[-49.770029,-14.649862],[-49.779547,-14.627579],[-49.822379,-14.602569],[-49.815717,-14.568008],[-49.821427,-14.550274],[-49.787162,-14.532993],[-49.772409,-14.507528],[-49.752897,-14.489338],[-49.726722,-14.484791],[-49.721962,-14.469784],[-49.69436,-14.465692],[-49.737667,-14.443864],[-49.728149,-14.42522],[-49.765746,-14.406121],[-49.779547,-14.366558],[-49.77812,-14.353826],[-49.800012,-14.319265],[-49.791921,-14.305623],[-49.815241,-14.316992],[-49.821427,-14.336091],[-49.839512,-14.343821],[-49.873777,-14.333362],[-49.901856,-14.338365],[-49.921368,-14.352462],[-49.927555,-14.388386],[-50.004177,-14.316537],[-50.035587,-14.300166],[-50.028448,-14.274701],[-50.046532,-14.261968],[-50.071756,-14.229682],[-50.099358,-14.228317],[-50.122202,-14.210583],[-50.120298,-14.166018],[-50.125533,-14.136005],[-50.143618,-14.125546],[-50.354446,-14.353371],[-50.337789,-14.374744],[-50.327795,-14.407485],[-50.312566,-14.437953],[-50.301144,-14.44341],[-50.302096,-14.498433],[-50.277348,-14.511621],[-50.269258,-14.542543],[-50.289246,-14.558459],[-50.294957,-14.582105],[-50.239276,-14.619394],[-50.234516,-14.649407],[-50.274493,-14.73217],[-50.302571,-14.739445],[-50.333506,-14.723984],[-50.422976,-14.735353],[-50.445344,-14.723984],[-50.445344,-14.743538],[-50.42488,-14.761728],[-50.407747,-14.80129],[-50.39585,-14.792195],[-50.379669,-14.813113],[-50.36206,-14.811294],[-50.344451,-14.833122],[-50.334457,-14.873139],[-50.303999,-14.897695],[-50.314945,-14.944079],[-50.292577,-14.943169],[-50.268782,-14.961359],[-50.243083,-14.969999],[-50.237372,-15.013654],[-50.208817,-15.031389],[-50.185498,-15.0373],[-50.185498,-15.055945],[-50.165986,-15.063675],[-50.154564,-15.080046],[-50.127913,-15.08141],[-50.109352,-15.121882],[-50.063665,-15.134615],[-50.054147,-15.123246],[-50.05843,-15.102328],[-50.05034,-15.065494],[-49.992755,-15.023203],[-49.968959,-15.02093],[-49.960869,-14.996374],[-49.906139,-14.979548],[-49.859024,-14.983186],[-49.843319,-14.967725],[-49.849982,-14.935893],[-49.824283,-14.782646],[-49.774312,-14.754907]]]},"properties":{"cod_ibge":"520640","name":"Crixás","uf":"GO"}},
{"type":"Feature","geometry":{"type":"Polygon","coordinates":[[[-48.062468,-18.264137],[-48.054853,-18.299152],[-48.01678,-18.303245],[-47.997744,-18.28642],[-47.965858,-18.293241],[-47.963003,-18.315068],[-47.938255,-18.32871],[-47.937779,-18.378277],[-47.976804,-18.383734],[-47.98775,-18.407835],[-48.024395,-18.423296],[-48.026774,-18.436029],[-47.996792,-18.453309],[-47.981087,-18.44285],[-47.976328,-18.477865],[-47.954436,-18.500148],[-47.91446,-18.466497],[-47.887809,-18.477411],[-47.863062,-18.46968],[-47.864489,-18.449217],[-47.860682,-18.440122],[-47.855447,-18.41784],[-47.865917,-18.404197],[-47.852116,-18.360997],[-47.870676,-18.344172],[-47.911129,-18.33826],[-47.910177,-18.326892],[-47.878291,-18.296879],[-47.874959,-18.283236],[-47.878767,-18.245948],[-47.862586,-18.217299],[-47.861634,-18.197291],[-47.835459,-18.149998],[-47.79691,-18.124077],[-47.758838,-18.117711],[-47.711247,-18.130898],[-47.685548,-18.11862],[-47.664132,-18.074511],[-47.674126,-18.067235],[-47.669367,-18.041315],[-47.633198,-18.05814],[-47.605119,-18.028582],[-47.593221,-17.997205],[-47.560859,-17.983108],[-47.497564,-18.028127],[-47.491377,-18.059049],[-47.476624,-18.079058],[-47.43284,-18.10998],[-47.408093,-18.141812],[-47.391912,-18.116802],[-47.37002,-18.115892],[-47.324333,-18.069963],[-47.283404,-18.057685],[-47.283404,-18.04086],[-47.29673,-18.009483],[-47.309579,-18.007209],[-47.322905,-17.983563],[-47.313863,-17.963099],[-47.334803,-17.947638],[-47.341941,-17.900345],[-47.356694,-17.893979],[-47.35717,-17.854871],[-47.371448,-17.829406],[-47.354791,-17.815309],[-47.348128,-17.785296],[-47.335754,-17.762559],[-47.342417,-17.745733],[-47.316718,-17.72527],[-47.313863,-17.699805],[-47.295778,-17.682525],[-47.272459,-17.673884],[-47.279121,-17.642507],[-47.264844,-17.611585],[-47.289115,-17.570204],[-47.312911,-17.543374],[-47.325284,-17.52382],[-47.374779,-17.523365],[-47.400478,-17.511997],[-47.449973,-17.532915],[-47.467105,-17.533824],[-47.477099,-17.512906],[-47.491377,-17.518818],[-47.508985,-17.501083],[-47.50375,-17.482439],[-47.513269,-17.46334],[-47.536588,-17.456973],[-47.54801,-17.473799],[-47.542775,-17.48835],[-47.562763,-17.510633],[-47.555624,-17.534734],[-47.586083,-17.544738],[-47.601788,-17.574751],[-47.588938,-17.589758],[-47.615589,-17.599762],[-47.628914,-17.62068],[-47.637005,-17.666609],[-47.619396,-17.695257],[-47.617017,-17.734365],[-47.643668,-17.797574],[-47.658897,-17.823494],[-47.675554,-17.835772],[-47.710771,-17.842138],[-47.74456,-17.830315],[-47.754079,-17.798029],[-47.783109,-17.8385],[-47.802621,-17.8576],[-47.803573,-17.87488],[-47.833079,-17.883974],[-47.862586,-17.90944],[-47.918267,-17.913078],[-47.938731,-17.896707],[-47.982515,-17.898071],[-48.039624,-17.923082],[-48.056281,-17.913078],[-48.087691,-17.913078],[-48.103396,-17.928994],[-48.121004,-17.920808],[-48.137661,-17.943091],[-48.17383,-17.97083],[-48.148131,-17.979925],[-48.129095,-17.975832],[-48.096257,-17.999933],[-48.074365,-18.044953],[-48.051998,-18.061323],[-48.032961,-18.063142],[-48.024395,-18.096793],[-48.022967,-18.125896],[-48.042479,-18.157273],[-48.021539,-18.16273],[-48.009166,-18.179556],[-48.045335,-18.223211],[-48.047239,-18.245493],[-48.062468,-18.264137]]]},"properties":{"cod_ibge":"520510","name":"Catalão","uf":"GO"}},
{"type":"Feature","geometry":{"type":"Polygon","coordinates":[[[-49.41167,-17.65524],[-49.433562,-17.634322],[-49.464972,-17.640688],[-49.47449,-17.652512],[-49.502092,-17.65615],[-49.513038,-17.670701],[-49.508279,-17.749826],[-49.459737,-17.75119],[-49.432134,-17.739822],[-49.445935,-17.722542],[-49.419284,-17.712537],[-49.40929,-17.670701],[-49.41167,-17.65524]]]},"properties":{"cod_ibge":"520050","name":"Aloândia","uf":"GO"}},
{"type":"Feature","geometry":{"type":"Polygon","coordinates":[[[-49.560629,-14.199214],[-49.52684,-14.210583],[-49.49543,-14.230136],[-49.457833,-14.290617],[-49.432134,-14.260604],[-49.424043,-14.26788],[-49.381687,-14.251509],[-49.364079,-14.262878],[-49.325054,-14.256511],[-49.316012,-14.240595],[-49.278891,-14.221042],[-49.27556,-14.17966],[-49.311253,-14.13646],[-49.336952,-14.125546],[-49.364079,-14.123727],[-49.389302,-14.084165],[-49.387874,-14.066885],[-49.430706,-14.067339],[-49.455453,-14.082801],[-49.521129,-14.082346],[-49.571099,-14.099626],[-49.592991,-14.126456],[-49.573479,-14.128729],[-49.545876,-14.169201],[-49.560629,-14.199214]]]},"properties":{"cod_ibge":"520055","name":"Alto Horizonte","uf":"GO"}},
{"type":"Feature","geometry":{"type":"Polygon","coordinates":[[[-48.852001,-16.65663],[-48.832488,-16.658449],[-48.803934,-16.632075],[-48.783946,-16.632075],[-48.722078,-16.686189],[-48.717318,-16.675275],[-48.718746,-16.618432],[-48.725885,-16.604335],[-48.754915,-16.6057],[-48.784898,-16.588419],[-48.794892,-16.558407],[-48.812976,-16.545674],[-48.837248,-16.505202],[-48.861519,-16.489286],[-48.861995,-16.455181],[-48.882935,-16.441993],[-48.900543,-16.418801],[-48.997153,-16.486103],[-49.002864,-16.501109],[-48.997153,-16.529758],[-49.007623,-16.55204],[-48.992394,-16.579779],[-48.963839,-16.566592],[-48.946707,-16.6057],[-48.950038,-16.628891],[-48.979544,-16.651174],[-49.003816,-16.64026],[-49.012382,-16.660268],[-48.975261,-16.69301],[-48.920056,-16.692555],[-48.902923,-16.664816],[-48.876272,-16.63935],[-48.858663,-16.631165],[-48.852001,-16.65663]]]},"properties":{"cod_ibge":"521230","name":"Leopoldo de Bulhões","uf":"GO"}},
{"type":"Feature","geometry":{"type":"Polygon","coordinates":[[[-49.227969,-16.319668],[-49.211312,-16.341495],[-49.193227,-16.346498],[-49.183709,-16.32467],[-49.165149,-16.314211],[-49.176571,-16.29011],[-49.178474,-16.263735],[-49.152775,-16.250547],[-49.143733,-16.222808],[-49.155155,-16.19325],[-49.166577,-16.190522],[-49.188944,-16.142319],[-49.207505,-16.164147],[-49.216071,-16.190976],[-49.272704,-16.217351],[-49.310777,-16.230539],[-49.287933,-16.233267],[-49.27556,-16.267828],[-49.306018,-16.309209],[-49.287933,-16.321942],[-49.227969,-16.319668]]]},"properties":{"cod_ibge":"521540","name":"Ouro Verde de Goiás","uf":"GO"}},
{"type":"Feature","geometry":{"type":"Polygon","coordinates":[[[-49.607268,-15.883117],[-49.57681,-15.81627],[-49.578238,-15.79035],[-49.560629,-15.779436],[-49.544924,-15.755335],[-49.535882,-15.713954],[-49.556822,-15.683941],[-49.555394,-15.637103],[-49.602033,-15.679394],[-49.624877,-15.686669],[-49.645817,-15.710316],[-49.643437,-15.738055],[-49.657715,-15.768068],[-49.678655,-15.778527],[-49.680082,-15.811723],[-49.689601,-15.827184],[-49.679131,-15.85265],[-49.681986,-15.865837],[-49.663902,-15.889484],[-49.642962,-15.872204],[-49.623449,-15.86993],[-49.607268,-15.883117]]]},"properties":{"cod_ibge":"521060","name":"Itaguaru","uf":"GO"}},
{"type":"Feature","geometry":{"type":"Polygon","coordinates":[[[-49.32791,-16.556588],[-49.310301,-16.529758],[-49.263186,-16.516116],[-49.250337,-16.489741],[-49.213692,-16.453816],[-49.280319,-16.398793],[-49.297927,-16.437446],[-49.322199,-16.437446],[-49.341235,-16.471551],[-49.361699,-16.48292],[-49.364079,-16.509295],[-49.347898,-16.514297],[-49.32791,-16.556588]]]},"properties":{"cod_ibge":"521973","name":"Santo Antônio de Goiás","uf":"GO"}},
{"type":"Feature","geometry":{"type":"Polygon","coordinates":[[[-49.791921,-14.305623],[-49.800012,-14.319265],[-49.77812,-14.353826],[-49.779547,-14.366558],[-49.765746,-14.406121],[-49.728149,-14.42522],[-49.737667,-14.443864],[-49.69436,-14.465692],[-49.686269,-14.478879],[-49.66057,-14.481153],[-49.663426,-14.525263],[-49.634871,-14.578013],[-49.643913,-14.628489],[-49.632016,-14.646224],[-49.625353,-14.674872],[-49.565864,-14.641676],[-49.570623,-14.614392],[-49.553491,-14.588926],[-49.553491,-14.570282],[-49.538262,-14.53845],[-49.548256,-14.498888],[-49.537786,-14.466601],[-49.522081,-14.475696],[-49.500189,-14.462963],[-49.472586,-14.462963],[-49.496857,-14.255147],[-49.561581,-14.232865],[-49.556346,-14.237867],[-49.563961,-14.276975],[-49.575382,-14.288343],[-49.635347,-14.292891],[-49.663426,-14.300621],[-49.696739,-14.341093],[-49.708161,-14.330179],[-49.703402,-14.304714],[-49.752897,-14.286069],[-49.769077,-14.252873],[-49.705306,-14.211492],[-49.750993,-14.164199],[-49.749565,-14.147828],[-49.732432,-14.108721],[-49.74433,-14.080072],[-49.752897,-14.05688],[-49.745282,-14.046421],[-49.795728,-14.008223],[-49.807626,-13.978665],[-49.798108,-13.96093],[-49.819048,-13.940012],[-49.831897,-13.955019],[-49.856169,-13.947743],[-49.851886,-13.971844],[-49.881868,-13.984577],[-49.873302,-14.009587],[-49.884247,-14.030505],[-49.873777,-14.044148],[-49.897097,-14.068249],[-49.868542,-14.084619],[-49.881392,-14.097807],[-49.836657,-14.124637],[-49.830946,-14.148283],[-49.84903,-14.176932],[-49.845699,-14.196031],[-49.817144,-14.200124],[-49.806674,-14.221496],[-49.824759,-14.231501],[-49.822379,-14.256511],[-49.811433,-14.265151],[-49.791921,-14.305623]]]},"properties":{"cod_ibge":"521970","name":"Santa Terezinha de Goiás","uf":"GO"}},
{"type":"Feature","geometry":{"type":"Polygon","coordinates":[[[-50.617623,-17.376484],[-50.633804,-17.403769],[-50.654744,-17.40968],[-50.646178,-17.456973],[-50.672829,-17.482894],[-50.691865,-17.480165],[-50.701383,-17.498809],[-50.729462,-17.508814],[-50.749926,-17.528368],[-50.755161,-17.54974],[-50.749926,-17.582027],[-50.735649,-17.59385],[-50.708998,-17.634777],[-50.701383,-17.660697],[-50.672829,-17.656604],[-50.66569,-17.643417],[-50.637136,-17.625227],[-50.610485,-17.626137],[-50.590496,-17.607947],[-50.559562,-17.596579],[-50.545761,-17.581117],[-50.560038,-17.547012],[-50.5529,-17.535643],[-50.528628,-17.534279],[-50.516255,-17.522001],[-50.525297,-17.491534],[-50.526725,-17.430598],[-50.570508,-17.407407],[-50.590021,-17.408771],[-50.599063,-17.383305],[-50.617623,-17.376484]]]},"properties":{"cod_ibge":"521971","name":"Santo Antônio da Barra","uf":"GO"}},
{"type":"Feature","geometry":{"type":"Polygon","coordinates":[[[-52.223816,-17.81258],[-52.19193,-17.826677],[-52.192882,-17.875789],[-52.201924,-17.888522],[-52.192406,-17.943091],[-52.159569,-17.977651],[-52.164328,-18.002207],[-52.140056,-18.026763],[-52.114357,-18.03131],[-52.080568,-18.045407],[-52.039164,-18.074056],[-52.021555,-18.114983],[-52.029645,-18.133172],[-52.009657,-18.151817],[-51.977771,-18.160002],[-51.92209,-18.157273],[-51.900198,-18.135901],[-51.84642,-18.139084],[-51.844041,-18.160911],[-51.825956,-18.212752],[-51.799781,-18.212297],[-51.785504,-18.262773],[-51.737437,-18.243219],[-51.653677,-18.287329],[-51.642731,-18.32962],[-51.665099,-18.33917],[-51.68366,-18.359633],[-51.648442,-18.391465],[-51.651774,-18.429663],[-51.630358,-18.472408],[-51.6394,-18.496055],[-51.597996,-18.503331],[-51.571345,-18.526523],[-51.555164,-18.524249],[-51.529941,-18.538346],[-51.505194,-18.51288],[-51.502814,-18.494691],[-51.382409,-18.361452],[-51.381933,-18.316432],[-51.366228,-18.280508],[-51.416675,-18.244584],[-51.437139,-18.24231],[-51.455699,-18.221392],[-51.44856,-18.212752],[-51.449988,-18.177282],[-51.435711,-18.161821],[-51.39859,-18.172735],[-51.372415,-18.195926],[-51.337674,-18.195926],[-51.323396,-18.17228],[-51.318161,-18.124077],[-51.286275,-18.081787],[-51.238685,-18.082241],[-51.225359,-18.103159],[-51.201088,-18.103159],[-51.195853,-18.11862],[-51.1554,-18.131353],[-51.1554,-18.104524],[-51.166346,-18.070418],[-51.191094,-18.052228],[-51.191094,-18.029037],[-51.213461,-18.008573],[-51.20775,-17.973104],[-51.23345,-17.939453],[-51.23107,-17.916716],[-51.242016,-17.885793],[-51.281516,-17.886248],[-51.2858,-17.863966],[-51.327204,-17.862147],[-51.346716,-17.87488],[-51.386216,-17.868059],[-51.399542,-17.850324],[-51.441422,-17.817582],[-51.455223,-17.799393],[-51.465217,-17.767561],[-51.484254,-17.747552],[-51.514236,-17.748007],[-51.523278,-17.731636],[-51.554688,-17.726634],[-51.582291,-17.687527],[-51.63131,-17.667973],[-51.637972,-17.652512],[-51.607038,-17.604309],[-51.650822,-17.57748],[-51.66272,-17.55929],[-51.687943,-17.547467],[-51.703172,-17.52473],[-51.69413,-17.496991],[-51.721732,-17.478801],[-51.723636,-17.43651],[-51.718401,-17.414683],[-51.729823,-17.371482],[-51.715545,-17.360568],[-51.716973,-17.337377],[-51.701268,-17.294631],[-51.686039,-17.274623],[-51.738389,-17.277351],[-51.758377,-17.284627],[-51.77789,-17.318278],[-51.813107,-17.312821],[-51.839758,-17.29645],[-51.847848,-17.322825],[-51.874975,-17.33192],[-51.894011,-17.362387],[-51.954928,-17.358295],[-51.949693,-17.394219],[-51.960163,-17.431508],[-51.980627,-17.455154],[-51.995856,-17.48835],[-52.026314,-17.491079],[-51.990145,-17.566111],[-52.006802,-17.597033],[-52.006326,-17.617042],[-51.993476,-17.644781],[-52.04535,-17.632958],[-52.053917,-17.642962],[-52.096273,-17.650238],[-52.144339,-17.637051],[-52.234286,-17.638415],[-52.282353,-17.600217],[-52.307576,-17.58612],[-52.303293,-17.609311],[-52.213822,-17.676613],[-52.23619,-17.704807],[-52.243329,-17.728908],[-52.219057,-17.75983],[-52.230955,-17.777565],[-52.275214,-17.774837],[-52.274263,-17.790753],[-52.223816,-17.81258]]]},"properties":{"cod_ibge":"521190","name":"Jataí","uf":"GO"}},
{"type":"Feature","geometry":{"type":"Polygon","coordinates":[[[-48.084835,-16.049552],[-48.277578,-16.049552],[-48.272343,-16.010899],[-48.259494,-15.984524],[-48.251403,-15.937686],[-48.274723,-15.909492],[-48.277103,-15.875841],[-48.285669,-15.844919],[-48.281862,-15.830822],[-48.313272,-15.821727],[-48.377519,-15.821273],[-48.3937,-15.867656],[-48.405122,-15.874477],[-48.417972,-15.913585],[-48.422731,-15.948145],[-48.407978,-15.977249],[-48.371808,-15.997712],[-48.365146,-16.02727],[-48.369429,-16.072289],[-48.350393,-16.118673],[-48.353248,-16.180517],[-48.372284,-16.199162],[-48.363242,-16.241453],[-48.328977,-16.260097],[-48.32041,-16.285108],[-48.323742,-16.318304],[-48.305657,-16.321942],[-48.260922,-16.314666],[-48.240933,-16.325125],[-48.201909,-16.312392],[-48.188583,-16.250547],[-48.174306,-16.214623],[-48.140517,-16.169149],[-48.144324,-16.163237],[-48.147655,-16.095936],[-48.116245,-16.073199],[-48.10054,-16.069561],[-48.084835,-16.049552]]]},"properties":{"cod_ibge":"521975","name":"Santo Antônio do Descoberto","uf":"GO"}},
{"type":"Feature","geometry":{"type":"Polygon","coordinates":[[[-51.231546,-16.505202],[-51.183479,-16.530213],[-51.148738,-16.511114],[-51.0764,-16.517935],[-51.064026,-16.548857],[-51.026429,-16.56932],[-51.031664,-16.625253],[-50.99835,-16.632984],[-50.975031,-16.626618],[-50.946476,-16.585691],[-50.959802,-16.571139],[-50.968368,-16.531577],[-50.988832,-16.528848],[-51.001682,-16.502474],[-50.996923,-16.487012],[-50.977411,-16.477463],[-50.968368,-16.459273],[-50.964561,-16.421985],[-50.946952,-16.397883],[-50.975983,-16.416982],[-51.01358,-16.413799],[-51.03452,-16.399702],[-51.028809,-16.364687],[-51.051652,-16.353773],[-51.068309,-16.33422],[-51.066405,-16.30648],[-51.117804,-16.30648],[-51.369084,-16.284653],[-51.412391,-16.276013],[-51.410488,-16.302843],[-51.43,-16.320123],[-51.432855,-16.350136],[-51.420958,-16.363323],[-51.41715,-16.392881],[-51.396686,-16.419711],[-51.361945,-16.439719],[-51.33339,-16.477463],[-51.277233,-16.447905],[-51.265335,-16.47337],[-51.242968,-16.486558],[-51.231546,-16.505202]]]},"properties":{"cod_ibge":"521020","name":"Iporá","uf":"GO"}},
{"type":"Feature","geometry":{"type":"Polygon","coordinates":[[[-49.301735,-17.506995],[-49.257951,-17.518818],[-49.2313,-17.509269],[-49.194179,-17.534734],[-49.154203,-17.544284],[-49.125172,-17.530187],[-49.107564,-17.544284],[-49.089003,-17.543374],[-49.079009,-17.521546],[-49.059497,-17.539736],[-48.977641,-17.572932],[-48.962412,-17.569294],[-48.928146,-17.599762],[-48.925291,-17.565656],[-48.896736,-17.531551],[-48.855808,-17.560199],[-48.819163,-17.564747],[-48.813452,-17.572023],[-48.759674,-17.569294],[-48.73921,-17.554743],[-48.727788,-17.534279],[-48.713987,-17.540646],[-48.69733,-17.526549],[-48.703041,-17.496991],[-48.754915,-17.481984],[-48.763006,-17.461521],[-48.784898,-17.438784],[-48.800603,-17.432417],[-48.808217,-17.411954],[-48.794416,-17.353747],[-48.805362,-17.312821],[-48.783946,-17.288265],[-48.784898,-17.27826],[-48.810597,-17.225056],[-48.800127,-17.216416],[-48.800603,-17.180037],[-48.842483,-17.066806],[-48.861043,-17.048617],[-48.886742,-17.048162],[-48.90911,-17.064533],[-48.922911,-17.059076],[-48.955749,-17.073627],[-48.9824,-17.092272],[-49.01381,-17.067716],[-49.036178,-17.065897],[-49.055214,-17.053164],[-49.084244,-17.06044],[-49.107564,-17.07772],[-49.121365,-17.105914],[-49.109467,-17.135472],[-49.144209,-17.131379],[-49.175619,-17.119556],[-49.193227,-17.135472],[-49.224637,-17.082722],[-49.211312,-17.120011],[-49.215595,-17.150933],[-49.21036,-17.176399],[-49.193703,-17.177308],[-49.176571,-17.206866],[-49.184185,-17.212778],[-49.172287,-17.257342],[-49.187041,-17.307364],[-49.201318,-17.321461],[-49.19989,-17.353293],[-49.246529,-17.343743],[-49.247957,-17.361478],[-49.22321,-17.400586],[-49.228921,-17.431963],[-49.240342,-17.455154],[-49.276512,-17.472889],[-49.290789,-17.506995],[-49.301735,-17.506995]]]},"properties":{"cod_ibge":"521710","name":"Piracanjuba","uf":"GO"}},
{"type":"Feature","geometry":{"type":"Polygon","coordinates":[[[-51.829764,-16.083203],[-51.79645,-16.100483],[-51.78598,-16.142774],[-51.76266,-16.172332],[-51.73363,-16.199617],[-51.72316,-16.229629],[-51.708883,-16.227356],[-51.672238,-16.257369],[-51.666051,-16.280106],[-51.67319,-16.323306],[-51.667003,-16.339677],[-51.648442,-16.350136],[-51.650346,-16.365142],[-51.637972,-16.384696],[-51.615129,-16.396974],[-51.65796,-16.407433],[-51.674141,-16.419256],[-51.66843,-16.443812],[-51.652725,-16.462002],[-51.654629,-16.476099],[-51.6394,-16.492015],[-51.609894,-16.542491],[-51.569441,-16.55295],[-51.573725,-16.574322],[-51.602279,-16.602516],[-51.581339,-16.632529],[-51.577056,-16.662542],[-51.541839,-16.612066],[-51.509001,-16.582508],[-51.502814,-16.567956],[-51.509953,-16.546583],[-51.468549,-16.527939],[-51.456651,-16.528848],[-51.423337,-16.497017],[-51.422385,-16.483829],[-51.400494,-16.467913],[-51.378126,-16.46473],[-51.375746,-16.445176],[-51.398114,-16.441538],[-51.396686,-16.419711],[-51.41715,-16.392881],[-51.420958,-16.363323],[-51.432855,-16.350136],[-51.43,-16.320123],[-51.466169,-16.324215],[-51.466169,-16.305571],[-51.52185,-16.287381],[-51.540887,-16.266463],[-51.554212,-16.22781],[-51.59752,-16.230539],[-51.610845,-16.210076],[-51.61608,-16.18461],[-51.644635,-16.161418],[-51.64749,-16.138681],[-51.674141,-16.129587],[-51.717925,-16.094572],[-51.721256,-16.08002],[-51.757425,-16.08866],[-51.767895,-16.078656],[-51.798354,-16.029544],[-51.820721,-16.034091],[-51.834523,-16.060921],[-51.829764,-16.083203]]]},"properties":{"cod_ibge":"520235","name":"Arenópolis","uf":"GO"}},
{"type":"Feature","geometry":{"type":"Polygon","coordinates":[[[-49.176571,-14.132367],[-49.187041,-14.159652],[-49.177522,-14.198759],[-49.16039,-14.212402],[-49.17086,-14.272427],[-49.164197,-14.2938],[-49.171336,-14.321994],[-49.186565,-14.337],[-49.187517,-14.371106],[-49.196083,-14.38202],[-49.177047,-14.385203],[-49.135642,-14.374289],[-49.086148,-14.333362],[-49.073774,-14.298347],[-49.009051,-14.091441],[-48.799175,-14.061428],[-48.780138,-13.879077],[-48.767765,-13.844062],[-48.784898,-13.816323],[-48.764433,-13.797678],[-48.748253,-13.79495],[-48.726837,-13.774941],[-48.71018,-13.713551],[-48.667348,-13.682174],[-48.662113,-13.645795],[-48.701613,-13.638519],[-48.721602,-13.646705],[-48.725409,-13.667168],[-48.761102,-13.688541],[-48.788705,-13.710823],[-48.78347,-13.731741],[-48.806789,-13.771303],[-48.785849,-13.799497],[-48.799175,-13.822689],[-48.823922,-13.822234],[-48.834868,-13.840424],[-48.869609,-13.863616],[-48.866278,-13.888172],[-48.881507,-13.931827],[-48.903399,-13.958656],[-48.929098,-13.965478],[-48.915297,-13.985031],[-48.914345,-14.003676],[-48.965743,-14.035053],[-49.01381,-14.025503],[-49.025232,-14.011861],[-49.063304,-14.017773],[-49.113275,-14.006859],[-49.120413,-14.019137],[-49.174667,-14.024594],[-49.173239,-14.050969],[-49.178474,-14.09326],[-49.165625,-14.102809],[-49.176571,-14.132367]]]},"properties":{"cod_ibge":"520470","name":"Campinorte","uf":"GO"}},
{"type":"Feature","geometry":{"type":"Polygon","coordinates":[[[-49.140877,-13.860433],[-49.159438,-13.833148],[-49.158962,-13.782217],[-49.173239,-13.771758],[-49.179902,-13.73356],[-49.161342,-13.698545],[-49.1266,-13.682174],[-49.114702,-13.674898],[-49.120413,-13.638974],[-49.112799,-13.61942],[-49.09519,-13.615782],[-49.076154,-13.57622],[-49.083768,-13.556666],[-49.120413,-13.557576],[-49.146588,-13.584405],[-49.1918,-13.588498],[-49.213692,-13.581677],[-49.240342,-13.592136],[-49.25462,-13.586679],[-49.266993,-13.563942],[-49.300307,-13.563032],[-49.31744,-13.574401],[-49.341235,-13.565306],[-49.363603,-13.568944],[-49.307922,-13.697181],[-49.321723,-13.694907],[-49.336476,-13.711278],[-49.357892,-13.710368],[-49.372169,-13.694452],[-49.391206,-13.699909],[-49.429754,-13.665349],[-49.454026,-13.667168],[-49.47211,-13.684903],[-49.486387,-13.682174],[-49.536834,-13.713551],[-49.549683,-13.741745],[-49.540165,-13.751295],[-49.558726,-13.769484],[-49.574431,-13.766756],[-49.563009,-13.793586],[-49.525888,-13.834967],[-49.508755,-13.826782],[-49.479249,-13.828601],[-49.457833,-13.81223],[-49.441652,-13.823144],[-49.410242,-13.815868],[-49.399772,-13.793131],[-49.370266,-13.789038],[-49.360272,-13.772213],[-49.333621,-13.765392],[-49.300307,-13.780398],[-49.298403,-13.805864],[-49.314108,-13.831329],[-49.320295,-13.85634],[-49.334097,-13.869982],[-49.224637,-13.865435],[-49.140877,-13.860433]]]},"properties":{"cod_ibge":"521410","name":"Mutunópolis","uf":"GO"}},
{"type":"Feature","geometry":{"type":"Polygon","coordinates":[[[-49.249385,-18.522885],[-49.228445,-18.47923],[-49.201318,-18.46104],[-49.194179,-18.441486],[-49.210836,-18.423296],[-49.159438,-18.416475],[-49.156107,-18.406926],[-49.126124,-18.384189],[-49.114227,-18.397376],[-49.079009,-18.416475],[-49.053786,-18.402378],[-49.041888,-18.376458],[-49.029515,-18.368728],[-49.006195,-18.374185],[-48.981448,-18.35645],[-48.970978,-18.330529],[-48.959556,-18.323254],[-48.980496,-18.296879],[-48.995249,-18.261409],[-48.995725,-18.239581],[-49.01143,-18.20775],[-49.050931,-18.199564],[-49.079009,-18.18001],[-49.093287,-18.155454],[-49.100901,-18.107707],[-49.122317,-18.106797],[-49.155631,-18.131353],[-49.184185,-18.168642],[-49.22083,-18.175918],[-49.247957,-18.168187],[-49.252716,-18.179101],[-49.255096,-18.196836],[-49.237011,-18.217754],[-49.25462,-18.230487],[-49.285554,-18.229577],[-49.297452,-18.245948],[-49.327434,-18.266866],[-49.344567,-18.289603],[-49.366458,-18.291877],[-49.383115,-18.321889],[-49.406435,-18.341443],[-49.413573,-18.303245],[-49.425947,-18.282327],[-49.477345,-18.270958],[-49.490195,-18.237762],[-49.509231,-18.213661],[-49.544924,-18.217299],[-49.563961,-18.223665],[-49.562533,-18.263683],[-49.578714,-18.269594],[-49.603461,-18.3037],[-49.641534,-18.274596],[-49.700071,-18.261409],[-49.701974,-18.244129],[-49.729577,-18.231396],[-49.753372,-18.212752],[-49.816192,-18.235489],[-49.858072,-18.260954],[-49.877585,-18.289603],[-49.902332,-18.29415],[-49.944212,-18.310976],[-49.950875,-18.330075],[-49.978953,-18.354631],[-49.977526,-18.363725],[-49.954206,-18.352812],[-49.921368,-18.366454],[-49.851886,-18.421932],[-49.824283,-18.495145],[-49.789066,-18.501057],[-49.772409,-18.4956],[-49.770029,-18.465587],[-49.779072,-18.445579],[-49.758607,-18.424661],[-49.760511,-18.39965],[-49.740999,-18.345991],[-49.711968,-18.408745],[-49.677703,-18.428753],[-49.626781,-18.451945],[-49.607744,-18.442396],[-49.587756,-18.445124],[-49.558726,-18.421932],[-49.547304,-18.42648],[-49.527792,-18.409654],[-49.506852,-18.406471],[-49.47449,-18.418749],[-49.467351,-18.429208],[-49.421188,-18.446488],[-49.42214,-18.525158],[-49.443556,-18.542893],[-49.486387,-18.532434],[-49.477821,-18.564266],[-49.455929,-18.577908],[-49.405483,-18.64521],[-49.373597,-18.634751],[-49.342663,-18.595643],[-49.327434,-18.561992],[-49.292692,-18.563811],[-49.285554,-18.536527],[-49.249385,-18.522885]]]},"properties":{"cod_ibge":"521150","name":"Itumbiara","uf":"GO"}},
{"type":"Feature","geometry":{"type":"Polygon","coordinates":[[[-52.124827,-16.471096],[-52.141008,-16.44745],[-52.085327,-16.392426],[-52.040591,-16.360595],[-52.017272,-16.311028],[-51.989193,-16.296476],[-51.972536,-16.296931],[-51.958735,-16.258733],[-51.932084,-16.253276],[-51.910668,-16.240088],[-51.891632,-16.197343],[-51.892108,-16.170513],[-51.90353,-16.160964],[-51.895915,-16.137772],[-51.902578,-16.122765],[-51.87212,-16.105485],[-51.860222,-16.090479],[-51.829764,-16.083203],[-51.834523,-16.060921],[-51.820721,-16.034091],[-51.81977,-16.00999],[-51.83595,-15.982251],[-51.862125,-15.964971],[-51.847372,-15.93905],[-51.833095,-15.942234],[-51.822625,-15.921315],[-51.865457,-15.911766],[-52.036308,-15.915404],[-52.301865,-16.165966],[-52.293775,-16.186429],[-52.270455,-16.198252],[-52.306624,-16.249638],[-52.301389,-16.279651],[-52.321378,-16.306935],[-52.304721,-16.326944],[-52.283305,-16.322851],[-52.25713,-16.344679],[-52.231907,-16.338767],[-52.238094,-16.38606],[-52.265696,-16.433808],[-52.250467,-16.448814],[-52.196689,-16.464275],[-52.124827,-16.471096]]]},"properties":{"cod_ibge":"520340","name":"Bom Jardim de Goiás","uf":"GO"}},
{"type":"Feature","geometry":{"type":"Polygon","coordinates":[[[-49.456881,-17.150024],[-49.407862,-17.188222],[-49.406911,-17.203228],[-49.452598,-17.238698],[-49.469731,-17.245974],[-49.476393,-17.288719],[-49.455453,-17.310092],[-49.429278,-17.30509],[-49.389302,-17.316459],[-49.351229,-17.319187],[-49.349802,-17.334193],[-49.324578,-17.361023],[-49.299831,-17.372846],[-49.291265,-17.360568],[-49.297452,-17.316913],[-49.292692,-17.291903],[-49.262234,-17.228239],[-49.256999,-17.200045],[-49.272228,-17.181856],[-49.276512,-17.159118],[-49.320295,-17.12956],[-49.375977,-17.145931],[-49.407387,-17.160937],[-49.431182,-17.159573],[-49.4407,-17.140019],[-49.456881,-17.150024]]]},"properties":{"cod_ibge":"520650","name":"Cromínia","uf":"GO"}},
{"type":"Feature","geometry":{"type":"Polygon","coordinates":[[[-49.447839,-16.4379],[-49.487815,-16.413799],[-49.503044,-16.428351],[-49.544924,-16.428351],[-49.555394,-16.408797],[-49.580617,-16.401066],[-49.628684,-16.398793],[-49.648197,-16.427896],[-49.659142,-16.427896],[-49.674372,-16.42926],[-49.695787,-16.452907],[-49.696739,-16.471096],[-49.690077,-16.50793],[-49.66295,-16.499745],[-49.653432,-16.507021],[-49.619642,-16.489286],[-49.557774,-16.502928],[-49.512087,-16.495198],[-49.483532,-16.458364],[-49.444507,-16.453816],[-49.447839,-16.4379]]]},"properties":{"cod_ibge":"520520","name":"Caturaí","uf":"GO"}},
{"type":"Feature","geometry":{"type":"Polygon","coordinates":[[[-47.113981,-14.096897],[-47.126355,-14.087803],[-47.141584,-14.050514],[-47.149674,-14.015954],[-47.19441,-13.965932],[-47.175373,-13.9532],[-47.171566,-13.915001],[-47.183464,-13.881805],[-47.198217,-13.861797],[-47.238193,-13.875894],[-47.250567,-13.898176],[-47.242,-13.942286],[-47.263892,-13.976846],[-47.504702,-13.960021],[-47.550389,-14.016408],[-47.551817,-14.027777],[-47.591318,-14.056426],[-47.607499,-14.046876],[-47.662704,-14.070977],[-47.699349,-14.069158],[-47.728379,-14.096443],[-47.755982,-14.094169],[-47.788344,-14.120999],[-47.80738,-14.145555],[-47.863538,-14.176022],[-47.899707,-14.170111],[-47.932069,-14.176932],[-47.903038,-14.235593],[-47.839266,-14.331089],[-47.827844,-14.351097],[-47.810236,-14.354735],[-47.809284,-14.379746],[-47.763597,-14.410668],[-47.733614,-14.411578],[-47.721241,-14.447047],[-47.70506,-14.462509],[-47.660324,-14.458871],[-47.648427,-14.438407],[-47.615589,-14.426584],[-47.597029,-14.427039],[-47.581324,-14.447502],[-47.553721,-14.454778],[-47.549438,-14.424765],[-47.516124,-14.432041],[-47.481859,-14.417944],[-47.467105,-14.384748],[-47.465202,-14.362921],[-47.425225,-14.323358],[-47.389532,-14.313809],[-47.397147,-14.257421],[-47.408093,-14.237412],[-47.403334,-14.223315],[-47.431412,-14.211037],[-47.449497,-14.184662],[-47.454732,-14.161471],[-47.411424,-14.167382],[-47.401906,-14.146919],[-47.361929,-14.132367],[-47.325284,-14.161471],[-47.28626,-14.159652],[-47.271983,-14.147374],[-47.246759,-14.141917],[-47.203928,-14.150102],[-47.193458,-14.13646],[-47.175373,-14.147828],[-47.154909,-14.123272],[-47.113981,-14.096897]]]},"properties":{"cod_ibge":"520060","name":"Alto Paraíso de Goiás","uf":"GO"}},
{"type":"Feature","geometry":{"type":"Polygon","coordinates":[[[-49.154203,-16.823975],[-49.134215,-16.827613],[-49.127552,-16.799874],[-49.08472,-16.772135],[-49.061401,-16.787596],[-49.05331,-16.729844],[-49.012382,-16.660268],[-49.043792,-16.634348],[-49.061401,-16.641169],[-49.07663,-16.616613],[-49.078058,-16.593422],[-49.116606,-16.619342],[-49.14754,-16.647081],[-49.166577,-16.650719],[-49.193703,-16.691191],[-49.174667,-16.717111],[-49.155155,-16.717566],[-49.150872,-16.747124],[-49.158962,-16.790779],[-49.154203,-16.823975]]]},"properties":{"cod_ibge":"522045","name":"Senador Canedo","uf":"GO"}},
{"type":"Feature","geometry":{"type":"Polygon","coordinates":[[[-48.318507,-13.939103],[-48.320886,-13.977301],[-48.357531,-13.975482],[-48.398459,-14.005495],[-48.474129,-14.020046],[-48.483647,-14.062337],[-48.495069,-14.079617],[-48.50078,-14.108266],[-48.52172,-14.125091],[-48.541708,-14.115542],[-48.567407,-14.134641],[-48.58216,-14.165109],[-48.614998,-14.178751],[-48.672107,-14.17193],[-48.688288,-14.153285],[-48.7078,-14.161471],[-48.722553,-14.128275],[-48.763482,-14.119634],[-48.763482,-14.142371],[-48.782042,-14.149193],[-48.79394,-14.139643],[-48.810121,-14.17102],[-48.825826,-14.177387],[-48.849145,-14.158287],[-48.869133,-14.184208],[-48.893881,-14.230136],[-48.929098,-14.254692],[-48.941948,-14.251054],[-48.964791,-14.292436],[-49.016665,-14.32063],[-48.989063,-14.337],[-48.980496,-14.362921],[-48.99287,-14.38975],[-48.977641,-14.41658],[-48.99287,-14.455233],[-49.02428,-14.470694],[-49.02428,-14.498433],[-49.050455,-14.499343],[-49.040461,-14.527991],[-49.008575,-14.536177],[-49.009051,-14.560278],[-49.038081,-14.563461],[-49.039985,-14.576648],[-49.026183,-14.586653],[-49.010954,-14.575284],[-48.999057,-14.593474],[-48.984779,-14.593474],[-48.973833,-14.621668],[-48.990966,-14.630308],[-48.966219,-14.658502],[-48.950038,-14.661685],[-48.950038,-14.681239],[-48.924339,-14.680784],[-48.905303,-14.671689],[-48.880555,-14.681239],[-48.871513,-14.695336],[-48.826302,-14.685786],[-48.800603,-14.660775],[-48.782994,-14.667597],[-48.773952,-14.64486],[-48.726837,-14.675782],[-48.731596,-14.707159],[-48.712559,-14.730351],[-48.721126,-14.752178],[-48.712083,-14.76673],[-48.727788,-14.780372],[-48.724933,-14.804473],[-48.742542,-14.816751],[-48.746825,-14.8454],[-48.757295,-14.86268],[-48.743969,-14.886327],[-48.750156,-14.929527],[-48.721602,-14.951809],[-48.703993,-14.947262],[-48.685433,-14.95954],[-48.674487,-14.979548],[-48.656402,-14.969089],[-48.640697,-14.98455],[-48.61595,-14.989553],[-48.611191,-15.002285],[-48.594534,-14.993645],[-48.523623,-15.016837],[-48.508394,-15.010471],[-48.4984,-14.983641],[-48.482695,-14.987734],[-48.474129,-14.964087],[-48.447478,-14.956811],[-48.424158,-14.939076],[-48.384658,-14.944533],[-48.371333,-14.927708],[-48.321362,-14.901333],[-48.286621,-14.900424],[-48.255687,-14.874958],[-48.235223,-14.881779],[-48.1843,-14.848583],[-48.10054,-14.848583],[-48.081028,-14.864499],[-48.0796,-14.898605],[-48.060564,-14.859042],[-48.042479,-14.860406],[-48.0401,-14.838579],[-48.003455,-14.804928],[-47.988702,-14.822208],[-47.958244,-14.8022],[-47.922074,-14.793105],[-47.907321,-14.798107],[-47.893996,-14.780827],[-47.867345,-14.773096],[-47.834507,-14.74081],[-47.808332,-14.693517],[-47.791675,-14.695336],[-47.779302,-14.67851],[-47.772163,-14.641676],[-47.776446,-14.624396],[-47.765976,-14.598931],[-47.772163,-14.567554],[-47.762169,-14.543907],[-47.789772,-14.521625],[-47.823561,-14.503435],[-47.84117,-14.429313],[-47.864014,-14.378382],[-47.835935,-14.363375],[-47.827844,-14.351097],[-47.839266,-14.331089],[-47.877339,-14.343367],[-47.913984,-14.331998],[-47.925882,-14.303804],[-47.908273,-14.282886],[-47.92255,-14.275156],[-47.939683,-14.286069],[-47.958244,-14.271972],[-48.000124,-14.253783],[-48.026774,-14.232865],[-48.042955,-14.23241],[-48.085311,-14.191029],[-48.128143,-14.169201],[-48.120053,-14.154195],[-48.16336,-14.11827],[-48.174782,-14.089167],[-48.171451,-14.067339],[-48.182873,-14.041419],[-48.201433,-14.018682],[-48.219518,-14.012771],[-48.221421,-13.9964],[-48.245217,-13.993671],[-48.251403,-13.96093],[-48.28091,-13.939103],[-48.318507,-13.939103]]]},"properties":{"cod_ibge":"521460","name":"Niquelândia","uf":"GO"}},
{"type":"Feature","geometry":{"type":"Polygon","coordinates":[[[-50.143142,-16.932658],[-50.130292,-16.90219],[-50.103641,-16.899007],[-50.103641,-16.798055],[-50.159323,-16.722568],[-50.149805,-16.680732],[-50.193112,-16.686189],[-50.213576,-16.703014],[-50.224522,-16.71802],[-50.253553,-16.733936],[-50.258312,-16.771225],[-50.283535,-16.804421],[-50.30162,-16.825794],[-50.303047,-16.85808],[-50.286391,-16.871268],[-50.284963,-16.890367],[-50.283535,-16.895824],[-50.226902,-16.909011],[-50.215004,-16.921744],[-50.186926,-16.921744],[-50.178359,-16.933567],[-50.143142,-16.932658]]]},"properties":{"cod_ibge":"521590","name":"Palminópolis","uf":"GO"}},
{"type":"Feature","geometry":{"type":"Polygon","coordinates":[[[-50.361584,-16.699831],[-50.350638,-16.724387],[-50.359205,-16.740303],[-50.284487,-16.768497],[-50.283535,-16.804421],[-50.258312,-16.771225],[-50.253553,-16.733936],[-50.224522,-16.71802],[-50.213576,-16.703014],[-50.211673,-16.679822],[-50.240703,-16.636167],[-50.233089,-16.610247],[-50.244986,-16.582053],[-50.247366,-16.545219],[-50.233565,-16.518844],[-50.243559,-16.489286],[-50.22833,-16.451088],[-50.244986,-16.450178],[-50.282583,-16.50793],[-50.282583,-16.525211],[-50.303047,-16.558407],[-50.333981,-16.563409],[-50.347307,-16.577506],[-50.377289,-16.580689],[-50.399657,-16.592967],[-50.413934,-16.586146],[-50.445344,-16.597514],[-50.464381,-16.63162],[-50.484845,-16.637077],[-50.491507,-16.652993],[-50.477706,-16.673456],[-50.436302,-16.654357],[-50.429163,-16.635712],[-50.389663,-16.630256],[-50.368723,-16.638896],[-50.363964,-16.657085],[-50.371102,-16.691191],[-50.361584,-16.699831]]]},"properties":{"cod_ibge":"520780","name":"Firminópolis","uf":"GO"}},
{"type":"Feature","geometry":{"type":"Polygon","coordinates":[[[-48.811548,-18.234579],[-48.785373,-18.241855],[-48.743018,-18.222301],[-48.72065,-18.204566],[-48.728264,-18.190469],[-48.715891,-18.176372],[-48.723029,-18.159092],[-48.703993,-18.151817],[-48.708276,-18.111799],[-48.692095,-18.094974],[-48.710656,-18.086789],[-48.715415,-18.06678],[-48.732072,-18.042224],[-48.739686,-18.001752],[-48.732548,-17.984927],[-48.74968,-17.970375],[-48.765385,-17.934451],[-48.794892,-17.919899],[-48.813452,-17.920808],[-48.846766,-17.908076],[-48.843434,-17.939908],[-48.862947,-17.991293],[-48.861043,-18.045862],[-48.885314,-18.089062],[-48.863898,-18.140903],[-48.847718,-18.165459],[-48.827253,-18.181829],[-48.819639,-18.199564],[-48.80203,-18.196381],[-48.811548,-18.234579]]]},"properties":{"cod_ibge":"520020","name":"Água Limpa","uf":"GO"}},
{"type":"Feature","geometry":{"type":"Polygon","coordinates":[[[-49.937549,-15.749424],[-49.9247,-15.759428],[-49.878061,-15.759428],[-49.839036,-15.801264],[-49.825711,-15.808995],[-49.793349,-15.788986],[-49.692932,-15.806266],[-49.698167,-15.789896],[-49.685317,-15.763975],[-49.700071,-15.741238],[-49.695787,-15.722139],[-49.74671,-15.664842],[-49.794301,-15.683032],[-49.815717,-15.710316],[-49.844271,-15.71259],[-49.854741,-15.701221],[-49.877585,-15.723049],[-49.899952,-15.753516],[-49.920892,-15.739874],[-49.937549,-15.749424]]]},"properties":{"cod_ibge":"520960","name":"Heitoraí","uf":"GO"}},
{"type":"Feature","geometry":{"type":"Polygon","coordinates":[[[-52.4118,-18.743888],[-52.407517,-18.757076],[-52.353739,-18.800276],[-52.344697,-18.823013],[-52.305197,-18.840293],[-52.293299,-18.82938],[-52.263317,-18.828015],[-52.252371,-18.839384],[-52.187171,-18.84575],[-52.172894,-18.857119],[-52.150526,-18.893498],[-52.111026,-18.8985],[-52.105791,-18.925784],[-52.07914,-18.95125],[-52.043447,-18.950795],[-52.018699,-18.963528],[-52.014416,-18.976261],[-51.979199,-18.973532],[-51.95112,-18.981263],[-51.94065,-18.968075],[-51.907337,-18.99445],[-51.896867,-18.99445],[-51.876403,-19.030829],[-51.852131,-19.052657],[-51.815486,-19.054931],[-51.727443,-19.107681],[-51.692226,-19.11814],[-51.687467,-19.073575],[-51.692226,-19.066299],[-51.724112,-18.833472],[-51.695081,-18.804369],[-51.664147,-18.782087],[-51.679852,-18.761168],[-51.695081,-18.76799],[-51.716973,-18.754347],[-51.76742,-18.762987],[-51.800257,-18.724335],[-51.822625,-18.713421],[-51.857366,-18.679315],[-51.87212,-18.677042],[-51.89306,-18.651121],[-51.896867,-18.633386],[-51.94303,-18.615197],[-51.953024,-18.597462],[-52.012989,-18.566994],[-52.053441,-18.515154],[-52.072953,-18.50515],[-52.11055,-18.526977],[-52.133394,-18.518337],[-52.160044,-18.494691],[-52.171942,-18.501512],[-52.242853,-18.504695],[-52.258558,-18.511516],[-52.272359,-18.497419],[-52.295679,-18.492417],[-52.311859,-18.501057],[-52.331372,-18.53016],[-52.325661,-18.562902],[-52.290444,-18.588822],[-52.290444,-18.615197],[-52.336131,-18.599736],[-52.381818,-18.576544],[-52.397999,-18.605193],[-52.427981,-18.635205],[-52.501747,-18.676132],[-52.447969,-18.692048],[-52.424174,-18.732975],[-52.4118,-18.743888]]]},"properties":{"cod_ibge":"520150","name":"Aporé","uf":"GO"}},
{"type":"Feature","geometry":{"type":"Polygon","coordinates":[[[-46.449612,-13.055087],[-46.422485,-13.10329],[-46.407256,-13.123299],[-46.376322,-13.217885],[-46.384412,-13.230163],[-46.382509,-13.279729],[-46.395358,-13.311561],[-46.38346,-13.332024],[-46.388695,-13.349304],[-46.38346,-13.3825],[-46.715169,-13.385229],[-46.748959,-13.407511],[-46.753242,-13.434796],[-46.76514,-13.450712],[-46.767519,-13.49755],[-46.782272,-13.513466],[-46.772278,-13.541205],[-46.791315,-13.591226],[-46.816538,-13.587134],[-46.850803,-13.614873],[-46.851279,-13.631698],[-46.799881,-13.655799],[-46.808447,-13.676263],[-46.799881,-13.695817],[-46.785128,-13.703092],[-46.789887,-13.726284],[-46.811779,-13.727194],[-46.837002,-13.763573],[-46.817965,-13.799043],[-46.848424,-13.819506],[-46.851279,-13.82951],[-46.825104,-13.844517],[-46.817014,-13.82951],[-46.768947,-13.814504],[-46.758953,-13.824508],[-46.73135,-13.834967],[-46.682807,-13.815413],[-46.641403,-13.809502],[-46.621891,-13.819506],[-46.596192,-13.818142],[-46.582866,-13.806773],[-46.552884,-13.804045],[-46.540986,-13.79404],[-46.518143,-13.809502],[-46.496251,-13.813594],[-46.458654,-13.809047],[-46.434859,-13.781762],[-46.412967,-13.779489],[-46.37775,-13.758116],[-46.368707,-13.741745],[-46.320165,-13.719463],[-46.301128,-13.700364],[-46.268766,-13.711278],[-46.235929,-13.708095],[-46.256393,-13.683993],[-46.216416,-13.635791],[-46.162639,-13.603504],[-46.165494,-13.593045],[-46.19976,-13.572582],[-46.231646,-13.583041],[-46.241164,-13.571218],[-46.237356,-13.544388],[-46.247351,-13.521651],[-46.225459,-13.50528],[-46.233073,-13.481634],[-46.208802,-13.465718],[-46.232121,-13.418425],[-46.191669,-13.409785],[-46.158831,-13.381591],[-46.135512,-13.375679],[-46.099343,-13.334298],[-46.073168,-13.311561],[-46.068409,-13.295645],[-46.085066,-13.26927],[-46.10315,-13.257447],[-46.175012,-13.277001],[-46.220224,-13.295645],[-46.292562,-13.317018],[-46.317785,-13.305195],[-46.300176,-13.282912],[-46.305411,-13.251535],[-46.327779,-13.2529],[-46.30446,-13.206061],[-46.306839,-13.183324],[-46.2997,-13.128301],[-46.329207,-13.099652],[-46.301128,-13.074187],[-46.298749,-13.063728],[-46.449612,-13.055087]]]},"properties":{"cod_ibge":"521980","name":"São Domingos","uf":"GO"}},
{"type":"Feature","geometry":{"type":"Polygon","coordinates":[[[-49.247957,-18.168187],[-49.22083,-18.175918],[-49.184185,-18.168642],[-49.155631,-18.131353],[-49.122317,-18.106797],[-49.100901,-18.107707],[-49.093287,-18.155454],[-49.079009,-18.18001],[-49.050931,-18.199564],[-49.01143,-18.20775],[-48.995725,-18.239581],[-48.995249,-18.261409],[-48.980496,-18.296879],[-48.959556,-18.323254],[-48.936713,-18.306428],[-48.917676,-18.305973],[-48.89626,-18.291877],[-48.898164,-18.269594],[-48.878176,-18.271413],[-48.866278,-18.296424],[-48.847242,-18.289603],[-48.842958,-18.270958],[-48.823922,-18.265956],[-48.823446,-18.244129],[-48.811548,-18.234579],[-48.80203,-18.196381],[-48.819639,-18.199564],[-48.827253,-18.181829],[-48.847718,-18.165459],[-48.863898,-18.140903],[-48.885314,-18.089062],[-48.909586,-18.089517],[-48.931953,-18.054957],[-48.933381,-18.024944],[-48.94861,-18.017213],[-48.959556,-17.985382],[-48.98002,-17.978106],[-48.995725,-17.98811],[-49.010954,-17.976287],[-49.038557,-17.974923],[-49.061877,-17.949002],[-49.085196,-17.955369],[-49.106136,-17.979015],[-49.131835,-17.983563],[-49.153251,-17.968556],[-49.175143,-17.98811],[-49.173239,-18.037677],[-49.185613,-18.080877],[-49.202746,-18.090881],[-49.225589,-18.137265],[-49.247957,-18.168187]]]},"properties":{"cod_ibge":"520390","name":"Buriti Alegre","uf":"GO"}},
{"type":"Feature","geometry":{"type":"Polygon","coordinates":[[[-49.437369,-16.860354],[-49.454026,-16.861718],[-49.464496,-16.846257],[-49.457833,-16.819882],[-49.474966,-16.792143],[-49.502568,-16.800328],[-49.533027,-16.812606],[-49.575858,-16.772135],[-49.592991,-16.784867],[-49.598702,-16.802147],[-49.609648,-16.84171],[-49.620594,-16.843074],[-49.663902,-16.875361],[-49.684366,-16.873996],[-49.732908,-16.90219],[-49.725294,-16.933113],[-49.748613,-16.944936],[-49.741951,-16.956759],[-49.691504,-16.952666],[-49.643913,-16.958123],[-49.593943,-16.952212],[-49.632492,-17.010873],[-49.613455,-17.054983],[-49.602985,-17.065442],[-49.574907,-17.045888],[-49.527792,-17.026789],[-49.520177,-17.000869],[-49.502092,-16.997686],[-49.479249,-16.981315],[-49.482104,-16.929929],[-49.468303,-16.912195],[-49.446887,-16.901281],[-49.437369,-16.860354]]]},"properties":{"cod_ibge":"520920","name":"Guapó","uf":"GO"}},
{"type":"Feature","geometry":{"type":"Polygon","coordinates":[[[-48.281862,-15.830822],[-48.26806,-15.80854],[-48.242837,-15.797171],[-48.217138,-15.767613],[-48.209048,-15.749878],[-48.208096,-15.718047],[-48.241409,-15.705769],[-48.234747,-15.65984],[-48.251879,-15.659385],[-48.29947,-15.709406],[-48.348965,-15.725777],[-48.356103,-15.774434],[-48.350393,-15.792169],[-48.377519,-15.821273],[-48.313272,-15.821727],[-48.281862,-15.830822]]]},"properties":{"cod_ibge":"520025","name":"Águas Lindas de Goiás","uf":"GO"}},
{"type":"Feature","geometry":{"type":"Polygon","coordinates":[[[-51.066405,-16.30648],[-51.02167,-16.273284],[-50.995971,-16.270556],[-50.965513,-16.303752],[-50.933627,-16.310573],[-50.926488,-16.278741],[-50.900789,-16.244181],[-50.901265,-16.215532],[-50.909831,-16.201435],[-50.910307,-16.184155],[-50.931247,-16.174151],[-50.965037,-16.173696],[-50.987881,-16.15778],[-51.005489,-16.12322],[-51.051176,-16.120037],[-51.062598,-16.109123],[-51.093532,-16.103212],[-51.123515,-16.063649],[-51.145406,-16.065013],[-51.16825,-16.049552],[-51.173961,-16.030453],[-51.212985,-16.030908],[-51.202991,-16.070016],[-51.196329,-16.100938],[-51.172057,-16.125949],[-51.177292,-16.148686],[-51.163967,-16.157326],[-51.172533,-16.188703],[-51.152545,-16.200071],[-51.135412,-16.228265],[-51.12399,-16.26419],[-51.117804,-16.30648],[-51.066405,-16.30648]]]},"properties":{"cod_ibge":"521200","name":"Jaupaci","uf":"GO"}},
{"type":"Feature","geometry":{"type":"Polygon","coordinates":[[[-50.449627,-16.7976],[-50.429163,-16.753945],[-50.407271,-16.731663],[-50.376337,-16.723932],[-50.361584,-16.699831],[-50.371102,-16.691191],[-50.363964,-16.657085],[-50.368723,-16.638896],[-50.389663,-16.630256],[-50.429163,-16.635712],[-50.436302,-16.654357],[-50.477706,-16.673456],[-50.491507,-16.652993],[-50.484845,-16.637077],[-50.522917,-16.608428],[-50.512923,-16.592512],[-50.541002,-16.570685],[-50.562894,-16.517935],[-50.582882,-16.506566],[-50.601918,-16.506566],[-50.616671,-16.591148],[-50.652841,-16.592967],[-50.659979,-16.612975],[-50.606201,-16.635712],[-50.607153,-16.670727],[-50.583834,-16.702105],[-50.606201,-16.726206],[-50.613816,-16.78032],[-50.641895,-16.793962],[-50.631901,-16.808514],[-50.640943,-16.834889],[-50.576219,-16.848076],[-50.57146,-16.832615],[-50.549092,-16.828068],[-50.527676,-16.812606],[-50.504833,-16.812606],[-50.475326,-16.798964],[-50.449627,-16.7976]]]},"properties":{"cod_ibge":"520260","name":"Aurilândia","uf":"GO"}},
{"type":"Feature","geometry":{"type":"Polygon","coordinates":[[[-49.363127,-15.903581],[-49.392633,-15.905854],[-49.468303,-15.946326],[-49.47211,-15.966335],[-49.465447,-16.004533],[-49.431182,-16.015447],[-49.4012,-16.015447],[-49.399296,-16.003623],[-49.374549,-15.992255],[-49.364555,-16.005897],[-49.355988,-15.97452],[-49.364079,-15.954511],[-49.348374,-15.935412],[-49.363127,-15.903581]]]},"properties":{"cod_ibge":"521205","name":"Jesúpolis","uf":"GO"}},
{"type":"Feature","geometry":{"type":"Polygon","coordinates":[[[-47.11065,-14.676691],[-47.145867,-14.69579],[-47.14777,-14.711252],[-47.167759,-14.727622],[-47.219633,-14.81084],[-47.209163,-14.825391],[-47.227723,-14.877687],[-47.229627,-14.903152],[-47.21059,-14.904516],[-47.215825,-14.954538],[-47.17347,-14.975456],[-47.185843,-15.01229],[-47.149674,-15.075499],[-47.133017,-15.117789],[-47.077812,-15.063675],[-47.048305,-15.089595],[-47.038311,-15.12461],[-47.008329,-15.173268],[-47.018799,-15.197369],[-46.999287,-15.221925],[-46.988341,-15.257849],[-46.96978,-15.269218],[-46.941226,-15.314692],[-46.900774,-15.300595],[-46.873647,-15.285589],[-46.889352,-15.282405],[-46.891255,-15.235112],[-46.906485,-15.236477],[-46.927425,-15.255121],[-46.935515,-15.236931],[-46.937419,-15.2051],[-46.8884,-15.112333],[-46.896966,-15.095507],[-46.925997,-15.07368],[-46.925045,-15.057309],[-46.984534,-14.910428],[-47.05354,-14.903152],[-47.081619,-14.801745],[-47.098276,-14.804473],[-47.115409,-14.772642],[-47.103987,-14.759909],[-47.09542,-14.725349],[-47.108746,-14.717618],[-47.101607,-14.682603],[-47.11065,-14.676691]]]},"properties":{"cod_ibge":"522220","name":"Vila Boa","uf":"GO"}},
{"type":"Feature","geometry":{"type":"Polygon","coordinates":[[[-50.73089,-16.586146],[-50.792282,-16.581598],[-50.799896,-16.557497],[-50.798469,-16.532032],[-50.817505,-16.510204],[-50.847011,-16.511114],[-50.862716,-16.49065],[-50.876518,-16.52612],[-50.918398,-16.526575],[-50.940766,-16.504292],[-50.969796,-16.501564],[-50.977411,-16.477463],[-50.996923,-16.487012],[-51.001682,-16.502474],[-50.988832,-16.528848],[-50.968368,-16.531577],[-50.959802,-16.571139],[-50.946476,-16.585691],[-50.975031,-16.626618],[-50.99835,-16.632984],[-51.036899,-16.660723],[-51.025001,-16.696193],[-51.049273,-16.748488],[-51.045941,-16.787141],[-51.05308,-16.814425],[-51.096864,-16.794417],[-51.105906,-16.763494],[-51.102099,-16.732117],[-51.123039,-16.698467],[-51.121135,-16.681186],[-51.133509,-16.660723],[-51.137316,-16.632984],[-51.15778,-16.632075],[-51.184907,-16.644807],[-51.214889,-16.566137],[-51.242492,-16.555678],[-51.24392,-16.531122],[-51.231546,-16.505202],[-51.242968,-16.486558],[-51.265335,-16.47337],[-51.277233,-16.447905],[-51.33339,-16.477463],[-51.361945,-16.439719],[-51.396686,-16.419711],[-51.398114,-16.441538],[-51.375746,-16.445176],[-51.378126,-16.46473],[-51.365276,-16.470642],[-51.339101,-16.509295],[-51.311975,-16.525211],[-51.289131,-16.556588],[-51.297697,-16.572504],[-51.288655,-16.599788],[-51.259625,-16.626163],[-51.254865,-16.649809],[-51.235353,-16.673911],[-51.222028,-16.729389],[-51.227739,-16.759857],[-51.222504,-16.809423],[-51.21013,-16.808514],[-51.200136,-16.831705],[-51.180624,-16.84171],[-51.150165,-16.889458],[-51.104954,-16.895369],[-51.079731,-16.941298],[-51.05546,-16.954485],[-51.057839,-16.923108],[-51.051652,-16.871268],[-51.056887,-16.860354],[-51.017387,-16.850805],[-50.986453,-16.828068],[-50.95885,-16.793507],[-50.915066,-16.776227],[-50.907928,-16.763949],[-50.848915,-16.725751],[-50.829879,-16.685279],[-50.811794,-16.695283],[-50.78324,-16.69301],[-50.767535,-16.681641],[-50.73089,-16.586146]]]},"properties":{"cod_ibge":"521160","name":"Ivolândia","uf":"GO"}},
{"type":"Feature","geometry":{"type":"Polygon","coordinates":[[[-50.478182,-16.120037],[-50.489128,-16.148231],[-50.504833,-16.155052],[-50.517682,-16.17597],[-50.539574,-16.175515],[-50.558611,-16.200071],[-50.52958,-16.23736],[-50.514351,-16.226446],[-50.492459,-16.247364],[-50.462953,-16.261461],[-50.457718,-16.232813],[-50.430591,-16.227356],[-50.414886,-16.211894],[-50.39347,-16.160509],[-50.369675,-16.142319],[-50.379193,-16.100938],[-50.354921,-16.078201],[-50.365391,-16.074563],[-50.405844,-16.090934],[-50.421073,-16.088205],[-50.442013,-16.101847],[-50.440109,-16.114125],[-50.478182,-16.120037]]]},"properties":{"cod_ibge":"520393","name":"Buriti de Goiás","uf":"GO"}},
{"type":"Feature","geometry":{"type":"Polygon","coordinates":[[[-50.244986,-17.271439],[-50.233565,-17.236879],[-50.252125,-17.232786],[-50.257836,-17.210049],[-50.296861,-17.180037],[-50.27021,-17.155481],[-50.284487,-17.1382],[-50.274017,-17.113644],[-50.29924,-17.10455],[-50.29115,-17.07772],[-50.308282,-17.067261],[-50.287342,-17.048162],[-50.29924,-17.019968],[-50.294005,-16.9895],[-50.282107,-16.971311],[-50.277824,-16.934932],[-50.290674,-16.90219],[-50.283535,-16.895824],[-50.284963,-16.890367],[-50.316849,-16.89355],[-50.329222,-16.882636],[-50.357777,-16.894914],[-50.389663,-16.896733],[-50.39585,-16.909466],[-50.419169,-16.916742],[-50.429639,-16.90219],[-50.455814,-16.888548],[-50.451055,-16.871268],[-50.458194,-16.844438],[-50.444392,-16.818518],[-50.449627,-16.7976],[-50.475326,-16.798964],[-50.504833,-16.812606],[-50.527676,-16.812606],[-50.549092,-16.828068],[-50.57146,-16.832615],[-50.576219,-16.848076],[-50.640943,-16.834889],[-50.660931,-16.835798],[-50.700907,-16.809878],[-50.729938,-16.80624],[-50.797993,-16.821246],[-50.789902,-16.798964],[-50.815601,-16.728934],[-50.811794,-16.695283],[-50.829879,-16.685279],[-50.848915,-16.725751],[-50.907928,-16.763949],[-50.915066,-16.776227],[-50.95885,-16.793507],[-50.986453,-16.828068],[-51.017387,-16.850805],[-51.056887,-16.860354],[-51.051652,-16.871268],[-51.057839,-16.923108],[-51.05546,-16.954485],[-51.031188,-16.970856],[-51.029285,-16.983589],[-51.002634,-17.022696],[-50.980266,-17.037248],[-50.953615,-17.073173],[-50.946952,-17.089998],[-50.926012,-17.100002],[-50.891271,-17.155481],[-50.869855,-17.172306],[-50.836541,-17.172306],[-50.829403,-17.188222],[-50.796565,-17.180946],[-50.765631,-17.200045],[-50.760396,-17.221418],[-50.726606,-17.242336],[-50.735173,-17.263709],[-50.714709,-17.300088],[-50.701383,-17.300543],[-50.682823,-17.325553],[-50.664738,-17.360568],[-50.617623,-17.376484],[-50.599063,-17.383305],[-50.590021,-17.408771],[-50.570508,-17.407407],[-50.526725,-17.430598],[-50.527201,-17.40968],[-50.506736,-17.396948],[-50.496742,-17.345107],[-50.480561,-17.332829],[-50.458194,-17.330556],[-50.450579,-17.307364],[-50.430115,-17.286901],[-50.420597,-17.22642],[-50.392042,-17.188677],[-50.35397,-17.302362],[-50.336837,-17.299633],[-50.328271,-17.284172],[-50.286391,-17.252795],[-50.262119,-17.248702],[-50.244986,-17.271439]]]},"properties":{"cod_ibge":"521640","name":"Paraúna","uf":"GO"}},
{"type":"Feature","geometry":{"type":"Polygon","coordinates":[[[-46.715169,-13.385229],[-46.38346,-13.3825],[-46.388695,-13.349304],[-46.38346,-13.332024],[-46.395358,-13.311561],[-46.382509,-13.279729],[-46.384412,-13.230163],[-46.376322,-13.217885],[-46.407256,-13.123299],[-46.422485,-13.10329],[-46.449612,-13.055087],[-46.453419,-13.054633],[-46.459606,-13.071458],[-46.506721,-13.097378],[-46.53242,-13.155585],[-46.578107,-13.203333],[-46.609041,-13.220613],[-46.62903,-13.220613],[-46.64759,-13.236984],[-46.675193,-13.239257],[-46.685187,-13.264268],[-46.67662,-13.284277],[-46.703747,-13.298374],[-46.707555,-13.332934],[-46.696133,-13.353852],[-46.715169,-13.385229]]]},"properties":{"cod_ibge":"520830","name":"Divinópolis de Goiás","uf":"GO"}},
{"type":"Feature","geometry":{"type":"Polygon","coordinates":[[[-50.537671,-16.498836],[-50.528628,-16.485193],[-50.54243,-16.470642],[-50.54005,-16.390153],[-50.523869,-16.393791],[-50.520538,-16.366961],[-50.502929,-16.356502],[-50.503881,-16.338767],[-50.485321,-16.329672],[-50.488652,-16.314666],[-50.476278,-16.274649],[-50.462953,-16.261461],[-50.492459,-16.247364],[-50.514351,-16.226446],[-50.52958,-16.23736],[-50.558611,-16.200071],[-50.595256,-16.232813],[-50.609533,-16.274649],[-50.600491,-16.30739],[-50.61572,-16.322396],[-50.648557,-16.319213],[-50.67854,-16.336948],[-50.685678,-16.390153],[-50.679491,-16.406978],[-50.677112,-16.446995],[-50.65522,-16.458364],[-50.655696,-16.495198],[-50.619527,-16.497926],[-50.601918,-16.506566],[-50.582882,-16.506566],[-50.562894,-16.517935],[-50.537671,-16.498836]]]},"properties":{"cod_ibge":"520570","name":"Córrego do Ouro","uf":"GO"}},
{"type":"Feature","geometry":{"type":"Polygon","coordinates":[[[-52.307576,-17.58612],[-52.282353,-17.600217],[-52.234286,-17.638415],[-52.144339,-17.637051],[-52.096273,-17.650238],[-52.053917,-17.642962],[-52.04535,-17.632958],[-51.993476,-17.644781],[-52.006326,-17.617042],[-52.006802,-17.597033],[-51.990145,-17.566111],[-52.026314,-17.491079],[-52.042019,-17.461521],[-52.064863,-17.47107],[-52.069622,-17.444241],[-52.099604,-17.411045],[-52.131966,-17.416501],[-52.160996,-17.437874],[-52.214774,-17.417411],[-52.221437,-17.396493],[-52.238569,-17.391491],[-52.263317,-17.40195],[-52.287588,-17.375575],[-52.298058,-17.342834],[-52.375155,-17.33192],[-52.400379,-17.334648],[-52.429409,-17.322825],[-52.45368,-17.327827],[-52.473669,-17.32237],[-52.513645,-17.349655],[-52.528398,-17.370573],[-52.509838,-17.378303],[-52.481283,-17.408316],[-52.45368,-17.405588],[-52.429885,-17.420594],[-52.374679,-17.420139],[-52.365637,-17.452881],[-52.378963,-17.48062],[-52.370872,-17.511997],[-52.343745,-17.527003],[-52.308528,-17.563837],[-52.307576,-17.58612]]]},"properties":{"cod_ibge":"521645","name":"Perolândia","uf":"GO"}},
{"type":"Feature","geometry":{"type":"Polygon","coordinates":[[[-48.364194,-17.513816],[-48.339447,-17.526549],[-48.314223,-17.522456],[-48.296615,-17.540191],[-48.259494,-17.542465],[-48.223325,-17.589758],[-48.193818,-17.563837],[-48.168595,-17.553833],[-48.159077,-17.529732],[-48.133378,-17.544738],[-48.114342,-17.543374],[-48.105299,-17.499719],[-48.106727,-17.472889],[-48.119101,-17.458338],[-48.086739,-17.429234],[-48.046287,-17.414683],[-48.045335,-17.395583],[-48.075793,-17.366025],[-48.086263,-17.336012],[-48.08198,-17.319642],[-48.088643,-17.292357],[-48.119101,-17.273713],[-48.149083,-17.292357],[-48.199053,-17.310092],[-48.20524,-17.327372],[-48.23903,-17.327372],[-48.268536,-17.396038],[-48.287097,-17.411499],[-48.311844,-17.448788],[-48.348965,-17.451516],[-48.371333,-17.474254],[-48.379899,-17.505176],[-48.364194,-17.513816]]]},"properties":{"cod_ibge":"522180","name":"Urutaí","uf":"GO"}},
{"type":"Feature","geometry":{"type":"Polygon","coordinates":[[[-50.269734,-18.684317],[-50.26783,-18.667037],[-50.241655,-18.624746],[-50.260216,-18.609285],[-50.272589,-18.530615],[-50.265926,-18.476501],[-50.272113,-18.456492],[-50.256408,-18.438303],[-50.261167,-18.398286],[-50.271637,-18.379641],[-50.2388,-18.363271],[-50.163606,-18.341898],[-50.131244,-18.326437],[-50.106497,-18.330984],[-50.116015,-18.315978],[-50.096027,-18.270049],[-50.095551,-18.249131],[-50.127437,-18.239127],[-50.126009,-18.212752],[-50.138383,-18.200019],[-50.167413,-18.199564],[-50.153612,-18.177282],[-50.158371,-18.159547],[-50.185974,-18.139993],[-50.224522,-18.13772],[-50.245938,-18.153181],[-50.252601,-18.169097],[-50.272113,-18.177737],[-50.286391,-18.195926],[-50.322084,-18.210933],[-50.343024,-18.202747],[-50.371102,-18.230941],[-50.375861,-18.248221],[-50.400133,-18.244584],[-50.409651,-18.233215],[-50.468188,-18.22503],[-50.481989,-18.214116],[-50.50864,-18.21639],[-50.538146,-18.182739],[-50.56337,-18.168187],[-50.567653,-18.150907],[-50.589069,-18.135901],[-50.601918,-18.16364],[-50.633804,-18.180465],[-50.683299,-18.194562],[-50.718516,-18.181829],[-50.754209,-18.190924],[-50.785619,-18.174099],[-50.810366,-18.171825],[-50.824168,-18.195472],[-50.817029,-18.219118],[-50.799896,-18.242765],[-50.831782,-18.278689],[-50.858433,-18.298243],[-50.849391,-18.303245],[-50.846536,-18.333713],[-50.824644,-18.358723],[-50.807987,-18.357814],[-50.77277,-18.374639],[-50.753257,-18.418294],[-50.789426,-18.422387],[-50.858909,-18.453309],[-50.891747,-18.447852],[-50.902693,-18.481048],[-50.93791,-18.50424],[-50.965989,-18.513335],[-50.960754,-18.530615],[-50.902693,-18.568813],[-50.863668,-18.604283],[-50.867476,-18.619744],[-50.830831,-18.637934],[-50.826547,-18.647938],[-50.790378,-18.64521],[-50.784191,-18.655669],[-50.756113,-18.684772],[-50.725179,-18.694322],[-50.703763,-18.721151],[-50.682347,-18.723425],[-50.666166,-18.742069],[-50.603822,-18.755712],[-50.583834,-18.772992],[-50.570984,-18.751619],[-50.588593,-18.733429],[-50.591448,-18.698869],[-50.58193,-18.669311],[-50.56099,-18.642936],[-50.553376,-18.617471],[-50.522441,-18.620654],[-50.51911,-18.643845],[-50.495315,-18.663854],[-50.494363,-18.675223],[-50.464381,-18.692957],[-50.423452,-18.7066],[-50.427736,-18.721151],[-50.366819,-18.760714],[-50.352542,-18.760259],[-50.314469,-18.700688],[-50.269734,-18.684317]]]},"properties":{"cod_ibge":"521850","name":"Quirinópolis","uf":"GO"}},
{"type":"Feature","geometry":{"type":"Polygon","coordinates":[[[-46.195476,-14.301985],[-46.221176,-14.314718],[-46.239736,-14.339274],[-46.282092,-14.372015],[-46.345388,-14.372015],[-46.363948,-14.38202],[-46.366804,-14.39839],[-46.39631,-14.405211],[-46.432003,-14.422946],[-46.437238,-14.456597],[-46.458178,-14.477515],[-46.426292,-14.492067],[-46.397738,-14.476151],[-46.386316,-14.473422],[-46.381557,-14.445229],[-46.360617,-14.440681],[-46.333966,-14.453414],[-46.275429,-14.432951],[-46.19738,-14.453869],[-46.173109,-14.438407],[-46.200711,-14.402028],[-46.198808,-14.362921],[-46.190241,-14.323813],[-46.195476,-14.301985]]]},"properties":{"cod_ibge":"520396","name":"Buritinópolis","uf":"GO"}},
{"type":"Feature","geometry":{"type":"Polygon","coordinates":[[[-50.023213,-15.780801],[-49.997038,-15.738965],[-50.006556,-15.708497],[-49.997038,-15.686669],[-49.989423,-15.640741],[-50.020357,-15.587081],[-50.032255,-15.577532],[-50.069376,-15.599359],[-50.098406,-15.599814],[-50.108876,-15.613456],[-50.126009,-15.609364],[-50.131244,-15.583898],[-50.136003,-15.595721],[-50.124106,-15.618004],[-50.124581,-15.648471],[-50.081274,-15.687579],[-50.062713,-15.723958],[-50.086509,-15.770342],[-50.059382,-15.781255],[-50.042249,-15.77307],[-50.023213,-15.780801]]]},"properties":{"cod_ibge":"520929","name":"Guaraíta","uf":"GO"}},
{"type":"Feature","geometry":{"type":"Polygon","coordinates":[[[-50.946952,-16.397883],[-50.920301,-16.399247],[-50.878421,-16.434717],[-50.855578,-16.443812],[-50.84368,-16.471096],[-50.806083,-16.487467],[-50.79371,-16.502019],[-50.777529,-16.498836],[-50.769914,-16.477008],[-50.751354,-16.454726],[-50.704239,-16.442903],[-50.702811,-16.414254],[-50.725655,-16.396974],[-50.744215,-16.397429],[-50.754209,-16.382422],[-50.756113,-16.343314],[-50.778005,-16.349226],[-50.793234,-16.321942],[-50.81227,-16.317394],[-50.813222,-16.291474],[-50.83559,-16.258733],[-50.831782,-16.250547],[-50.866048,-16.205073],[-50.909831,-16.201435],[-50.901265,-16.215532],[-50.900789,-16.244181],[-50.926488,-16.278741],[-50.933627,-16.310573],[-50.965513,-16.303752],[-50.995971,-16.270556],[-51.02167,-16.273284],[-51.066405,-16.30648],[-51.068309,-16.33422],[-51.051652,-16.353773],[-51.028809,-16.364687],[-51.03452,-16.399702],[-51.01358,-16.413799],[-50.975983,-16.416982],[-50.946952,-16.397883]]]},"properties":{"cod_ibge":"521030","name":"Israelândia","uf":"GO"}},
{"type":"Feature","geometry":{"type":"Polygon","coordinates":[[[-52.124827,-16.471096],[-52.087706,-16.474734],[-52.052489,-16.490196],[-52.045826,-16.546129],[-52.024886,-16.546129],[-52.004422,-16.566137],[-51.975392,-16.627527],[-51.961114,-16.624799],[-51.916855,-16.649809],[-51.899722,-16.634348],[-51.865933,-16.657995],[-51.824529,-16.632529],[-51.799305,-16.62298],[-51.7836,-16.607973],[-51.749811,-16.599788],[-51.743624,-16.621161],[-51.709359,-16.641169],[-51.676521,-16.626163],[-51.667955,-16.598878],[-51.607514,-16.597969],[-51.602279,-16.602516],[-51.573725,-16.574322],[-51.569441,-16.55295],[-51.609894,-16.542491],[-51.6394,-16.492015],[-51.654629,-16.476099],[-51.652725,-16.462002],[-51.66843,-16.443812],[-51.674141,-16.419256],[-51.65796,-16.407433],[-51.615129,-16.396974],[-51.637972,-16.384696],[-51.650346,-16.365142],[-51.648442,-16.350136],[-51.667003,-16.339677],[-51.67319,-16.323306],[-51.666051,-16.280106],[-51.672238,-16.257369],[-51.708883,-16.227356],[-51.72316,-16.229629],[-51.73363,-16.199617],[-51.76266,-16.172332],[-51.78598,-16.142774],[-51.79645,-16.100483],[-51.829764,-16.083203],[-51.860222,-16.090479],[-51.87212,-16.105485],[-51.902578,-16.122765],[-51.895915,-16.137772],[-51.90353,-16.160964],[-51.892108,-16.170513],[-51.891632,-16.197343],[-51.910668,-16.240088],[-51.932084,-16.253276],[-51.958735,-16.258733],[-51.972536,-16.296931],[-51.989193,-16.296476],[-52.017272,-16.311028],[-52.040591,-16.360595],[-52.085327,-16.392426],[-52.141008,-16.44745],[-52.124827,-16.471096]]]},"properties":{"cod_ibge":"521720","name":"Piranhas","uf":"GO"}},
{"type":"Feature","geometry":{"type":"Polygon","coordinates":[[[-52.311859,-18.501057],[-52.295679,-18.492417],[-52.272359,-18.497419],[-52.258558,-18.511516],[-52.242853,-18.504695],[-52.171942,-18.501512],[-52.160044,-18.494691],[-52.133394,-18.518337],[-52.11055,-18.526977],[-52.072953,-18.50515],[-52.053441,-18.515154],[-52.012989,-18.566994],[-51.953024,-18.597462],[-51.94303,-18.615197],[-51.896867,-18.633386],[-51.90115,-18.587003],[-51.926849,-18.53971],[-51.844993,-18.571087],[-51.816438,-18.558809],[-51.79883,-18.540619],[-51.792167,-18.509697],[-51.797402,-18.488324],[-51.76504,-18.475592],[-51.736961,-18.481503],[-51.714594,-18.475592],[-51.667479,-18.491507],[-51.6394,-18.496055],[-51.630358,-18.472408],[-51.651774,-18.429663],[-51.648442,-18.391465],[-51.68366,-18.359633],[-51.665099,-18.33917],[-51.642731,-18.32962],[-51.653677,-18.287329],[-51.737437,-18.243219],[-51.785504,-18.262773],[-51.799781,-18.212297],[-51.825956,-18.212752],[-51.844041,-18.160911],[-51.84642,-18.139084],[-51.900198,-18.135901],[-51.92209,-18.157273],[-51.977771,-18.160002],[-52.009657,-18.151817],[-52.029645,-18.133172],[-52.021555,-18.114983],[-52.039164,-18.074056],[-52.080568,-18.045407],[-52.114357,-18.03131],[-52.140056,-18.026763],[-52.164328,-18.002207],[-52.159569,-17.977651],[-52.192406,-17.943091],[-52.201924,-17.888522],[-52.192882,-17.875789],[-52.19193,-17.826677],[-52.223816,-17.81258],[-52.237142,-17.817128],[-52.261413,-17.843503],[-52.314715,-17.83077],[-52.358499,-17.852143],[-52.396095,-17.83077],[-52.402758,-17.848959],[-52.428933,-17.871242],[-52.467006,-17.880337],[-52.479855,-17.89989],[-52.505079,-17.913987],[-52.544103,-17.905347],[-52.583604,-17.915806],[-52.588363,-17.927175],[-52.659273,-17.959007],[-52.665936,-17.97856],[-52.694966,-17.969466],[-52.712099,-17.971739],[-52.782534,-18.070418],[-52.77825,-18.085879],[-52.753027,-18.121349],[-52.695442,-18.169551],[-52.674978,-18.178646],[-52.667364,-18.199564],[-52.597881,-18.255043],[-52.592646,-18.26823],[-52.545531,-18.313249],[-52.524115,-18.321435],[-52.522211,-18.342807],[-52.492229,-18.344172],[-52.477952,-18.359633],[-52.461771,-18.411473],[-52.434168,-18.433301],[-52.370396,-18.46877],[-52.335655,-18.46968],[-52.311859,-18.501057]]]},"properties":{"cod_ibge":"522050","name":"Serranópolis","uf":"GO"}},
{"type":"Feature","geometry":{"type":"Polygon","coordinates":[[[-51.602279,-16.602516],[-51.607514,-16.597969],[-51.667955,-16.598878],[-51.676521,-16.626163],[-51.709359,-16.641169],[-51.743624,-16.621161],[-51.749811,-16.599788],[-51.7836,-16.607973],[-51.799305,-16.62298],[-51.824529,-16.632529],[-51.865933,-16.657995],[-51.899722,-16.634348],[-51.916855,-16.649809],[-51.961114,-16.624799],[-51.975392,-16.627527],[-52.004422,-16.566137],[-52.024886,-16.546129],[-52.045826,-16.546129],[-52.052489,-16.490196],[-52.087706,-16.474734],[-52.124827,-16.471096],[-52.196689,-16.464275],[-52.211443,-16.507476],[-52.239521,-16.558407],[-52.244756,-16.579325],[-52.190979,-16.599333],[-52.171466,-16.619342],[-52.149574,-16.623889],[-52.139104,-16.641169],[-52.145767,-16.673001],[-52.129586,-16.704833],[-52.136249,-16.736665],[-52.159093,-16.768042],[-52.177177,-16.773044],[-52.168135,-16.802602],[-52.209539,-16.80624],[-52.252371,-16.829432],[-52.259985,-16.868539],[-52.274739,-16.878089],[-52.292823,-16.927656],[-52.323757,-16.940843],[-52.35136,-16.939934],[-52.383722,-16.948119],[-52.388957,-16.930384],[-52.420367,-16.944481],[-52.41418,-16.969037],[-52.428933,-16.994048],[-52.4118,-17.030427],[-52.421319,-17.044069],[-52.404662,-17.069535],[-52.409421,-17.084996],[-52.388005,-17.140474],[-52.40371,-17.150478],[-52.413704,-17.175944],[-52.408945,-17.19959],[-52.391812,-17.222782],[-52.406089,-17.26098],[-52.378011,-17.268256],[-52.375631,-17.280079],[-52.349932,-17.302816],[-52.327089,-17.294176],[-52.294727,-17.300997],[-52.262841,-17.327372],[-52.245708,-17.316459],[-52.202876,-17.320097],[-52.190503,-17.311456],[-52.158141,-17.315094],[-52.145767,-17.356021],[-52.119116,-17.368754],[-52.099604,-17.397857],[-52.099604,-17.411045],[-52.069622,-17.444241],[-52.064863,-17.47107],[-52.042019,-17.461521],[-52.026314,-17.491079],[-51.995856,-17.48835],[-51.980627,-17.455154],[-51.960163,-17.431508],[-51.949693,-17.394219],[-51.954928,-17.358295],[-51.894011,-17.362387],[-51.874975,-17.33192],[-51.847848,-17.322825],[-51.839758,-17.29645],[-51.813107,-17.312821],[-51.77789,-17.318278],[-51.758377,-17.284627],[-51.738389,-17.277351],[-51.686039,-17.274623],[-51.642255,-17.284172],[-51.604183,-17.30509],[-51.54755,-17.324189],[-51.52661,-17.350109],[-51.514712,-17.333284],[-51.476163,-17.346471],[-51.42191,-17.334193],[-51.40668,-17.305545],[-51.339577,-17.269166],[-51.323872,-17.270075],[-51.29151,-17.211868],[-51.26486,-17.181856],[-51.272474,-17.161392],[-51.235829,-17.132289],[-51.197756,-17.123649],[-51.154925,-17.124103],[-51.133033,-17.110916],[-51.138744,-17.088634],[-51.098767,-17.06044],[-51.098291,-17.034065],[-51.08687,-17.013602],[-51.090677,-16.992684],[-51.10781,-16.969037],[-51.064978,-16.964944],[-51.05546,-16.954485],[-51.079731,-16.941298],[-51.104954,-16.895369],[-51.150165,-16.889458],[-51.180624,-16.84171],[-51.200136,-16.831705],[-51.21013,-16.808514],[-51.222504,-16.809423],[-51.227739,-16.759857],[-51.222028,-16.729389],[-51.256769,-16.782139],[-51.302932,-16.784867],[-51.32292,-16.803512],[-51.344336,-16.799874],[-51.368132,-16.819882],[-51.383361,-16.817609],[-51.41715,-16.828522],[-51.42762,-16.853533],[-51.473308,-16.874451],[-51.489013,-16.890367],[-51.50329,-16.88491],[-51.548501,-16.89446],[-51.577056,-16.874906],[-51.610845,-16.888093],[-51.631785,-16.919016],[-51.659388,-16.921744],[-51.658436,-16.861264],[-51.665099,-16.854897],[-51.655105,-16.813061],[-51.658912,-16.794872],[-51.620364,-16.756219],[-51.603707,-16.756673],[-51.590381,-16.732572],[-51.597044,-16.707561],[-51.610845,-16.693464],[-51.604659,-16.668908],[-51.577056,-16.662542],[-51.581339,-16.632529],[-51.602279,-16.602516]]]},"properties":{"cod_ibge":"520440","name":"Caiapônia","uf":"GO"}},
{"type":"Feature","geometry":{"type":"Polygon","coordinates":[[[-47.963479,-16.104576],[-47.938731,-16.050007],[-48.017732,-16.049552],[-48.031058,-16.087296],[-48.009642,-16.113216],[-48.002027,-16.136862],[-47.963003,-16.122765],[-47.963479,-16.104576]]]},"properties":{"cod_ibge":"522185","name":"Valparaíso de Goiás","uf":"GO"}},
{"type":"Feature","geometry":{"type":"Polygon","coordinates":[[[-48.635462,-18.048136],[-48.619281,-18.007209],[-48.643553,-17.931722],[-48.674011,-17.907166],[-48.688288,-17.868968],[-48.716843,-17.851688],[-48.709228,-17.901709],[-48.733975,-17.923537],[-48.765385,-17.934451],[-48.74968,-17.970375],[-48.732548,-17.984927],[-48.739686,-18.001752],[-48.732072,-18.042224],[-48.715415,-18.06678],[-48.710656,-18.086789],[-48.692095,-18.094974],[-48.656402,-18.088153],[-48.659258,-18.066325],[-48.635462,-18.048136]]]},"properties":{"cod_ibge":"521290","name":"Marzagão","uf":"GO"}},
{"type":"Feature","geometry":{"type":"Polygon","coordinates":[[[-52.629291,-16.517935],[-52.615489,-16.512933],[-52.599309,-16.532941],[-52.546483,-16.552495],[-52.506506,-16.541581],[-52.49556,-16.562954],[-52.457012,-16.557497],[-52.441783,-16.54431],[-52.417987,-16.541126],[-52.405614,-16.554769],[-52.374679,-16.536579],[-52.34089,-16.5434],[-52.335655,-16.562499],[-52.309956,-16.577506],[-52.278546,-16.585691],[-52.259034,-16.599333],[-52.244756,-16.579325],[-52.239521,-16.558407],[-52.211443,-16.507476],[-52.196689,-16.464275],[-52.250467,-16.448814],[-52.265696,-16.433808],[-52.238094,-16.38606],[-52.231907,-16.338767],[-52.25713,-16.344679],[-52.283305,-16.322851],[-52.304721,-16.326944],[-52.321378,-16.306935],[-52.301389,-16.279651],[-52.306624,-16.249638],[-52.270455,-16.198252],[-52.293775,-16.186429],[-52.301865,-16.165966],[-52.334227,-16.137317],[-52.356595,-16.130496],[-52.360878,-16.081384],[-52.371348,-16.09639],[-52.398951,-16.093207],[-52.437024,-16.108668],[-52.460343,-16.127768],[-52.471765,-16.126858],[-52.549338,-16.165056],[-52.545055,-16.222808],[-52.56885,-16.233722],[-52.546007,-16.259642],[-52.611206,-16.272375],[-52.624532,-16.286927],[-52.659273,-16.28056],[-52.681165,-16.301933],[-52.686876,-16.314666],[-52.682593,-16.344224],[-52.692587,-16.366506],[-52.677358,-16.381058],[-52.689255,-16.3947],[-52.674502,-16.412435],[-52.641189,-16.415618],[-52.638809,-16.436991],[-52.619297,-16.446086],[-52.605971,-16.486103],[-52.629291,-16.517935]]]},"properties":{"cod_ibge":"520310","name":"Baliza","uf":"GO"}},
{"type":"Feature","geometry":{"type":"Polygon","coordinates":[[[-49.737667,-16.284198],[-49.73624,-16.308299],[-49.72339,-16.336493],[-49.724818,-16.360595],[-49.737192,-16.37651],[-49.723866,-16.399702],[-49.721487,-16.441538],[-49.738619,-16.443357],[-49.770505,-16.434262],[-49.742902,-16.453816],[-49.738143,-16.467459],[-49.696739,-16.471096],[-49.695787,-16.452907],[-49.674372,-16.42926],[-49.659142,-16.427896],[-49.663902,-16.405159],[-49.653432,-16.35923],[-49.652956,-16.331036],[-49.665805,-16.330127],[-49.675323,-16.295112],[-49.691504,-16.269647],[-49.731005,-16.262371],[-49.737667,-16.284198]]]},"properties":{"cod_ibge":"520160","name":"Araçu","uf":"GO"}},
{"type":"Feature","geometry":{"type":"Polygon","coordinates":[[[-50.926964,-15.449295],[-50.901265,-15.473396],[-50.873186,-15.479308],[-50.872711,-15.497498],[-50.84368,-15.499316],[-50.827499,-15.472942],[-50.805607,-15.481127],[-50.737552,-15.493405],[-50.737552,-15.500226],[-50.698528,-15.541607],[-50.677588,-15.575713],[-50.655696,-15.575713],[-50.63666,-15.595721],[-50.619051,-15.59845],[-50.590021,-15.57162],[-50.566701,-15.576168],[-50.556231,-15.564799],[-50.528152,-15.557523],[-50.517206,-15.5457],[-50.51911,-15.51887],[-50.535767,-15.46612],[-50.518634,-15.426103],[-50.530532,-15.417463],[-50.553851,-15.465666],[-50.577647,-15.474761],[-50.608581,-15.46612],[-50.662359,-15.418373],[-50.67616,-15.389269],[-50.690913,-15.372899],[-50.708046,-15.319694],[-50.731366,-15.302869],[-50.720896,-15.284679],[-50.73089,-15.25603],[-50.746119,-15.175087],[-50.722799,-15.162809],[-50.713281,-15.136888],[-50.722323,-15.112333],[-50.723275,-15.083684],[-50.748498,-15.047759],[-50.766107,-15.043667],[-50.787047,-15.021839],[-50.797517,-15.025022],[-50.762776,-15.059583],[-50.762776,-15.074134],[-50.74136,-15.093233],[-50.74136,-15.117789],[-50.755161,-15.131432],[-50.776577,-15.175996],[-50.795137,-15.187365],[-50.800848,-15.202826],[-50.870331,-15.196005],[-50.905072,-15.243752],[-50.909356,-15.299686],[-50.923157,-15.310599],[-50.98217,-15.31833],[-51.002634,-15.327879],[-51.031188,-15.280586],[-51.054984,-15.257849],[-51.064978,-15.262397],[-51.069737,-15.268308],[-51.043086,-15.306507],[-51.033092,-15.344705],[-51.005013,-15.346524],[-50.975983,-15.356528],[-50.964561,-15.371534],[-50.955995,-15.427013],[-50.926488,-15.439291],[-50.926964,-15.449295]]]},"properties":{"cod_ibge":"521295","name":"Matrinchã","uf":"GO"}},
{"type":"Feature","geometry":{"type":"Polygon","coordinates":[[[-49.859024,-14.983186],[-49.906139,-14.979548],[-49.960869,-14.996374],[-49.968959,-15.02093],[-49.992755,-15.023203],[-50.05034,-15.065494],[-50.05843,-15.102328],[-50.054147,-15.123246],[-50.049388,-15.110059],[-50.025117,-15.103692],[-50.004177,-15.084139],[-49.957062,-15.08232],[-49.921368,-15.094143],[-49.907567,-15.083684],[-49.875681,-15.091869],[-49.86188,-15.085048],[-49.823807,-15.08141],[-49.851886,-15.048669],[-49.85141,-15.025932],[-49.84094,-15.006833],[-49.859024,-14.983186]]]},"properties":{"cod_ibge":"521470","name":"Nova América","uf":"GO"}},
{"type":"Feature","geometry":{"type":"Polygon","coordinates":[[[-47.892568,-16.918106],[-47.832128,-16.924473],[-47.806904,-16.916742],[-47.772163,-16.918561],[-47.733614,-16.92902],[-47.691734,-16.907647],[-47.684596,-16.941298],[-47.696494,-16.959488],[-47.698873,-16.999505],[-47.718861,-17.032701],[-47.693638,-17.07772],[-47.665084,-17.088179],[-47.637957,-17.145022],[-47.59798,-17.16594],[-47.562287,-17.213233],[-47.538492,-17.232332],[-47.521835,-17.285991],[-47.501371,-17.295086],[-47.510889,-17.326008],[-47.486618,-17.349655],[-47.438075,-17.317823],[-47.424274,-17.324189],[-47.410948,-17.249157],[-47.384297,-17.247793],[-47.384297,-17.225965],[-47.366213,-17.221873],[-47.348604,-17.176399],[-47.326712,-17.154116],[-47.292923,-17.139565],[-47.277694,-17.110916],[-47.248187,-17.098638],[-47.225344,-17.07772],[-47.198217,-17.072263],[-47.178229,-17.040886],[-47.146819,-17.032246],[-47.132065,-17.011328],[-47.143487,-17.000414],[-47.129686,-16.974949],[-47.157765,-16.96449],[-47.154433,-16.952666],[-47.180608,-16.901735],[-47.196313,-16.904919],[-47.208211,-16.874906],[-47.206307,-16.838527],[-47.22106,-16.802602],[-47.219633,-16.778046],[-47.236289,-16.755309],[-47.225819,-16.720294],[-47.246284,-16.700286],[-47.251994,-16.664361],[-47.273886,-16.662087],[-47.319098,-16.61343],[-47.347176,-16.590693],[-47.373827,-16.593422],[-47.386677,-16.577506],[-47.430936,-16.548857],[-47.459491,-16.504292],[-47.455208,-16.466094],[-47.429033,-16.436991],[-47.427129,-16.398793],[-47.365261,-16.329672],[-47.352887,-16.30739],[-47.351459,-16.275558],[-47.334327,-16.258733],[-47.321953,-16.231448],[-47.322429,-16.209166],[-47.331947,-16.171877],[-47.344797,-16.164147],[-47.352411,-16.133679],[-47.336706,-16.119582],[-47.332899,-16.086841],[-47.312435,-16.08866],[-47.308628,-16.050007],[-47.683644,-16.050007],[-47.683168,-16.070016],[-47.723144,-16.091843],[-47.725524,-16.150959],[-47.732187,-16.16642],[-47.658421,-16.166875],[-47.656517,-16.216897],[-47.663656,-16.246909],[-47.641288,-16.282834],[-47.653662,-16.326944],[-47.647951,-16.371508],[-47.675554,-16.419711],[-47.686975,-16.424713],[-47.719813,-16.487922],[-47.719813,-16.53476],[-47.737422,-16.552495],[-47.77597,-16.567501],[-47.77597,-16.537943],[-47.789296,-16.523846],[-47.803097,-16.539307],[-47.804525,-16.600697],[-47.821658,-16.615249],[-47.819278,-16.634348],[-47.837363,-16.647081],[-47.867345,-16.680277],[-47.880194,-16.704378],[-47.887809,-16.752581],[-47.879719,-16.768951],[-47.886857,-16.792143],[-47.902562,-16.813061],[-47.889237,-16.847167],[-47.885905,-16.905828],[-47.892568,-16.918106]]]},"properties":{"cod_ibge":"520620","name":"Cristalina","uf":"GO"}},
{"type":"Feature","geometry":{"type":"Polygon","coordinates":[[[-49.641534,-16.115035],[-49.612503,-16.119582],[-49.605365,-16.107304],[-49.574431,-16.101847],[-49.552063,-16.127768],[-49.524936,-16.114125],[-49.533502,-16.103212],[-49.538737,-16.0541],[-49.517322,-15.997257],[-49.532551,-15.978613],[-49.550635,-15.969518],[-49.561581,-15.97543],[-49.651052,-15.98407],[-49.668185,-16.006352],[-49.684366,-16.007261],[-49.637251,-16.020904],[-49.644389,-16.031817],[-49.680558,-16.039093],[-49.65248,-16.077291],[-49.659618,-16.100483],[-49.641534,-16.115035]]]},"properties":{"cod_ibge":"522100","name":"Taquaral de Goiás","uf":"GO"}},
{"type":"Feature","geometry":{"type":"Polygon","coordinates":[[[-49.619642,-16.489286],[-49.611552,-16.510204],[-49.593943,-16.527939],[-49.458785,-16.493833],[-49.454977,-16.53567],[-49.426423,-16.53567],[-49.421664,-16.557042],[-49.392157,-16.583872],[-49.391682,-16.597969],[-49.353133,-16.564318],[-49.32791,-16.556588],[-49.347898,-16.514297],[-49.364079,-16.509295],[-49.361699,-16.48292],[-49.341235,-16.471551],[-49.322199,-16.437446],[-49.354561,-16.455181],[-49.385019,-16.45609],[-49.392157,-16.435627],[-49.421664,-16.405614],[-49.447839,-16.4379],[-49.444507,-16.453816],[-49.483532,-16.458364],[-49.512087,-16.495198],[-49.557774,-16.502928],[-49.619642,-16.489286]]]},"properties":{"cod_ibge":"520880","name":"Goianira","uf":"GO"}},
{"type":"Feature","geometry":{"type":"Polygon","coordinates":[[[-48.613094,-16.142774],[-48.588823,-16.148686],[-48.560744,-16.170513],[-48.543136,-16.169149],[-48.503159,-16.195069],[-48.442719,-16.206892],[-48.422255,-16.244636],[-48.422255,-16.264644],[-48.411785,-16.286472],[-48.397032,-16.302388],[-48.374188,-16.309664],[-48.355628,-16.318758],[-48.323742,-16.318304],[-48.32041,-16.285108],[-48.328977,-16.260097],[-48.363242,-16.241453],[-48.372284,-16.199162],[-48.353248,-16.180517],[-48.350393,-16.118673],[-48.369429,-16.072289],[-48.365146,-16.02727],[-48.371808,-15.997712],[-48.407978,-15.977249],[-48.424158,-15.987708],[-48.450809,-15.969973],[-48.49031,-15.934048],[-48.528383,-15.933139],[-48.542184,-15.913585],[-48.590727,-15.920406],[-48.6031,-15.937686],[-48.628323,-15.940415],[-48.64736,-15.962697],[-48.649263,-15.987253],[-48.635462,-16.00135],[-48.618805,-16.055009],[-48.622613,-16.127313],[-48.613094,-16.142774]]]},"properties":{"cod_ibge":"520030","name":"Alexânia","uf":"GO"}},
{"type":"Feature","geometry":{"type":"Polygon","coordinates":[[[-49.1266,-13.682174],[-49.161342,-13.698545],[-49.179902,-13.73356],[-49.173239,-13.771758],[-49.158962,-13.782217],[-49.159438,-13.833148],[-49.140877,-13.860433],[-49.111371,-13.884989],[-49.114702,-13.927734],[-49.098522,-13.940012],[-49.023804,-13.889991],[-49.025232,-13.850883],[-49.004292,-13.831784],[-48.992394,-13.810866],[-49.002388,-13.791767],[-48.977165,-13.76812],[-48.990966,-13.741291],[-49.029039,-13.765392],[-49.050931,-13.765392],[-49.057118,-13.744474],[-49.083768,-13.749021],[-49.117082,-13.771758],[-49.120889,-13.752204],[-49.13707,-13.729467],[-49.1266,-13.682174]]]},"properties":{"cod_ibge":"520750","name":"Estrela do Norte","uf":"GO"}},
{"type":"Feature","geometry":{"type":"Polygon","coordinates":[[[-49.41167,-17.65524],[-49.408338,-17.632048],[-49.382639,-17.612949],[-49.364079,-17.608857],[-49.345518,-17.582482],[-49.31744,-17.583391],[-49.307446,-17.567475],[-49.308873,-17.526094],[-49.301735,-17.506995],[-49.333621,-17.47198],[-49.445459,-17.329191],[-49.509707,-17.351474],[-49.594419,-17.296905],[-49.619166,-17.291903],[-49.645817,-17.301907],[-49.646769,-17.3492],[-49.63963,-17.366025],[-49.653907,-17.39331],[-49.625353,-17.435146],[-49.650576,-17.441057],[-49.643437,-17.486986],[-49.663902,-17.489715],[-49.656287,-17.509723],[-49.696263,-17.553378],[-49.740523,-17.561564],[-49.747186,-17.579753],[-49.770029,-17.58521],[-49.790969,-17.577025],[-49.802867,-17.587484],[-49.825235,-17.58521],[-49.793349,-17.605673],[-49.780975,-17.62841],[-49.761463,-17.642962],[-49.74671,-17.638869],[-49.71292,-17.67343],[-49.693884,-17.687072],[-49.656763,-17.703897],[-49.656287,-17.71754],[-49.621546,-17.741186],[-49.613455,-17.753009],[-49.583949,-17.766197],[-49.563485,-17.784386],[-49.562057,-17.740731],[-49.538262,-17.731182],[-49.508279,-17.749826],[-49.513038,-17.670701],[-49.502092,-17.65615],[-49.47449,-17.652512],[-49.464972,-17.640688],[-49.433562,-17.634322],[-49.41167,-17.65524]]]},"properties":{"cod_ibge":"521770","name":"Pontalina","uf":"GO"}},
{"type":"Feature","geometry":{"type":"Polygon","coordinates":[[[-49.508279,-17.749826],[-49.538262,-17.731182],[-49.562057,-17.740731],[-49.563485,-17.784386],[-49.583949,-17.766197],[-49.613455,-17.753009],[-49.621546,-17.741186],[-49.656287,-17.71754],[-49.656763,-17.703897],[-49.693884,-17.687072],[-49.703878,-17.702988],[-49.731481,-17.725725],[-49.733384,-17.761195],[-49.68389,-17.806669],[-49.778596,-17.775746],[-49.784307,-17.800757],[-49.771457,-17.826677],[-49.784782,-17.841684],[-49.782403,-17.886248],[-49.760035,-17.867604],[-49.679607,-17.859873],[-49.656287,-17.881246],[-49.644865,-17.867604],[-49.595371,-17.840319],[-49.561105,-17.833498],[-49.517322,-17.855326],[-49.496857,-17.832134],[-49.454026,-17.850778],[-49.438321,-17.826677],[-49.442128,-17.788934],[-49.424995,-17.788479],[-49.428327,-17.748007],[-49.459737,-17.75119],[-49.508279,-17.749826]]]},"properties":{"cod_ibge":"521210","name":"Joviânia","uf":"GO"}},
{"type":"Feature","geometry":{"type":"Polygon","coordinates":[[[-48.59263,-15.364713],[-48.575498,-15.360166],[-48.591678,-15.286498],[-48.571214,-15.26558],[-48.568835,-15.232384],[-48.583588,-15.224653],[-48.588347,-15.196914],[-48.617853,-15.172358],[-48.606908,-15.152804],[-48.628799,-15.125065],[-48.626896,-15.114151],[-48.654023,-15.100964],[-48.643077,-15.088686],[-48.65545,-15.058673],[-48.653547,-15.043212],[-48.605956,-15.017292],[-48.611191,-15.002285],[-48.61595,-14.989553],[-48.640697,-14.98455],[-48.656402,-14.969089],[-48.674487,-14.979548],[-48.685433,-14.95954],[-48.703993,-14.947262],[-48.721602,-14.951809],[-48.750156,-14.929527],[-48.743969,-14.886327],[-48.757295,-14.86268],[-48.772524,-14.907699],[-48.794416,-14.919523],[-48.793464,-14.937258],[-48.805838,-14.953628],[-48.806789,-15.005014],[-48.829157,-15.022294],[-48.832964,-15.040029],[-48.854856,-15.06504],[-48.852001,-15.088231],[-48.884363,-15.123701],[-48.883887,-15.140526],[-48.908634,-15.166901],[-48.914345,-15.187819],[-48.918628,-15.239205],[-48.940044,-15.260578],[-48.990014,-15.261942],[-49.015238,-15.282405],[-49.029991,-15.280132],[-49.042364,-15.301504],[-49.060449,-15.306961],[-49.061401,-15.322423],[-49.077582,-15.343341],[-49.085672,-15.381993],[-49.067112,-15.431105],[-49.073774,-15.457026],[-49.090431,-15.467939],[-49.080437,-15.487948],[-49.080913,-15.51114],[-49.06616,-15.510685],[-49.030467,-15.540698],[-49.018569,-15.572075],[-48.996201,-15.55434],[-48.993346,-15.537515],[-48.957177,-15.511594],[-48.937188,-15.51114],[-48.917676,-15.531148],[-48.895308,-15.522963],[-48.846766,-15.51978],[-48.820115,-15.507957],[-48.813928,-15.517506],[-48.809645,-15.506138],[-48.747777,-15.472942],[-48.722553,-15.442019],[-48.712083,-15.403366],[-48.693523,-15.401093],[-48.659733,-15.369716],[-48.617853,-15.358802],[-48.59263,-15.364713]]]},"properties":{"cod_ibge":"522230","name":"Vila Propício","uf":"GO"}},
{"type":"Feature","geometry":{"type":"Polygon","coordinates":[[[-47.272459,-13.432067],[-47.273886,-13.448438],[-47.259133,-13.480724],[-47.249615,-13.486636],[-47.260085,-13.534384],[-47.291495,-13.590317],[-47.324333,-13.632153],[-47.3072,-13.664894],[-47.334327,-13.708549],[-47.329092,-13.732651],[-47.311959,-13.753569],[-47.316718,-13.772213],[-47.340038,-13.785855],[-47.353839,-13.804954],[-47.348128,-13.819961],[-47.326236,-13.826782],[-47.309104,-13.866799],[-47.309579,-13.89181],[-47.335279,-13.930008],[-47.279597,-13.95229],[-47.263892,-13.976846],[-47.242,-13.942286],[-47.250567,-13.898176],[-47.238193,-13.875894],[-47.198217,-13.861797],[-47.191554,-13.834967],[-47.197265,-13.817232],[-47.191078,-13.795405],[-47.203452,-13.772668],[-47.19441,-13.722646],[-47.173945,-13.70673],[-47.157765,-13.671261],[-47.162524,-13.631243],[-47.154909,-13.621239],[-47.137776,-13.56667],[-47.143487,-13.510283],[-47.140156,-13.484817],[-47.127782,-13.465718],[-47.12683,-13.439798],[-47.14777,-13.413423],[-47.196789,-13.452076],[-47.224392,-13.446619],[-47.257229,-13.450257],[-47.272459,-13.432067]]]},"properties":{"cod_ibge":"522108","name":"Teresina de Goiás","uf":"GO"}},
{"type":"Feature","geometry":{"type":"Polygon","coordinates":[[[-50.977411,-16.477463],[-50.969796,-16.501564],[-50.940766,-16.504292],[-50.918398,-16.526575],[-50.876518,-16.52612],[-50.862716,-16.49065],[-50.847011,-16.511114],[-50.817505,-16.510204],[-50.798469,-16.532032],[-50.799896,-16.557497],[-50.792282,-16.581598],[-50.73089,-16.586146],[-50.711853,-16.612975],[-50.659979,-16.612975],[-50.652841,-16.592967],[-50.616671,-16.591148],[-50.601918,-16.506566],[-50.619527,-16.497926],[-50.655696,-16.495198],[-50.65522,-16.458364],[-50.677112,-16.446995],[-50.679491,-16.406978],[-50.702811,-16.414254],[-50.704239,-16.442903],[-50.751354,-16.454726],[-50.769914,-16.477008],[-50.777529,-16.498836],[-50.79371,-16.502019],[-50.806083,-16.487467],[-50.84368,-16.471096],[-50.855578,-16.443812],[-50.878421,-16.434717],[-50.920301,-16.399247],[-50.946952,-16.397883],[-50.964561,-16.421985],[-50.968368,-16.459273],[-50.977411,-16.477463]]]},"properties":{"cod_ibge":"521340","name":"Moiporá","uf":"GO"}},
{"type":"Feature","geometry":{"type":"Polygon","coordinates":[[[-50.796089,-16.000895],[-50.798469,-16.028634],[-50.823692,-16.070016],[-50.807987,-16.089115],[-50.679491,-16.111397],[-50.653792,-16.108668],[-50.631425,-16.142774],[-50.609533,-16.148231],[-50.618099,-16.180517],[-50.60287,-16.192341],[-50.595256,-16.232813],[-50.558611,-16.200071],[-50.539574,-16.175515],[-50.517682,-16.17597],[-50.504833,-16.155052],[-50.489128,-16.148231],[-50.478182,-16.120037],[-50.473899,-16.075472],[-50.489604,-16.041367],[-50.511496,-16.036365],[-50.505309,-16.005897],[-50.56099,-16.033182],[-50.587641,-16.036819],[-50.590972,-16.010445],[-50.604298,-15.999076],[-50.627141,-15.961333],[-50.683299,-15.952238],[-50.685678,-15.901762],[-50.710901,-15.899943],[-50.717564,-15.879479],[-50.742311,-15.899943],[-50.742311,-15.918132],[-50.77039,-15.928137],[-50.78324,-15.955421],[-50.784667,-15.999531],[-50.796089,-16.000895]]]},"properties":{"cod_ibge":"521520","name":"Novo Brasil","uf":"GO"}},
{"type":"Feature","geometry":{"type":"Polygon","coordinates":[[[-50.528152,-15.557523],[-50.483417,-15.638012],[-50.440585,-15.632555],[-50.429639,-15.64165],[-50.399181,-15.635739],[-50.370151,-15.637558],[-50.352066,-15.619823],[-50.326843,-15.643014],[-50.275921,-15.643924],[-50.269258,-15.634374],[-50.227854,-15.635284],[-50.171696,-15.625734],[-50.146949,-15.630736],[-50.124581,-15.648471],[-50.124106,-15.618004],[-50.136003,-15.595721],[-50.131244,-15.583898],[-50.154564,-15.561616],[-50.16551,-15.518416],[-50.154088,-15.494769],[-50.162178,-15.443383],[-50.160275,-15.417918],[-50.135051,-15.397909],[-50.123154,-15.362894],[-50.133624,-15.343341],[-50.110304,-15.319694],[-50.086033,-15.247845],[-50.143142,-15.240115],[-50.155516,-15.248755],[-50.182166,-15.249209],[-50.239276,-15.237841],[-50.263071,-15.246936],[-50.288294,-15.246936],[-50.336361,-15.296502],[-50.355397,-15.296048],[-50.357301,-15.315601],[-50.382524,-15.325606],[-50.439633,-15.37017],[-50.4482,-15.350162],[-50.492459,-15.339703],[-50.521014,-15.303323],[-50.537195,-15.306052],[-50.555755,-15.290136],[-50.580026,-15.283315],[-50.605726,-15.259214],[-50.616196,-15.264216],[-50.643798,-15.246936],[-50.680443,-15.254211],[-50.705191,-15.266489],[-50.73089,-15.25603],[-50.720896,-15.284679],[-50.731366,-15.302869],[-50.708046,-15.319694],[-50.690913,-15.372899],[-50.67616,-15.389269],[-50.662359,-15.418373],[-50.608581,-15.46612],[-50.577647,-15.474761],[-50.553851,-15.465666],[-50.530532,-15.417463],[-50.518634,-15.426103],[-50.535767,-15.46612],[-50.51911,-15.51887],[-50.517206,-15.5457],[-50.528152,-15.557523]]]},"properties":{"cod_ibge":"520753","name":"Faina","uf":"GO"}},
{"type":"Feature","geometry":{"type":"Polygon","coordinates":[[[-48.90673,-15.989527],[-48.792036,-16.012718],[-48.781566,-16.040457],[-48.757295,-16.07138],[-48.721602,-16.0973],[-48.712083,-16.117763],[-48.683529,-16.146867],[-48.666872,-16.154597],[-48.650691,-16.144593],[-48.623564,-16.150505],[-48.613094,-16.142774],[-48.622613,-16.127313],[-48.618805,-16.055009],[-48.635462,-16.00135],[-48.649263,-15.987253],[-48.64736,-15.962697],[-48.628323,-15.940415],[-48.6031,-15.937686],[-48.590727,-15.920406],[-48.542184,-15.913585],[-48.528383,-15.933139],[-48.49031,-15.934048],[-48.450809,-15.969973],[-48.424158,-15.987708],[-48.407978,-15.977249],[-48.422731,-15.948145],[-48.417972,-15.913585],[-48.454617,-15.890393],[-48.461755,-15.864473],[-48.462231,-15.829458],[-48.495545,-15.828548],[-48.524099,-15.813997],[-48.544088,-15.79035],[-48.575973,-15.763975],[-48.622613,-15.753516],[-48.667348,-15.768523],[-48.696854,-15.814906],[-48.669252,-15.835824],[-48.674487,-15.862199],[-48.709704,-15.854014],[-48.717794,-15.864928],[-48.76253,-15.854923],[-48.782994,-15.819454],[-48.83582,-15.832186],[-48.855808,-15.813542],[-48.856284,-15.801719],[-48.862471,-15.812178],[-48.84391,-15.841281],[-48.871037,-15.849012],[-48.868658,-15.874022],[-48.895784,-15.876296],[-48.903875,-15.909037],[-48.89626,-15.979522],[-48.90673,-15.989527]]]},"properties":{"cod_ibge":"520580","name":"Corumbá de Goiás","uf":"GO"}},
{"type":"Feature","geometry":{"type":"Polygon","coordinates":[[[-49.870446,-16.266009],[-49.847602,-16.282379],[-49.82,-16.274649],[-49.79668,-16.299659],[-49.784307,-16.298295],[-49.755752,-16.319668],[-49.742902,-16.363323],[-49.772409,-16.371963],[-49.800012,-16.362414],[-49.816668,-16.381058],[-49.814765,-16.397429],[-49.773361,-16.421985],[-49.770505,-16.434262],[-49.738619,-16.443357],[-49.721487,-16.441538],[-49.723866,-16.399702],[-49.737192,-16.37651],[-49.724818,-16.360595],[-49.72339,-16.336493],[-49.73624,-16.308299],[-49.737667,-16.284198],[-49.748613,-16.263735],[-49.756228,-16.230539],[-49.734812,-16.191886],[-49.641534,-16.115035],[-49.659618,-16.100483],[-49.65248,-16.077291],[-49.680558,-16.039093],[-49.644389,-16.031817],[-49.637251,-16.020904],[-49.684366,-16.007261],[-49.679131,-15.990436],[-49.682462,-15.939505],[-49.671516,-15.914949],[-49.683414,-15.901762],[-49.676275,-15.883117],[-49.681986,-15.865837],[-49.679131,-15.85265],[-49.689601,-15.827184],[-49.692932,-15.806266],[-49.793349,-15.788986],[-49.825711,-15.808995],[-49.808578,-15.823546],[-49.813813,-15.838098],[-49.793825,-15.868111],[-49.794777,-15.884936],[-49.84094,-15.912675],[-49.832849,-15.929501],[-49.86188,-15.977249],[-49.902808,-15.980432],[-49.916609,-15.969518],[-49.952302,-15.974975],[-49.979429,-15.989981],[-50.004177,-16.013628],[-50.036538,-16.01863],[-50.042725,-16.029544],[-50.031303,-16.055464],[-50.032731,-16.101847],[-50.039394,-16.130496],[-50.031779,-16.18461],[-50.000845,-16.200526],[-49.968007,-16.202345],[-49.963724,-16.218716],[-49.940881,-16.223718],[-49.908995,-16.222354],[-49.90138,-16.231903],[-49.869018,-16.231903],[-49.870446,-16.266009]]]},"properties":{"cod_ibge":"521040","name":"Itaberaí","uf":"GO"}},
{"type":"Feature","geometry":{"type":"Polygon","coordinates":[[[-49.465447,-16.004533],[-49.509231,-15.972701],[-49.532551,-15.978613],[-49.517322,-15.997257],[-49.538737,-16.0541],[-49.533502,-16.103212],[-49.524936,-16.114125],[-49.521605,-16.122765],[-49.486387,-16.130496],[-49.474966,-16.151869],[-49.447363,-16.16733],[-49.454977,-16.150505],[-49.452598,-16.113671],[-49.441652,-16.109123],[-49.441176,-16.077746],[-49.403579,-16.029998],[-49.4012,-16.015447],[-49.431182,-16.015447],[-49.465447,-16.004533]]]},"properties":{"cod_ibge":"521950","name":"Santa Rosa de Goiás","uf":"GO"}},
{"type":"Feature","geometry":{"type":"Polygon","coordinates":[[[-48.595962,-16.923563],[-48.59263,-16.89355],[-48.575022,-16.863537],[-48.562172,-16.813971],[-48.545515,-16.792143],[-48.530762,-16.729389],[-48.526479,-16.6921],[-48.507918,-16.64799],[-48.467942,-16.643898],[-48.432249,-16.627527],[-48.393224,-16.632529],[-48.319934,-16.661633],[-48.311844,-16.68346],[-48.256638,-16.738938],[-48.238078,-16.733936],[-48.214758,-16.742122],[-48.19477,-16.733936],[-48.185728,-16.706652],[-48.195246,-16.642534],[-48.220469,-16.610702],[-48.240933,-16.577051],[-48.251403,-16.53476],[-48.269964,-16.489286],[-48.287573,-16.483374],[-48.309464,-16.451997],[-48.341826,-16.444267],[-48.358007,-16.414254],[-48.401315,-16.384241],[-48.397032,-16.357866],[-48.400839,-16.326489],[-48.374188,-16.309664],[-48.397032,-16.302388],[-48.411785,-16.286472],[-48.451285,-16.286472],[-48.494593,-16.304662],[-48.495069,-16.319668],[-48.516009,-16.339222],[-48.522672,-16.394245],[-48.541232,-16.417437],[-48.578829,-16.418801],[-48.605004,-16.444722],[-48.59501,-16.462002],[-48.558841,-16.471551],[-48.541232,-16.49929],[-48.555033,-16.510659],[-48.589775,-16.514297],[-48.596438,-16.528394],[-48.644504,-16.519299],[-48.698758,-16.492924],[-48.727788,-16.492469],[-48.750632,-16.499745],[-48.780138,-16.463821],[-48.800127,-16.458818],[-48.822494,-16.434717],[-48.852953,-16.430625],[-48.871037,-16.421075],[-48.874844,-16.400612],[-48.900543,-16.418801],[-48.882935,-16.441993],[-48.861995,-16.455181],[-48.861519,-16.489286],[-48.837248,-16.505202],[-48.812976,-16.545674],[-48.794892,-16.558407],[-48.784898,-16.588419],[-48.754915,-16.6057],[-48.725885,-16.604335],[-48.718746,-16.618432],[-48.717318,-16.675275],[-48.722078,-16.686189],[-48.783946,-16.632075],[-48.803934,-16.632075],[-48.832488,-16.658449],[-48.852001,-16.65663],[-48.872465,-16.657085],[-48.915773,-16.719839],[-48.908158,-16.73621],[-48.889598,-16.736665],[-48.866754,-16.7544],[-48.868182,-16.767587],[-48.856284,-16.751671],[-48.829633,-16.766223],[-48.827253,-16.797145],[-48.80203,-16.797145],[-48.787277,-16.822156],[-48.787753,-16.836708],[-48.775379,-16.857626],[-48.761578,-16.843074],[-48.723029,-16.845348],[-48.68686,-16.891731],[-48.646408,-16.88582],[-48.629275,-16.914468],[-48.595962,-16.923563]]]},"properties":{"cod_ibge":"522060","name":"Silvânia","uf":"GO"}},
{"type":"Feature","geometry":{"type":"Polygon","coordinates":[[[-49.368362,-13.272453],[-49.707209,-13.08601],[-49.908995,-12.975053],[-49.842843,-13.151947],[-49.844747,-13.162406],[-49.822855,-13.188781],[-49.81762,-13.24335],[-49.825235,-13.262904],[-49.818572,-13.279729],[-49.826662,-13.300647],[-49.850458,-13.327477],[-49.86188,-13.390686],[-49.886627,-13.41797],[-49.90138,-13.449802],[-49.946116,-13.459806],[-49.979429,-13.487091],[-49.947543,-13.490729],[-49.920417,-13.505735],[-49.878537,-13.493912],[-49.87235,-13.504826],[-49.84903,-13.495276],[-49.842843,-13.474358],[-49.821903,-13.452076],[-49.810482,-13.46299],[-49.783831,-13.453895],[-49.760987,-13.425701],[-49.731957,-13.427975],[-49.69436,-13.401145],[-49.680558,-13.377953],[-49.656287,-13.369313],[-49.646769,-13.352942],[-49.622022,-13.346121],[-49.591563,-13.319746],[-49.583473,-13.292007],[-49.557774,-13.280184],[-49.535406,-13.281093],[-49.48496,-13.249262],[-49.442604,-13.245624],[-49.410718,-13.266087],[-49.381212,-13.276546],[-49.368362,-13.272453]]]},"properties":{"cod_ibge":"521525","name":"Novo Planalto","uf":"GO"}},
{"type":"Feature","geometry":{"type":"Polygon","coordinates":[[[-50.147901,-17.34056],[-50.137907,-17.315094],[-50.147425,-17.305545],[-50.121726,-17.272804],[-50.106497,-17.242791],[-50.108876,-17.212323],[-50.098882,-17.179582],[-50.108401,-17.16503],[-50.100786,-17.128196],[-50.0689,-17.083632],[-50.076991,-17.072718],[-50.075563,-17.043614],[-50.058906,-16.994048],[-50.039394,-16.965399],[-50.042725,-16.929475],[-50.070804,-16.916742],[-50.099834,-16.950847],[-50.143142,-16.932658],[-50.178359,-16.933567],[-50.186926,-16.921744],[-50.215004,-16.921744],[-50.226902,-16.909011],[-50.283535,-16.895824],[-50.290674,-16.90219],[-50.277824,-16.934932],[-50.282107,-16.971311],[-50.294005,-16.9895],[-50.29924,-17.019968],[-50.287342,-17.048162],[-50.308282,-17.067261],[-50.29115,-17.07772],[-50.29924,-17.10455],[-50.274017,-17.113644],[-50.284487,-17.1382],[-50.27021,-17.155481],[-50.296861,-17.180037],[-50.257836,-17.210049],[-50.252125,-17.232786],[-50.233565,-17.236879],[-50.244986,-17.271439],[-50.237848,-17.286901],[-50.201203,-17.292812],[-50.200727,-17.268256],[-50.184546,-17.26962],[-50.185498,-17.302362],[-50.175504,-17.321461],[-50.195016,-17.332829],[-50.204058,-17.358295],[-50.147901,-17.34056]]]},"properties":{"cod_ibge":"521170","name":"Jandaia","uf":"GO"}},
{"type":"Feature","geometry":{"type":"Polygon","coordinates":[[[-48.140517,-16.169149],[-48.027726,-16.203709],[-48.002027,-16.136862],[-48.009642,-16.113216],[-48.031058,-16.087296],[-48.017732,-16.049552],[-48.084835,-16.049552],[-48.10054,-16.069561],[-48.116245,-16.073199],[-48.147655,-16.095936],[-48.144324,-16.163237],[-48.140517,-16.169149]]]},"properties":{"cod_ibge":"521523","name":"Novo Gama","uf":"GO"}},
{"type":"Feature","geometry":{"type":"Polygon","coordinates":[[[-47.492804,-15.502045],[-47.418563,-15.502045],[-47.418563,-15.5457],[-47.406189,-15.547064],[-47.37811,-15.576168],[-47.347652,-15.579351],[-47.321953,-15.59845],[-47.333851,-15.629372],[-47.326712,-15.652564],[-47.331471,-15.683486],[-47.312435,-15.697129],[-47.320525,-15.718501],[-47.314814,-15.74624],[-47.340514,-15.794898],[-47.366213,-15.827184],[-47.372399,-15.874477],[-47.379062,-15.88721],[-47.362405,-15.929501],[-47.376683,-15.961787],[-47.37002,-16.00135],[-47.348128,-16.007261],[-47.310055,-16.036365],[-47.286736,-16.00908],[-47.259609,-16.01863],[-47.226295,-16.015901],[-47.209639,-15.989981],[-47.170138,-15.970882],[-47.171566,-15.954057],[-47.136349,-15.927227],[-47.11636,-15.898124],[-47.120644,-15.829003],[-47.119216,-15.800809],[-47.104463,-15.758973],[-47.103035,-15.738055],[-47.115409,-15.717592],[-47.131114,-15.671663],[-47.161572,-15.65029],[-47.180608,-15.612092],[-47.178229,-15.598905],[-47.149198,-15.596631],[-47.12683,-15.585717],[-47.103035,-15.558887],[-47.071149,-15.55525],[-47.046878,-15.53615],[-47.019751,-15.5457],[-47.014516,-15.619823],[-46.998335,-15.652109],[-46.96169,-15.659385],[-46.933611,-15.649381],[-46.912195,-15.623915],[-46.882689,-15.610273],[-46.896966,-15.592993],[-46.917906,-15.58981],[-46.945985,-15.563435],[-46.944081,-15.517961],[-46.93266,-15.482946],[-46.93028,-15.442929],[-46.91172,-15.411552],[-46.849375,-15.373353],[-46.867936,-15.357438],[-46.847948,-15.346978],[-46.83605,-15.326515],[-46.873647,-15.285589],[-46.900774,-15.300595],[-46.941226,-15.314692],[-46.96978,-15.269218],[-46.988341,-15.257849],[-46.999287,-15.221925],[-47.018799,-15.197369],[-47.008329,-15.173268],[-47.038311,-15.12461],[-47.048305,-15.089595],[-47.077812,-15.063675],[-47.133017,-15.117789],[-47.149674,-15.075499],[-47.185843,-15.01229],[-47.17347,-14.975456],[-47.215825,-14.954538],[-47.21059,-14.904516],[-47.229627,-14.903152],[-47.227723,-14.877687],[-47.209163,-14.825391],[-47.219633,-14.81084],[-47.167759,-14.727622],[-47.14777,-14.711252],[-47.145867,-14.69579],[-47.11065,-14.676691],[-47.086378,-14.646678],[-47.090185,-14.630308],[-47.081143,-14.599385],[-47.096372,-14.563916],[-47.093517,-14.545726],[-47.145867,-14.53936],[-47.157289,-14.550728],[-47.184891,-14.543907],[-47.185843,-14.560278],[-47.214874,-14.605752],[-47.232006,-14.639403],[-47.234386,-14.68806],[-47.247235,-14.700793],[-47.282453,-14.694426],[-47.314814,-14.767185],[-47.35717,-14.776279],[-47.360502,-14.803109],[-47.427605,-14.830848],[-47.452352,-14.817206],[-47.477575,-14.817206],[-47.489473,-14.839943],[-47.498991,-14.907699],[-47.5166,-14.923615],[-47.54801,-14.925889],[-47.573233,-14.961359],[-47.575613,-15.031843],[-47.570854,-15.04685],[-47.569426,-15.074589],[-47.526594,-15.172813],[-47.528022,-15.207373],[-47.508034,-15.233293],[-47.50613,-15.258304],[-47.538968,-15.291045],[-47.496136,-15.291955],[-47.475196,-15.32606],[-47.473292,-15.366532],[-47.46425,-15.380629],[-47.480431,-15.397455],[-47.488521,-15.4402],[-47.486618,-15.478853],[-47.492804,-15.502045]]]},"properties":{"cod_ibge":"520800","name":"Formosa","uf":"GO"}},
{"type":"Feature","geometry":{"type":"Polygon","coordinates":[[[-49.741951,-16.956759],[-49.748137,-17.007235],[-49.726722,-17.067261],[-49.701022,-17.085451],[-49.688173,-17.126832],[-49.658191,-17.155026],[-49.657715,-17.180946],[-49.632016,-17.201409],[-49.620594,-17.228694],[-49.602033,-17.228239],[-49.581093,-17.205502],[-49.564437,-17.204138],[-49.551587,-17.182765],[-49.50352,-17.150933],[-49.489719,-17.160937],[-49.479725,-17.143657],[-49.490195,-17.119101],[-49.473538,-17.094545],[-49.494002,-17.05953],[-49.482104,-17.047252],[-49.483532,-17.022696],[-49.475917,-17.000414],[-49.479249,-16.981315],[-49.502092,-16.997686],[-49.520177,-17.000869],[-49.527792,-17.026789],[-49.574907,-17.045888],[-49.602985,-17.065442],[-49.613455,-17.054983],[-49.632492,-17.010873],[-49.593943,-16.952212],[-49.643913,-16.958123],[-49.691504,-16.952666],[-49.741951,-16.956759]]]},"properties":{"cod_ibge":"522190","name":"Varjão","uf":"GO"}},
{"type":"Feature","geometry":{"type":"Polygon","coordinates":[[[-49.659142,-16.427896],[-49.648197,-16.427896],[-49.628684,-16.398793],[-49.580617,-16.401066],[-49.555394,-16.408797],[-49.544924,-16.428351],[-49.503044,-16.428351],[-49.487815,-16.413799],[-49.447839,-16.4379],[-49.421664,-16.405614],[-49.440224,-16.396974],[-49.449742,-16.378784],[-49.426423,-16.362414],[-49.414049,-16.343314],[-49.380736,-16.316485],[-49.37788,-16.305571],[-49.372645,-16.279651],[-49.370742,-16.204619],[-49.403103,-16.194614],[-49.423092,-16.210985],[-49.444983,-16.218716],[-49.54778,-16.180972],[-49.599654,-16.225082],[-49.619166,-16.231903],[-49.643437,-16.225991],[-49.621546,-16.289655],[-49.627257,-16.313756],[-49.652956,-16.331036],[-49.653432,-16.35923],[-49.663902,-16.405159],[-49.659142,-16.427896]]]},"properties":{"cod_ibge":"521000","name":"Inhumas","uf":"GO"}},
{"type":"Feature","geometry":{"type":"Polygon","coordinates":[[[-50.73089,-15.25603],[-50.705191,-15.266489],[-50.680443,-15.254211],[-50.643798,-15.246936],[-50.616196,-15.264216],[-50.605726,-15.259214],[-50.580026,-15.283315],[-50.555755,-15.290136],[-50.537195,-15.306052],[-50.521014,-15.303323],[-50.492459,-15.339703],[-50.4482,-15.350162],[-50.439633,-15.37017],[-50.382524,-15.325606],[-50.357301,-15.315601],[-50.355397,-15.296048],[-50.336361,-15.296502],[-50.288294,-15.246936],[-50.263071,-15.246936],[-50.239276,-15.237841],[-50.182166,-15.249209],[-50.155516,-15.248755],[-50.143142,-15.240115],[-50.086033,-15.247845],[-50.066045,-15.228746],[-50.039394,-15.197824],[-50.056051,-15.182363],[-50.037014,-15.148712],[-50.054147,-15.123246],[-50.063665,-15.134615],[-50.109352,-15.121882],[-50.127913,-15.08141],[-50.154564,-15.080046],[-50.165986,-15.063675],[-50.185498,-15.055945],[-50.185498,-15.0373],[-50.208817,-15.031389],[-50.237372,-15.013654],[-50.243083,-14.969999],[-50.268782,-14.961359],[-50.292577,-14.943169],[-50.314945,-14.944079],[-50.401085,-15.027751],[-50.456766,-15.047759],[-50.50055,-15.054126],[-50.549092,-15.045486],[-50.576695,-15.021384],[-50.595256,-14.990007],[-50.648557,-14.983641],[-50.668546,-14.967725],[-50.717088,-14.950445],[-50.73898,-14.95863],[-50.771342,-14.956811],[-50.797041,-14.926344],[-50.800372,-14.902243],[-50.830355,-14.939076],[-50.821788,-14.990007],[-50.797517,-15.025022],[-50.787047,-15.021839],[-50.766107,-15.043667],[-50.748498,-15.047759],[-50.723275,-15.083684],[-50.722323,-15.112333],[-50.713281,-15.136888],[-50.722799,-15.162809],[-50.746119,-15.175087],[-50.73089,-15.25603]]]},"properties":{"cod_ibge":"520215","name":"Araguapaz","uf":"GO"}},
{"type":"Feature","geometry":{"type":"Polygon","coordinates":[[[-46.731826,-14.391114],[-46.732302,-14.408395],[-46.711838,-14.428403],[-46.718025,-14.466601],[-46.69994,-14.46842],[-46.68947,-14.498433],[-46.675193,-14.490248],[-46.629981,-14.506618],[-46.59762,-14.479789],[-46.57668,-14.483427],[-46.564306,-14.472513],[-46.542414,-14.486155],[-46.511004,-14.475696],[-46.506245,-14.487065],[-46.478642,-14.470239],[-46.458178,-14.477515],[-46.437238,-14.456597],[-46.432003,-14.422946],[-46.422961,-14.40794],[-46.42534,-14.385658],[-46.463413,-14.38975],[-46.527661,-14.388841],[-46.542414,-14.368377],[-46.562878,-14.366558],[-46.583342,-14.385658],[-46.62903,-14.383384],[-46.65806,-14.368832],[-46.683759,-14.387931],[-46.731826,-14.391114]]]},"properties":{"cod_ibge":"522068","name":"Simolândia","uf":"GO"}},
{"type":"Feature","geometry":{"type":"Polygon","coordinates":[[[-48.716843,-17.851688],[-48.688288,-17.868968],[-48.674011,-17.907166],[-48.643553,-17.931722],[-48.619281,-18.007209],[-48.635462,-18.048136],[-48.61595,-18.06678],[-48.562172,-18.053593],[-48.538853,-18.030401],[-48.543612,-17.992657],[-48.519816,-17.983563],[-48.519816,-17.929449],[-48.506491,-17.9008],[-48.512202,-17.880337],[-48.513629,-17.850324],[-48.531238,-17.847141],[-48.558365,-17.821675],[-48.543136,-17.793481],[-48.512678,-17.78757],[-48.519816,-17.753464],[-48.498876,-17.739822],[-48.492213,-17.711173],[-48.462707,-17.713902],[-48.453665,-17.685708],[-48.472225,-17.658878],[-48.458424,-17.62932],[-48.466514,-17.601581],[-48.502208,-17.571568],[-48.498876,-17.555197],[-48.510774,-17.505176],[-48.522672,-17.47971],[-48.550274,-17.481984],[-48.58216,-17.476072],[-48.601197,-17.482894],[-48.61595,-17.475163],[-48.703041,-17.496991],[-48.69733,-17.526549],[-48.713987,-17.540646],[-48.727788,-17.534279],[-48.73921,-17.554743],[-48.759674,-17.569294],[-48.813452,-17.572023],[-48.819163,-17.564747],[-48.855808,-17.560199],[-48.896736,-17.531551],[-48.925291,-17.565656],[-48.928146,-17.599762],[-48.913393,-17.624773],[-48.891501,-17.634322],[-48.891025,-17.650238],[-48.849145,-17.681615],[-48.838199,-17.721177],[-48.823446,-17.72527],[-48.779187,-17.715266],[-48.738258,-17.750736],[-48.748253,-17.7953],[-48.733023,-17.832134],[-48.716843,-17.851688]]]},"properties":{"cod_ibge":"520450","name":"Caldas Novas","uf":"GO"}},
{"type":"Feature","geometry":{"type":"Polygon","coordinates":[[[-50.733269,-19.186805],[-50.726131,-19.164068],[-50.746595,-19.14406],[-50.769438,-19.144969],[-50.771342,-19.124051],[-50.786571,-19.092219],[-50.816553,-19.07312],[-50.848915,-19.066754],[-50.876042,-19.043562],[-50.912687,-19.019916],[-50.929344,-19.017642],[-50.941241,-18.998088],[-50.935055,-18.977625],[-50.960278,-18.974442],[-50.959326,-18.961254],[-50.974079,-18.929422],[-50.995495,-18.904412],[-51.023098,-18.898045],[-51.076875,-18.870761],[-51.084014,-18.877582],[-51.124466,-18.872125],[-51.131129,-18.850298],[-51.149214,-18.820739],[-51.182051,-18.803459],[-51.179672,-18.790727],[-51.206799,-18.784815],[-51.22869,-18.742979],[-51.263908,-18.729791],[-51.29389,-18.70569],[-51.307215,-18.685227],[-51.368132,-18.643391],[-51.386216,-18.621563],[-51.41144,-18.620199],[-51.431904,-18.595643],[-51.488537,-18.573815],[-51.506145,-18.551533],[-51.529941,-18.538346],[-51.555164,-18.524249],[-51.571345,-18.526523],[-51.597996,-18.503331],[-51.6394,-18.496055],[-51.667479,-18.491507],[-51.714594,-18.475592],[-51.736961,-18.481503],[-51.76504,-18.475592],[-51.797402,-18.488324],[-51.792167,-18.509697],[-51.79883,-18.540619],[-51.816438,-18.558809],[-51.844993,-18.571087],[-51.926849,-18.53971],[-51.90115,-18.587003],[-51.896867,-18.633386],[-51.89306,-18.651121],[-51.87212,-18.677042],[-51.857366,-18.679315],[-51.822625,-18.713421],[-51.800257,-18.724335],[-51.76742,-18.762987],[-51.716973,-18.754347],[-51.695081,-18.76799],[-51.679852,-18.761168],[-51.664147,-18.782087],[-51.648918,-18.794819],[-51.630834,-18.787543],[-51.596092,-18.794819],[-51.581339,-18.82938],[-51.523278,-18.852117],[-51.518995,-18.862121],[-51.481398,-18.882129],[-51.43238,-18.891679],[-51.405729,-18.909869],[-51.357662,-18.935789],[-51.350047,-18.954433],[-51.330535,-18.95125],[-51.300077,-18.983991],[-51.305312,-19.008547],[-51.256293,-19.031284],[-51.240588,-19.044017],[-51.225835,-19.034013],[-51.185859,-19.071756],[-51.171105,-19.063116],[-51.146358,-19.084034],[-51.143979,-19.104497],[-51.124466,-19.099495],[-51.119707,-19.117685],[-51.08211,-19.120413],[-51.06355,-19.131782],[-51.054508,-19.149062],[-51.030712,-19.170435],[-51.018815,-19.157702],[-50.991212,-19.167252],[-50.950284,-19.200448],[-50.932199,-19.202721],[-50.933151,-19.224094],[-50.905072,-19.223185],[-50.89841,-19.256835],[-50.880801,-19.267749],[-50.879373,-19.283665],[-50.855578,-19.293669],[-50.84368,-19.312314],[-50.827975,-19.310949],[-50.817029,-19.289122],[-50.782764,-19.260928],[-50.746595,-19.24001],[-50.740408,-19.21318],[-50.733269,-19.186805]]]},"properties":{"cod_ibge":"521130","name":"Itarumã","uf":"GO"}},
{"type":"Feature","geometry":{"type":"Polygon","coordinates":[[[-48.950038,-14.681239],[-48.947658,-14.6967],[-48.923387,-14.711252],[-48.911965,-14.735808],[-48.891025,-14.745812],[-48.89864,-14.762182],[-48.893881,-14.782191],[-48.90673,-14.804928],[-48.912441,-14.833122],[-48.945279,-14.853585],[-48.94861,-14.864954],[-48.977165,-14.88951],[-48.998105,-14.925434],[-49.015713,-14.940441],[-49.04284,-14.976365],[-49.046648,-15.000921],[-49.028563,-15.007742],[-49.022376,-15.023658],[-48.995249,-15.035481],[-49.005243,-15.074134],[-49.026659,-15.078227],[-49.059021,-15.123701],[-49.071871,-15.126884],[-49.081389,-15.150531],[-49.049027,-15.143255],[-49.038081,-15.131432],[-49.001436,-15.136434],[-48.978593,-15.13416],[-48.96955,-15.161444],[-48.920532,-15.159171],[-48.908634,-15.166901],[-48.883887,-15.140526],[-48.884363,-15.123701],[-48.852001,-15.088231],[-48.854856,-15.06504],[-48.832964,-15.040029],[-48.829157,-15.022294],[-48.806789,-15.005014],[-48.805838,-14.953628],[-48.793464,-14.937258],[-48.794416,-14.919523],[-48.772524,-14.907699],[-48.757295,-14.86268],[-48.746825,-14.8454],[-48.742542,-14.816751],[-48.724933,-14.804473],[-48.727788,-14.780372],[-48.712083,-14.76673],[-48.721126,-14.752178],[-48.712559,-14.730351],[-48.731596,-14.707159],[-48.726837,-14.675782],[-48.773952,-14.64486],[-48.782994,-14.667597],[-48.800603,-14.660775],[-48.826302,-14.685786],[-48.871513,-14.695336],[-48.880555,-14.681239],[-48.905303,-14.671689],[-48.924339,-14.680784],[-48.950038,-14.681239]]]},"properties":{"cod_ibge":"520320","name":"Barro Alto","uf":"GO"}},
{"type":"Feature","geometry":{"type":"Polygon","coordinates":[[[-49.061401,-16.787596],[-49.067112,-16.815335],[-49.039985,-16.81488],[-49.022376,-16.826703],[-49.002864,-16.820337],[-48.99049,-16.799874],[-48.933857,-16.793053],[-48.928146,-16.787596],[-48.889598,-16.796236],[-48.868182,-16.767587],[-48.866754,-16.7544],[-48.889598,-16.736665],[-48.908158,-16.73621],[-48.915773,-16.719839],[-48.872465,-16.657085],[-48.852001,-16.65663],[-48.858663,-16.631165],[-48.876272,-16.63935],[-48.902923,-16.664816],[-48.920056,-16.692555],[-48.975261,-16.69301],[-49.012382,-16.660268],[-49.05331,-16.729844],[-49.061401,-16.787596]]]},"properties":{"cod_ibge":"520455","name":"Caldazinha","uf":"GO"}},
{"type":"Feature","geometry":{"type":"Polygon","coordinates":[[[-48.637842,-17.165485],[-48.662113,-17.177308],[-48.704469,-17.160028],[-48.734927,-17.169123],[-48.760626,-17.169123],[-48.794416,-17.195498],[-48.800603,-17.180037],[-48.800127,-17.216416],[-48.810597,-17.225056],[-48.784898,-17.27826],[-48.783946,-17.288265],[-48.805362,-17.312821],[-48.794416,-17.353747],[-48.754439,-17.27917],[-48.704469,-17.237789],[-48.607383,-17.221873],[-48.591678,-17.180946],[-48.577877,-17.161847],[-48.573118,-17.129106],[-48.602148,-17.13047],[-48.626896,-17.161847],[-48.637842,-17.165485]]]},"properties":{"cod_ibge":"520630","name":"Cristianópolis","uf":"GO"}},
{"type":"Feature","geometry":{"type":"Polygon","coordinates":[[[-49.732432,-15.526146],[-49.731481,-15.505228],[-49.70483,-15.509321],[-49.683414,-15.482036],[-49.685793,-15.457935],[-49.696263,-15.445657],[-49.686745,-15.421556],[-49.654859,-15.407004],[-49.624401,-15.41519],[-49.605365,-15.408823],[-49.604889,-15.387905],[-49.585852,-15.375172],[-49.591087,-15.354709],[-49.612027,-15.359256],[-49.643437,-15.352435],[-49.661522,-15.341067],[-49.671516,-15.30878],[-49.719583,-15.293774],[-49.748137,-15.293774],[-49.758607,-15.300595],[-49.756704,-15.338793],[-49.779072,-15.337884],[-49.787638,-15.361985],[-49.777644,-15.384722],[-49.78621,-15.420192],[-49.811909,-15.450659],[-49.843795,-15.440655],[-49.859976,-15.449295],[-49.886627,-15.481127],[-49.888531,-15.507957],[-49.857121,-15.532058],[-49.829042,-15.538879],[-49.810482,-15.532513],[-49.771933,-15.546155],[-49.732432,-15.526146]]]},"properties":{"cod_ibge":"520500","name":"Carmo do Rio Verde","uf":"GO"}},
{"type":"Feature","geometry":{"type":"Polygon","coordinates":[[[-49.791921,-14.305623],[-49.811433,-14.265151],[-49.822379,-14.256511],[-49.824759,-14.231501],[-49.806674,-14.221496],[-49.817144,-14.200124],[-49.845699,-14.196031],[-49.84903,-14.176932],[-49.830946,-14.148283],[-49.836657,-14.124637],[-49.881392,-14.097807],[-49.868542,-14.084619],[-49.897097,-14.068249],[-49.873777,-14.044148],[-49.884247,-14.030505],[-49.873302,-14.009587],[-49.881868,-13.984577],[-49.851886,-13.971844],[-49.856169,-13.947743],[-49.831897,-13.955019],[-49.819048,-13.940012],[-49.83047,-13.927279],[-49.834753,-13.903633],[-49.852362,-13.914547],[-49.873777,-13.896812],[-49.893766,-13.901814],[-49.936597,-13.895448],[-49.942308,-13.914092],[-49.919941,-13.932281],[-49.924224,-13.959566],[-49.935646,-13.972753],[-49.938977,-14.006404],[-49.950875,-14.021865],[-50.160751,-14.000947],[-50.147901,-14.049604],[-50.150281,-14.083255],[-50.143618,-14.125546],[-50.125533,-14.136005],[-50.120298,-14.166018],[-50.122202,-14.210583],[-50.099358,-14.228317],[-50.071756,-14.229682],[-50.046532,-14.261968],[-50.028448,-14.274701],[-50.035587,-14.300166],[-50.004177,-14.316537],[-49.927555,-14.388386],[-49.921368,-14.352462],[-49.901856,-14.338365],[-49.873777,-14.333362],[-49.839512,-14.343821],[-49.821427,-14.336091],[-49.815241,-14.316992],[-49.791921,-14.305623]]]},"properties":{"cod_ibge":"522157","name":"Uirapuru","uf":"GO"}},
{"type":"Feature","geometry":{"type":"Polygon","coordinates":[[[-49.940881,-16.223718],[-49.96658,-16.237815],[-50.037014,-16.234177],[-50.047008,-16.225537],[-50.093171,-16.225537],[-50.106973,-16.250547],[-50.095551,-16.266463],[-50.10031,-16.282834],[-50.065569,-16.291019],[-50.048436,-16.265554],[-50.021309,-16.315575],[-49.996562,-16.331036],[-49.982761,-16.328763],[-49.986092,-16.292838],[-49.944212,-16.244636],[-49.926603,-16.257369],[-49.879964,-16.257369],[-49.870446,-16.266009],[-49.869018,-16.231903],[-49.90138,-16.231903],[-49.908995,-16.222354],[-49.940881,-16.223718]]]},"properties":{"cod_ibge":"520085","name":"Americano do Brasil","uf":"GO"}},
{"type":"Feature","geometry":{"type":"Polygon","coordinates":[[[-49.619166,-17.291903],[-49.594419,-17.296905],[-49.509707,-17.351474],[-49.445459,-17.329191],[-49.333621,-17.47198],[-49.301735,-17.506995],[-49.290789,-17.506995],[-49.276512,-17.472889],[-49.294596,-17.455154],[-49.301259,-17.413773],[-49.293644,-17.387398],[-49.299831,-17.372846],[-49.324578,-17.361023],[-49.349802,-17.334193],[-49.351229,-17.319187],[-49.389302,-17.316459],[-49.429278,-17.30509],[-49.455453,-17.310092],[-49.476393,-17.288719],[-49.469731,-17.245974],[-49.452598,-17.238698],[-49.406911,-17.203228],[-49.407862,-17.188222],[-49.456881,-17.150024],[-49.462116,-17.166849],[-49.489719,-17.160937],[-49.50352,-17.150933],[-49.551587,-17.182765],[-49.564437,-17.204138],[-49.581093,-17.205502],[-49.602033,-17.228239],[-49.620594,-17.228694],[-49.613455,-17.257797],[-49.619166,-17.291903]]]},"properties":{"cod_ibge":"521260","name":"Mairipotaba","uf":"GO"}},
{"type":"Feature","geometry":{"type":"Polygon","coordinates":[[[-50.357301,-18.159547],[-50.386807,-18.190469],[-50.412506,-18.190015],[-50.428687,-18.199564],[-50.47961,-18.175918],[-50.488176,-18.161366],[-50.523869,-18.159547],[-50.536243,-18.146814],[-50.575743,-18.129079],[-50.589069,-18.135901],[-50.567653,-18.150907],[-50.56337,-18.168187],[-50.538146,-18.182739],[-50.50864,-18.21639],[-50.481989,-18.214116],[-50.468188,-18.22503],[-50.409651,-18.233215],[-50.400133,-18.244584],[-50.375861,-18.248221],[-50.371102,-18.230941],[-50.343024,-18.202747],[-50.322084,-18.210933],[-50.286391,-18.195926],[-50.272113,-18.177737],[-50.252601,-18.169097],[-50.245938,-18.153181],[-50.224522,-18.13772],[-50.185974,-18.139993],[-50.178359,-18.117256],[-50.161226,-18.121349],[-50.161702,-18.088608],[-50.169317,-18.074056],[-50.188353,-18.059959],[-50.216908,-18.074965],[-50.281631,-18.078603],[-50.311138,-18.114073],[-50.325891,-18.115892],[-50.357301,-18.159547]]]},"properties":{"cod_ibge":"520505","name":"Castelândia","uf":"GO"}},
{"type":"Feature","geometry":{"type":"Polygon","coordinates":[[[-50.344451,-17.942636],[-50.323987,-17.987201],[-50.298288,-17.999933],[-50.290674,-18.029946],[-50.251173,-18.031765],[-50.226902,-18.01403],[-50.209769,-18.004935],[-50.211197,-17.984927],[-50.268306,-17.972649],[-50.295909,-17.935815],[-50.291626,-17.913078],[-50.274017,-17.915352],[-50.240227,-17.903983],[-50.232613,-17.868059],[-50.255456,-17.845322],[-50.241655,-17.838955],[-50.269258,-17.81349],[-50.260216,-17.782113],[-50.236896,-17.791662],[-50.208817,-17.771199],[-50.212149,-17.750736],[-50.193588,-17.741641],[-50.204058,-17.716175],[-50.17598,-17.675249],[-50.160275,-17.667518],[-50.173124,-17.648419],[-50.150281,-17.600671],[-50.162654,-17.566566],[-50.202155,-17.573842],[-50.230233,-17.564747],[-50.25736,-17.579753],[-50.275445,-17.579753],[-50.2783,-17.603854],[-50.32018,-17.617951],[-50.327319,-17.60249],[-50.37491,-17.604309],[-50.394898,-17.617042],[-50.432971,-17.617497],[-50.476754,-17.659788],[-50.467236,-17.678432],[-50.460573,-17.721632],[-50.422976,-17.730727],[-50.450579,-17.754828],[-50.436302,-17.761195],[-50.442965,-17.792117],[-50.413458,-17.831225],[-50.422976,-17.883065],[-50.373006,-17.892615],[-50.364916,-17.929449],[-50.344451,-17.942636]]]},"properties":{"cod_ibge":"522155","name":"Turvelândia","uf":"GO"}},
{"type":"Feature","geometry":{"type":"Polygon","coordinates":[[[-49.908043,-15.37017],[-49.915182,-15.383358],[-49.875681,-15.399728],[-49.862356,-15.413371],[-49.859976,-15.449295],[-49.843795,-15.440655],[-49.811909,-15.450659],[-49.78621,-15.420192],[-49.777644,-15.384722],[-49.787638,-15.361985],[-49.779072,-15.337884],[-49.756704,-15.338793],[-49.758607,-15.300595],[-49.748137,-15.293774],[-49.770505,-15.287862],[-49.78859,-15.278767],[-49.800963,-15.294683],[-49.83047,-15.307871],[-49.863307,-15.333791],[-49.896621,-15.325606],[-49.908043,-15.37017]]]},"properties":{"cod_ibge":"522028","name":"São Patrício","uf":"GO"}},
{"type":"Feature","geometry":{"type":"Polygon","coordinates":[[[-48.787753,-16.836708],[-48.800603,-16.87718],[-48.801078,-16.911285],[-48.779187,-16.922199],[-48.766813,-16.941753],[-48.780138,-16.973584],[-48.766337,-16.992684],[-48.776331,-17.00678],[-48.725409,-17.03361],[-48.7078,-17.049071],[-48.709228,-17.07772],[-48.679246,-17.10364],[-48.681625,-17.117737],[-48.637366,-17.134563],[-48.647836,-17.148205],[-48.637842,-17.165485],[-48.626896,-17.161847],[-48.602148,-17.13047],[-48.573118,-17.129106],[-48.585968,-17.089543],[-48.554558,-17.056802],[-48.547895,-17.034065],[-48.530762,-17.014966],[-48.548371,-16.972675],[-48.576925,-16.955395],[-48.595962,-16.923563],[-48.629275,-16.914468],[-48.646408,-16.88582],[-48.68686,-16.891731],[-48.723029,-16.845348],[-48.761578,-16.843074],[-48.775379,-16.857626],[-48.787753,-16.836708]]]},"properties":{"cod_ibge":"522026","name":"São Miguel do Passa Quatro","uf":"GO"}},
{"type":"Feature","geometry":{"type":"Polygon","coordinates":[[[-50.023213,-15.780801],[-50.042249,-15.77307],[-50.059382,-15.781255],[-50.086509,-15.770342],[-50.062713,-15.723958],[-50.081274,-15.687579],[-50.124581,-15.648471],[-50.146949,-15.630736],[-50.171696,-15.625734],[-50.227854,-15.635284],[-50.269258,-15.634374],[-50.275921,-15.643924],[-50.326843,-15.643014],[-50.352066,-15.619823],[-50.370151,-15.637558],[-50.399181,-15.635739],[-50.429639,-15.64165],[-50.440585,-15.632555],[-50.483417,-15.638012],[-50.528152,-15.557523],[-50.556231,-15.564799],[-50.566701,-15.576168],[-50.590021,-15.57162],[-50.619051,-15.59845],[-50.63666,-15.595721],[-50.617147,-15.645288],[-50.610009,-15.698493],[-50.620003,-15.723049],[-50.579551,-15.733053],[-50.57146,-15.760337],[-50.523869,-15.78262],[-50.503881,-15.822182],[-50.512923,-15.837189],[-50.514827,-15.871749],[-50.498646,-15.881753],[-50.497218,-15.898578],[-50.463905,-15.941779],[-50.468188,-15.956785],[-50.488652,-15.969973],[-50.505309,-16.005897],[-50.511496,-16.036365],[-50.489604,-16.041367],[-50.473899,-16.075472],[-50.478182,-16.120037],[-50.440109,-16.114125],[-50.442013,-16.101847],[-50.421073,-16.088205],[-50.405844,-16.090934],[-50.365391,-16.074563],[-50.354921,-16.078201],[-50.335409,-16.091388],[-50.295909,-16.082748],[-50.256884,-16.093662],[-50.226426,-16.076382],[-50.214052,-16.078656],[-50.138859,-16.054554],[-50.099834,-16.033182],[-50.086985,-16.045005],[-50.064617,-16.029544],[-50.042725,-16.029544],[-50.036538,-16.01863],[-50.004177,-16.013628],[-49.979429,-15.989981],[-49.952302,-15.974975],[-49.916609,-15.969518],[-49.902808,-15.980432],[-49.86188,-15.977249],[-49.832849,-15.929501],[-49.84094,-15.912675],[-49.794777,-15.884936],[-49.793825,-15.868111],[-49.813813,-15.838098],[-49.808578,-15.823546],[-49.825711,-15.808995],[-49.839036,-15.801264],[-49.878061,-15.759428],[-49.9247,-15.759428],[-49.937549,-15.749424],[-49.966104,-15.765794],[-50.023213,-15.780801]]]},"properties":{"cod_ibge":"520890","name":"Goiás","uf":"GO"}},
{"type":"Feature","geometry":{"type":"Polygon","coordinates":[[[-49.729101,-16.637986],[-49.741475,-16.651174],[-49.77812,-16.637986],[-49.883772,-16.641169],[-49.902332,-16.618887],[-49.928983,-16.624799],[-49.935646,-16.610247],[-49.973718,-16.589784],[-50.006556,-16.620706],[-50.149805,-16.680732],[-50.159323,-16.722568],[-50.103641,-16.798055],[-50.103641,-16.899007],[-50.130292,-16.90219],[-50.143142,-16.932658],[-50.099834,-16.950847],[-50.070804,-16.916742],[-50.042725,-16.929475],[-50.039394,-16.965399],[-50.058906,-16.994048],[-50.075563,-17.043614],[-50.076991,-17.072718],[-50.0689,-17.083632],[-50.032255,-17.07772],[-50.026068,-17.069535],[-49.990851,-17.06044],[-49.949447,-17.030427],[-49.950399,-17.004962],[-49.930887,-16.984498],[-49.927555,-16.960397],[-49.899952,-16.954031],[-49.88044,-16.974039],[-49.854741,-16.944026],[-49.827614,-16.959033],[-49.823331,-16.922199],[-49.801439,-16.902645],[-49.779072,-16.907192],[-49.776692,-16.922654],[-49.748613,-16.944936],[-49.725294,-16.933113],[-49.732908,-16.90219],[-49.738143,-16.884455],[-49.727673,-16.872632],[-49.752421,-16.853988],[-49.758132,-16.817154],[-49.781451,-16.783958],[-49.779547,-16.765313],[-49.761463,-16.748488],[-49.765746,-16.733482],[-49.745758,-16.70165],[-49.733384,-16.695738],[-49.727673,-16.671182],[-49.716727,-16.645717],[-49.729101,-16.637986]]]},"properties":{"cod_ibge":"521570","name":"Palmeiras de Goiás","uf":"GO"}},
{"type":"Feature","geometry":{"type":"Polygon","coordinates":[[[-50.909831,-16.201435],[-50.866048,-16.205073],[-50.831782,-16.250547],[-50.83559,-16.258733],[-50.813222,-16.291474],[-50.81227,-16.317394],[-50.793234,-16.321942],[-50.778005,-16.349226],[-50.756113,-16.343314],[-50.754209,-16.382422],[-50.744215,-16.397429],[-50.725655,-16.396974],[-50.702811,-16.414254],[-50.679491,-16.406978],[-50.685678,-16.390153],[-50.67854,-16.336948],[-50.648557,-16.319213],[-50.61572,-16.322396],[-50.600491,-16.30739],[-50.609533,-16.274649],[-50.595256,-16.232813],[-50.60287,-16.192341],[-50.618099,-16.180517],[-50.609533,-16.148231],[-50.631425,-16.142774],[-50.653792,-16.108668],[-50.679491,-16.111397],[-50.807987,-16.089115],[-50.823692,-16.070016],[-50.798469,-16.028634],[-50.796089,-16.000895],[-50.815126,-16.022723],[-50.836541,-16.00999],[-50.872235,-16.011809],[-50.887464,-16.042276],[-50.921253,-16.051371],[-50.92744,-16.02727],[-50.962657,-16.013173],[-50.986453,-16.029998],[-51.007869,-16.019994],[-51.034044,-15.988162],[-51.069261,-15.968608],[-51.081635,-15.978613],[-51.114472,-15.961333],[-51.132081,-15.964971],[-51.179672,-15.954511],[-51.196329,-15.965425],[-51.211082,-15.94769],[-51.233925,-15.944507],[-51.257721,-15.969518],[-51.237257,-15.96588],[-51.236305,-15.99271],[-51.20775,-16.002714],[-51.212985,-16.030908],[-51.173961,-16.030453],[-51.16825,-16.049552],[-51.145406,-16.065013],[-51.123515,-16.063649],[-51.093532,-16.103212],[-51.062598,-16.109123],[-51.051176,-16.120037],[-51.005489,-16.12322],[-50.987881,-16.15778],[-50.965037,-16.173696],[-50.931247,-16.174151],[-50.910307,-16.184155],[-50.909831,-16.201435]]]},"properties":{"cod_ibge":"520760","name":"Fazenda Nova","uf":"GO"}},
{"type":"Feature","geometry":{"type":"Polygon","coordinates":[[[-46.758953,-13.824508],[-46.753718,-13.844517],[-46.714217,-13.877713],[-46.699464,-13.907271],[-46.669482,-13.91682],[-46.656632,-13.931827],[-46.581915,-13.947288],[-46.570493,-13.986396],[-46.538607,-14.013225],[-46.49863,-14.011406],[-46.476739,-13.995036],[-46.444377,-13.99549],[-46.431051,-14.039145],[-46.41725,-14.045967],[-46.376798,-14.025958],[-46.298273,-14.020956],[-46.284471,-14.052333],[-46.269718,-14.057335],[-46.226886,-14.04915],[-46.213085,-14.030505],[-46.212133,-14.010042],[-46.220224,-13.975482],[-46.254489,-13.967296],[-46.264007,-13.947288],[-46.256869,-13.887262],[-46.232597,-13.848609],[-46.251634,-13.829055],[-46.273525,-13.828601],[-46.264007,-13.807228],[-46.277333,-13.790857],[-46.229742,-13.774032],[-46.223079,-13.765392],[-46.254489,-13.734924],[-46.235929,-13.708095],[-46.268766,-13.711278],[-46.301128,-13.700364],[-46.320165,-13.719463],[-46.368707,-13.741745],[-46.37775,-13.758116],[-46.412967,-13.779489],[-46.434859,-13.781762],[-46.458654,-13.809047],[-46.496251,-13.813594],[-46.518143,-13.809502],[-46.540986,-13.79404],[-46.552884,-13.804045],[-46.582866,-13.806773],[-46.596192,-13.818142],[-46.621891,-13.819506],[-46.641403,-13.809502],[-46.682807,-13.815413],[-46.73135,-13.834967],[-46.758953,-13.824508]]]},"properties":{"cod_ibge":"520940","name":"Guarani de Goiás","uf":"GO"}},
{"type":"Feature","geometry":{"type":"Polygon","coordinates":[[[-49.412146,-14.848128],[-49.431182,-14.848128],[-49.444507,-14.865409],[-49.474966,-14.863135],[-49.48496,-14.840398],[-49.511135,-14.838124],[-49.527792,-14.815387],[-49.554918,-14.813113],[-49.590136,-14.8022],[-49.602509,-14.812659],[-49.63963,-14.823572],[-49.645817,-14.840853],[-49.661046,-14.839943],[-49.674847,-14.860406],[-49.701498,-14.86359],[-49.70483,-14.879505],[-49.737192,-14.913611],[-49.7548,-14.907245],[-49.805247,-14.939076],[-49.819048,-14.933165],[-49.806674,-14.89724],[-49.813813,-14.889965],[-49.812861,-14.839943],[-49.792397,-14.808566],[-49.794777,-14.784465],[-49.776216,-14.783101],[-49.774312,-14.754907],[-49.824283,-14.782646],[-49.849982,-14.935893],[-49.843319,-14.967725],[-49.859024,-14.983186],[-49.84094,-15.006833],[-49.85141,-15.025932],[-49.851886,-15.048669],[-49.823807,-15.08141],[-49.82,-15.085958],[-49.76765,-15.07277],[-49.751469,-15.084139],[-49.696263,-15.061856],[-49.688173,-15.078227],[-49.666757,-15.066404],[-49.648672,-15.047759],[-49.60822,-15.041393],[-49.591087,-15.040029],[-49.580617,-15.018656],[-49.560629,-15.009106],[-49.55587,-14.993645],[-49.528267,-14.990007],[-49.506376,-15.000921],[-49.450694,-14.998647],[-49.427851,-14.971363],[-49.43261,-14.956357],[-49.418332,-14.916794],[-49.417857,-14.879051],[-49.408814,-14.848583],[-49.412146,-14.848128]]]},"properties":{"cod_ibge":"521090","name":"Itapaci","uf":"GO"}},
{"type":"Feature","geometry":{"type":"Polygon","coordinates":[[[-50.165986,-16.46564],[-50.171696,-16.48292],[-50.15266,-16.497017],[-50.129341,-16.501109],[-50.097931,-16.492469],[-50.059382,-16.503383],[-50.054623,-16.515661],[-50.013695,-16.506566],[-49.983237,-16.56068],[-49.957537,-16.555678],[-49.929459,-16.534305],[-49.885675,-16.521573],[-49.842367,-16.514297],[-49.83047,-16.519299],[-49.846175,-16.492015],[-49.82,-16.457909],[-49.829994,-16.444722],[-49.818096,-16.422439],[-49.814765,-16.397429],[-49.816668,-16.381058],[-49.800012,-16.362414],[-49.772409,-16.371963],[-49.742902,-16.363323],[-49.755752,-16.319668],[-49.784307,-16.298295],[-49.79668,-16.299659],[-49.82,-16.274649],[-49.847602,-16.282379],[-49.870446,-16.266009],[-49.879964,-16.257369],[-49.926603,-16.257369],[-49.944212,-16.244636],[-49.986092,-16.292838],[-49.982761,-16.328763],[-49.996562,-16.331036],[-50.021309,-16.315575],[-50.048436,-16.265554],[-50.065569,-16.291019],[-50.10031,-16.282834],[-50.129816,-16.304207],[-50.138383,-16.327853],[-50.130292,-16.366051],[-50.150756,-16.372418],[-50.16551,-16.424258],[-50.148853,-16.441993],[-50.165986,-16.46564]]]},"properties":{"cod_ibge":"520130","name":"Anicuns","uf":"GO"}},
{"type":"Feature","geometry":{"type":"Polygon","coordinates":[[[-48.955273,-13.345667],[-48.998105,-13.398871],[-49.009527,-13.451621],[-49.001912,-13.463444],[-49.020473,-13.50619],[-49.062353,-13.528472],[-49.083768,-13.556666],[-49.076154,-13.57622],[-49.09519,-13.615782],[-49.112799,-13.61942],[-49.120413,-13.638974],[-49.114702,-13.674898],[-49.1266,-13.682174],[-49.13707,-13.729467],[-49.120889,-13.752204],[-49.117082,-13.771758],[-49.083768,-13.749021],[-49.057118,-13.744474],[-49.050931,-13.765392],[-49.029039,-13.765392],[-48.990966,-13.741291],[-48.970502,-13.721282],[-48.973358,-13.699],[-48.95908,-13.678991],[-48.928146,-13.667623],[-48.917676,-13.634427],[-48.921959,-13.621694],[-48.885314,-13.600321],[-48.873893,-13.57531],[-48.861995,-13.572127],[-48.836296,-13.530291],[-48.832964,-13.477996],[-48.842483,-13.475268],[-48.859139,-13.434796],[-48.872941,-13.422063],[-48.892929,-13.424337],[-48.894833,-13.399781],[-48.924339,-13.375225],[-48.935761,-13.351123],[-48.955273,-13.345667]]]},"properties":{"cod_ibge":"521960","name":"Santa Tereza de Goiás","uf":"GO"}},
{"type":"Feature","geometry":{"type":"Polygon","coordinates":[[[-49.983237,-16.56068],[-50.006556,-16.620706],[-49.973718,-16.589784],[-49.935646,-16.610247],[-49.928983,-16.624799],[-49.902332,-16.618887],[-49.883772,-16.641169],[-49.77812,-16.637986],[-49.741475,-16.651174],[-49.729101,-16.637986],[-49.730053,-16.580234],[-49.763842,-16.563863],[-49.79668,-16.51748],[-49.83047,-16.519299],[-49.842367,-16.514297],[-49.885675,-16.521573],[-49.929459,-16.534305],[-49.957537,-16.555678],[-49.983237,-16.56068]]]},"properties":{"cod_ibge":"521440","name":"Nazário","uf":"GO"}},
{"type":"Feature","geometry":{"type":"MultiPolygon","coordinates":[[[[-52.406089,-17.26098],[-52.416559,-17.281898],[-52.444638,-17.283263],[-52.448445,-17.259616],[-52.477952,-17.245519],[-52.49794,-17.252795],[-52.499368,-17.226875],[-52.511265,-17.20914],[-52.505554,-17.180491],[-52.511741,-17.127287],[-52.526494,-17.099548],[-52.549338,-17.079539],[-52.545055,-17.065897],[-52.594074,-17.040431],[-52.60026,-17.045888],[-52.633574,-17.00678],[-52.612158,-16.974949],[-52.630719,-16.964944],[-52.693539,-16.969037],[-52.74922,-16.953121],[-52.777774,-16.923108],[-52.80157,-16.907192],[-52.828697,-16.878544],[-52.822034,-16.860809],[-52.823462,-16.830341],[-52.833456,-16.818063],[-52.832504,-16.772135],[-52.859155,-16.768951],[-52.884854,-16.777137],[-52.892944,-16.793962],[-52.913884,-16.812606],[-52.929113,-16.837617],[-52.916264,-16.86763],[-52.92721,-16.88582],[-52.921023,-16.91174],[-52.909125,-16.926291],[-52.914836,-16.944481],[-52.93768,-16.945391],[-52.959572,-16.972675],[-52.952433,-17.003143],[-52.953385,-17.03452],[-52.969566,-17.053164],[-52.967186,-17.084086],[-52.952909,-17.116828],[-52.924354,-17.148659],[-52.915312,-17.191405],[-52.923403,-17.219599],[-52.91436,-17.240972],[-52.891041,-17.258252],[-52.886282,-17.282353],[-52.935776,-17.306909],[-52.964331,-17.307819],[-53.045711,-17.365116],[-53.069983,-17.371027],[-53.079025,-17.395129],[-53.097585,-17.416047],[-53.114718,-17.475163],[-53.133754,-17.502447],[-53.168972,-17.512452],[-53.179442,-17.551105],[-53.066651,-17.66388],[-53.116146,-17.661152],[-53.128519,-17.64751],[-53.163261,-17.644326],[-53.169923,-17.628865],[-53.196574,-17.610676],[-53.240358,-17.600217],[-53.248448,-17.627501],[-53.242262,-17.69071],[-53.233695,-17.712992],[-53.201809,-17.72618],[-53.159929,-17.774837],[-53.157074,-17.796664],[-53.131851,-17.842138],[-53.138038,-17.871242],[-53.128043,-17.880791],[-53.125188,-17.917625],[-53.104724,-17.92763],[-53.07141,-17.965828],[-53.064748,-17.988565],[-53.072362,-18.034039],[-53.075693,-18.050864],[-53.12376,-18.059049],[-53.143273,-18.08406],[-53.128995,-18.138629],[-53.129947,-18.160911],[-53.109959,-18.219573],[-53.101868,-18.272777],[-53.099489,-18.313704],[-53.071886,-18.341443],[-53.022868,-18.349629],[-53.013825,-18.325982],[-52.965283,-18.299152],[-52.9353,-18.296424],[-52.873432,-18.314614],[-52.820606,-18.310521],[-52.782534,-18.070418],[-52.712099,-17.971739],[-52.694966,-17.969466],[-52.665936,-17.97856],[-52.659273,-17.959007],[-52.588363,-17.927175],[-52.583604,-17.915806],[-52.544103,-17.905347],[-52.505079,-17.913987],[-52.479855,-17.89989],[-52.467006,-17.880337],[-52.428933,-17.871242],[-52.402758,-17.848959],[-52.396095,-17.83077],[-52.358499,-17.852143],[-52.314715,-17.83077],[-52.261413,-17.843503],[-52.237142,-17.817128],[-52.223816,-17.81258],[-52.274263,-17.790753],[-52.275214,-17.774837],[-52.230955,-17.777565],[-52.219057,-17.75983],[-52.243329,-17.728908],[-52.23619,-17.704807],[-52.213822,-17.676613],[-52.303293,-17.609311],[-52.307576,-17.58612],[-52.308528,-17.563837],[-52.343745,-17.527003],[-52.370872,-17.511997],[-52.378963,-17.48062],[-52.365637,-17.452881],[-52.374679,-17.420139],[-52.429885,-17.420594],[-52.45368,-17.405588],[-52.481283,-17.408316],[-52.509838,-17.378303],[-52.528398,-17.370573],[-52.513645,-17.349655],[-52.473669,-17.32237],[-52.45368,-17.327827],[-52.429409,-17.322825],[-52.400379,-17.334648],[-52.375155,-17.33192],[-52.298058,-17.342834],[-52.287588,-17.375575],[-52.263317,-17.40195],[-52.238569,-17.391491],[-52.221437,-17.396493],[-52.214774,-17.417411],[-52.160996,-17.437874],[-52.131966,-17.416501],[-52.099604,-17.411045],[-52.099604,-17.397857],[-52.119116,-17.368754],[-52.145767,-17.356021],[-52.158141,-17.315094],[-52.190503,-17.311456],[-52.202876,-17.320097],[-52.245708,-17.316459],[-52.262841,-17.327372],[-52.294727,-17.300997],[-52.327089,-17.294176],[-52.349932,-17.302816],[-52.375631,-17.280079],[-52.378011,-17.268256],[-52.406089,-17.26098]],[[-52.522211,-17.342379],[-52.554097,-17.403769],[-52.58979,-17.403769],[-52.611206,-17.441512],[-52.641189,-17.456973],[-52.727804,-17.433327],[-52.733515,-17.424232],[-52.765401,-17.420139],[-52.85154,-17.431963],[-52.884854,-17.476982],[-52.891993,-17.411499],[-52.862962,-17.399221],[-52.824414,-17.364206],[-52.802522,-17.335103],[-52.802522,-17.317823],[-52.815847,-17.29736],[-52.78872,-17.281898],[-52.743033,-17.245974],[-52.726376,-17.219599],[-52.697822,-17.216871],[-52.690683,-17.205957],[-52.645948,-17.24461],[-52.627387,-17.299178],[-52.606923,-17.330101],[-52.563139,-17.333284],[-52.522211,-17.342379]]],[[[-52.921023,-18.613378],[-52.912933,-18.642027],[-52.873432,-18.645664],[-52.838691,-18.423751],[-52.876288,-18.431027],[-52.881047,-18.465587],[-52.899131,-18.476956],[-52.919595,-18.510607],[-52.942439,-18.516973],[-52.962427,-18.540619],[-52.951957,-18.576544],[-52.921023,-18.613378]]]]},"properties":{"cod_ibge":"521310","name":"Mineiros","uf":"GO"}},
{"type":"Feature","geometry":{"type":"Polygon","coordinates":[[[-49.384067,-16.831705],[-49.386922,-16.811697],[-49.412146,-16.740757],[-49.429754,-16.719385],[-49.444507,-16.717566],[-49.497333,-16.747579],[-49.516846,-16.741212],[-49.542069,-16.750762],[-49.539689,-16.764404],[-49.502568,-16.800328],[-49.474966,-16.792143],[-49.457833,-16.819882],[-49.464496,-16.846257],[-49.454026,-16.861718],[-49.437369,-16.860354],[-49.410718,-16.851714],[-49.384067,-16.831705]]]},"properties":{"cod_ibge":"520005","name":"Abadia de Goiás","uf":"GO"}},
{"type":"Feature","geometry":{"type":"Polygon","coordinates":[[[-48.49031,-17.002233],[-48.478412,-16.99041],[-48.471273,-16.950847],[-48.449382,-16.929929],[-48.41464,-16.936296],[-48.397508,-16.91947],[-48.363718,-16.907647],[-48.365622,-16.895824],[-48.34135,-16.864447],[-48.309464,-16.84171],[-48.30185,-16.810333],[-48.263301,-16.798509],[-48.255211,-16.774863],[-48.264253,-16.754854],[-48.256638,-16.738938],[-48.311844,-16.68346],[-48.319934,-16.661633],[-48.393224,-16.632529],[-48.432249,-16.627527],[-48.467942,-16.643898],[-48.507918,-16.64799],[-48.526479,-16.6921],[-48.530762,-16.729389],[-48.545515,-16.792143],[-48.562172,-16.813971],[-48.575022,-16.863537],[-48.59263,-16.89355],[-48.595962,-16.923563],[-48.576925,-16.955395],[-48.548371,-16.972675],[-48.530762,-17.014966],[-48.547895,-17.034065],[-48.554558,-17.056802],[-48.585968,-17.089543],[-48.573118,-17.129106],[-48.56122,-17.099548],[-48.537901,-17.077265],[-48.527907,-17.0518],[-48.512678,-17.039522],[-48.49031,-17.002233]]]},"properties":{"cod_ibge":"522200","name":"Vianópolis","uf":"GO"}},
{"type":"Feature","geometry":{"type":"Polygon","coordinates":[[[-52.406089,-17.26098],[-52.391812,-17.222782],[-52.408945,-17.19959],[-52.413704,-17.175944],[-52.40371,-17.150478],[-52.388005,-17.140474],[-52.409421,-17.084996],[-52.404662,-17.069535],[-52.421319,-17.044069],[-52.4118,-17.030427],[-52.428933,-16.994048],[-52.41418,-16.969037],[-52.420367,-16.944481],[-52.388957,-16.930384],[-52.383722,-16.948119],[-52.35136,-16.939934],[-52.323757,-16.940843],[-52.292823,-16.927656],[-52.274739,-16.878089],[-52.259985,-16.868539],[-52.252371,-16.829432],[-52.209539,-16.80624],[-52.168135,-16.802602],[-52.177177,-16.773044],[-52.159093,-16.768042],[-52.136249,-16.736665],[-52.129586,-16.704833],[-52.145767,-16.673001],[-52.139104,-16.641169],[-52.149574,-16.623889],[-52.171466,-16.619342],[-52.190979,-16.599333],[-52.244756,-16.579325],[-52.259034,-16.599333],[-52.278546,-16.585691],[-52.309956,-16.577506],[-52.335655,-16.562499],[-52.34089,-16.5434],[-52.374679,-16.536579],[-52.405614,-16.554769],[-52.417987,-16.541126],[-52.441783,-16.54431],[-52.457012,-16.557497],[-52.49556,-16.562954],[-52.506506,-16.541581],[-52.546483,-16.552495],[-52.599309,-16.532941],[-52.615489,-16.512933],[-52.629291,-16.517935],[-52.625959,-16.532032],[-52.654514,-16.56068],[-52.670695,-16.557497],[-52.675454,-16.585236],[-52.69449,-16.582053],[-52.703057,-16.59615],[-52.733039,-16.585691],[-52.7259,-16.61434],[-52.741129,-16.652083],[-52.759214,-16.671182],[-52.761594,-16.706652],[-52.785865,-16.714383],[-52.792528,-16.740303],[-52.808233,-16.742122],[-52.832504,-16.772135],[-52.833456,-16.818063],[-52.823462,-16.830341],[-52.822034,-16.860809],[-52.828697,-16.878544],[-52.80157,-16.907192],[-52.777774,-16.923108],[-52.74922,-16.953121],[-52.693539,-16.969037],[-52.630719,-16.964944],[-52.612158,-16.974949],[-52.633574,-17.00678],[-52.60026,-17.045888],[-52.594074,-17.040431],[-52.545055,-17.065897],[-52.549338,-17.079539],[-52.526494,-17.099548],[-52.511741,-17.127287],[-52.505554,-17.180491],[-52.511265,-17.20914],[-52.499368,-17.226875],[-52.49794,-17.252795],[-52.477952,-17.245519],[-52.448445,-17.259616],[-52.444638,-17.283263],[-52.416559,-17.281898],[-52.406089,-17.26098]]]},"properties":{"cod_ibge":"520725","name":"Doverlândia","uf":"GO"}},
{"type":"Feature","geometry":{"type":"Polygon","coordinates":[[[-49.641534,-16.115035],[-49.734812,-16.191886],[-49.756228,-16.230539],[-49.748613,-16.263735],[-49.737667,-16.284198],[-49.731005,-16.262371],[-49.691504,-16.269647],[-49.675323,-16.295112],[-49.665805,-16.330127],[-49.652956,-16.331036],[-49.627257,-16.313756],[-49.621546,-16.289655],[-49.643437,-16.225991],[-49.619166,-16.231903],[-49.599654,-16.225082],[-49.54778,-16.180972],[-49.444983,-16.218716],[-49.423092,-16.210985],[-49.403103,-16.194614],[-49.410242,-16.175061],[-49.447363,-16.16733],[-49.474966,-16.151869],[-49.486387,-16.130496],[-49.521605,-16.122765],[-49.524936,-16.114125],[-49.552063,-16.127768],[-49.574431,-16.101847],[-49.605365,-16.107304],[-49.612503,-16.119582],[-49.641534,-16.115035]]]},"properties":{"cod_ibge":"521140","name":"Itauçu","uf":"GO"}},
{"type":"Feature","geometry":{"type":"Polygon","coordinates":[[[-48.318507,-13.939103],[-48.28091,-13.939103],[-48.251403,-13.96093],[-48.245217,-13.993671],[-48.221421,-13.9964],[-48.219518,-14.012771],[-48.201433,-14.018682],[-48.182873,-14.041419],[-48.171451,-14.067339],[-48.174782,-14.089167],[-48.16336,-14.11827],[-48.120053,-14.154195],[-48.128143,-14.169201],[-48.085311,-14.191029],[-48.042955,-14.23241],[-48.026774,-14.232865],[-48.000124,-14.253783],[-47.958244,-14.271972],[-47.939683,-14.286069],[-47.92255,-14.275156],[-47.908273,-14.282886],[-47.925882,-14.303804],[-47.913984,-14.331998],[-47.877339,-14.343367],[-47.839266,-14.331089],[-47.903038,-14.235593],[-47.932069,-14.176932],[-47.899707,-14.170111],[-47.915888,-14.148283],[-47.913508,-14.119634],[-47.898279,-14.092805],[-47.898279,-14.046876],[-47.926834,-14.035053],[-47.909701,-14.011861],[-47.920647,-13.994126],[-47.930165,-13.956383],[-47.960147,-13.938648],[-47.964906,-13.906361],[-47.947774,-13.884989],[-47.959671,-13.853157],[-47.99822,-13.834058],[-48.018684,-13.81314],[-48.015829,-13.783581],[-48.027726,-13.770849],[-48.027726,-13.744019],[-48.054377,-13.739017],[-48.057709,-13.702183],[-48.080552,-13.681265],[-48.092926,-13.659437],[-48.120529,-13.628515],[-48.142896,-13.652616],[-48.140517,-13.682629],[-48.147655,-13.703092],[-48.137185,-13.734015],[-48.137661,-13.754933],[-48.157173,-13.774032],[-48.170975,-13.772213],[-48.196674,-13.790403],[-48.20762,-13.822234],[-48.250928,-13.857704],[-48.281862,-13.831784],[-48.303753,-13.832693],[-48.315175,-13.844971],[-48.331832,-13.836331],[-48.346585,-13.862251],[-48.338971,-13.8909],[-48.327549,-13.900904],[-48.327073,-13.929098],[-48.318507,-13.939103]]]},"properties":{"cod_ibge":"520552","name":"Colinas do Sul","uf":"GO"}},
{"type":"Feature","geometry":{"type":"Polygon","coordinates":[[[-49.782403,-17.886248],[-49.784782,-17.841684],[-49.771457,-17.826677],[-49.784307,-17.800757],[-49.778596,-17.775746],[-49.68389,-17.806669],[-49.733384,-17.761195],[-49.731481,-17.725725],[-49.703878,-17.702988],[-49.693884,-17.687072],[-49.71292,-17.67343],[-49.74671,-17.638869],[-49.761463,-17.642962],[-49.780975,-17.62841],[-49.793349,-17.605673],[-49.825235,-17.58521],[-49.84903,-17.57657],[-49.86188,-17.591122],[-49.895193,-17.612495],[-49.9247,-17.606128],[-49.931838,-17.640234],[-49.956586,-17.627956],[-49.967532,-17.653876],[-49.980857,-17.66479],[-50.003225,-17.659788],[-50.026544,-17.709809],[-50.065569,-17.732091],[-50.074135,-17.748917],[-50.066045,-17.765287],[-50.086985,-17.784841],[-50.073183,-17.798938],[-50.01655,-17.794391],[-50.015122,-17.782567],[-49.984664,-17.782567],[-49.941357,-17.798029],[-49.915182,-17.79621],[-49.886627,-17.816218],[-49.888055,-17.832134],[-49.857121,-17.863056],[-49.844747,-17.84805],[-49.820476,-17.850324],[-49.802867,-17.886703],[-49.782403,-17.886248]]]},"properties":{"cod_ibge":"522205","name":"Vicentinópolis","uf":"GO"}},
{"type":"Feature","geometry":{"type":"Polygon","coordinates":[[[-49.403103,-16.194614],[-49.370742,-16.204619],[-49.372645,-16.279651],[-49.37788,-16.305571],[-49.351229,-16.304207],[-49.333145,-16.286927],[-49.315536,-16.288746],[-49.306018,-16.309209],[-49.27556,-16.267828],[-49.287933,-16.233267],[-49.310777,-16.230539],[-49.31506,-16.22008],[-49.38026,-16.195524],[-49.403103,-16.194614]]]},"properties":{"cod_ibge":"520680","name":"Damolândia","uf":"GO"}},
{"type":"Feature","geometry":{"type":"Polygon","coordinates":[[[-49.039985,-14.576648],[-49.038081,-14.563461],[-49.009051,-14.560278],[-49.008575,-14.536177],[-49.040461,-14.527991],[-49.050455,-14.499343],[-49.02428,-14.498433],[-49.02428,-14.470694],[-48.99287,-14.455233],[-48.977641,-14.41658],[-48.99287,-14.38975],[-48.980496,-14.362921],[-48.989063,-14.337],[-49.016665,-14.32063],[-48.964791,-14.292436],[-48.941948,-14.251054],[-48.929098,-14.254692],[-48.893881,-14.230136],[-48.869133,-14.184208],[-48.849145,-14.158287],[-48.825826,-14.177387],[-48.810121,-14.17102],[-48.79394,-14.139643],[-48.782042,-14.149193],[-48.763482,-14.142371],[-48.763482,-14.119634],[-48.722553,-14.128275],[-48.702089,-14.107811],[-48.719698,-14.044602],[-48.713035,-14.020501],[-48.733975,-13.990488],[-48.726837,-13.960021],[-48.734927,-13.940922],[-48.760626,-13.925006],[-48.780138,-13.879077],[-48.799175,-14.061428],[-49.009051,-14.091441],[-49.073774,-14.298347],[-49.086148,-14.333362],[-49.135642,-14.374289],[-49.177047,-14.385203],[-49.196083,-14.38202],[-49.212264,-14.392024],[-49.234632,-14.389295],[-49.262234,-14.396117],[-49.266517,-14.410214],[-49.301735,-14.405211],[-49.305542,-14.439772],[-49.333621,-14.459325],[-49.344091,-14.477515],[-49.34647,-14.510256],[-49.36979,-14.514804],[-49.390254,-14.502981],[-49.397868,-14.52117],[-49.442128,-14.552092],[-49.452598,-14.588017],[-49.43261,-14.604842],[-49.435941,-14.619394],[-49.392157,-14.637584],[-49.38026,-14.620304],[-49.357892,-14.607571],[-49.326482,-14.636674],[-49.319819,-14.668961],[-49.281271,-14.680784],[-49.274608,-14.708068],[-49.197511,-14.748086],[-49.194655,-14.768094],[-49.162293,-14.773551],[-49.151347,-14.766275],[-49.14992,-14.734898],[-49.113275,-14.737172],[-49.090907,-14.729441],[-49.070443,-14.743538],[-49.058069,-14.718982],[-49.036653,-14.707614],[-49.009527,-14.721711],[-48.999057,-14.716254],[-49.0219,-14.686241],[-49.015238,-14.66987],[-49.029991,-14.63531],[-49.055214,-14.61712],[-49.03475,-14.602114],[-49.039985,-14.576648]]]},"properties":{"cod_ibge":"522160","name":"Uruaçu","uf":"GO"}},
{"type":"Feature","geometry":{"type":"Polygon","coordinates":[[[-48.856284,-15.801719],[-48.855808,-15.813542],[-48.83582,-15.832186],[-48.782994,-15.819454],[-48.76253,-15.854923],[-48.717794,-15.864928],[-48.709704,-15.854014],[-48.674487,-15.862199],[-48.669252,-15.835824],[-48.696854,-15.814906],[-48.667348,-15.768523],[-48.622613,-15.753516],[-48.575973,-15.763975],[-48.544088,-15.79035],[-48.524099,-15.813997],[-48.495545,-15.828548],[-48.462231,-15.829458],[-48.461755,-15.864473],[-48.454617,-15.890393],[-48.417972,-15.913585],[-48.405122,-15.874477],[-48.3937,-15.867656],[-48.377519,-15.821273],[-48.350393,-15.792169],[-48.356103,-15.774434],[-48.348965,-15.725777],[-48.29947,-15.709406],[-48.251879,-15.659385],[-48.257114,-15.645743],[-48.288524,-15.637103],[-48.314699,-15.623006],[-48.35182,-15.631191],[-48.374664,-15.613002],[-48.401791,-15.654383],[-48.547895,-15.599359],[-48.545991,-15.582534],[-48.565028,-15.575713],[-48.579781,-15.546155],[-48.595962,-15.534331],[-48.579781,-15.507502],[-48.580257,-15.481582],[-48.561696,-15.472487],[-48.553606,-15.456571],[-48.570738,-15.435653],[-48.565028,-15.410187],[-48.569787,-15.377901],[-48.59263,-15.364713],[-48.617853,-15.358802],[-48.659733,-15.369716],[-48.693523,-15.401093],[-48.712083,-15.403366],[-48.722553,-15.442019],[-48.747777,-15.472942],[-48.809645,-15.506138],[-48.813928,-15.517506],[-48.830585,-15.542517],[-48.792036,-15.554795],[-48.803934,-15.573894],[-48.792036,-15.585262],[-48.829157,-15.624825],[-48.811548,-15.63301],[-48.808693,-15.66757],[-48.82535,-15.690307],[-48.836296,-15.725777],[-48.816783,-15.749424],[-48.836772,-15.803083],[-48.856284,-15.801719]]]},"properties":{"cod_ibge":"520551","name":"Cocalzinho de Goiás","uf":"GO"}},
{"type":"Feature","geometry":{"type":"Polygon","coordinates":[[[-51.232022,-15.484765],[-51.243444,-15.539788],[-51.218696,-15.604816],[-51.17872,-15.646198],[-51.242968,-15.677575],[-51.253438,-15.673482],[-51.319589,-15.62437],[-51.372891,-15.597995],[-51.382409,-15.603452],[-51.387168,-15.631646],[-51.416199,-15.613911],[-51.434283,-15.630736],[-51.430476,-15.670299],[-51.402873,-15.684851],[-51.383837,-15.723958],[-51.355758,-15.724868],[-51.331487,-15.742603],[-51.307215,-15.768977],[-51.242968,-15.808085],[-51.211558,-15.79899],[-51.188714,-15.804447],[-51.156352,-15.798081],[-51.154449,-15.822182],[-51.126846,-15.854923],[-51.124466,-15.903126],[-51.058315,-15.880844],[-51.049273,-15.866292],[-51.058315,-15.846738],[-51.054984,-15.825365],[-51.027857,-15.785348],[-51.00311,-15.776253],[-50.993591,-15.72896],[-51.000254,-15.715773],[-51.01929,-15.683941],[-51.026905,-15.651654],[-51.020242,-15.639831],[-51.048321,-15.576168],[-51.045465,-15.557068],[-51.056411,-15.535696],[-51.062122,-15.505228],[-51.085918,-15.494769],[-51.099719,-15.453388],[-51.119707,-15.437017],[-51.125418,-15.421101],[-51.18919,-15.451114],[-51.201564,-15.468394],[-51.232022,-15.484765]]]},"properties":{"cod_ibge":"521925","name":"Santa Fé de Goiás","uf":"GO"}},
{"type":"Feature","geometry":{"type":"Polygon","coordinates":[[[-46.431051,-14.039145],[-46.463413,-14.051423],[-46.485305,-14.052788],[-46.518619,-14.069158],[-46.493395,-14.085529],[-46.493871,-14.104628],[-46.517191,-14.113268],[-46.550505,-14.108266],[-46.583818,-14.110994],[-46.587625,-14.120999],[-46.634265,-14.128729],[-46.638548,-14.139188],[-46.667102,-14.145555],[-46.722784,-14.192393],[-46.727067,-14.226498],[-46.739916,-14.248326],[-46.740868,-14.285615],[-46.77085,-14.30244],[-46.769423,-14.332453],[-46.78608,-14.355645],[-46.815586,-14.350188],[-46.784176,-14.391114],[-46.73944,-14.375199],[-46.731826,-14.391114],[-46.683759,-14.387931],[-46.65806,-14.368832],[-46.62903,-14.383384],[-46.583342,-14.385658],[-46.562878,-14.366558],[-46.542414,-14.368377],[-46.527661,-14.388841],[-46.463413,-14.38975],[-46.42534,-14.385658],[-46.422961,-14.40794],[-46.432003,-14.422946],[-46.39631,-14.405211],[-46.366804,-14.39839],[-46.363948,-14.38202],[-46.345388,-14.372015],[-46.282092,-14.372015],[-46.239736,-14.339274],[-46.221176,-14.314718],[-46.195476,-14.301985],[-46.184055,-14.274701],[-46.161211,-14.274246],[-46.149789,-14.261968],[-46.125042,-14.260604],[-46.106481,-14.268789],[-46.08221,-14.265151],[-46.073644,-14.242414],[-46.060318,-14.231955],[-46.052704,-14.204671],[-46.06127,-14.195576],[-46.098391,-14.196486],[-46.116476,-14.161471],[-46.132181,-14.152831],[-46.158356,-14.160561],[-46.18691,-14.153285],[-46.199284,-14.12691],[-46.221651,-14.106902],[-46.226886,-14.04915],[-46.269718,-14.057335],[-46.284471,-14.052333],[-46.298273,-14.020956],[-46.376798,-14.025958],[-46.41725,-14.045967],[-46.431051,-14.039145]]]},"properties":{"cod_ibge":"521830","name":"Posse","uf":"GO"}},
{"type":"Feature","geometry":{"type":"Polygon","coordinates":[[[-48.119101,-17.273713],[-48.088643,-17.292357],[-48.08198,-17.319642],[-48.086263,-17.336012],[-48.075793,-17.366025],[-48.045335,-17.395583],[-48.046287,-17.414683],[-48.086739,-17.429234],[-48.119101,-17.458338],[-48.106727,-17.472889],[-48.105299,-17.499719],[-48.114342,-17.543374],[-48.133378,-17.544738],[-48.159077,-17.529732],[-48.168595,-17.553833],[-48.193818,-17.563837],[-48.223325,-17.589758],[-48.259494,-17.542465],[-48.296615,-17.540191],[-48.314223,-17.522456],[-48.339447,-17.526549],[-48.364194,-17.513816],[-48.391797,-17.573387],[-48.405122,-17.566566],[-48.440815,-17.612495],[-48.466514,-17.601581],[-48.458424,-17.62932],[-48.472225,-17.658878],[-48.453665,-17.685708],[-48.462707,-17.713902],[-48.492213,-17.711173],[-48.498876,-17.739822],[-48.519816,-17.753464],[-48.512678,-17.78757],[-48.543136,-17.793481],[-48.558365,-17.821675],[-48.531238,-17.847141],[-48.513629,-17.850324],[-48.512202,-17.880337],[-48.491262,-17.86624],[-48.469846,-17.863966],[-48.451761,-17.8385],[-48.431297,-17.860783],[-48.411785,-17.856235],[-48.406074,-17.898981],[-48.388465,-17.938543],[-48.37276,-17.946729],[-48.347061,-17.945819],[-48.332308,-17.935815],[-48.314223,-17.943091],[-48.248072,-17.997205],[-48.231891,-17.991293],[-48.209999,-17.99766],[-48.17383,-17.97083],[-48.137661,-17.943091],[-48.121004,-17.920808],[-48.103396,-17.928994],[-48.087691,-17.913078],[-48.056281,-17.913078],[-48.039624,-17.923082],[-47.982515,-17.898071],[-47.969189,-17.861692],[-47.954436,-17.841229],[-47.958244,-17.826222],[-47.944918,-17.813035],[-47.933496,-17.769835],[-47.929689,-17.722996],[-47.939683,-17.712537],[-47.937304,-17.687981],[-47.944918,-17.652512],[-47.961575,-17.630229],[-47.964906,-17.552014],[-47.943966,-17.532915],[-47.946346,-17.507904],[-47.933496,-17.470616],[-47.911604,-17.431053],[-47.91446,-17.413773],[-47.888285,-17.377849],[-47.884002,-17.263254],[-47.847357,-17.259616],[-47.790724,-17.213687],[-47.750271,-17.197771],[-47.729807,-17.18322],[-47.713626,-17.153662],[-47.687927,-17.19095],[-47.676505,-17.230967],[-47.691259,-17.258252],[-47.656993,-17.29736],[-47.628914,-17.309183],[-47.602739,-17.332829],[-47.570378,-17.344198],[-47.554673,-17.356476],[-47.553245,-17.377849],[-47.52469,-17.411954],[-47.528498,-17.388308],[-47.51422,-17.374211],[-47.510889,-17.326008],[-47.501371,-17.295086],[-47.521835,-17.285991],[-47.538492,-17.232332],[-47.562287,-17.213233],[-47.59798,-17.16594],[-47.637957,-17.145022],[-47.665084,-17.088179],[-47.693638,-17.07772],[-47.718861,-17.032701],[-47.698873,-16.999505],[-47.696494,-16.959488],[-47.684596,-16.941298],[-47.691734,-16.907647],[-47.733614,-16.92902],[-47.772163,-16.918561],[-47.806904,-16.916742],[-47.832128,-16.924473],[-47.892568,-16.918106],[-47.910177,-16.924927],[-47.899231,-16.951302],[-47.921599,-16.983134],[-47.918267,-17.004052],[-47.937304,-17.036793],[-47.951105,-17.044524],[-47.991557,-17.089088],[-47.99822,-17.125013],[-48.018684,-17.17367],[-48.031534,-17.193224],[-48.055329,-17.196862],[-48.087691,-17.234605],[-48.086739,-17.249157],[-48.119101,-17.273713]]]},"properties":{"cod_ibge":"521010","name":"Ipameri","uf":"GO"}},
{"type":"Feature","geometry":{"type":"Polygon","coordinates":[[[-51.231546,-16.505202],[-51.24392,-16.531122],[-51.242492,-16.555678],[-51.214889,-16.566137],[-51.184907,-16.644807],[-51.15778,-16.632075],[-51.137316,-16.632984],[-51.133509,-16.660723],[-51.121135,-16.681186],[-51.123039,-16.698467],[-51.102099,-16.732117],[-51.105906,-16.763494],[-51.096864,-16.794417],[-51.05308,-16.814425],[-51.045941,-16.787141],[-51.049273,-16.748488],[-51.025001,-16.696193],[-51.036899,-16.660723],[-50.99835,-16.632984],[-51.031664,-16.625253],[-51.026429,-16.56932],[-51.064026,-16.548857],[-51.0764,-16.517935],[-51.148738,-16.511114],[-51.183479,-16.530213],[-51.231546,-16.505202]]]},"properties":{"cod_ibge":"520090","name":"Amorinópolis","uf":"GO"}},
{"type":"Feature","geometry":{"type":"Polygon","coordinates":[[[-49.666757,-15.066404],[-49.770505,-15.228746],[-49.74671,-15.240115],[-49.695312,-15.251483],[-49.684842,-15.239205],[-49.658191,-15.252393],[-49.638678,-15.242843],[-49.589184,-15.201007],[-49.583949,-15.190093],[-49.604413,-15.145983],[-49.62916,-15.122337],[-49.635823,-15.095507],[-49.620118,-15.074134],[-49.622973,-15.057764],[-49.60822,-15.041393],[-49.648672,-15.047759],[-49.666757,-15.066404]]]},"properties":{"cod_ibge":"521015","name":"Ipiranga de Goiás","uf":"GO"}},
{"type":"Feature","geometry":{"type":"Polygon","coordinates":[[[-46.19738,-14.453869],[-46.185006,-14.472058],[-46.150741,-14.500707],[-46.111716,-14.559368],[-46.122662,-14.587107],[-46.096963,-14.621668],[-46.066029,-14.610299],[-46.02986,-14.639403],[-46.015583,-14.645314],[-46.020818,-14.66987],[-45.991787,-14.66214],[-45.985125,-14.618939],[-45.997974,-14.603478],[-45.985125,-14.578013],[-45.991311,-14.56528],[-45.981317,-14.532084],[-46.004161,-14.514804],[-45.996071,-14.488429],[-46.018914,-14.472058],[-45.999878,-14.446593],[-46.003685,-14.425675],[-45.975606,-14.434315],[-45.931823,-14.408849],[-45.907076,-14.35519],[-45.942293,-14.343367],[-45.957046,-14.321539],[-45.964185,-14.28425],[-45.995595,-14.256057],[-46.029384,-14.259694],[-46.033191,-14.247871],[-46.060318,-14.231955],[-46.073644,-14.242414],[-46.08221,-14.265151],[-46.106481,-14.268789],[-46.125042,-14.260604],[-46.149789,-14.261968],[-46.161211,-14.274246],[-46.184055,-14.274701],[-46.195476,-14.301985],[-46.190241,-14.323813],[-46.198808,-14.362921],[-46.200711,-14.402028],[-46.173109,-14.438407],[-46.19738,-14.453869]]]},"properties":{"cod_ibge":"521270","name":"Mambaí","uf":"GO"}},
{"type":"Feature","geometry":{"type":"Polygon","coordinates":[[[-50.811794,-16.695283],[-50.815601,-16.728934],[-50.789902,-16.798964],[-50.797993,-16.821246],[-50.729938,-16.80624],[-50.700907,-16.809878],[-50.660931,-16.835798],[-50.640943,-16.834889],[-50.631901,-16.808514],[-50.641895,-16.793962],[-50.613816,-16.78032],[-50.606201,-16.726206],[-50.583834,-16.702105],[-50.607153,-16.670727],[-50.606201,-16.635712],[-50.659979,-16.612975],[-50.711853,-16.612975],[-50.73089,-16.586146],[-50.767535,-16.681641],[-50.78324,-16.69301],[-50.811794,-16.695283]]]},"properties":{"cod_ibge":"520420","name":"Cachoeira de Goiás","uf":"GO"}},
{"type":"Feature","geometry":{"type":"Polygon","coordinates":[[[-48.404646,-17.239608],[-48.428442,-17.260071],[-48.408453,-17.275532],[-48.422255,-17.320551],[-48.41464,-17.342834],[-48.392273,-17.346471],[-48.376092,-17.36739],[-48.365622,-17.336012],[-48.374188,-17.26962],[-48.404646,-17.239608]]]},"properties":{"cod_ibge":"521580","name":"Palmelo","uf":"GO"}},
{"type":"Feature","geometry":{"type":"Polygon","coordinates":[[[-50.046056,-18.384644],[-50.046532,-18.401924],[-50.063665,-18.431937],[-50.047008,-18.448762],[-50.037014,-18.483777],[-50.043677,-18.520611],[-50.029876,-18.540165],[-50.047484,-18.55699],[-50.050816,-18.577453],[-50.028924,-18.601555],[-49.981333,-18.604738],[-49.975146,-18.613378],[-49.931838,-18.623837],[-49.904236,-18.621108],[-49.889482,-18.60974],[-49.794777,-18.643845],[-49.783831,-18.641117],[-49.772409,-18.613378],[-49.757656,-18.60974],[-49.747186,-18.566994],[-49.760035,-18.5579],[-49.763367,-18.535163],[-49.756228,-18.501057],[-49.772409,-18.4956],[-49.789066,-18.501057],[-49.824283,-18.495145],[-49.851886,-18.421932],[-49.921368,-18.366454],[-49.954206,-18.352812],[-49.977526,-18.363725],[-50.008936,-18.37282],[-50.014647,-18.392374],[-50.046056,-18.384644]]]},"properties":{"cod_ibge":"520993","name":"Inaciolândia","uf":"GO"}},
{"type":"Feature","geometry":{"type":"Polygon","coordinates":[[[-46.431051,-14.039145],[-46.444377,-13.99549],[-46.476739,-13.995036],[-46.49863,-14.011406],[-46.538607,-14.013225],[-46.570493,-13.986396],[-46.581915,-13.947288],[-46.656632,-13.931827],[-46.669482,-13.91682],[-46.699464,-13.907271],[-46.714217,-13.877713],[-46.753718,-13.844517],[-46.758953,-13.824508],[-46.768947,-13.814504],[-46.817014,-13.82951],[-46.825104,-13.844517],[-46.838905,-13.863161],[-46.857466,-13.869527],[-46.866984,-13.887717],[-46.837002,-13.910454],[-46.841285,-13.950016],[-46.837478,-13.968206],[-46.851279,-13.985941],[-46.831767,-14.008223],[-46.827484,-14.03187],[-46.842237,-14.04824],[-46.854135,-14.035053],[-46.876026,-14.033689],[-46.901725,-14.078708],[-46.922665,-14.076889],[-46.937419,-14.102809],[-46.930756,-14.115087],[-46.95931,-14.147374],[-46.991672,-14.194667],[-46.957883,-14.231955],[-46.956931,-14.24969],[-46.93028,-14.294709],[-46.932184,-14.306078],[-46.90125,-14.330179],[-46.882213,-14.316537],[-46.873171,-14.337],[-46.858894,-14.332908],[-46.84414,-14.348369],[-46.815586,-14.350188],[-46.78608,-14.355645],[-46.769423,-14.332453],[-46.77085,-14.30244],[-46.740868,-14.285615],[-46.739916,-14.248326],[-46.727067,-14.226498],[-46.722784,-14.192393],[-46.667102,-14.145555],[-46.638548,-14.139188],[-46.634265,-14.128729],[-46.587625,-14.120999],[-46.583818,-14.110994],[-46.550505,-14.108266],[-46.517191,-14.113268],[-46.493871,-14.104628],[-46.493395,-14.085529],[-46.518619,-14.069158],[-46.485305,-14.052788],[-46.463413,-14.051423],[-46.431051,-14.039145]]]},"properties":{"cod_ibge":"520990","name":"Iaciara","uf":"GO"}},
{"type":"Feature","geometry":{"type":"Polygon","coordinates":[[[-49.363603,-16.892186],[-49.349802,-16.860809],[-49.302211,-16.867175],[-49.257951,-16.845348],[-49.232728,-16.856716],[-49.188944,-16.86672],[-49.176571,-16.884455],[-49.139926,-16.889003],[-49.153251,-16.862628],[-49.146112,-16.84171],[-49.154203,-16.823975],[-49.158962,-16.790779],[-49.183233,-16.78032],[-49.187517,-16.764404],[-49.22083,-16.738029],[-49.25462,-16.731663],[-49.287933,-16.748488],[-49.331717,-16.749398],[-49.349802,-16.764404],[-49.365507,-16.818063],[-49.384067,-16.831705],[-49.382639,-16.861264],[-49.363603,-16.892186]]]},"properties":{"cod_ibge":"520140","name":"Aparecida de Goiânia","uf":"GO"}},
{"type":"Feature","geometry":{"type":"Polygon","coordinates":[[[-49.54778,-18.53971],[-49.545876,-18.499693],[-49.535406,-18.491962],[-49.499713,-18.491053],[-49.485912,-18.509242],[-49.486387,-18.532434],[-49.443556,-18.542893],[-49.42214,-18.525158],[-49.421188,-18.446488],[-49.467351,-18.429208],[-49.47449,-18.418749],[-49.506852,-18.406471],[-49.527792,-18.409654],[-49.547304,-18.42648],[-49.558726,-18.421932],[-49.587756,-18.445124],[-49.607744,-18.442396],[-49.626781,-18.451945],[-49.677703,-18.428753],[-49.711968,-18.408745],[-49.740999,-18.345991],[-49.760511,-18.39965],[-49.758607,-18.424661],[-49.779072,-18.445579],[-49.770029,-18.465587],[-49.772409,-18.4956],[-49.756228,-18.501057],[-49.763367,-18.535163],[-49.760035,-18.5579],[-49.747186,-18.566994],[-49.757656,-18.60974],[-49.722914,-18.609285],[-49.705782,-18.595188],[-49.681986,-18.588822],[-49.647721,-18.602009],[-49.638678,-18.586093],[-49.65248,-18.573815],[-49.64201,-18.555171],[-49.54778,-18.53971]]]},"properties":{"cod_ibge":"520425","name":"Cachoeira Dourada","uf":"GO"}},
{"type":"Feature","geometry":{"type":"Polygon","coordinates":[[[-49.081389,-15.150531],[-49.127076,-15.160535],[-49.158962,-15.158716],[-49.162293,-15.145529],[-49.187992,-15.13507],[-49.174667,-15.112787],[-49.177998,-15.091869],[-49.155155,-15.046395],[-49.153251,-15.022294],[-49.134691,-14.998647],[-49.290313,-14.990917],[-49.30697,-15.079591],[-49.302211,-15.102328],[-49.312681,-15.122792],[-49.305066,-15.155078],[-49.318392,-15.188729],[-49.322199,-15.233748],[-49.343139,-15.276494],[-49.355037,-15.327879],[-49.340759,-15.343795],[-49.323627,-15.343795],[-49.303162,-15.329244],[-49.282222,-15.328789],[-49.261758,-15.351071],[-49.28603,-15.371534],[-49.275084,-15.38836],[-49.297452,-15.410187],[-49.282222,-15.437927],[-49.252716,-15.458845],[-49.236535,-15.454752],[-49.221782,-15.482946],[-49.229872,-15.504319],[-49.224637,-15.523872],[-49.238915,-15.553885],[-49.225589,-15.57253],[-49.211788,-15.567073],[-49.186565,-15.602088],[-49.128504,-15.573439],[-49.118034,-15.553885],[-49.080913,-15.51114],[-49.080437,-15.487948],[-49.090431,-15.467939],[-49.073774,-15.457026],[-49.067112,-15.431105],[-49.085672,-15.381993],[-49.077582,-15.343341],[-49.061401,-15.322423],[-49.060449,-15.306961],[-49.042364,-15.301504],[-49.029991,-15.280132],[-49.015238,-15.282405],[-48.990014,-15.261942],[-48.940044,-15.260578],[-48.918628,-15.239205],[-48.914345,-15.187819],[-48.908634,-15.166901],[-48.920532,-15.159171],[-48.96955,-15.161444],[-48.978593,-15.13416],[-49.001436,-15.136434],[-49.038081,-15.131432],[-49.049027,-15.143255],[-49.081389,-15.150531]]]},"properties":{"cod_ibge":"520860","name":"Goianésia","uf":"GO"}},
{"type":"Feature","geometry":{"type":"Polygon","coordinates":[[[-49.710065,-17.192769],[-49.72339,-17.186858],[-49.730529,-17.1573],[-49.750041,-17.13911],[-49.76765,-17.137291],[-49.794301,-17.158209],[-49.843319,-17.164121],[-49.849982,-17.152297],[-49.849506,-17.12183],[-49.823807,-17.098183],[-49.821903,-17.066806],[-49.845699,-17.04316],[-49.843795,-17.005871],[-49.854741,-16.989955],[-49.88044,-16.974039],[-49.899952,-16.954031],[-49.927555,-16.960397],[-49.930887,-16.984498],[-49.950399,-17.004962],[-49.949447,-17.030427],[-49.990851,-17.06044],[-50.026068,-17.069535],[-50.032255,-17.07772],[-50.0689,-17.083632],[-50.100786,-17.128196],[-50.108401,-17.16503],[-50.098882,-17.179582],[-50.108876,-17.212323],[-50.106497,-17.242791],[-50.121726,-17.272804],[-50.147425,-17.305545],[-50.137907,-17.315094],[-50.147901,-17.34056],[-50.14219,-17.361933],[-50.126485,-17.385124],[-50.125533,-17.424687],[-50.106021,-17.443331],[-50.093647,-17.442422],[-50.075087,-17.462885],[-50.061286,-17.460611],[-50.051767,-17.431508],[-50.055575,-17.388762],[-50.040346,-17.360568],[-50.023689,-17.35784],[-50.002749,-17.320097],[-50.003701,-17.300997],[-50.021309,-17.252795],[-50.017026,-17.231422],[-49.971339,-17.230513],[-49.918989,-17.206866],[-49.854741,-17.205047],[-49.822379,-17.229148],[-49.818572,-17.267801],[-49.794777,-17.267801],[-49.770505,-17.224601],[-49.710065,-17.192769]]]},"properties":{"cod_ibge":"520995","name":"Indiara","uf":"GO"}},
{"type":"Feature","geometry":{"type":"Polygon","coordinates":[[[-50.467712,-17.951276],[-50.524821,-17.950367],[-50.538622,-17.963099],[-50.587641,-17.983108],[-50.623334,-17.981744],[-50.642846,-17.972649],[-50.668546,-17.977651],[-50.699956,-17.971739],[-50.722799,-17.951731],[-50.649033,-17.880337],[-50.674256,-17.849869],[-50.718516,-17.841684],[-50.746119,-17.830315],[-50.754685,-17.809397],[-50.785143,-17.777565],[-50.78324,-17.747098],[-50.746119,-17.714356],[-50.720896,-17.698895],[-50.701383,-17.660697],[-50.708998,-17.634777],[-50.735649,-17.59385],[-50.749926,-17.582027],[-50.755161,-17.54974],[-50.749926,-17.528368],[-50.729462,-17.508814],[-50.701383,-17.498809],[-50.691865,-17.480165],[-50.672829,-17.482894],[-50.646178,-17.456973],[-50.654744,-17.40968],[-50.633804,-17.403769],[-50.617623,-17.376484],[-50.664738,-17.360568],[-50.682823,-17.325553],[-50.701383,-17.300543],[-50.714709,-17.300088],[-50.735173,-17.263709],[-50.726606,-17.242336],[-50.760396,-17.221418],[-50.765631,-17.200045],[-50.796565,-17.180946],[-50.829403,-17.188222],[-50.836541,-17.172306],[-50.869855,-17.172306],[-50.891271,-17.155481],[-50.926012,-17.100002],[-50.946952,-17.089998],[-50.96123,-17.099548],[-50.987405,-17.100912],[-51.010724,-17.125922],[-51.01358,-17.162756],[-51.025001,-17.175944],[-51.045941,-17.176853],[-51.091629,-17.190496],[-51.127322,-17.220054],[-51.116852,-17.237789],[-51.12399,-17.271439],[-51.1159,-17.28781],[-51.084014,-17.291448],[-51.054032,-17.286446],[-51.005489,-17.316459],[-50.972176,-17.319187],[-50.987881,-17.373301],[-50.977411,-17.390127],[-50.960278,-17.389217],[-50.93791,-17.413773],[-50.951236,-17.430144],[-51.008345,-17.481075],[-51.020718,-17.496991],[-51.059267,-17.52382],[-51.081159,-17.529277],[-51.154925,-17.518363],[-51.182527,-17.529732],[-51.217745,-17.526549],[-51.240588,-17.53337],[-51.264384,-17.519273],[-51.342909,-17.508814],[-51.457603,-17.470616],[-51.436663,-17.436965],[-51.449988,-17.430144],[-51.450464,-17.409226],[-51.472832,-17.392855],[-51.499959,-17.382851],[-51.537555,-17.378758],[-51.52661,-17.350109],[-51.54755,-17.324189],[-51.604183,-17.30509],[-51.642255,-17.284172],[-51.686039,-17.274623],[-51.701268,-17.294631],[-51.716973,-17.337377],[-51.715545,-17.360568],[-51.729823,-17.371482],[-51.718401,-17.414683],[-51.723636,-17.43651],[-51.721732,-17.478801],[-51.69413,-17.496991],[-51.703172,-17.52473],[-51.687943,-17.547467],[-51.66272,-17.55929],[-51.650822,-17.57748],[-51.607038,-17.604309],[-51.637972,-17.652512],[-51.63131,-17.667973],[-51.582291,-17.687527],[-51.554688,-17.726634],[-51.523278,-17.731636],[-51.514236,-17.748007],[-51.484254,-17.747552],[-51.465217,-17.767561],[-51.455223,-17.799393],[-51.441422,-17.817582],[-51.399542,-17.850324],[-51.386216,-17.868059],[-51.346716,-17.87488],[-51.327204,-17.862147],[-51.2858,-17.863966],[-51.281516,-17.886248],[-51.242016,-17.885793],[-51.23107,-17.916716],[-51.23345,-17.939453],[-51.20775,-17.973104],[-51.213461,-18.008573],[-51.191094,-18.029037],[-51.191094,-18.052228],[-51.166346,-18.070418],[-51.1554,-18.104524],[-51.1554,-18.131353],[-51.138744,-18.170461],[-51.116376,-18.19911],[-51.127322,-18.21548],[-51.124466,-18.233215],[-51.137792,-18.250495],[-51.124466,-18.277325],[-51.146358,-18.300517],[-51.126846,-18.328256],[-51.100195,-18.345991],[-51.04499,-18.323254],[-51.002158,-18.331439],[-50.982646,-18.323254],[-50.970272,-18.28642],[-50.944573,-18.31234],[-50.886512,-18.319616],[-50.858433,-18.298243],[-50.831782,-18.278689],[-50.799896,-18.242765],[-50.817029,-18.219118],[-50.824168,-18.195472],[-50.810366,-18.171825],[-50.785619,-18.174099],[-50.754209,-18.190924],[-50.718516,-18.181829],[-50.683299,-18.194562],[-50.633804,-18.180465],[-50.601918,-18.16364],[-50.589069,-18.135901],[-50.575743,-18.129079],[-50.536243,-18.146814],[-50.523869,-18.159547],[-50.488176,-18.161366],[-50.47961,-18.175918],[-50.428687,-18.199564],[-50.412506,-18.190015],[-50.386807,-18.190469],[-50.357301,-18.159547],[-50.376337,-18.155],[-50.426784,-18.095429],[-50.43773,-18.050864],[-50.506736,-18.019942],[-50.47961,-17.999479],[-50.468664,-17.975832],[-50.467712,-17.951276]]]},"properties":{"cod_ibge":"521880","name":"Rio Verde","uf":"GO"}},
{"type":"Feature","geometry":{"type":"Polygon","coordinates":[[[-48.770144,-16.289655],[-48.716843,-16.280106],[-48.690192,-16.292384],[-48.675914,-16.285108],[-48.651643,-16.291474],[-48.629275,-16.285108],[-48.618329,-16.309209],[-48.58454,-16.332855],[-48.558365,-16.33331],[-48.548847,-16.345588],[-48.516009,-16.339222],[-48.495069,-16.319668],[-48.494593,-16.304662],[-48.451285,-16.286472],[-48.411785,-16.286472],[-48.422255,-16.264644],[-48.422255,-16.244636],[-48.442719,-16.206892],[-48.503159,-16.195069],[-48.543136,-16.169149],[-48.560744,-16.170513],[-48.588823,-16.148686],[-48.613094,-16.142774],[-48.623564,-16.150505],[-48.650691,-16.144593],[-48.666872,-16.154597],[-48.683529,-16.146867],[-48.712083,-16.117763],[-48.721602,-16.0973],[-48.757295,-16.07138],[-48.781566,-16.040457],[-48.792036,-16.012718],[-48.90673,-15.989527],[-48.913393,-16.018175],[-48.897688,-16.031817],[-48.904827,-16.065468],[-48.940044,-16.134589],[-48.923863,-16.159145],[-48.933381,-16.192341],[-48.95908,-16.220535],[-48.942423,-16.235541],[-48.929098,-16.222808],[-48.897212,-16.23736],[-48.872465,-16.23736],[-48.848669,-16.226901],[-48.828205,-16.234177],[-48.823922,-16.254185],[-48.803458,-16.268282],[-48.771572,-16.278287],[-48.770144,-16.289655]]]},"properties":{"cod_ibge":"520010","name":"Abadiânia","uf":"GO"}},
{"type":"Feature","geometry":{"type":"Polygon","coordinates":[[[-51.146358,-18.300517],[-51.124466,-18.277325],[-51.137792,-18.250495],[-51.124466,-18.233215],[-51.127322,-18.21548],[-51.116376,-18.19911],[-51.138744,-18.170461],[-51.1554,-18.131353],[-51.195853,-18.11862],[-51.201088,-18.103159],[-51.225359,-18.103159],[-51.238685,-18.082241],[-51.286275,-18.081787],[-51.318161,-18.124077],[-51.323396,-18.17228],[-51.337674,-18.195926],[-51.372415,-18.195926],[-51.39859,-18.172735],[-51.435711,-18.161821],[-51.449988,-18.177282],[-51.44856,-18.212752],[-51.455699,-18.221392],[-51.437139,-18.24231],[-51.416675,-18.244584],[-51.366228,-18.280508],[-51.336722,-18.299152],[-51.301029,-18.3037],[-51.283896,-18.322344],[-51.2601,-18.332803],[-51.252962,-18.353721],[-51.238209,-18.356904],[-51.21822,-18.333713],[-51.189666,-18.315068],[-51.180624,-18.296879],[-51.146358,-18.300517]]]},"properties":{"cod_ibge":"520145","name":"Aparecida do Rio Doce","uf":"GO"}},
{"type":"Feature","geometry":{"type":"Polygon","coordinates":[[[-50.246414,-16.349226],[-50.22595,-16.361959],[-50.220239,-16.384696],[-50.226426,-16.403795],[-50.202631,-16.418801],[-50.182166,-16.42153],[-50.165986,-16.46564],[-50.148853,-16.441993],[-50.16551,-16.424258],[-50.150756,-16.372418],[-50.130292,-16.366051],[-50.138383,-16.327853],[-50.165034,-16.321032],[-50.18645,-16.299659],[-50.219763,-16.30648],[-50.214052,-16.34195],[-50.246414,-16.349226]]]},"properties":{"cod_ibge":"520015","name":"Adelândia","uf":"GO"}},
{"type":"Feature","geometry":{"type":"Polygon","coordinates":[[[-50.150281,-17.600671],[-50.111732,-17.590667],[-50.091744,-17.562473],[-50.094123,-17.544738],[-50.076515,-17.538372],[-50.065569,-17.4979],[-50.075087,-17.462885],[-50.093647,-17.442422],[-50.106021,-17.443331],[-50.125533,-17.424687],[-50.126485,-17.385124],[-50.14219,-17.361933],[-50.147901,-17.34056],[-50.204058,-17.358295],[-50.195016,-17.332829],[-50.175504,-17.321461],[-50.185498,-17.302362],[-50.184546,-17.26962],[-50.200727,-17.268256],[-50.201203,-17.292812],[-50.237848,-17.286901],[-50.244986,-17.271439],[-50.262119,-17.248702],[-50.286391,-17.252795],[-50.328271,-17.284172],[-50.336837,-17.299633],[-50.35397,-17.302362],[-50.392042,-17.188677],[-50.420597,-17.22642],[-50.430115,-17.286901],[-50.450579,-17.307364],[-50.458194,-17.330556],[-50.480561,-17.332829],[-50.496742,-17.345107],[-50.506736,-17.396948],[-50.527201,-17.40968],[-50.526725,-17.430598],[-50.525297,-17.491534],[-50.516255,-17.522001],[-50.528628,-17.534279],[-50.5529,-17.535643],[-50.560038,-17.547012],[-50.545761,-17.581117],[-50.559562,-17.596579],[-50.546237,-17.605219],[-50.518634,-17.64751],[-50.476754,-17.659788],[-50.432971,-17.617497],[-50.394898,-17.617042],[-50.37491,-17.604309],[-50.327319,-17.60249],[-50.32018,-17.617951],[-50.2783,-17.603854],[-50.275445,-17.579753],[-50.25736,-17.579753],[-50.230233,-17.564747],[-50.202155,-17.573842],[-50.162654,-17.566566],[-50.150281,-17.600671]]]},"properties":{"cod_ibge":"520013","name":"Acreúna","uf":"GO"}},
{"type":"Feature","geometry":{"type":"Polygon","coordinates":[[[-49.280319,-16.398793],[-49.213692,-16.453816],[-49.173715,-16.467004],[-49.172287,-16.480191],[-49.196083,-16.493833],[-49.194655,-16.518844],[-49.175619,-16.539307],[-49.127076,-16.513387],[-49.112323,-16.47337],[-49.111847,-16.426987],[-49.153727,-16.390153],[-49.193227,-16.346498],[-49.211312,-16.341495],[-49.227969,-16.319668],[-49.257951,-16.345133],[-49.257475,-16.402885],[-49.280319,-16.398793]]]},"properties":{"cod_ibge":"521450","name":"Nerópolis","uf":"GO"}},
{"type":"Feature","geometry":{"type":"Polygon","coordinates":[[[-49.825235,-17.58521],[-49.802867,-17.587484],[-49.790969,-17.577025],[-49.770029,-17.58521],[-49.747186,-17.579753],[-49.740523,-17.561564],[-49.696263,-17.553378],[-49.656287,-17.509723],[-49.663902,-17.489715],[-49.643437,-17.486986],[-49.650576,-17.441057],[-49.625353,-17.435146],[-49.653907,-17.39331],[-49.63963,-17.366025],[-49.646769,-17.3492],[-49.645817,-17.301907],[-49.658191,-17.254614],[-49.678179,-17.240517],[-49.685793,-17.218235],[-49.706733,-17.205957],[-49.710065,-17.192769],[-49.770505,-17.224601],[-49.794777,-17.267801],[-49.78621,-17.286446],[-49.797156,-17.320097],[-49.755276,-17.320097],[-49.740523,-17.341015],[-49.747186,-17.377849],[-49.76527,-17.388308],[-49.766698,-17.408316],[-49.731005,-17.413318],[-49.727197,-17.460611],[-49.77574,-17.456519],[-49.79906,-17.484713],[-49.852362,-17.499264],[-49.888531,-17.529277],[-49.885675,-17.542465],[-49.907091,-17.588393],[-49.9247,-17.606128],[-49.895193,-17.612495],[-49.86188,-17.591122],[-49.84903,-17.57657],[-49.825235,-17.58521]]]},"properties":{"cod_ibge":"520735","name":"Edealina","uf":"GO"}},
{"type":"Feature","geometry":{"type":"Polygon","coordinates":[[[-50.926964,-15.449295],[-50.926488,-15.439291],[-50.955995,-15.427013],[-50.964561,-15.371534],[-50.975983,-15.356528],[-51.005013,-15.346524],[-51.033092,-15.344705],[-51.043086,-15.306507],[-51.069737,-15.268308],[-51.064978,-15.262397],[-51.064026,-15.250119],[-51.089725,-15.228746],[-51.162063,-15.216468],[-51.177292,-15.204645],[-51.145882,-15.153714],[-51.149214,-15.132796],[-51.131605,-15.125975],[-51.1159,-15.0996],[-51.115424,-15.053216],[-51.14731,-15.022749],[-51.12399,-14.989098],[-51.104478,-14.939531],[-51.087345,-14.921342],[-51.14493,-14.943624],[-51.156828,-14.98546],[-51.208226,-15.009106],[-51.215841,-15.021839],[-51.275805,-15.043667],[-51.294842,-15.030025],[-51.307215,-14.980913],[-51.338625,-14.975001],[-51.341481,-14.994555],[-51.356234,-15.012744],[-51.396686,-15.041393],[-51.394783,-15.061402],[-51.407632,-15.087322],[-51.408584,-15.121882],[-51.396686,-15.155078],[-51.380505,-15.181908],[-51.387644,-15.201007],[-51.380505,-15.243752],[-51.272474,-15.276039],[-51.230594,-15.270582],[-51.213461,-15.307871],[-51.30674,-15.323332],[-51.30198,-15.411097],[-51.315782,-15.412006],[-51.311499,-15.480672],[-51.284848,-15.471123],[-51.244395,-15.490676],[-51.232022,-15.484765],[-51.201564,-15.468394],[-51.18919,-15.451114],[-51.125418,-15.421101],[-51.119707,-15.437017],[-50.926964,-15.449295]]]},"properties":{"cod_ibge":"520380","name":"Britânia","uf":"GO"}},
{"type":"Feature","geometry":{"type":"Polygon","coordinates":[[[-50.709474,-18.99536],[-50.681871,-18.958071],[-50.675208,-18.931241],[-50.679016,-18.913506],[-50.617147,-18.927603],[-50.602394,-18.926694],[-50.566225,-18.906685],[-50.539574,-18.911233],[-50.515779,-18.896226],[-50.494839,-18.893043],[-50.472947,-18.921237],[-50.443441,-18.893953],[-50.423452,-18.832563],[-50.394422,-18.822558],[-50.370151,-18.804369],[-50.352542,-18.760259],[-50.366819,-18.760714],[-50.427736,-18.721151],[-50.423452,-18.7066],[-50.464381,-18.692957],[-50.494363,-18.675223],[-50.495315,-18.663854],[-50.51911,-18.643845],[-50.522441,-18.620654],[-50.553376,-18.617471],[-50.56099,-18.642936],[-50.58193,-18.669311],[-50.591448,-18.698869],[-50.588593,-18.733429],[-50.570984,-18.751619],[-50.583834,-18.772992],[-50.603822,-18.755712],[-50.666166,-18.742069],[-50.682347,-18.723425],[-50.703763,-18.721151],[-50.725179,-18.694322],[-50.756113,-18.684772],[-50.784191,-18.655669],[-50.803704,-18.690229],[-50.82512,-18.716149],[-50.838921,-18.747526],[-50.818457,-18.869397],[-50.830831,-18.883494],[-50.83559,-18.91669],[-50.814174,-18.941246],[-50.787523,-18.939881],[-50.771342,-18.960345],[-50.733269,-18.974442],[-50.709474,-18.99536]]]},"properties":{"cod_ibge":"521630","name":"Paranaiguara","uf":"GO"}},
{"type":"Feature","geometry":{"type":"Polygon","coordinates":[[[-47.408093,-18.141812],[-47.43284,-18.10998],[-47.476624,-18.079058],[-47.491377,-18.059049],[-47.497564,-18.028127],[-47.560859,-17.983108],[-47.593221,-17.997205],[-47.605119,-18.028582],[-47.633198,-18.05814],[-47.669367,-18.041315],[-47.674126,-18.067235],[-47.664132,-18.074511],[-47.685548,-18.11862],[-47.711247,-18.130898],[-47.659849,-18.161366],[-47.640336,-18.184558],[-47.635577,-18.240946],[-47.607023,-18.246402],[-47.567522,-18.210933],[-47.535636,-18.196381],[-47.539444,-18.216844],[-47.497088,-18.19911],[-47.480431,-18.178191],[-47.462822,-18.176827],[-47.450924,-18.159547],[-47.429984,-18.165004],[-47.426653,-18.139539],[-47.408093,-18.141812]]]},"properties":{"cod_ibge":"520690","name":"Davinópolis","uf":"GO"}},
{"type":"Feature","geometry":{"type":"Polygon","coordinates":[[[-49.333145,-16.286927],[-49.336952,-16.310118],[-49.36741,-16.362868],[-49.363127,-16.381513],[-49.334097,-16.388788],[-49.334097,-16.405159],[-49.297927,-16.437446],[-49.280319,-16.398793],[-49.257475,-16.402885],[-49.257951,-16.345133],[-49.227969,-16.319668],[-49.287933,-16.321942],[-49.306018,-16.309209],[-49.315536,-16.288746],[-49.333145,-16.286927]]]},"properties":{"cod_ibge":"521500","name":"Nova Veneza","uf":"GO"}},
{"type":"Feature","geometry":{"type":"Polygon","coordinates":[[[-47.477575,-14.817206],[-47.479003,-14.799926],[-47.502323,-14.792195],[-47.528022,-14.769913],[-47.534684,-14.737172],[-47.557528,-14.732624],[-47.561811,-14.747631],[-47.584655,-14.774915],[-47.610354,-14.790376],[-47.634625,-14.830848],[-47.647951,-14.832667],[-47.640336,-14.757635],[-47.631294,-14.744448],[-47.665559,-14.708523],[-47.693638,-14.743993],[-47.706012,-14.670325],[-47.717909,-14.653045],[-47.754079,-14.649407],[-47.772163,-14.641676],[-47.779302,-14.67851],[-47.791675,-14.695336],[-47.808332,-14.693517],[-47.834507,-14.74081],[-47.867345,-14.773096],[-47.893996,-14.780827],[-47.907321,-14.798107],[-47.922074,-14.793105],[-47.958244,-14.8022],[-47.988702,-14.822208],[-48.003455,-14.804928],[-48.0401,-14.838579],[-48.042479,-14.860406],[-48.060564,-14.859042],[-48.0796,-14.898605],[-48.046763,-14.922706],[-48.036293,-14.962268],[-48.049142,-14.981822],[-48.062468,-15.024113],[-48.056281,-15.052307],[-48.082932,-15.083684],[-48.09007,-15.136434],[-48.072462,-15.148257],[-48.049618,-15.136888],[-48.015353,-15.133251],[-47.994889,-15.119608],[-47.98775,-15.103238],[-47.965382,-15.101873],[-47.948725,-15.086412],[-47.925406,-15.077318],[-47.912556,-15.088231],[-47.879719,-15.092779],[-47.839742,-15.09096],[-47.823561,-15.096871],[-47.804525,-15.080046],[-47.783585,-15.074589],[-47.761693,-15.041393],[-47.743609,-15.039119],[-47.714578,-15.02002],[-47.677933,-15.038665],[-47.570854,-15.04685],[-47.575613,-15.031843],[-47.573233,-14.961359],[-47.54801,-14.925889],[-47.5166,-14.923615],[-47.498991,-14.907699],[-47.489473,-14.839943],[-47.477575,-14.817206]]]},"properties":{"cod_ibge":"520017","name":"Água Fria de Goiás","uf":"GO"}},
{"type":"Feature","geometry":{"type":"Polygon","coordinates":[[[-49.175143,-17.98811],[-49.288885,-17.946274],[-49.36741,-17.956278],[-49.399296,-17.913533],[-49.435941,-17.915806],[-49.454977,-17.889886],[-49.460212,-17.869423],[-49.454026,-17.850778],[-49.496857,-17.832134],[-49.517322,-17.855326],[-49.561105,-17.833498],[-49.595371,-17.840319],[-49.644865,-17.867604],[-49.656287,-17.881246],[-49.679607,-17.859873],[-49.760035,-17.867604],[-49.782403,-17.886248],[-49.802867,-17.886703],[-49.820476,-17.850324],[-49.844747,-17.84805],[-49.857121,-17.863056],[-49.888055,-17.832134],[-49.886627,-17.816218],[-49.915182,-17.79621],[-49.941357,-17.798029],[-49.984664,-17.782567],[-50.015122,-17.782567],[-50.01655,-17.794391],[-50.073183,-17.798938],[-50.055099,-17.824858],[-50.022261,-17.832134],[-49.999893,-17.862602],[-50.002749,-17.871242],[-49.980381,-17.926265],[-49.99561,-17.931722],[-50.01655,-17.954459],[-50.046056,-17.942181],[-50.073659,-17.946274],[-50.076515,-17.96128],[-50.098406,-17.971285],[-50.11078,-17.987655],[-50.135527,-17.999933],[-50.156943,-18.044043],[-50.153136,-18.059504],[-50.169317,-18.074056],[-50.161702,-18.088608],[-50.161226,-18.121349],[-50.134576,-18.122713],[-50.094599,-18.113618],[-50.083177,-18.127715],[-50.055575,-18.097702],[-50.000369,-18.11862],[-49.958965,-18.074965],[-49.935646,-18.072692],[-49.925652,-18.054047],[-49.900904,-18.029037],[-49.879964,-18.031765],[-49.861404,-18.003116],[-49.835229,-18.003116],[-49.829994,-18.023125],[-49.839036,-18.034494],[-49.802867,-18.070873],[-49.783355,-18.062233],[-49.722438,-18.090427],[-49.716727,-18.082696],[-49.667709,-18.080422],[-49.630588,-18.096793],[-49.60013,-18.122713],[-49.583473,-18.144995],[-49.57919,-18.185922],[-49.549683,-18.205476],[-49.523508,-18.174554],[-49.510659,-18.147269],[-49.511611,-18.115892],[-49.499713,-18.105433],[-49.509707,-18.083151],[-49.468779,-18.087698],[-49.4407,-18.118166],[-49.42214,-18.121804],[-49.414525,-18.138629],[-49.368362,-18.144541],[-49.350753,-18.182284],[-49.320771,-18.169551],[-49.289837,-18.144995],[-49.252716,-18.179101],[-49.247957,-18.168187],[-49.225589,-18.137265],[-49.202746,-18.090881],[-49.185613,-18.080877],[-49.173239,-18.037677],[-49.175143,-17.98811]]]},"properties":{"cod_ibge":"520910","name":"Goiatuba","uf":"GO"}},
{"type":"Feature","geometry":{"type":"Polygon","coordinates":[[[-50.344451,-17.942636],[-50.364916,-17.929449],[-50.373006,-17.892615],[-50.422976,-17.883065],[-50.413458,-17.831225],[-50.442965,-17.792117],[-50.436302,-17.761195],[-50.450579,-17.754828],[-50.422976,-17.730727],[-50.460573,-17.721632],[-50.467236,-17.678432],[-50.476754,-17.659788],[-50.518634,-17.64751],[-50.546237,-17.605219],[-50.559562,-17.596579],[-50.590496,-17.607947],[-50.610485,-17.626137],[-50.637136,-17.625227],[-50.66569,-17.643417],[-50.672829,-17.656604],[-50.701383,-17.660697],[-50.720896,-17.698895],[-50.746119,-17.714356],[-50.78324,-17.747098],[-50.785143,-17.777565],[-50.754685,-17.809397],[-50.746119,-17.830315],[-50.718516,-17.841684],[-50.674256,-17.849869],[-50.649033,-17.880337],[-50.722799,-17.951731],[-50.699956,-17.971739],[-50.668546,-17.977651],[-50.642846,-17.972649],[-50.623334,-17.981744],[-50.587641,-17.983108],[-50.538622,-17.963099],[-50.524821,-17.950367],[-50.467712,-17.951276],[-50.426308,-17.941727],[-50.401085,-17.928539],[-50.37253,-17.932177],[-50.358253,-17.948093],[-50.344451,-17.942636]]]},"properties":{"cod_ibge":"521930","name":"Santa Helena de Goiás","uf":"GO"}},
{"type":"Feature","geometry":{"type":"Polygon","coordinates":[[[-50.472947,-18.921237],[-50.494839,-18.893043],[-50.515779,-18.896226],[-50.539574,-18.911233],[-50.566225,-18.906685],[-50.602394,-18.926694],[-50.617147,-18.927603],[-50.679016,-18.913506],[-50.675208,-18.931241],[-50.681871,-18.958071],[-50.709474,-18.99536],[-50.677588,-19.019916],[-50.664262,-19.046745],[-50.669973,-19.063116],[-50.653792,-19.076758],[-50.654268,-19.109045],[-50.645702,-19.134965],[-50.586689,-19.139512],[-50.571936,-19.121323],[-50.535291,-19.099041],[-50.502929,-19.046745],[-50.494839,-19.013095],[-50.503881,-19.004455],[-50.50055,-18.976261],[-50.511971,-18.952159],[-50.505785,-18.932151],[-50.472947,-18.921237]]]},"properties":{"cod_ibge":"522040","name":"São Simão","uf":"GO"}},
{"type":"Feature","geometry":{"type":"Polygon","coordinates":[[[-50.028924,-18.601555],[-50.050816,-18.577453],[-50.047484,-18.55699],[-50.029876,-18.540165],[-50.043677,-18.520611],[-50.037014,-18.483777],[-50.047008,-18.448762],[-50.063665,-18.431937],[-50.046532,-18.401924],[-50.046056,-18.384644],[-50.054623,-18.362361],[-50.076515,-18.359178],[-50.093171,-18.333713],[-50.106497,-18.330984],[-50.131244,-18.326437],[-50.163606,-18.341898],[-50.2388,-18.363271],[-50.271637,-18.379641],[-50.261167,-18.398286],[-50.256408,-18.438303],[-50.272113,-18.456492],[-50.265926,-18.476501],[-50.272589,-18.530615],[-50.260216,-18.609285],[-50.241655,-18.624746],[-50.26783,-18.667037],[-50.269734,-18.684317],[-50.250221,-18.677951],[-50.198823,-18.67886],[-50.164082,-18.664309],[-50.079846,-18.672039],[-50.05034,-18.643391],[-50.028924,-18.601555]]]},"properties":{"cod_ibge":"520915","name":"Gouvelândia","uf":"GO"}},
{"type":"Feature","geometry":{"type":"Polygon","coordinates":[[[-49.555394,-15.637103],[-49.55587,-15.579806],[-49.562057,-15.534786],[-49.573955,-15.506138],[-49.56872,-15.477489],[-49.544448,-15.467939],[-49.539213,-15.448386],[-49.570623,-15.454752],[-49.58728,-15.409278],[-49.605365,-15.408823],[-49.624401,-15.41519],[-49.654859,-15.407004],[-49.686745,-15.421556],[-49.696263,-15.445657],[-49.685793,-15.457935],[-49.683414,-15.482036],[-49.70483,-15.509321],[-49.731481,-15.505228],[-49.732432,-15.526146],[-49.700071,-15.540243],[-49.692932,-15.553885],[-49.703402,-15.586172],[-49.700071,-15.614366],[-49.727197,-15.652564],[-49.74671,-15.664842],[-49.695787,-15.722139],[-49.700071,-15.741238],[-49.685317,-15.763975],[-49.698167,-15.789896],[-49.692932,-15.806266],[-49.689601,-15.827184],[-49.680082,-15.811723],[-49.678655,-15.778527],[-49.657715,-15.768068],[-49.643437,-15.738055],[-49.645817,-15.710316],[-49.624877,-15.686669],[-49.602033,-15.679394],[-49.555394,-15.637103]]]},"properties":{"cod_ibge":"522170","name":"Uruana","uf":"GO"}},
{"type":"Feature","geometry":{"type":"Polygon","coordinates":[[[-49.462592,-15.43247],[-49.42214,-15.428377],[-49.409766,-15.438836],[-49.362175,-15.4402],[-49.343139,-15.464756],[-49.339332,-15.491586],[-49.314108,-15.493405],[-49.309349,-15.46612],[-49.282222,-15.437927],[-49.297452,-15.410187],[-49.275084,-15.38836],[-49.28603,-15.371534],[-49.261758,-15.351071],[-49.282222,-15.328789],[-49.303162,-15.329244],[-49.323627,-15.343795],[-49.340759,-15.343795],[-49.355037,-15.327879],[-49.343139,-15.276494],[-49.322199,-15.233748],[-49.318392,-15.188729],[-49.305066,-15.155078],[-49.312681,-15.122792],[-49.302211,-15.102328],[-49.30697,-15.079591],[-49.290313,-14.990917],[-49.323151,-14.989098],[-49.347898,-15.027751],[-49.386447,-15.048669],[-49.397392,-15.093688],[-49.414049,-15.091869],[-49.438797,-15.11597],[-49.45355,-15.100055],[-49.477821,-15.139162],[-49.481628,-15.176451],[-49.5059,-15.175996],[-49.498285,-15.203281],[-49.511611,-15.23011],[-49.50352,-15.248755],[-49.520653,-15.270127],[-49.512087,-15.293319],[-49.483532,-15.327879],[-49.487339,-15.357438],[-49.454026,-15.381539],[-49.464972,-15.412006],[-49.462592,-15.43247]]]},"properties":{"cod_ibge":"521935","name":"Santa Isabel","uf":"GO"}},
{"type":"Feature","geometry":{"type":"Polygon","coordinates":[[[-48.955273,-13.345667],[-48.940044,-13.317473],[-48.918628,-13.307468],[-48.900068,-13.254718],[-48.85676,-13.244259],[-48.854856,-13.219249],[-48.910538,-13.16468],[-48.907206,-13.142398],[-48.879128,-13.124208],[-48.876272,-13.101926],[-48.885314,-13.066911],[-48.869609,-13.066911],[-48.879603,-13.035988],[-48.869133,-13.004611],[-48.848193,-12.970961],[-48.824398,-12.948678],[-48.859139,-12.914573],[-48.842483,-12.881377],[-48.862471,-12.870463],[-48.878652,-12.836357],[-48.879603,-12.817258],[-48.975737,-12.956864],[-49.002864,-12.933672],[-49.009051,-12.916392],[-49.03237,-12.902295],[-49.050455,-12.908661],[-49.07425,-12.903659],[-49.088052,-12.890926],[-49.073298,-12.869553],[-49.073298,-12.855002],[-49.104708,-12.835448],[-49.117558,-12.789974],[-49.138022,-12.801342],[-49.144685,-12.818168],[-49.186089,-12.847726],[-49.210836,-12.877739],[-49.237487,-12.88365],[-49.251288,-12.930489],[-49.268897,-12.946859],[-49.280795,-12.970506],[-49.279843,-12.98915],[-49.303162,-13.028713],[-49.336,-13.063273],[-49.355037,-13.107383],[-49.341711,-13.124208],[-49.355512,-13.15604],[-49.346946,-13.167408],[-49.34885,-13.216975],[-49.339332,-13.253354],[-49.368362,-13.272453],[-49.381212,-13.276546],[-49.410718,-13.266087],[-49.442604,-13.245624],[-49.48496,-13.249262],[-49.535406,-13.281093],[-49.557774,-13.280184],[-49.583473,-13.292007],[-49.591563,-13.319746],[-49.622022,-13.346121],[-49.646769,-13.352942],[-49.6106,-13.375679],[-49.60013,-13.403419],[-49.619642,-13.432522],[-49.592991,-13.459352],[-49.571575,-13.467537],[-49.568244,-13.489819],[-49.542069,-13.499823],[-49.537786,-13.531201],[-49.587756,-13.562578],[-49.58966,-13.586224],[-49.61869,-13.599412],[-49.64201,-13.627606],[-49.648672,-13.657618],[-49.663902,-13.671261],[-49.685793,-13.671715],[-49.701498,-13.713551],[-49.720059,-13.728558],[-49.714824,-13.74311],[-49.683414,-13.750385],[-49.679131,-13.731741],[-49.651528,-13.726739],[-49.619642,-13.754478],[-49.590136,-13.757206],[-49.574431,-13.766756],[-49.558726,-13.769484],[-49.540165,-13.751295],[-49.549683,-13.741745],[-49.536834,-13.713551],[-49.486387,-13.682174],[-49.47211,-13.684903],[-49.454026,-13.667168],[-49.429754,-13.665349],[-49.391206,-13.699909],[-49.372169,-13.694452],[-49.357892,-13.710368],[-49.336476,-13.711278],[-49.321723,-13.694907],[-49.307922,-13.697181],[-49.363603,-13.568944],[-49.341235,-13.565306],[-49.31744,-13.574401],[-49.300307,-13.563032],[-49.266993,-13.563942],[-49.25462,-13.586679],[-49.240342,-13.592136],[-49.213692,-13.581677],[-49.1918,-13.588498],[-49.146588,-13.584405],[-49.120413,-13.557576],[-49.083768,-13.556666],[-49.062353,-13.528472],[-49.020473,-13.50619],[-49.001912,-13.463444],[-49.009527,-13.451621],[-48.998105,-13.398871],[-48.955273,-13.345667]]]},"properties":{"cod_ibge":"521800","name":"Porangatu","uf":"GO"}},
{"type":"Feature","geometry":{"type":"Polygon","coordinates":[[[-47.113981,-14.096897],[-47.154909,-14.123272],[-47.175373,-14.147828],[-47.193458,-14.13646],[-47.203928,-14.150102],[-47.246759,-14.141917],[-47.271983,-14.147374],[-47.28626,-14.159652],[-47.325284,-14.161471],[-47.361929,-14.132367],[-47.401906,-14.146919],[-47.411424,-14.167382],[-47.454732,-14.161471],[-47.449497,-14.184662],[-47.431412,-14.211037],[-47.403334,-14.223315],[-47.408093,-14.237412],[-47.397147,-14.257421],[-47.389532,-14.313809],[-47.425225,-14.323358],[-47.465202,-14.362921],[-47.467105,-14.384748],[-47.481859,-14.417944],[-47.516124,-14.432041],[-47.549438,-14.424765],[-47.553721,-14.454778],[-47.581324,-14.447502],[-47.597029,-14.427039],[-47.615589,-14.426584],[-47.648427,-14.438407],[-47.660324,-14.458871],[-47.70506,-14.462509],[-47.721241,-14.447047],[-47.733614,-14.411578],[-47.763597,-14.410668],[-47.809284,-14.379746],[-47.810236,-14.354735],[-47.827844,-14.351097],[-47.835935,-14.363375],[-47.864014,-14.378382],[-47.84117,-14.429313],[-47.823561,-14.503435],[-47.789772,-14.521625],[-47.762169,-14.543907],[-47.772163,-14.567554],[-47.765976,-14.598931],[-47.776446,-14.624396],[-47.772163,-14.641676],[-47.754079,-14.649407],[-47.717909,-14.653045],[-47.706012,-14.670325],[-47.693638,-14.743993],[-47.665559,-14.708523],[-47.631294,-14.744448],[-47.640336,-14.757635],[-47.647951,-14.832667],[-47.634625,-14.830848],[-47.610354,-14.790376],[-47.584655,-14.774915],[-47.561811,-14.747631],[-47.557528,-14.732624],[-47.534684,-14.737172],[-47.528022,-14.769913],[-47.502323,-14.792195],[-47.479003,-14.799926],[-47.477575,-14.817206],[-47.452352,-14.817206],[-47.427605,-14.830848],[-47.360502,-14.803109],[-47.35717,-14.776279],[-47.314814,-14.767185],[-47.282453,-14.694426],[-47.247235,-14.700793],[-47.234386,-14.68806],[-47.232006,-14.639403],[-47.214874,-14.605752],[-47.185843,-14.560278],[-47.184891,-14.543907],[-47.157289,-14.550728],[-47.145867,-14.53936],[-47.156337,-14.467511],[-47.182988,-14.439772],[-47.190602,-14.367923],[-47.182036,-14.349733],[-47.187271,-14.326087],[-47.174421,-14.30335],[-47.170614,-14.264242],[-47.13968,-14.254692],[-47.141584,-14.238322],[-47.131114,-14.204671],[-47.083999,-14.168292],[-47.082571,-14.141462],[-47.059251,-14.110085],[-47.031173,-14.088712],[-46.994528,-14.081891],[-46.985485,-14.052333],[-47.038787,-14.03187],[-47.088758,-14.080527],[-47.113981,-14.096897]]]},"properties":{"cod_ibge":"522000","name":"São João d'Aliança","uf":"GO"}},
{"type":"Feature","geometry":{"type":"Polygon","coordinates":[[[-49.224637,-13.865435],[-49.257951,-13.899085],[-49.257475,-13.942286],[-49.264138,-13.96184],[-49.285078,-13.975027],[-49.293644,-13.991852],[-49.321247,-13.999583],[-49.35694,-13.976391],[-49.368362,-13.959566],[-49.41167,-13.952745],[-49.436893,-13.97821],[-49.455929,-13.986396],[-49.482104,-13.975482],[-49.520177,-13.98685],[-49.53493,-13.969115],[-49.586328,-13.936374],[-49.621546,-13.901814],[-49.623925,-13.886807],[-49.671516,-13.83815],[-49.700071,-13.855885],[-49.73386,-13.861342],[-49.75718,-13.849064],[-49.804771,-13.885443],[-49.811909,-13.904997],[-49.834753,-13.903633],[-49.83047,-13.927279],[-49.819048,-13.940012],[-49.798108,-13.96093],[-49.807626,-13.978665],[-49.795728,-14.008223],[-49.745282,-14.046421],[-49.752897,-14.05688],[-49.74433,-14.080072],[-49.698643,-14.055061],[-49.682938,-14.073251],[-49.662474,-14.083255],[-49.638202,-14.117816],[-49.605365,-14.137369],[-49.592991,-14.126456],[-49.571099,-14.099626],[-49.521129,-14.082346],[-49.455453,-14.082801],[-49.430706,-14.067339],[-49.387874,-14.066885],[-49.389302,-14.084165],[-49.364079,-14.123727],[-49.336952,-14.125546],[-49.311253,-14.13646],[-49.27556,-14.17966],[-49.278891,-14.221042],[-49.261282,-14.211947],[-49.238439,-14.181479],[-49.239391,-14.158287],[-49.217499,-14.105538],[-49.203697,-14.097352],[-49.185613,-14.110994],[-49.176571,-14.132367],[-49.165625,-14.102809],[-49.178474,-14.09326],[-49.173239,-14.050969],[-49.174667,-14.024594],[-49.120413,-14.019137],[-49.113275,-14.006859],[-49.063304,-14.017773],[-49.025232,-14.011861],[-49.01381,-14.025503],[-48.965743,-14.035053],[-48.914345,-14.003676],[-48.915297,-13.985031],[-48.929098,-13.965478],[-48.903399,-13.958656],[-48.881507,-13.931827],[-48.936237,-13.935919],[-48.976213,-13.903178],[-48.987635,-13.908635],[-49.023804,-13.889991],[-49.098522,-13.940012],[-49.114702,-13.927734],[-49.111371,-13.884989],[-49.140877,-13.860433],[-49.224637,-13.865435]]]},"properties":{"cod_ibge":"521280","name":"Mara Rosa","uf":"GO"}},
{"type":"Feature","geometry":{"type":"Polygon","coordinates":[[[-51.529941,-18.538346],[-51.506145,-18.551533],[-51.488537,-18.573815],[-51.431904,-18.595643],[-51.41144,-18.620199],[-51.386216,-18.621563],[-51.368132,-18.643391],[-51.307215,-18.685227],[-51.29389,-18.70569],[-51.263908,-18.729791],[-51.22869,-18.742979],[-51.206799,-18.784815],[-51.179672,-18.790727],[-51.182051,-18.803459],[-51.149214,-18.820739],[-51.131129,-18.850298],[-51.124466,-18.872125],[-51.084014,-18.877582],[-51.076875,-18.870761],[-51.023098,-18.898045],[-50.995495,-18.904412],[-50.974079,-18.929422],[-50.959326,-18.961254],[-50.960278,-18.974442],[-50.935055,-18.977625],[-50.941241,-18.998088],[-50.929344,-19.017642],[-50.912687,-19.019916],[-50.876042,-19.043562],[-50.848915,-19.066754],[-50.816553,-19.07312],[-50.786571,-19.092219],[-50.771342,-19.124051],[-50.769438,-19.144969],[-50.746595,-19.14406],[-50.726131,-19.164068],[-50.733269,-19.186805],[-50.682347,-19.175437],[-50.671877,-19.160885],[-50.674256,-19.136329],[-50.645702,-19.134965],[-50.654268,-19.109045],[-50.653792,-19.076758],[-50.669973,-19.063116],[-50.664262,-19.046745],[-50.677588,-19.019916],[-50.709474,-18.99536],[-50.733269,-18.974442],[-50.771342,-18.960345],[-50.787523,-18.939881],[-50.814174,-18.941246],[-50.83559,-18.91669],[-50.867476,-18.913506],[-50.87747,-18.894862],[-50.899361,-18.885313],[-50.917446,-18.889405],[-50.938386,-18.878491],[-50.938862,-18.841203],[-50.967416,-18.806643],[-50.984549,-18.793455],[-50.984549,-18.766625],[-50.993591,-18.737977],[-51.02167,-18.703416],[-51.057839,-18.642481],[-51.080683,-18.627475],[-51.080207,-18.607012],[-51.103526,-18.584275],[-51.111617,-18.563356],[-51.142551,-18.544712],[-51.170154,-18.491053],[-51.187286,-18.48696],[-51.211082,-18.450581],[-51.206323,-18.419204],[-51.223455,-18.408745],[-51.222028,-18.373275],[-51.238209,-18.356904],[-51.252962,-18.353721],[-51.2601,-18.332803],[-51.283896,-18.322344],[-51.301029,-18.3037],[-51.336722,-18.299152],[-51.366228,-18.280508],[-51.381933,-18.316432],[-51.382409,-18.361452],[-51.502814,-18.494691],[-51.505194,-18.51288],[-51.529941,-18.538346]]]},"properties":{"cod_ibge":"520430","name":"Caçu","uf":"GO"}},
{"type":"Feature","geometry":{"type":"Polygon","coordinates":[[[-47.610354,-18.315523],[-47.714102,-18.290058],[-47.763597,-18.291422],[-47.770259,-18.285055],[-47.874959,-18.283236],[-47.878291,-18.296879],[-47.910177,-18.326892],[-47.911129,-18.33826],[-47.870676,-18.344172],[-47.852116,-18.360997],[-47.865917,-18.404197],[-47.855447,-18.41784],[-47.860682,-18.440122],[-47.836887,-18.436029],[-47.829748,-18.411473],[-47.808332,-18.400105],[-47.799766,-18.415111],[-47.769308,-18.418294],[-47.736946,-18.362816],[-47.694114,-18.375094],[-47.679837,-18.355995],[-47.662228,-18.335077],[-47.646047,-18.340079],[-47.610354,-18.315523]]]},"properties":{"cod_ibge":"522130","name":"Três Ranchos","uf":"GO"}},
{"type":"Feature","geometry":{"type":"Polygon","coordinates":[[[-51.257721,-15.969518],[-51.347192,-15.928137],[-51.35909,-15.939505],[-51.37765,-15.930865],[-51.414295,-15.884027],[-51.43238,-15.871749],[-51.433331,-15.845374],[-51.462838,-15.853104],[-51.467597,-15.834005],[-51.497579,-15.809904],[-51.528037,-15.811723],[-51.52661,-15.773525],[-51.538507,-15.76534],[-51.535176,-15.717137],[-51.5742,-15.706223],[-51.56849,-15.658476],[-51.581815,-15.647107],[-51.583243,-15.616185],[-51.593713,-15.587991],[-51.617032,-15.586172],[-51.644159,-15.553885],[-51.636545,-15.524327],[-51.648918,-15.507957],[-51.698889,-15.484765],[-51.704124,-15.496133],[-51.731726,-15.503864],[-51.736961,-15.526601],[-51.72554,-15.544336],[-51.739341,-15.559342],[-51.755522,-15.557523],[-51.760757,-15.530239],[-51.780745,-15.546609],[-51.754094,-15.614821],[-51.767895,-15.653473],[-51.800733,-15.700766],[-51.803113,-15.721684],[-51.823101,-15.731234],[-51.839282,-15.750333],[-51.85927,-15.787622],[-51.873547,-15.798081],[-51.88021,-15.824456],[-51.86736,-15.859471],[-51.831667,-15.868566],[-51.851655,-15.884481],[-51.865457,-15.911766],[-51.822625,-15.921315],[-51.833095,-15.942234],[-51.847372,-15.93905],[-51.862125,-15.964971],[-51.83595,-15.982251],[-51.81977,-16.00999],[-51.820721,-16.034091],[-51.798354,-16.029544],[-51.767895,-16.078656],[-51.757425,-16.08866],[-51.721256,-16.08002],[-51.717925,-16.094572],[-51.674141,-16.129587],[-51.64749,-16.138681],[-51.644635,-16.161418],[-51.61608,-16.18461],[-51.591333,-16.189157],[-51.570393,-16.167785],[-51.548501,-16.169604],[-51.5347,-16.146867],[-51.515188,-16.150505],[-51.499007,-16.140046],[-51.48235,-16.112761],[-51.44047,-16.144138],[-51.441898,-16.198252],[-51.404777,-16.206892],[-51.388596,-16.188248],[-51.370511,-16.190522],[-51.360041,-16.210985],[-51.32292,-16.194614],[-51.308643,-16.204619],[-51.280565,-16.16642],[-51.257721,-16.18461],[-51.226787,-16.129587],[-51.227739,-16.091843],[-51.202991,-16.070016],[-51.212985,-16.030908],[-51.20775,-16.002714],[-51.236305,-15.99271],[-51.237257,-15.96588],[-51.257721,-15.969518]]]},"properties":{"cod_ibge":"521370","name":"Montes Claros de Goiás","uf":"GO"}},
{"type":"Feature","geometry":{"type":"Polygon","coordinates":[[[-50.086985,-17.784841],[-50.109828,-17.78666],[-50.150756,-17.807578],[-50.167889,-17.78757],[-50.208817,-17.771199],[-50.236896,-17.791662],[-50.260216,-17.782113],[-50.269258,-17.81349],[-50.241655,-17.838955],[-50.255456,-17.845322],[-50.232613,-17.868059],[-50.240227,-17.903983],[-50.274017,-17.915352],[-50.291626,-17.913078],[-50.295909,-17.935815],[-50.268306,-17.972649],[-50.211197,-17.984927],[-50.209769,-18.004935],[-50.226902,-18.01403],[-50.188353,-18.059959],[-50.169317,-18.074056],[-50.153136,-18.059504],[-50.156943,-18.044043],[-50.135527,-17.999933],[-50.11078,-17.987655],[-50.098406,-17.971285],[-50.076515,-17.96128],[-50.073659,-17.946274],[-50.046056,-17.942181],[-50.01655,-17.954459],[-49.99561,-17.931722],[-49.980381,-17.926265],[-50.002749,-17.871242],[-49.999893,-17.862602],[-50.022261,-17.832134],[-50.055099,-17.824858],[-50.073183,-17.798938],[-50.086985,-17.784841]]]},"properties":{"cod_ibge":"521805","name":"Porteirão","uf":"GO"}},
{"type":"Feature","geometry":{"type":"Polygon","coordinates":[[[-51.05546,-16.954485],[-51.064978,-16.964944],[-51.10781,-16.969037],[-51.090677,-16.992684],[-51.08687,-17.013602],[-51.098291,-17.034065],[-51.098767,-17.06044],[-51.138744,-17.088634],[-51.133033,-17.110916],[-51.154925,-17.124103],[-51.197756,-17.123649],[-51.235829,-17.132289],[-51.272474,-17.161392],[-51.26486,-17.181856],[-51.29151,-17.211868],[-51.323872,-17.270075],[-51.339577,-17.269166],[-51.40668,-17.305545],[-51.42191,-17.334193],[-51.476163,-17.346471],[-51.514712,-17.333284],[-51.52661,-17.350109],[-51.537555,-17.378758],[-51.499959,-17.382851],[-51.472832,-17.392855],[-51.450464,-17.409226],[-51.449988,-17.430144],[-51.436663,-17.436965],[-51.457603,-17.470616],[-51.342909,-17.508814],[-51.264384,-17.519273],[-51.240588,-17.53337],[-51.217745,-17.526549],[-51.182527,-17.529732],[-51.154925,-17.518363],[-51.081159,-17.529277],[-51.059267,-17.52382],[-51.020718,-17.496991],[-51.008345,-17.481075],[-50.951236,-17.430144],[-50.93791,-17.413773],[-50.960278,-17.389217],[-50.977411,-17.390127],[-50.987881,-17.373301],[-50.972176,-17.319187],[-51.005489,-17.316459],[-51.054032,-17.286446],[-51.084014,-17.291448],[-51.1159,-17.28781],[-51.12399,-17.271439],[-51.116852,-17.237789],[-51.127322,-17.220054],[-51.091629,-17.190496],[-51.045941,-17.176853],[-51.025001,-17.175944],[-51.01358,-17.162756],[-51.010724,-17.125922],[-50.987405,-17.100912],[-50.96123,-17.099548],[-50.946952,-17.089998],[-50.953615,-17.073173],[-50.980266,-17.037248],[-51.002634,-17.022696],[-51.029285,-16.983589],[-51.031188,-16.970856],[-51.05546,-16.954485]]]},"properties":{"cod_ibge":"521375","name":"Montividiu","uf":"GO"}},
{"type":"Feature","geometry":{"type":"Polygon","coordinates":[[[-50.449627,-16.7976],[-50.444392,-16.818518],[-50.458194,-16.844438],[-50.451055,-16.871268],[-50.455814,-16.888548],[-50.429639,-16.90219],[-50.419169,-16.916742],[-50.39585,-16.909466],[-50.389663,-16.896733],[-50.357777,-16.894914],[-50.329222,-16.882636],[-50.316849,-16.89355],[-50.284963,-16.890367],[-50.286391,-16.871268],[-50.303047,-16.85808],[-50.30162,-16.825794],[-50.283535,-16.804421],[-50.284487,-16.768497],[-50.359205,-16.740303],[-50.350638,-16.724387],[-50.361584,-16.699831],[-50.376337,-16.723932],[-50.407271,-16.731663],[-50.429163,-16.753945],[-50.449627,-16.7976]]]},"properties":{"cod_ibge":"522005","name":"São João da Paraúna","uf":"GO"}},
{"type":"Feature","geometry":{"type":"Polygon","coordinates":[[[-49.158962,-16.790779],[-49.150872,-16.747124],[-49.155155,-16.717566],[-49.174667,-16.717111],[-49.193703,-16.691191],[-49.166577,-16.650719],[-49.14754,-16.647081],[-49.116606,-16.619342],[-49.078058,-16.593422],[-49.095666,-16.589329],[-49.102805,-16.562499],[-49.134215,-16.579325],[-49.166101,-16.575232],[-49.175619,-16.539307],[-49.194655,-16.518844],[-49.196083,-16.493833],[-49.172287,-16.480191],[-49.173715,-16.467004],[-49.213692,-16.453816],[-49.250337,-16.489741],[-49.263186,-16.516116],[-49.310301,-16.529758],[-49.32791,-16.556588],[-49.353133,-16.564318],[-49.391682,-16.597969],[-49.38026,-16.630256],[-49.415001,-16.649809],[-49.439748,-16.671182],[-49.444507,-16.717566],[-49.429754,-16.719385],[-49.412146,-16.740757],[-49.386922,-16.811697],[-49.384067,-16.831705],[-49.365507,-16.818063],[-49.349802,-16.764404],[-49.331717,-16.749398],[-49.287933,-16.748488],[-49.25462,-16.731663],[-49.22083,-16.738029],[-49.187517,-16.764404],[-49.183233,-16.78032],[-49.158962,-16.790779]]]},"properties":{"cod_ibge":"520870","name":"Goiânia","uf":"GO"}},
{"type":"Feature","geometry":{"type":"Polygon","coordinates":[[[-49.364555,-16.005897],[-49.374549,-15.992255],[-49.399296,-16.003623],[-49.4012,-16.015447],[-49.403579,-16.029998],[-49.441176,-16.077746],[-49.441652,-16.109123],[-49.452598,-16.113671],[-49.454977,-16.150505],[-49.447363,-16.16733],[-49.410242,-16.175061],[-49.403103,-16.194614],[-49.38026,-16.195524],[-49.31506,-16.22008],[-49.310777,-16.230539],[-49.272704,-16.217351],[-49.216071,-16.190976],[-49.207505,-16.164147],[-49.188944,-16.142319],[-49.164673,-16.137772],[-49.181806,-16.125039],[-49.168956,-16.094572],[-49.150872,-16.086841],[-49.143733,-16.04546],[-49.14992,-16.029998],[-49.16039,-16.063194],[-49.177047,-16.083658],[-49.215595,-16.081384],[-49.227493,-16.072289],[-49.227493,-16.050916],[-49.247005,-16.04455],[-49.288409,-16.005442],[-49.364555,-16.005897]]]},"properties":{"cod_ibge":"521680","name":"Petrolina de Goiás","uf":"GO"}},
{"type":"Feature","geometry":{"type":"Polygon","coordinates":[[[-47.711247,-18.130898],[-47.758838,-18.117711],[-47.79691,-18.124077],[-47.835459,-18.149998],[-47.861634,-18.197291],[-47.862586,-18.217299],[-47.878767,-18.245948],[-47.874959,-18.283236],[-47.770259,-18.285055],[-47.763597,-18.291422],[-47.714102,-18.290058],[-47.610354,-18.315523],[-47.632722,-18.291422],[-47.629866,-18.277325],[-47.601788,-18.257771],[-47.607023,-18.246402],[-47.635577,-18.240946],[-47.640336,-18.184558],[-47.659849,-18.161366],[-47.711247,-18.130898]]]},"properties":{"cod_ibge":"521550","name":"Ouvidor","uf":"GO"}},
{"type":"Feature","geometry":{"type":"Polygon","coordinates":[[[-49.9247,-17.606128],[-49.907091,-17.588393],[-49.885675,-17.542465],[-49.888531,-17.529277],[-49.852362,-17.499264],[-49.79906,-17.484713],[-49.77574,-17.456519],[-49.727197,-17.460611],[-49.731005,-17.413318],[-49.766698,-17.408316],[-49.76527,-17.388308],[-49.747186,-17.377849],[-49.740523,-17.341015],[-49.755276,-17.320097],[-49.797156,-17.320097],[-49.78621,-17.286446],[-49.794777,-17.267801],[-49.818572,-17.267801],[-49.822379,-17.229148],[-49.854741,-17.205047],[-49.918989,-17.206866],[-49.971339,-17.230513],[-50.017026,-17.231422],[-50.021309,-17.252795],[-50.003701,-17.300997],[-50.002749,-17.320097],[-50.023689,-17.35784],[-50.040346,-17.360568],[-50.055575,-17.388762],[-50.051767,-17.431508],[-50.061286,-17.460611],[-50.075087,-17.462885],[-50.065569,-17.4979],[-50.076515,-17.538372],[-50.094123,-17.544738],[-50.091744,-17.562473],[-50.111732,-17.590667],[-50.150281,-17.600671],[-50.173124,-17.648419],[-50.160275,-17.667518],[-50.17598,-17.675249],[-50.204058,-17.716175],[-50.193588,-17.741641],[-50.212149,-17.750736],[-50.208817,-17.771199],[-50.167889,-17.78757],[-50.150756,-17.807578],[-50.109828,-17.78666],[-50.086985,-17.784841],[-50.066045,-17.765287],[-50.074135,-17.748917],[-50.065569,-17.732091],[-50.026544,-17.709809],[-50.003225,-17.659788],[-49.980857,-17.66479],[-49.967532,-17.653876],[-49.956586,-17.627956],[-49.931838,-17.640234],[-49.9247,-17.606128]]]},"properties":{"cod_ibge":"520740","name":"Edéia","uf":"GO"}},
{"type":"Feature","geometry":{"type":"Polygon","coordinates":[[[-49.823807,-15.08141],[-49.86188,-15.085048],[-49.875681,-15.091869],[-49.907567,-15.083684],[-49.921368,-15.094143],[-49.957062,-15.08232],[-50.004177,-15.084139],[-50.025117,-15.103692],[-50.049388,-15.110059],[-50.054147,-15.123246],[-50.037014,-15.148712],[-50.056051,-15.182363],[-50.039394,-15.197824],[-50.066045,-15.228746],[-50.048436,-15.221925],[-50.005604,-15.263306],[-49.975146,-15.267399],[-49.947067,-15.260578],[-49.92232,-15.245571],[-49.90376,-15.258759],[-49.918513,-15.27422],[-49.90376,-15.321058],[-49.896621,-15.325606],[-49.863307,-15.333791],[-49.83047,-15.307871],[-49.800963,-15.294683],[-49.78859,-15.278767],[-49.770505,-15.287862],[-49.745282,-15.252393],[-49.74671,-15.240115],[-49.770505,-15.228746],[-49.666757,-15.066404],[-49.688173,-15.078227],[-49.696263,-15.061856],[-49.751469,-15.084139],[-49.76765,-15.07277],[-49.82,-15.085958],[-49.823807,-15.08141]]]},"properties":{"cod_ibge":"521890","name":"Rubiataba","uf":"GO"}},
{"type":"Feature","geometry":{"type":"Polygon","coordinates":[[[-48.580257,-13.31338],[-48.599769,-13.287915],[-48.588823,-13.254718],[-48.598817,-13.239712],[-48.58454,-13.226979],[-48.577401,-13.194238],[-48.579305,-13.170137],[-48.59263,-13.157859],[-48.575973,-13.124208],[-48.597389,-13.082827],[-48.600721,-13.058725],[-48.627372,-13.050995],[-48.637842,-13.016889],[-48.669728,-12.995517],[-48.717318,-13.001428],[-48.731596,-12.984603],[-48.736355,-12.921394],[-48.774903,-12.887288],[-48.813928,-12.863642],[-48.820591,-12.843633],[-48.839627,-12.843179],[-48.846766,-12.809073],[-48.870085,-12.803161],[-48.879603,-12.817258],[-48.878652,-12.836357],[-48.862471,-12.870463],[-48.842483,-12.881377],[-48.859139,-12.914573],[-48.824398,-12.948678],[-48.848193,-12.970961],[-48.869133,-13.004611],[-48.879603,-13.035988],[-48.869609,-13.066911],[-48.885314,-13.066911],[-48.876272,-13.101926],[-48.879128,-13.124208],[-48.907206,-13.142398],[-48.910538,-13.16468],[-48.854856,-13.219249],[-48.83582,-13.216975],[-48.793464,-13.244259],[-48.795368,-13.258356],[-48.763482,-13.292917],[-48.824398,-13.319292],[-48.789657,-13.346576],[-48.763482,-13.355671],[-48.749204,-13.344302],[-48.715891,-13.355671],[-48.709228,-13.374315],[-48.673059,-13.387957],[-48.635462,-13.407511],[-48.608335,-13.39205],[-48.560268,-13.387503],[-48.569787,-13.327022],[-48.580257,-13.31338]]]},"properties":{"cod_ibge":"521377","name":"Montividiu do Norte","uf":"GO"}},
{"type":"Feature","geometry":{"type":"Polygon","coordinates":[[[-47.492804,-15.502045],[-47.486618,-15.478853],[-47.488521,-15.4402],[-47.480431,-15.397455],[-47.46425,-15.380629],[-47.473292,-15.366532],[-47.475196,-15.32606],[-47.496136,-15.291955],[-47.538968,-15.291045],[-47.50613,-15.258304],[-47.508034,-15.233293],[-47.528022,-15.207373],[-47.526594,-15.172813],[-47.569426,-15.074589],[-47.570854,-15.04685],[-47.677933,-15.038665],[-47.714578,-15.02002],[-47.743609,-15.039119],[-47.761693,-15.041393],[-47.783585,-15.074589],[-47.804525,-15.080046],[-47.823561,-15.096871],[-47.839742,-15.09096],[-47.879719,-15.092779],[-47.912556,-15.088231],[-47.925406,-15.077318],[-47.948725,-15.086412],[-47.965382,-15.101873],[-47.98775,-15.103238],[-47.994889,-15.119608],[-48.015353,-15.133251],[-48.049618,-15.136888],[-48.072462,-15.148257],[-48.09007,-15.136434],[-48.107203,-15.147348],[-48.093878,-15.163718],[-48.085311,-15.190093],[-48.026299,-15.206464],[-48.011545,-15.224653],[-47.990129,-15.267854],[-47.972045,-15.28286],[-47.967762,-15.327425],[-47.924454,-15.357892],[-47.929213,-15.379265],[-47.949677,-15.407004],[-47.95634,-15.439746],[-47.997744,-15.44975],[-48.042479,-15.469758],[-48.054377,-15.502045],[-47.854019,-15.502045],[-47.492804,-15.502045]]]},"properties":{"cod_ibge":"521760","name":"Planaltina","uf":"GO"}},
{"type":"Feature","geometry":{"type":"Polygon","coordinates":[[[-48.981924,-16.405159],[-48.997153,-16.486103],[-48.900543,-16.418801],[-48.874844,-16.400612],[-48.823446,-16.400157],[-48.799651,-16.384241],[-48.760626,-16.385605],[-48.763958,-16.35923],[-48.751584,-16.330582],[-48.770144,-16.289655],[-48.771572,-16.278287],[-48.803458,-16.268282],[-48.823922,-16.254185],[-48.828205,-16.234177],[-48.848669,-16.226901],[-48.872465,-16.23736],[-48.897212,-16.23736],[-48.929098,-16.222808],[-48.942423,-16.235541],[-48.95908,-16.220535],[-48.933381,-16.192341],[-48.923863,-16.159145],[-48.940044,-16.134589],[-48.963839,-16.125949],[-49.006195,-16.131405],[-49.011906,-16.14141],[-49.043792,-16.135498],[-49.091383,-16.134589],[-49.112323,-16.143683],[-49.127076,-16.130951],[-49.164673,-16.137772],[-49.188944,-16.142319],[-49.166577,-16.190522],[-49.155155,-16.19325],[-49.143733,-16.222808],[-49.109943,-16.223718],[-49.041888,-16.260552],[-49.016665,-16.271011],[-49.042364,-16.285108],[-49.049503,-16.317849],[-49.031894,-16.325125],[-49.032846,-16.342405],[-49.054738,-16.348771],[-49.101377,-16.32467],[-49.114227,-16.34195],[-49.162293,-16.330127],[-49.165149,-16.314211],[-49.183709,-16.32467],[-49.193227,-16.346498],[-49.153727,-16.390153],[-49.111847,-16.426987],[-49.098522,-16.416982],[-49.097094,-16.393791],[-49.069015,-16.37742],[-49.048075,-16.376965],[-49.041888,-16.396974],[-49.024756,-16.41198],[-49.009051,-16.397883],[-48.981924,-16.405159]]]},"properties":{"cod_ibge":"520110","name":"Anápolis","uf":"GO"}},
{"type":"Feature","geometry":{"type":"Polygon","coordinates":[[[-53.013825,-16.864447],[-53.01906,-16.900371],[-53.039048,-16.912195],[-53.035241,-16.942662],[-53.054753,-16.968582],[-53.063796,-17.01633],[-53.054753,-17.064533],[-53.089019,-17.100912],[-53.110911,-17.108188],[-53.128043,-17.155026],[-53.15517,-17.186403],[-53.166116,-17.221418],[-53.194671,-17.275532],[-53.218942,-17.307364],[-53.208948,-17.316004],[-53.19705,-17.378303],[-53.231316,-17.440603],[-53.223701,-17.458338],[-53.241786,-17.504266],[-53.240358,-17.600217],[-53.196574,-17.610676],[-53.169923,-17.628865],[-53.163261,-17.644326],[-53.128519,-17.64751],[-53.116146,-17.661152],[-53.066651,-17.66388],[-53.179442,-17.551105],[-53.168972,-17.512452],[-53.133754,-17.502447],[-53.114718,-17.475163],[-53.097585,-17.416047],[-53.079025,-17.395129],[-53.069983,-17.371027],[-53.045711,-17.365116],[-52.964331,-17.307819],[-52.935776,-17.306909],[-52.886282,-17.282353],[-52.891041,-17.258252],[-52.91436,-17.240972],[-52.923403,-17.219599],[-52.915312,-17.191405],[-52.924354,-17.148659],[-52.952909,-17.116828],[-52.967186,-17.084086],[-52.969566,-17.053164],[-52.953385,-17.03452],[-52.952433,-17.003143],[-52.959572,-16.972675],[-52.93768,-16.945391],[-52.914836,-16.944481],[-52.909125,-16.926291],[-52.921023,-16.91174],[-52.92721,-16.88582],[-52.916264,-16.86763],[-52.929113,-16.837617],[-52.94815,-16.844438],[-52.971945,-16.869449],[-53.013825,-16.864447]]]},"properties":{"cod_ibge":"521940","name":"Santa Rita do Araguaia","uf":"GO"}},
{"type":"Feature","geometry":{"type":"Polygon","coordinates":[[[-47.52469,-17.411954],[-47.553245,-17.377849],[-47.554673,-17.356476],[-47.570378,-17.344198],[-47.602739,-17.332829],[-47.628914,-17.309183],[-47.656993,-17.29736],[-47.691259,-17.258252],[-47.676505,-17.230967],[-47.687927,-17.19095],[-47.713626,-17.153662],[-47.729807,-17.18322],[-47.750271,-17.197771],[-47.790724,-17.213687],[-47.847357,-17.259616],[-47.884002,-17.263254],[-47.888285,-17.377849],[-47.91446,-17.413773],[-47.911604,-17.431053],[-47.933496,-17.470616],[-47.946346,-17.507904],[-47.943966,-17.532915],[-47.964906,-17.552014],[-47.961575,-17.630229],[-47.944918,-17.652512],[-47.937304,-17.687981],[-47.939683,-17.712537],[-47.929689,-17.722996],[-47.933496,-17.769835],[-47.944918,-17.813035],[-47.958244,-17.826222],[-47.954436,-17.841229],[-47.969189,-17.861692],[-47.982515,-17.898071],[-47.938731,-17.896707],[-47.918267,-17.913078],[-47.862586,-17.90944],[-47.833079,-17.883974],[-47.803573,-17.87488],[-47.802621,-17.8576],[-47.783109,-17.8385],[-47.754079,-17.798029],[-47.74456,-17.830315],[-47.710771,-17.842138],[-47.675554,-17.835772],[-47.658897,-17.823494],[-47.643668,-17.797574],[-47.617017,-17.734365],[-47.619396,-17.695257],[-47.637005,-17.666609],[-47.628914,-17.62068],[-47.615589,-17.599762],[-47.588938,-17.589758],[-47.601788,-17.574751],[-47.586083,-17.544738],[-47.555624,-17.534734],[-47.562763,-17.510633],[-47.542775,-17.48835],[-47.54801,-17.473799],[-47.536588,-17.456973],[-47.52469,-17.411954]]]},"properties":{"cod_ibge":"520480","name":"Campo Alegre de Goiás","uf":"GO"}},
{"type":"Feature","geometry":{"type":"Polygon","coordinates":[[[-49.977526,-18.363725],[-49.978953,-18.354631],[-49.950875,-18.330075],[-49.944212,-18.310976],[-49.902332,-18.29415],[-49.877585,-18.289603],[-49.858072,-18.260954],[-49.816192,-18.235489],[-49.753372,-18.212752],[-49.729577,-18.231396],[-49.701974,-18.244129],[-49.700071,-18.261409],[-49.641534,-18.274596],[-49.603461,-18.3037],[-49.578714,-18.269594],[-49.562533,-18.263683],[-49.563961,-18.223665],[-49.544924,-18.217299],[-49.549683,-18.205476],[-49.57919,-18.185922],[-49.583473,-18.144995],[-49.60013,-18.122713],[-49.630588,-18.096793],[-49.667709,-18.080422],[-49.716727,-18.082696],[-49.722438,-18.090427],[-49.783355,-18.062233],[-49.802867,-18.070873],[-49.839036,-18.034494],[-49.829994,-18.023125],[-49.835229,-18.003116],[-49.861404,-18.003116],[-49.879964,-18.031765],[-49.900904,-18.029037],[-49.925652,-18.054047],[-49.935646,-18.072692],[-49.958965,-18.074965],[-50.000369,-18.11862],[-50.055575,-18.097702],[-50.083177,-18.127715],[-50.094599,-18.113618],[-50.134576,-18.122713],[-50.161226,-18.121349],[-50.178359,-18.117256],[-50.185974,-18.139993],[-50.158371,-18.159547],[-50.153612,-18.177282],[-50.167413,-18.199564],[-50.138383,-18.200019],[-50.126009,-18.212752],[-50.127437,-18.239127],[-50.095551,-18.249131],[-50.096027,-18.270049],[-50.116015,-18.315978],[-50.106497,-18.330984],[-50.093171,-18.333713],[-50.076515,-18.359178],[-50.054623,-18.362361],[-50.046056,-18.384644],[-50.014647,-18.392374],[-50.008936,-18.37282],[-49.977526,-18.363725]]]},"properties":{"cod_ibge":"520350","name":"Bom Jesus de Goiás","uf":"GO"}},
{"type":"Feature","geometry":{"type":"Polygon","coordinates":[[[-49.205601,-14.845855],[-49.185137,-14.859497],[-49.205125,-14.899059],[-49.156582,-14.881779],[-49.104708,-14.853131],[-49.090431,-14.887236],[-49.098997,-14.931801],[-49.120413,-14.947262],[-49.119462,-14.96727],[-49.134691,-14.998647],[-49.153251,-15.022294],[-49.155155,-15.046395],[-49.177998,-15.091869],[-49.174667,-15.112787],[-49.187992,-15.13507],[-49.162293,-15.145529],[-49.158962,-15.158716],[-49.127076,-15.160535],[-49.081389,-15.150531],[-49.071871,-15.126884],[-49.059021,-15.123701],[-49.026659,-15.078227],[-49.005243,-15.074134],[-48.995249,-15.035481],[-49.022376,-15.023658],[-49.028563,-15.007742],[-49.046648,-15.000921],[-49.04284,-14.976365],[-49.015713,-14.940441],[-48.998105,-14.925434],[-48.977165,-14.88951],[-48.94861,-14.864954],[-48.945279,-14.853585],[-48.912441,-14.833122],[-48.90673,-14.804928],[-48.893881,-14.782191],[-48.89864,-14.762182],[-48.891025,-14.745812],[-48.911965,-14.735808],[-48.923387,-14.711252],[-48.947658,-14.6967],[-48.950038,-14.681239],[-48.950038,-14.661685],[-48.966219,-14.658502],[-48.990966,-14.630308],[-48.973833,-14.621668],[-48.984779,-14.593474],[-48.999057,-14.593474],[-49.010954,-14.575284],[-49.026183,-14.586653],[-49.039985,-14.576648],[-49.03475,-14.602114],[-49.055214,-14.61712],[-49.029991,-14.63531],[-49.015238,-14.66987],[-49.0219,-14.686241],[-48.999057,-14.716254],[-49.009527,-14.721711],[-49.036653,-14.707614],[-49.058069,-14.718982],[-49.070443,-14.743538],[-49.090907,-14.729441],[-49.113275,-14.737172],[-49.14992,-14.734898],[-49.151347,-14.766275],[-49.162293,-14.773551],[-49.194655,-14.768094],[-49.187517,-14.813568],[-49.209884,-14.817206],[-49.205601,-14.845855]]]},"properties":{"cod_ibge":"521945","name":"Santa Rita do Novo Destino","uf":"GO"}},
{"type":"Feature","geometry":{"type":"Polygon","coordinates":[[[-49.012382,-16.660268],[-49.003816,-16.64026],[-48.979544,-16.651174],[-48.950038,-16.628891],[-48.946707,-16.6057],[-48.963839,-16.566592],[-48.992394,-16.579779],[-49.007623,-16.55204],[-48.997153,-16.529758],[-49.057118,-16.562045],[-49.066636,-16.591603],[-49.078058,-16.593422],[-49.07663,-16.616613],[-49.061401,-16.641169],[-49.043792,-16.634348],[-49.012382,-16.660268]]]},"properties":{"cod_ibge":"520355","name":"Bonfinópolis","uf":"GO"}},
{"type":"Feature","geometry":{"type":"Polygon","coordinates":[[[-50.219763,-16.30648],[-50.226902,-16.283289],[-50.207866,-16.275103],[-50.211673,-16.258278],[-50.25974,-16.178244],[-50.280204,-16.15778],[-50.311138,-16.160054],[-50.344451,-16.147776],[-50.361108,-16.160054],[-50.369675,-16.142319],[-50.39347,-16.160509],[-50.414886,-16.211894],[-50.430591,-16.227356],[-50.457718,-16.232813],[-50.462953,-16.261461],[-50.476278,-16.274649],[-50.488652,-16.314666],[-50.485321,-16.329672],[-50.503881,-16.338767],[-50.502929,-16.356502],[-50.520538,-16.366961],[-50.523869,-16.393791],[-50.54005,-16.390153],[-50.54243,-16.470642],[-50.528628,-16.485193],[-50.537671,-16.498836],[-50.507688,-16.503383],[-50.491031,-16.479282],[-50.497218,-16.471551],[-50.475326,-16.432898],[-50.461525,-16.428806],[-50.473423,-16.397429],[-50.461525,-16.367416],[-50.435826,-16.35923],[-50.442013,-16.333765],[-50.432019,-16.313302],[-50.408699,-16.286927],[-50.367771,-16.2892],[-50.306379,-16.325125],[-50.293529,-16.312392],[-50.244986,-16.321032],[-50.246414,-16.349226],[-50.214052,-16.34195],[-50.219763,-16.30648]]]},"properties":{"cod_ibge":"521900","name":"Sanclerlândia","uf":"GO"}},
{"type":"Feature","geometry":{"type":"Polygon","coordinates":[[[-50.131244,-15.583898],[-50.126009,-15.609364],[-50.108876,-15.613456],[-50.098406,-15.599814],[-50.069376,-15.599359],[-50.032255,-15.577532],[-50.020357,-15.587081],[-49.989423,-15.640741],[-49.997038,-15.686669],[-50.006556,-15.708497],[-49.997038,-15.738965],[-50.023213,-15.780801],[-49.966104,-15.765794],[-49.937549,-15.749424],[-49.920892,-15.739874],[-49.899952,-15.753516],[-49.877585,-15.723049],[-49.854741,-15.701221],[-49.844271,-15.71259],[-49.815717,-15.710316],[-49.794301,-15.683032],[-49.74671,-15.664842],[-49.727197,-15.652564],[-49.700071,-15.614366],[-49.703402,-15.586172],[-49.692932,-15.553885],[-49.700071,-15.540243],[-49.732432,-15.526146],[-49.771933,-15.546155],[-49.810482,-15.532513],[-49.829042,-15.538879],[-49.857121,-15.532058],[-49.888531,-15.507957],[-49.886627,-15.481127],[-49.859976,-15.449295],[-49.862356,-15.413371],[-49.875681,-15.399728],[-49.915182,-15.383358],[-49.908043,-15.37017],[-49.937549,-15.357438],[-49.977526,-15.371989],[-50.01655,-15.371989],[-50.017026,-15.359711],[-50.051767,-15.360621],[-50.064617,-15.367442],[-50.112684,-15.37017],[-50.135051,-15.397909],[-50.160275,-15.417918],[-50.162178,-15.443383],[-50.154088,-15.494769],[-50.16551,-15.518416],[-50.154564,-15.561616],[-50.131244,-15.583898]]]},"properties":{"cod_ibge":"521120","name":"Itapuranga","uf":"GO"}},
{"type":"Feature","geometry":{"type":"Polygon","coordinates":[[[-49.252716,-18.179101],[-49.289837,-18.144995],[-49.320771,-18.169551],[-49.350753,-18.182284],[-49.368362,-18.144541],[-49.414525,-18.138629],[-49.42214,-18.121804],[-49.4407,-18.118166],[-49.468779,-18.087698],[-49.509707,-18.083151],[-49.499713,-18.105433],[-49.511611,-18.115892],[-49.510659,-18.147269],[-49.523508,-18.174554],[-49.549683,-18.205476],[-49.544924,-18.217299],[-49.509231,-18.213661],[-49.490195,-18.237762],[-49.477345,-18.270958],[-49.425947,-18.282327],[-49.413573,-18.303245],[-49.406435,-18.341443],[-49.383115,-18.321889],[-49.366458,-18.291877],[-49.344567,-18.289603],[-49.327434,-18.266866],[-49.297452,-18.245948],[-49.285554,-18.229577],[-49.25462,-18.230487],[-49.237011,-18.217754],[-49.255096,-18.196836],[-49.252716,-18.179101]]]},"properties":{"cod_ibge":"521600","name":"Panamá","uf":"GO"}},
{"type":"Feature","geometry":{"type":"Polygon","coordinates":[[[-49.165149,-16.314211],[-49.162293,-16.330127],[-49.114227,-16.34195],[-49.101377,-16.32467],[-49.054738,-16.348771],[-49.032846,-16.342405],[-49.031894,-16.325125],[-49.049503,-16.317849],[-49.042364,-16.285108],[-49.016665,-16.271011],[-49.041888,-16.260552],[-49.109943,-16.223718],[-49.143733,-16.222808],[-49.152775,-16.250547],[-49.178474,-16.263735],[-49.176571,-16.29011],[-49.165149,-16.314211]]]},"properties":{"cod_ibge":"520485","name":"Campo Limpo de Goiás","uf":"GO"}},
{"type":"Feature","geometry":{"type":"Polygon","coordinates":[[[-48.227132,-18.345991],[-48.221421,-18.361907],[-48.19715,-18.363271],[-48.159553,-18.375549],[-48.146704,-18.409654],[-48.116245,-18.426025],[-48.094354,-18.431027],[-48.047239,-18.41784],[-48.026774,-18.436029],[-48.024395,-18.423296],[-47.98775,-18.407835],[-47.976804,-18.383734],[-47.937779,-18.378277],[-47.938255,-18.32871],[-47.963003,-18.315068],[-47.965858,-18.293241],[-47.997744,-18.28642],[-48.01678,-18.303245],[-48.054853,-18.299152],[-48.062468,-18.264137],[-48.130999,-18.230487],[-48.162884,-18.230941],[-48.227608,-18.199564],[-48.271868,-18.223211],[-48.32041,-18.25004],[-48.307561,-18.284146],[-48.324218,-18.302336],[-48.356103,-18.321889],[-48.355152,-18.341443],[-48.341826,-18.371001],[-48.318031,-18.366909],[-48.287097,-18.347355],[-48.271868,-18.329165],[-48.259494,-18.287329],[-48.229512,-18.274596],[-48.213807,-18.285965],[-48.196198,-18.281417],[-48.178589,-18.32871],[-48.20762,-18.333258],[-48.227132,-18.345991]]]},"properties":{"cod_ibge":"520660","name":"Cumari","uf":"GO"}},
{"type":"Feature","geometry":{"type":"Polygon","coordinates":[[[-47.392864,-13.262449],[-47.417135,-13.270634],[-47.436647,-13.266996],[-47.45378,-13.251535],[-47.43284,-13.238348],[-47.439979,-13.222887],[-47.465202,-13.226979],[-47.488045,-13.211973],[-47.477575,-13.187417],[-47.508985,-13.190145],[-47.521359,-13.182415],[-47.540395,-13.19151],[-47.565143,-13.180141],[-47.568474,-13.116932],[-47.593221,-13.115568],[-47.617017,-13.103745],[-47.646523,-13.12057],[-47.645571,-13.150583],[-47.668415,-13.166044],[-47.654614,-13.178777],[-47.666987,-13.208335],[-47.646047,-13.24244],[-47.63986,-13.264268],[-47.655089,-13.275637],[-47.658421,-13.29519],[-47.65033,-13.34885],[-47.624155,-13.376134],[-47.637481,-13.389776],[-47.655565,-13.428884],[-47.670794,-13.441162],[-47.679837,-13.467992],[-47.798338,-13.328841],[-47.823561,-13.311561],[-47.885429,-13.320201],[-47.893044,-13.308378],[-47.937304,-13.290643],[-47.943966,-13.30474],[-47.965858,-13.31338],[-47.981087,-13.284277],[-47.99822,-13.274272],[-48.025347,-13.279729],[-48.030582,-13.256992],[-48.050094,-13.256537],[-48.062468,-13.235619],[-48.076269,-13.246078],[-48.079124,-13.285186],[-48.099589,-13.292917],[-48.165264,-13.306559],[-48.170023,-13.300193],[-48.164312,-13.333843],[-48.166692,-13.372951],[-48.148131,-13.379317],[-48.143372,-13.41024],[-48.148131,-13.439798],[-48.189535,-13.455714],[-48.198578,-13.471175],[-48.157649,-13.495731],[-48.132426,-13.504371],[-48.122432,-13.54075],[-48.091974,-13.548026],[-48.107203,-13.562123],[-48.111486,-13.617601],[-48.120529,-13.628515],[-48.092926,-13.659437],[-48.080552,-13.681265],[-48.057709,-13.702183],[-48.054377,-13.739017],[-48.027726,-13.744019],[-48.027726,-13.770849],[-48.015829,-13.783581],[-48.018684,-13.81314],[-47.99822,-13.834058],[-47.959671,-13.853157],[-47.947774,-13.884989],[-47.964906,-13.906361],[-47.960147,-13.938648],[-47.930165,-13.956383],[-47.920647,-13.994126],[-47.909701,-14.011861],[-47.926834,-14.035053],[-47.898279,-14.046876],[-47.898279,-14.092805],[-47.913508,-14.119634],[-47.915888,-14.148283],[-47.899707,-14.170111],[-47.863538,-14.176022],[-47.80738,-14.145555],[-47.788344,-14.120999],[-47.755982,-14.094169],[-47.728379,-14.096443],[-47.699349,-14.069158],[-47.662704,-14.070977],[-47.607499,-14.046876],[-47.591318,-14.056426],[-47.551817,-14.027777],[-47.550389,-14.016408],[-47.504702,-13.960021],[-47.263892,-13.976846],[-47.279597,-13.95229],[-47.335279,-13.930008],[-47.309579,-13.89181],[-47.309104,-13.866799],[-47.326236,-13.826782],[-47.348128,-13.819961],[-47.353839,-13.804954],[-47.340038,-13.785855],[-47.316718,-13.772213],[-47.311959,-13.753569],[-47.329092,-13.732651],[-47.334327,-13.708549],[-47.3072,-13.664894],[-47.324333,-13.632153],[-47.291495,-13.590317],[-47.260085,-13.534384],[-47.249615,-13.486636],[-47.259133,-13.480724],[-47.273886,-13.448438],[-47.272459,-13.432067],[-47.311959,-13.404328],[-47.330044,-13.381136],[-47.327664,-13.360218],[-47.352411,-13.346576],[-47.347176,-13.316108],[-47.372875,-13.294281],[-47.375255,-13.267906],[-47.392864,-13.262449]]]},"properties":{"cod_ibge":"520530","name":"Cavalcante","uf":"GO"}},
{"type":"Feature","geometry":{"type":"Polygon","coordinates":[[[-49.444507,-16.717566],[-49.439748,-16.671182],[-49.415001,-16.649809],[-49.38026,-16.630256],[-49.391682,-16.597969],[-49.392157,-16.583872],[-49.421664,-16.557042],[-49.426423,-16.53567],[-49.454977,-16.53567],[-49.458785,-16.493833],[-49.593943,-16.527939],[-49.611552,-16.510204],[-49.619642,-16.489286],[-49.653432,-16.507021],[-49.66295,-16.499745],[-49.690077,-16.50793],[-49.695312,-16.522027],[-49.680558,-16.536124],[-49.640106,-16.542945],[-49.602509,-16.568411],[-49.632967,-16.592967],[-49.653907,-16.63071],[-49.656287,-16.662542],[-49.687221,-16.671182],[-49.690077,-16.6921],[-49.669612,-16.726206],[-49.653907,-16.739393],[-49.655335,-16.754854],[-49.63963,-16.771225],[-49.635347,-16.805785],[-49.598702,-16.802147],[-49.592991,-16.784867],[-49.575858,-16.772135],[-49.533027,-16.812606],[-49.502568,-16.800328],[-49.539689,-16.764404],[-49.542069,-16.750762],[-49.516846,-16.741212],[-49.497333,-16.747579],[-49.444507,-16.717566]]]},"properties":{"cod_ibge":"522140","name":"Trindade","uf":"GO"}},
{"type":"Feature","geometry":{"type":"Polygon","coordinates":[[[-52.522211,-17.342379],[-52.563139,-17.333284],[-52.606923,-17.330101],[-52.627387,-17.299178],[-52.645948,-17.24461],[-52.690683,-17.205957],[-52.697822,-17.216871],[-52.726376,-17.219599],[-52.743033,-17.245974],[-52.78872,-17.281898],[-52.815847,-17.29736],[-52.802522,-17.317823],[-52.802522,-17.335103],[-52.824414,-17.364206],[-52.862962,-17.399221],[-52.891993,-17.411499],[-52.884854,-17.476982],[-52.85154,-17.431963],[-52.765401,-17.420139],[-52.733515,-17.424232],[-52.727804,-17.433327],[-52.641189,-17.456973],[-52.611206,-17.441512],[-52.58979,-17.403769],[-52.554097,-17.403769],[-52.522211,-17.342379]]]},"properties":{"cod_ibge":"521810","name":"Portelândia","uf":"GO"}},
{"type":"Feature","geometry":{"type":"Polygon","coordinates":[[[-49.9642,-13.702638],[-49.950399,-13.704002],[-49.909471,-13.68081],[-49.886627,-13.693998],[-49.854741,-13.696726],[-49.821427,-13.692179],[-49.783831,-13.726739],[-49.735288,-13.718099],[-49.720059,-13.728558],[-49.701498,-13.713551],[-49.685793,-13.671715],[-49.663902,-13.671261],[-49.648672,-13.657618],[-49.64201,-13.627606],[-49.61869,-13.599412],[-49.58966,-13.586224],[-49.587756,-13.562578],[-49.537786,-13.531201],[-49.542069,-13.499823],[-49.568244,-13.489819],[-49.571575,-13.467537],[-49.592991,-13.459352],[-49.619642,-13.432522],[-49.60013,-13.403419],[-49.6106,-13.375679],[-49.646769,-13.352942],[-49.656287,-13.369313],[-49.680558,-13.377953],[-49.69436,-13.401145],[-49.731957,-13.427975],[-49.760987,-13.425701],[-49.783831,-13.453895],[-49.810482,-13.46299],[-49.821903,-13.452076],[-49.842843,-13.474358],[-49.84903,-13.495276],[-49.87235,-13.504826],[-49.878537,-13.493912],[-49.920417,-13.505735],[-49.947543,-13.490729],[-49.979429,-13.487091],[-50.002749,-13.488455],[-50.036538,-13.516649],[-50.059858,-13.524834],[-50.083177,-13.512556],[-50.108876,-13.513011],[-50.170745,-13.552573],[-50.211197,-13.533474],[-50.227378,-13.538476],[-50.238324,-13.557576],[-50.255456,-13.545298],[-50.235468,-13.622149],[-50.239276,-13.653071],[-50.199299,-13.655799],[-50.186926,-13.641248],[-50.143142,-13.656709],[-50.138859,-13.678991],[-50.100786,-13.659892],[-50.091268,-13.679901],[-50.067472,-13.683539],[-50.054147,-13.705366],[-50.032731,-13.678991],[-50.023689,-13.686267],[-49.973718,-13.688541],[-49.9642,-13.702638]]]},"properties":{"cod_ibge":"520357","name":"Bonópolis","uf":"GO"}},
{"type":"Feature","geometry":{"type":"Polygon","coordinates":[[[-47.11065,-14.676691],[-47.101607,-14.682603],[-47.108746,-14.717618],[-47.09542,-14.725349],[-47.103987,-14.759909],[-47.115409,-14.772642],[-47.098276,-14.804473],[-47.081619,-14.801745],[-47.05354,-14.903152],[-46.984534,-14.910428],[-46.925045,-15.057309],[-46.85699,-15.010471],[-46.829863,-15.009106],[-46.78608,-15.018201],[-46.726591,-15.03821],[-46.681855,-15.058673],[-46.656632,-15.08141],[-46.625222,-15.089595],[-46.577631,-15.084139],[-46.551456,-15.063675],[-46.526233,-15.056399],[-46.559547,-15.025932],[-46.567161,-14.975001],[-46.58715,-14.934984],[-46.604282,-14.86268],[-46.615228,-14.848583],[-46.619511,-14.81857],[-46.630933,-14.780372],[-46.650921,-14.776734],[-46.669006,-14.760818],[-46.669006,-14.720801],[-46.688518,-14.68715],[-46.682331,-14.652135],[-46.716121,-14.597112],[-46.748483,-14.598476],[-46.75467,-14.580286],[-46.775134,-14.58256],[-46.850803,-14.543452],[-46.84652,-14.530265],[-46.868412,-14.516168],[-46.857942,-14.490703],[-46.861749,-14.446138],[-46.887448,-14.436588],[-46.887448,-14.412487],[-46.876026,-14.396117],[-46.878882,-14.361102],[-46.90125,-14.330179],[-46.932184,-14.306078],[-46.93028,-14.294709],[-46.956931,-14.24969],[-46.957883,-14.231955],[-46.991672,-14.194667],[-46.95931,-14.147374],[-46.930756,-14.115087],[-46.937419,-14.102809],[-46.960262,-14.088712],[-46.991196,-14.09235],[-46.994528,-14.081891],[-47.031173,-14.088712],[-47.059251,-14.110085],[-47.082571,-14.141462],[-47.083999,-14.168292],[-47.131114,-14.204671],[-47.141584,-14.238322],[-47.13968,-14.254692],[-47.170614,-14.264242],[-47.174421,-14.30335],[-47.187271,-14.326087],[-47.182036,-14.349733],[-47.190602,-14.367923],[-47.182988,-14.439772],[-47.156337,-14.467511],[-47.145867,-14.53936],[-47.093517,-14.545726],[-47.096372,-14.563916],[-47.081143,-14.599385],[-47.090185,-14.630308],[-47.086378,-14.646678],[-47.11065,-14.676691]]]},"properties":{"cod_ibge":"520790","name":"Flores de Goiás","uf":"GO"}},
{"type":"Feature","geometry":{"type":"Polygon","coordinates":[[[-50.484845,-16.637077],[-50.464381,-16.63162],[-50.445344,-16.597514],[-50.413934,-16.586146],[-50.399657,-16.592967],[-50.377289,-16.580689],[-50.347307,-16.577506],[-50.333981,-16.563409],[-50.303047,-16.558407],[-50.282583,-16.525211],[-50.282583,-16.50793],[-50.244986,-16.450178],[-50.22833,-16.451088],[-50.221667,-16.476099],[-50.165986,-16.46564],[-50.182166,-16.42153],[-50.202631,-16.418801],[-50.226426,-16.403795],[-50.220239,-16.384696],[-50.22595,-16.361959],[-50.246414,-16.349226],[-50.244986,-16.321032],[-50.293529,-16.312392],[-50.306379,-16.325125],[-50.367771,-16.2892],[-50.408699,-16.286927],[-50.432019,-16.313302],[-50.442013,-16.333765],[-50.435826,-16.35923],[-50.461525,-16.367416],[-50.473423,-16.397429],[-50.461525,-16.428806],[-50.475326,-16.432898],[-50.497218,-16.471551],[-50.491031,-16.479282],[-50.507688,-16.503383],[-50.537671,-16.498836],[-50.562894,-16.517935],[-50.541002,-16.570685],[-50.512923,-16.592512],[-50.522917,-16.608428],[-50.484845,-16.637077]]]},"properties":{"cod_ibge":"522010","name":"São Luís de Montes Belos","uf":"GO"}},
{"type":"Feature","geometry":{"type":"Polygon","coordinates":[[[-47.732187,-16.16642],[-47.742181,-16.194614],[-47.794055,-16.253276],[-47.810712,-16.251002],[-47.838314,-16.230994],[-47.85973,-16.185974],[-47.862586,-16.158235],[-47.889713,-16.14914],[-47.92493,-16.130041],[-47.952057,-16.124584],[-47.963479,-16.104576],[-47.963003,-16.122765],[-48.002027,-16.136862],[-48.027726,-16.203709],[-48.140517,-16.169149],[-48.174306,-16.214623],[-48.188583,-16.250547],[-48.201909,-16.312392],[-48.240933,-16.325125],[-48.260922,-16.314666],[-48.305657,-16.321942],[-48.323742,-16.318304],[-48.355628,-16.318758],[-48.374188,-16.309664],[-48.400839,-16.326489],[-48.397032,-16.357866],[-48.401315,-16.384241],[-48.358007,-16.414254],[-48.341826,-16.444267],[-48.309464,-16.451997],[-48.287573,-16.483374],[-48.269964,-16.489286],[-48.251403,-16.53476],[-48.240933,-16.577051],[-48.220469,-16.610702],[-48.195246,-16.642534],[-48.185728,-16.706652],[-48.19477,-16.733936],[-48.156698,-16.735301],[-48.105299,-16.747579],[-48.104824,-16.765313],[-48.080076,-16.785322],[-48.076745,-16.8408],[-48.083408,-16.854443],[-48.077697,-16.878998],[-48.089119,-16.891276],[-48.079124,-16.92038],[-48.064847,-16.932658],[-48.034389,-16.922654],[-48.00631,-16.934477],[-48.002979,-16.950847],[-47.926834,-17.001324],[-47.918267,-17.004052],[-47.921599,-16.983134],[-47.899231,-16.951302],[-47.910177,-16.924927],[-47.892568,-16.918106],[-47.885905,-16.905828],[-47.889237,-16.847167],[-47.902562,-16.813061],[-47.886857,-16.792143],[-47.879719,-16.768951],[-47.887809,-16.752581],[-47.880194,-16.704378],[-47.867345,-16.680277],[-47.837363,-16.647081],[-47.819278,-16.634348],[-47.821658,-16.615249],[-47.804525,-16.600697],[-47.803097,-16.539307],[-47.789296,-16.523846],[-47.77597,-16.537943],[-47.77597,-16.567501],[-47.737422,-16.552495],[-47.719813,-16.53476],[-47.719813,-16.487922],[-47.686975,-16.424713],[-47.675554,-16.419711],[-47.647951,-16.371508],[-47.653662,-16.326944],[-47.641288,-16.282834],[-47.663656,-16.246909],[-47.656517,-16.216897],[-47.658421,-16.166875],[-47.732187,-16.16642]]]},"properties":{"cod_ibge":"521250","name":"Luziânia","uf":"GO"}},
{"type":"Feature","geometry":{"type":"Polygon","coordinates":[[[-48.832964,-13.477996],[-48.788705,-13.472994],[-48.785849,-13.500278],[-48.771572,-13.530291],[-48.731596,-13.573037],[-48.725885,-13.607142],[-48.7078,-13.617601],[-48.701613,-13.638519],[-48.686384,-13.593955],[-48.670679,-13.5935],[-48.644028,-13.573037],[-48.626896,-13.535293],[-48.611191,-13.532565],[-48.580257,-13.496186],[-48.577877,-13.477541],[-48.551702,-13.432522],[-48.581208,-13.413423],[-48.560268,-13.387503],[-48.608335,-13.39205],[-48.635462,-13.407511],[-48.673059,-13.387957],[-48.709228,-13.374315],[-48.715891,-13.355671],[-48.749204,-13.344302],[-48.763482,-13.355671],[-48.789657,-13.346576],[-48.824398,-13.319292],[-48.763482,-13.292917],[-48.795368,-13.258356],[-48.793464,-13.244259],[-48.83582,-13.216975],[-48.854856,-13.219249],[-48.85676,-13.244259],[-48.900068,-13.254718],[-48.918628,-13.307468],[-48.940044,-13.317473],[-48.955273,-13.345667],[-48.935761,-13.351123],[-48.924339,-13.375225],[-48.894833,-13.399781],[-48.892929,-13.424337],[-48.872941,-13.422063],[-48.859139,-13.434796],[-48.842483,-13.475268],[-48.832964,-13.477996]]]},"properties":{"cod_ibge":"522145","name":"Trombas","uf":"GO"}},
{"type":"Feature","geometry":{"type":"Polygon","coordinates":[[[-46.952648,-15.916768],[-46.825104,-15.885846],[-46.806068,-15.870839],[-46.805592,-15.859471],[-46.8232,-15.824456],[-46.813206,-15.787167],[-46.826532,-15.754426],[-46.82796,-15.728506],[-46.842237,-15.714863],[-46.855562,-15.681667],[-46.855086,-15.618458],[-46.882689,-15.610273],[-46.912195,-15.623915],[-46.933611,-15.649381],[-46.96169,-15.659385],[-46.998335,-15.652109],[-47.014516,-15.619823],[-47.019751,-15.5457],[-47.046878,-15.53615],[-47.071149,-15.55525],[-47.103035,-15.558887],[-47.12683,-15.585717],[-47.149198,-15.596631],[-47.178229,-15.598905],[-47.180608,-15.612092],[-47.161572,-15.65029],[-47.131114,-15.671663],[-47.115409,-15.717592],[-47.103035,-15.738055],[-47.104463,-15.758973],[-47.119216,-15.800809],[-47.120644,-15.829003],[-47.11636,-15.898124],[-47.136349,-15.927227],[-47.106842,-15.958149],[-47.07686,-15.957695],[-47.056396,-15.937686],[-46.952648,-15.916768]]]},"properties":{"cod_ibge":"520400","name":"Cabeceiras","uf":"GO"}},
{"type":"Feature","geometry":{"type":"Polygon","coordinates":[[[-49.427851,-14.971363],[-49.41976,-14.999102],[-49.368838,-15.01138],[-49.35694,-15.000466],[-49.323151,-14.989098],[-49.290313,-14.990917],[-49.134691,-14.998647],[-49.119462,-14.96727],[-49.120413,-14.947262],[-49.098997,-14.931801],[-49.090431,-14.887236],[-49.104708,-14.853131],[-49.156582,-14.881779],[-49.205125,-14.899059],[-49.185137,-14.859497],[-49.205601,-14.845855],[-49.238915,-14.864954],[-49.249385,-14.821753],[-49.291741,-14.814478],[-49.30697,-14.819935],[-49.354561,-14.80993],[-49.4012,-14.836305],[-49.408814,-14.848583],[-49.417857,-14.879051],[-49.418332,-14.916794],[-49.43261,-14.956357],[-49.427851,-14.971363]]]},"properties":{"cod_ibge":"522015","name":"São Luiz do Norte","uf":"GO"}},
{"type":"Feature","geometry":{"type":"Polygon","coordinates":[[[-49.175143,-17.98811],[-49.153251,-17.968556],[-49.131835,-17.983563],[-49.106136,-17.979015],[-49.085196,-17.955369],[-49.061877,-17.949002],[-49.038557,-17.974923],[-49.010954,-17.976287],[-48.995725,-17.98811],[-48.98002,-17.978106],[-48.959556,-17.985382],[-48.94861,-18.017213],[-48.933381,-18.024944],[-48.931953,-18.054957],[-48.909586,-18.089517],[-48.885314,-18.089062],[-48.861043,-18.045862],[-48.862947,-17.991293],[-48.843434,-17.939908],[-48.846766,-17.908076],[-48.832013,-17.859419],[-48.84391,-17.852143],[-48.830109,-17.823949],[-48.818687,-17.821675],[-48.825826,-17.77802],[-48.846766,-17.745279],[-48.838199,-17.721177],[-48.849145,-17.681615],[-48.891025,-17.650238],[-48.891501,-17.634322],[-48.913393,-17.624773],[-48.928146,-17.599762],[-48.962412,-17.569294],[-48.977641,-17.572932],[-49.059497,-17.539736],[-49.079009,-17.521546],[-49.089003,-17.543374],[-49.107564,-17.544284],[-49.125172,-17.530187],[-49.154203,-17.544284],[-49.194179,-17.534734],[-49.2313,-17.509269],[-49.257951,-17.518818],[-49.301735,-17.506995],[-49.308873,-17.526094],[-49.307446,-17.567475],[-49.31744,-17.583391],[-49.345518,-17.582482],[-49.364079,-17.608857],[-49.382639,-17.612949],[-49.408338,-17.632048],[-49.41167,-17.65524],[-49.40929,-17.670701],[-49.419284,-17.712537],[-49.445935,-17.722542],[-49.432134,-17.739822],[-49.459737,-17.75119],[-49.428327,-17.748007],[-49.424995,-17.788479],[-49.442128,-17.788934],[-49.438321,-17.826677],[-49.454026,-17.850778],[-49.460212,-17.869423],[-49.454977,-17.889886],[-49.435941,-17.915806],[-49.399296,-17.913533],[-49.36741,-17.956278],[-49.288885,-17.946274],[-49.175143,-17.98811]]]},"properties":{"cod_ibge":"521380","name":"Morrinhos","uf":"GO"}},
{"type":"Feature","geometry":{"type":"Polygon","coordinates":[[[-49.645817,-14.840853],[-49.63963,-14.823572],[-49.602509,-14.812659],[-49.590136,-14.8022],[-49.554918,-14.813113],[-49.527792,-14.815387],[-49.511135,-14.838124],[-49.48496,-14.840398],[-49.474966,-14.863135],[-49.444507,-14.865409],[-49.431182,-14.848128],[-49.412146,-14.848128],[-49.427375,-14.833577],[-49.426899,-14.81857],[-49.484008,-14.787648],[-49.494478,-14.777644],[-49.528267,-14.77537],[-49.530171,-14.729441],[-49.513514,-14.720801],[-49.509231,-14.69579],[-49.491622,-14.693971],[-49.47211,-14.668051],[-49.454502,-14.634855],[-49.435941,-14.619394],[-49.43261,-14.604842],[-49.452598,-14.588017],[-49.442128,-14.552092],[-49.397868,-14.52117],[-49.390254,-14.502981],[-49.36979,-14.514804],[-49.355512,-14.502071],[-49.403579,-14.441591],[-49.405959,-14.418399],[-49.397868,-14.402938],[-49.415477,-14.392479],[-49.406435,-14.369742],[-49.418332,-14.330634],[-49.415477,-14.304714],[-49.425471,-14.299257],[-49.424043,-14.26788],[-49.432134,-14.260604],[-49.457833,-14.290617],[-49.49543,-14.230136],[-49.52684,-14.210583],[-49.560629,-14.199214],[-49.561581,-14.232865],[-49.496857,-14.255147],[-49.472586,-14.462963],[-49.500189,-14.462963],[-49.522081,-14.475696],[-49.537786,-14.466601],[-49.548256,-14.498888],[-49.538262,-14.53845],[-49.553491,-14.570282],[-49.553491,-14.588926],[-49.570623,-14.614392],[-49.565864,-14.641676],[-49.625353,-14.674872],[-49.632016,-14.646224],[-49.643913,-14.628489],[-49.634871,-14.578013],[-49.691028,-14.594838],[-49.697691,-14.602569],[-49.734812,-14.608935],[-49.708637,-14.633036],[-49.688649,-14.659866],[-49.664853,-14.704885],[-49.656287,-14.730805],[-49.645817,-14.840853]]]},"properties":{"cod_ibge":"521690","name":"Pilar de Goiás","uf":"GO"}},
{"type":"Feature","geometry":{"type":"Polygon","coordinates":[[[-48.251879,-15.659385],[-48.234747,-15.65984],[-48.234271,-15.642105],[-48.21809,-15.623461],[-48.199529,-15.623006],[-48.200005,-15.5025],[-48.054377,-15.502045],[-48.042479,-15.469758],[-47.997744,-15.44975],[-47.95634,-15.439746],[-47.949677,-15.407004],[-47.929213,-15.379265],[-47.924454,-15.357892],[-47.967762,-15.327425],[-47.972045,-15.28286],[-47.990129,-15.267854],[-48.011545,-15.224653],[-48.026299,-15.206464],[-48.085311,-15.190093],[-48.093878,-15.163718],[-48.107203,-15.147348],[-48.130047,-15.135979],[-48.161933,-15.145983],[-48.181921,-15.141891],[-48.212855,-15.11688],[-48.256163,-15.121427],[-48.286145,-15.100509],[-48.302802,-15.106876],[-48.365622,-15.09005],[-48.413213,-15.102328],[-48.445098,-15.099145],[-48.488882,-15.119154],[-48.497924,-15.149621],[-48.534093,-15.171449],[-48.554082,-15.173268],[-48.586443,-15.153714],[-48.606908,-15.152804],[-48.617853,-15.172358],[-48.588347,-15.196914],[-48.583588,-15.224653],[-48.568835,-15.232384],[-48.571214,-15.26558],[-48.591678,-15.286498],[-48.575498,-15.360166],[-48.59263,-15.364713],[-48.569787,-15.377901],[-48.565028,-15.410187],[-48.570738,-15.435653],[-48.553606,-15.456571],[-48.561696,-15.472487],[-48.580257,-15.481582],[-48.579781,-15.507502],[-48.595962,-15.534331],[-48.579781,-15.546155],[-48.565028,-15.575713],[-48.545991,-15.582534],[-48.547895,-15.599359],[-48.401791,-15.654383],[-48.374664,-15.613002],[-48.35182,-15.631191],[-48.314699,-15.623006],[-48.288524,-15.637103],[-48.257114,-15.645743],[-48.251879,-15.659385]]]},"properties":{"cod_ibge":"521560","name":"Padre Bernardo","uf":"GO"}},
{"type":"Feature","geometry":{"type":"Polygon","coordinates":[[[-49.139926,-16.889003],[-49.176571,-16.884455],[-49.188944,-16.86672],[-49.232728,-16.856716],[-49.257951,-16.845348],[-49.302211,-16.867175],[-49.349802,-16.860809],[-49.363603,-16.892186],[-49.362175,-16.934932],[-49.373121,-16.978587],[-49.368362,-17.004052],[-49.382639,-17.040431],[-49.396441,-17.03361],[-49.423092,-17.047252],[-49.437845,-17.036339],[-49.457357,-17.040886],[-49.483532,-17.022696],[-49.482104,-17.047252],[-49.494002,-17.05953],[-49.473538,-17.094545],[-49.490195,-17.119101],[-49.479725,-17.143657],[-49.489719,-17.160937],[-49.462116,-17.166849],[-49.456881,-17.150024],[-49.4407,-17.140019],[-49.431182,-17.159573],[-49.407387,-17.160937],[-49.375977,-17.145931],[-49.320295,-17.12956],[-49.267469,-17.094545],[-49.224637,-17.082722],[-49.193227,-17.135472],[-49.175619,-17.119556],[-49.144209,-17.131379],[-49.109467,-17.135472],[-49.121365,-17.105914],[-49.107564,-17.07772],[-49.084244,-17.06044],[-49.093287,-17.035429],[-49.079009,-17.003597],[-49.058069,-16.983589],[-49.075202,-16.956759],[-49.093763,-16.958578],[-49.112799,-16.948574],[-49.121365,-16.932203],[-49.117082,-16.913559],[-49.13945,-16.900371],[-49.139926,-16.889003]]]},"properties":{"cod_ibge":"520970","name":"Hidrolândia","uf":"GO"}},
{"type":"Feature","geometry":{"type":"Polygon","coordinates":[[[-51.087345,-14.921342],[-51.104478,-14.939531],[-51.12399,-14.989098],[-51.14731,-15.022749],[-51.115424,-15.053216],[-51.1159,-15.0996],[-51.131605,-15.125975],[-51.149214,-15.132796],[-51.145882,-15.153714],[-51.177292,-15.204645],[-51.162063,-15.216468],[-51.089725,-15.228746],[-51.064026,-15.250119],[-51.064978,-15.262397],[-51.054984,-15.257849],[-51.031188,-15.280586],[-51.002634,-15.327879],[-50.98217,-15.31833],[-50.923157,-15.310599],[-50.909356,-15.299686],[-50.905072,-15.243752],[-50.870331,-15.196005],[-50.800848,-15.202826],[-50.795137,-15.187365],[-50.776577,-15.175996],[-50.755161,-15.131432],[-50.74136,-15.117789],[-50.74136,-15.093233],[-50.762776,-15.074134],[-50.762776,-15.059583],[-50.797517,-15.025022],[-50.821788,-14.990007],[-50.830355,-14.939076],[-50.800372,-14.902243],[-50.807511,-14.870411],[-50.803704,-14.856314],[-50.830355,-14.819935],[-50.825596,-14.778553],[-50.838445,-14.758999],[-50.832258,-14.733079],[-50.855578,-14.676691],[-50.874614,-14.668051],[-50.865096,-14.640312],[-50.847963,-14.620304],[-50.865572,-14.61712],[-50.880801,-14.599385],[-50.872711,-14.561187],[-50.860337,-14.558459],[-50.854626,-14.517077],[-50.858433,-14.490703],[-50.839873,-14.466147],[-50.839873,-14.425675],[-50.807035,-14.395207],[-50.778005,-14.35428],[-50.758968,-14.313354],[-50.768962,-14.293345],[-50.774673,-14.24196],[-50.785143,-14.23332],[-50.807035,-14.167837],[-50.848915,-14.119634],[-50.841301,-14.104173],[-50.851771,-14.117816],[-50.898886,-14.115087],[-50.919826,-14.126456],[-50.909831,-14.148283],[-50.942193,-14.221042],[-50.954091,-14.231955],[-50.976935,-14.293345],[-50.96932,-14.335636],[-50.987405,-14.357918],[-50.984549,-14.376563],[-50.997875,-14.413851],[-50.985977,-14.428858],[-50.988832,-14.453414],[-50.967892,-14.482062],[-50.972176,-14.508892],[-50.964085,-14.528446],[-50.993591,-14.570282],[-50.99264,-14.612573],[-51.0112,-14.647133],[-51.026429,-14.659411],[-51.030236,-14.709887],[-51.05308,-14.738991],[-51.056887,-14.761273],[-51.04499,-14.79265],[-51.070689,-14.80993],[-51.089725,-14.840398],[-51.093056,-14.893602],[-51.087345,-14.921342]]]},"properties":{"cod_ibge":"520250","name":"Aruanã","uf":"GO"}},
{"type":"Feature","geometry":{"type":"Polygon","coordinates":[[[-51.44856,-19.16043],[-51.458079,-19.150881],[-51.46141,-19.123142],[-51.435711,-19.065844],[-51.426669,-19.062207],[-51.386216,-19.074485],[-51.328631,-19.075849],[-51.321017,-19.100859],[-51.271998,-19.120413],[-51.26486,-19.142696],[-51.221552,-19.152245],[-51.203467,-19.182713],[-51.166822,-19.189989],[-51.156828,-19.20545],[-51.102575,-19.214999],[-51.089249,-19.263202],[-51.092105,-19.307766],[-51.045465,-19.343236],[-51.020242,-19.386436],[-51.025953,-19.398714],[-50.987881,-19.408264],[-50.985977,-19.429182],[-50.952187,-19.442824],[-50.935055,-19.46738],[-50.889367,-19.481022],[-50.849391,-19.498302],[-50.826547,-19.487389],[-50.825596,-19.473292],[-50.875566,-19.422816],[-50.841776,-19.350967],[-50.827975,-19.310949],[-50.84368,-19.312314],[-50.855578,-19.293669],[-50.879373,-19.283665],[-50.880801,-19.267749],[-50.89841,-19.256835],[-50.905072,-19.223185],[-50.933151,-19.224094],[-50.932199,-19.202721],[-50.950284,-19.200448],[-50.991212,-19.167252],[-51.018815,-19.157702],[-51.030712,-19.170435],[-51.054508,-19.149062],[-51.06355,-19.131782],[-51.08211,-19.120413],[-51.119707,-19.117685],[-51.124466,-19.099495],[-51.143979,-19.104497],[-51.146358,-19.084034],[-51.171105,-19.063116],[-51.185859,-19.071756],[-51.225835,-19.034013],[-51.240588,-19.044017],[-51.256293,-19.031284],[-51.305312,-19.008547],[-51.300077,-18.983991],[-51.330535,-18.95125],[-51.350047,-18.954433],[-51.357662,-18.935789],[-51.405729,-18.909869],[-51.43238,-18.891679],[-51.481398,-18.882129],[-51.518995,-18.862121],[-51.523278,-18.852117],[-51.581339,-18.82938],[-51.596092,-18.794819],[-51.630834,-18.787543],[-51.648918,-18.794819],[-51.664147,-18.782087],[-51.695081,-18.804369],[-51.724112,-18.833472],[-51.692226,-19.066299],[-51.687467,-19.073575],[-51.692226,-19.11814],[-51.659864,-19.13451],[-51.634641,-19.130872],[-51.608942,-19.140877],[-51.592285,-19.12678],[-51.555164,-19.132237],[-51.538983,-19.142696],[-51.527085,-19.139058],[-51.498531,-19.160885],[-51.472832,-19.154064],[-51.44856,-19.16043]]]},"properties":{"cod_ibge":"521080","name":"Itajá","uf":"GO"}},
{"type":"Feature","geometry":{"type":"Polygon","coordinates":[[[-49.896621,-15.325606],[-49.90376,-15.321058],[-49.918513,-15.27422],[-49.90376,-15.258759],[-49.92232,-15.245571],[-49.947067,-15.260578],[-49.975146,-15.267399],[-50.005604,-15.263306],[-50.048436,-15.221925],[-50.066045,-15.228746],[-50.086033,-15.247845],[-50.110304,-15.319694],[-50.133624,-15.343341],[-50.123154,-15.362894],[-50.135051,-15.397909],[-50.112684,-15.37017],[-50.064617,-15.367442],[-50.051767,-15.360621],[-50.017026,-15.359711],[-50.01655,-15.371989],[-49.977526,-15.371989],[-49.937549,-15.357438],[-49.908043,-15.37017],[-49.896621,-15.325606]]]},"properties":{"cod_ibge":"521385","name":"Morro Agudo de Goiás","uf":"GO"}},
{"type":"Feature","geometry":{"type":"Polygon","coordinates":[[[-48.271868,-18.329165],[-48.256638,-18.342807],[-48.227132,-18.345991],[-48.20762,-18.333258],[-48.178589,-18.32871],[-48.196198,-18.281417],[-48.213807,-18.285965],[-48.229512,-18.274596],[-48.259494,-18.287329],[-48.271868,-18.329165]]]},"properties":{"cod_ibge":"520120","name":"Anhanguera","uf":"GO"}}
]}