{"type":"FeatureCollection", "features": [
{"type":"Feature","geometry":{"type":"Polygon","coordinates":[[[-41.269342,-14.798107],[-41.264107,-14.780827],[-41.280288,-14.763547],[-41.259824,-14.746721],[-41.259824,-14.728986],[-41.220799,-14.738536],[-41.222227,-14.711252],[-41.225082,-14.683058],[-41.21842,-14.668506],[-41.192245,-14.649862],[-41.182251,-14.613937],[-41.130852,-14.605297],[-41.143702,-14.587107],[-41.123714,-14.570737],[-41.126093,-14.55573],[-41.093256,-14.489338],[-41.078026,-14.48661],[-41.068984,-14.465692],[-41.093731,-14.441591],[-41.113244,-14.438862],[-41.13228,-14.448866],[-41.128949,-14.488884],[-41.155124,-14.497069],[-41.160359,-14.480698],[-41.182726,-14.480244],[-41.210805,-14.501162],[-41.200335,-14.515713],[-41.244595,-14.515259],[-41.251257,-14.488884],[-41.276005,-14.495705],[-41.286475,-14.509347],[-41.307891,-14.512075],[-41.328831,-14.502981],[-41.349771,-14.527991],[-41.384988,-14.535267],[-41.399741,-14.558459],[-41.434482,-14.551183],[-41.42782,-14.565735],[-41.447332,-14.594383],[-41.400217,-14.639857],[-41.399741,-14.663959],[-41.387843,-14.680784],[-41.39403,-14.709887],[-41.39403,-14.767639],[-41.420681,-14.753088],[-41.462561,-14.782646],[-41.449236,-14.795833],[-41.424964,-14.790831],[-41.382132,-14.825391],[-41.351198,-14.815387],[-41.341204,-14.797652],[-41.309318,-14.783101],[-41.269342,-14.798107]]]},"properties":{"cod_ibge":"290689","name":"Caraíbas","uf":"BA"}},
{"type":"Feature","geometry":{"type":"Polygon","coordinates":[[[-39.318591,-12.547143],[-39.276711,-12.537593],[-39.259578,-12.548962],[-39.22674,-12.546688],[-39.2058,-12.513037],[-39.151071,-12.506671],[-39.127275,-12.498485],[-39.149643,-12.478477],[-39.162017,-12.430729],[-39.17439,-12.427546],[-39.194854,-12.387529],[-39.217698,-12.396169],[-39.229596,-12.38571],[-39.246728,-12.387529],[-39.263861,-12.373432],[-39.28147,-12.39344],[-39.360471,-12.419361],[-39.37332,-12.436186],[-39.384266,-12.514401],[-39.363326,-12.54214],[-39.34429,-12.530317],[-39.318591,-12.547143]]]},"properties":{"cod_ibge":"292880","name":"Santo Estêvão","uf":"BA"}},
{"type":"Feature","geometry":{"type":"Polygon","coordinates":[[[-40.278023,-13.345667],[-40.289921,-13.356126],[-40.297536,-13.414787],[-40.312289,-13.437524],[-40.312765,-13.456623],[-40.332277,-13.486636],[-40.359404,-13.508918],[-40.402712,-13.573946],[-40.425555,-13.588953],[-40.439832,-13.583496],[-40.428411,-13.599412],[-40.390338,-13.613054],[-40.37035,-13.612599],[-40.275644,-13.555757],[-40.261842,-13.543024],[-40.254228,-13.518013],[-40.234716,-13.533929],[-40.212348,-13.519377],[-40.199974,-13.499823],[-40.216155,-13.429793],[-40.23186,-13.407511],[-40.222342,-13.380682],[-40.200926,-13.385229],[-40.173323,-13.347485],[-40.15048,-13.337026],[-40.186649,-13.329296],[-40.206161,-13.312016],[-40.224722,-13.313835],[-40.250421,-13.282458],[-40.270409,-13.289733],[-40.285638,-13.315654],[-40.278023,-13.345667]]]},"properties":{"cod_ibge":"291905","name":"Lajedo do Tabocal","uf":"BA"}},
{"type":"Feature","geometry":{"type":"Polygon","coordinates":[[[-40.070051,-11.434393],[-39.987243,-11.439395],[-39.914429,-11.415749],[-39.908718,-11.390738],[-39.911097,-11.363454],[-39.875404,-11.31707],[-39.862079,-11.312978],[-39.955357,-11.248859],[-39.952977,-11.157002],[-39.982008,-11.15109],[-39.990098,-11.162458],[-40.031502,-11.185195],[-40.06434,-11.19429],[-40.080997,-11.188379],[-40.107648,-11.192471],[-40.130967,-11.179284],[-40.144769,-11.182012],[-40.110027,-11.245676],[-40.083852,-11.252042],[-40.065768,-11.231124],[-40.028171,-11.222484],[-40.021984,-11.275689],[-40.034358,-11.280236],[-40.048159,-11.342536],[-40.075286,-11.354814],[-40.070051,-11.434393]]]},"properties":{"cod_ibge":"290687","name":"Capim Grosso","uf":"BA"}},
{"type":"Feature","geometry":{"type":"Polygon","coordinates":[[[-39.679806,-13.871346],[-39.667432,-13.876348],[-39.631263,-13.868618],[-39.621269,-13.857249],[-39.594618,-13.867254],[-39.594618,-13.878167],[-39.555593,-13.904997],[-39.550834,-13.919094],[-39.529418,-13.915456],[-39.502768,-13.904997],[-39.488014,-13.880441],[-39.504195,-13.861797],[-39.537509,-13.862251],[-39.556545,-13.837241],[-39.529894,-13.804499],[-39.565112,-13.755388],[-39.55369,-13.727194],[-39.597949,-13.719463],[-39.621745,-13.757661],[-39.620317,-13.771303],[-39.640305,-13.78631],[-39.660293,-13.848609],[-39.679806,-13.871346]]]},"properties":{"cod_ibge":"292275","name":"Nova Ibiá","uf":"BA"}},
{"type":"Feature","geometry":{"type":"Polygon","coordinates":[[[-38.492889,-9.489924],[-38.508594,-9.353502],[-38.457195,-9.403523],[-38.441014,-9.413073],[-38.382478,-9.398521],[-38.363441,-9.381696],[-38.337266,-9.388517],[-38.321085,-9.378967],[-38.301097,-9.387607],[-38.281585,-9.384424],[-38.24494,-9.363051],[-38.214958,-9.353047],[-38.237801,-9.329855],[-38.250651,-9.290293],[-38.287296,-9.21708],[-38.280157,-9.201164],[-38.288724,-9.17206],[-38.312995,-9.148414],[-38.321561,-9.117037],[-38.306332,-9.101576],[-38.32632,-9.081112],[-38.303953,-9.061558],[-38.289675,-9.036548],[-38.323465,-8.990164],[-38.362489,-9.001078],[-38.403418,-9.037457],[-38.449105,-9.026543],[-38.503359,-8.981524],[-38.513829,-8.960151],[-38.537148,-8.959697],[-38.548094,-8.991074],[-38.570462,-9.011992],[-38.584263,-9.037002],[-38.583787,-9.174789],[-38.598064,-9.187976],[-38.592354,-9.214351],[-38.605679,-9.247547],[-38.602824,-9.265282],[-38.564275,-9.258916],[-38.573793,-9.290293],[-38.562371,-9.315303],[-38.569986,-9.412618],[-38.624239,-9.459001],[-38.63233,-9.517208],[-38.639944,-9.530396],[-38.492889,-9.489924]]]},"properties":{"cod_ibge":"291140","name":"Glória","uf":"BA"}},
{"type":"Feature","geometry":{"type":"Polygon","coordinates":[[[-40.930019,-10.77502],[-40.889566,-10.802304],[-40.835789,-10.79139],[-40.820084,-10.804578],[-40.81009,-10.834136],[-40.795336,-10.849142],[-40.773921,-10.854599],[-40.759167,-10.87961],[-40.708245,-10.916899],[-40.722522,-10.943728],[-40.704438,-10.952823],[-40.687781,-10.941909],[-40.584509,-10.990112],[-40.54834,-11.019215],[-40.529303,-11.015577],[-40.481712,-11.049228],[-40.457441,-10.95828],[-40.490279,-10.941455],[-40.474574,-10.911442],[-40.462676,-10.867787],[-40.449827,-10.851416],[-40.458869,-10.822313],[-40.445543,-10.752283],[-40.475526,-10.763651],[-40.481237,-10.745007],[-40.472194,-10.719996],[-40.478381,-10.690893],[-40.506936,-10.713175],[-40.549292,-10.699533],[-40.546436,-10.662244],[-40.595455,-10.683617],[-40.631148,-10.669065],[-40.74727,-10.633596],[-40.762499,-10.592669],[-40.804379,-10.599035],[-40.816752,-10.592669],[-40.851494,-10.595397],[-40.878621,-10.59085],[-40.91241,-10.607675],[-40.934778,-10.605402],[-40.941916,-10.602218],[-41.110864,-10.657697],[-41.111816,-10.675886],[-41.07993,-10.675886],[-41.078978,-10.691802],[-41.10087,-10.713175],[-41.006164,-10.73],[-40.930019,-10.77502]]]},"properties":{"cod_ibge":"292140","name":"Mirangaba","uf":"BA"}},
{"type":"Feature","geometry":{"type":"Polygon","coordinates":[[[-39.900627,-14.027322],[-39.906814,-14.025958],[-39.975345,-13.942741],[-39.939652,-13.894083],[-39.870169,-13.8909],[-39.862079,-13.874984],[-39.831145,-13.852702],[-39.841139,-13.885443],[-39.828765,-13.892264],[-39.827337,-13.924096],[-39.784506,-13.939103],[-39.761186,-13.991398],[-39.735011,-13.931827],[-39.705029,-13.909544],[-39.741198,-13.912728],[-39.78403,-13.849064],[-39.767849,-13.834512],[-39.783078,-13.815413],[-39.803542,-13.814959],[-39.81306,-13.803135],[-39.81306,-13.764937],[-39.824006,-13.749021],[-39.846374,-13.745383],[-39.849705,-13.711278],[-39.852085,-13.656254],[-39.886826,-13.659892],[-39.895392,-13.695362],[-39.918236,-13.692179],[-39.924899,-13.674898],[-39.944887,-13.664894],[-39.957261,-13.67308],[-39.988671,-13.641702],[-40.006279,-13.633517],[-40.020557,-13.640793],[-40.041021,-13.633972],[-40.087184,-13.640338],[-40.096702,-13.668532],[-40.094798,-13.684448],[-40.133823,-13.687176],[-40.140486,-13.699],[-40.173323,-13.684903],[-40.190456,-13.68945],[-40.195691,-13.710368],[-40.238523,-13.71537],[-40.291349,-13.700819],[-40.338464,-13.707185],[-40.362735,-13.696271],[-40.369874,-13.709913],[-40.416989,-13.709459],[-40.449827,-13.724465],[-40.467435,-13.717189],[-40.474098,-13.678536],[-40.481237,-13.699909],[-40.498845,-13.71628],[-40.529779,-13.718099],[-40.537394,-13.728558],[-40.519309,-13.789038],[-40.493134,-13.817687],[-40.47267,-13.832239],[-40.439832,-13.864525],[-40.505508,-13.886807],[-40.51693,-13.941376],[-40.509791,-13.950016],[-40.34941,-14.032779],[-40.318476,-14.006404],[-40.307054,-14.008678],[-40.247089,-14.042329],[-40.23186,-14.03096],[-40.215679,-14.035962],[-40.205209,-14.053697],[-40.22139,-14.095533],[-40.21092,-14.125546],[-40.181414,-14.123272],[-40.175227,-14.135096],[-40.189028,-14.201488],[-40.180938,-14.224225],[-40.163329,-14.252873],[-40.136202,-14.246507],[-40.112883,-14.227863],[-40.097654,-14.26697],[-40.098606,-14.243779],[-40.081949,-14.213766],[-40.100509,-14.179205],[-40.112883,-14.170111],[-40.102413,-14.135096],[-40.077666,-14.11918],[-40.055298,-14.071432],[-40.027695,-14.04915],[-40.010087,-14.06552],[-39.990574,-14.050059],[-39.946791,-14.067794],[-39.937272,-14.078708],[-39.913477,-14.063247],[-39.900627,-14.027322]]]},"properties":{"cod_ibge":"291800","name":"Jequié","uf":"BA"}},
{"type":"Feature","geometry":{"type":"Polygon","coordinates":[[[-39.115378,-11.018306],[-39.091582,-11.03695],[-39.06969,-11.043317],[-39.047323,-11.021034],[-39.012581,-11.035131],[-39.006394,-11.053321],[-38.969273,-11.049683],[-38.945478,-11.052411],[-38.941195,-11.08015],[-38.872188,-11.346174],[-38.858387,-11.353449],[-38.818886,-11.352995],[-38.804133,-11.347083],[-38.774151,-11.356178],[-38.626143,-11.18565],[-38.616625,-11.162004],[-38.610914,-11.136993],[-38.572841,-11.14154],[-38.55904,-11.127443],[-38.569034,-11.096066],[-38.556184,-11.076058],[-38.576649,-11.061961],[-38.593781,-11.020125],[-38.593781,-10.988293],[-38.625191,-10.94009],[-38.667547,-10.899164],[-38.711331,-10.890069],[-38.775103,-10.77411],[-38.767488,-10.747281],[-38.792235,-10.726363],[-38.844585,-10.732274],[-38.878375,-10.745916],[-38.91264,-10.778658],[-38.940719,-10.774565],[-38.958803,-10.785479],[-38.96499,-10.838683],[-39.115378,-11.018306]]]},"properties":{"cod_ibge":"293190","name":"Tucano","uf":"BA"}},
{"type":"Feature","geometry":{"type":"Polygon","coordinates":[[[-41.768095,-13.982758],[-41.753817,-13.990488],[-41.717648,-13.977301],[-41.682431,-13.996855],[-41.660539,-14.000947],[-41.55917,-13.944105],[-41.57202,-13.881351],[-41.579635,-13.864525],[-41.599623,-13.849974],[-41.619135,-13.810866],[-41.636744,-13.799043],[-41.654828,-13.761754],[-41.690045,-13.735379],[-41.685762,-13.71537],[-41.700991,-13.70673],[-41.711461,-13.685358],[-41.749534,-13.661256],[-41.750962,-13.702183],[-41.776185,-13.723556],[-41.785227,-13.748112],[-41.799029,-13.76039],[-41.824252,-13.754933],[-41.84424,-13.765392],[-41.841385,-13.785855],[-41.864228,-13.826327],[-41.843764,-13.868618],[-41.811402,-13.870437],[-41.823776,-13.903178],[-41.79998,-13.92546],[-41.768095,-13.982758]]]},"properties":{"cod_ibge":"291010","name":"Dom Basílio","uf":"BA"}},
{"type":"Feature","geometry":{"type":"Polygon","coordinates":[[[-40.356548,-11.829562],[-40.334181,-11.820013],[-40.314668,-11.823651],[-40.29706,-11.810009],[-40.192836,-11.828198],[-40.161426,-11.849116],[-40.07481,-11.847297],[-40.054346,-11.840931],[-40.038165,-11.850026],[-40.015322,-11.829562],[-40.019129,-11.806371],[-39.996285,-11.801369],[-39.998665,-11.779996],[-39.970586,-11.75544],[-39.908718,-11.720425],[-39.919664,-11.687229],[-39.935845,-11.697233],[-40.009135,-11.700416],[-40.038641,-11.697233],[-40.070051,-11.663128],[-40.13763,-11.642664],[-40.177131,-11.642664],[-40.230908,-11.605375],[-40.248993,-11.599919],[-40.268981,-11.608559],[-40.296584,-11.605375],[-40.322759,-11.610378],[-40.329897,-11.598554],[-40.370826,-11.616289],[-40.363211,-11.669949],[-40.354169,-11.67677],[-40.35988,-11.704964],[-40.358452,-11.743162],[-40.369398,-11.759078],[-40.363687,-11.827743],[-40.356548,-11.829562]]]},"properties":{"cod_ibge":"292010","name":"Mairi","uf":"BA"}},
{"type":"Feature","geometry":{"type":"Polygon","coordinates":[[[-39.657438,-14.769913],[-39.616986,-14.788557],[-39.583672,-14.784465],[-39.573678,-14.758545],[-39.569871,-14.721256],[-39.619841,-14.66214],[-39.69789,-14.605297],[-39.719306,-14.601659],[-39.7293,-14.637584],[-39.745481,-14.658502],[-39.758331,-14.712161],[-39.753096,-14.716708],[-39.657438,-14.769913]]]},"properties":{"cod_ibge":"290090","name":"Almadina","uf":"BA"}},
{"type":"Feature","geometry":{"type":"Polygon","coordinates":[[[-39.475641,-12.853638],[-39.445183,-12.853183],[-39.427098,-12.88365],[-39.3757,-12.887743],[-39.350953,-12.90184],[-39.340483,-12.868189],[-39.339055,-12.840905],[-39.322398,-12.819532],[-39.297651,-12.821806],[-39.278138,-12.845452],[-39.225788,-12.809982],[-39.248156,-12.787245],[-39.272428,-12.744045],[-39.260054,-12.720399],[-39.261958,-12.696297],[-39.245777,-12.69175],[-39.231023,-12.674015],[-39.231975,-12.655371],[-39.292892,-12.584431],[-39.318591,-12.547143],[-39.372844,-12.584431],[-39.39664,-12.59489],[-39.417104,-12.615808],[-39.439948,-12.614899],[-39.435188,-12.675834],[-39.466598,-12.699026],[-39.470406,-12.71767],[-39.497057,-12.739498],[-39.502768,-12.812711],[-39.475641,-12.853638]]]},"properties":{"cod_ibge":"290730","name":"Castro Alves","uf":"BA"}},
{"type":"Feature","geometry":{"type":"Polygon","coordinates":[[[-39.990098,-11.162458],[-40.015797,-11.134265],[-40.059581,-11.095612],[-40.090039,-11.079696],[-40.14001,-11.018761],[-40.185697,-10.97647],[-40.21092,-10.966011],[-40.231384,-10.925539],[-40.247565,-10.910532],[-40.327994,-10.967375],[-40.348458,-10.964646],[-40.365115,-11.017396],[-40.389386,-11.061506],[-40.344175,-11.072875],[-40.274692,-11.094247],[-40.236619,-11.094702],[-40.216631,-11.102887],[-40.178558,-11.106071],[-40.105744,-11.130172],[-39.990098,-11.162458]]]},"properties":{"cod_ibge":"290550","name":"Caldeirão Grande","uf":"BA"}},
{"type":"Feature","geometry":{"type":"Polygon","coordinates":[[[-42.444361,-13.184688],[-42.502422,-13.18287],[-42.522886,-13.220613],[-42.609978,-13.228798],[-42.608074,-13.246533],[-42.682316,-13.26927],[-42.679936,-13.325658],[-42.653285,-13.334753],[-42.676605,-13.377498],[-42.625683,-13.404783],[-42.583327,-13.440253],[-42.559055,-13.43525],[-42.548585,-13.459806],[-42.462922,-13.439343],[-42.405813,-13.402054],[-42.409144,-13.347485],[-42.434367,-13.286096],[-42.419614,-13.274727],[-42.443885,-13.232891],[-42.444361,-13.184688]]]},"properties":{"cod_ibge":"290420","name":"Botuporã","uf":"BA"}},
{"type":"Feature","geometry":{"type":"Polygon","coordinates":[[[-37.512992,-11.740888],[-37.520606,-11.71133],[-37.534408,-11.700416],[-37.558203,-11.705418],[-37.583426,-11.691321],[-37.606746,-11.666765],[-37.633397,-11.659944],[-37.659096,-11.673587],[-37.690982,-11.659035],[-37.71335,-11.63266],[-37.740952,-11.629477],[-37.750946,-11.642664],[-37.747139,-11.662673],[-37.747615,-11.679953],[-37.73191,-11.708602],[-37.777597,-11.706783],[-37.783784,-11.722244],[-37.812814,-11.736795],[-37.833279,-11.740888],[-37.838514,-11.759987],[-37.864213,-11.769537],[-37.800917,-11.827289],[-37.794254,-11.847752],[-37.774742,-11.857302],[-37.738097,-11.907778],[-37.762844,-11.965075],[-37.74,-11.974625],[-37.748091,-12.006456],[-37.720964,-12.021008],[-37.732862,-12.040107],[-37.701452,-12.064208],[-37.685747,-12.098769],[-37.610077,-11.955526],[-37.512992,-11.740888]]]},"properties":{"cod_ibge":"290860","name":"Conde","uf":"BA"}},
{"type":"Feature","geometry":{"type":"Polygon","coordinates":[[[-39.205324,-11.27387],[-39.242445,-11.228396],[-39.24768,-11.17792],[-39.256723,-11.154728],[-39.259578,-11.069691],[-39.28147,-11.069691],[-39.309548,-11.08015],[-39.3105,-11.065144],[-39.274331,-11.022398],[-39.278138,-10.987383],[-39.307169,-10.989657],[-39.326205,-10.977834],[-39.343338,-10.971468],[-39.356663,-10.991021],[-39.414724,-11.007847],[-39.420911,-11.02922],[-39.442327,-11.041498],[-39.455653,-11.059232],[-39.477068,-11.069691],[-39.492773,-11.094702],[-39.571298,-11.131991],[-39.634118,-11.181103],[-39.661721,-11.21157],[-39.703125,-11.223848],[-39.74215,-11.250223],[-39.824482,-11.289786],[-39.839235,-11.307066],[-39.862079,-11.312978],[-39.875404,-11.31707],[-39.862555,-11.318889],[-39.848753,-11.350266],[-39.787361,-11.40438],[-39.757379,-11.421206],[-39.737391,-11.415749],[-39.717402,-11.394831],[-39.698842,-11.399378],[-39.608895,-11.346174],[-39.499436,-11.29024],[-39.478972,-11.298881],[-39.331916,-11.341626],[-39.310976,-11.367092],[-39.273379,-11.337533],[-39.234355,-11.335715],[-39.22674,-11.30843],[-39.205324,-11.27387]]]},"properties":{"cod_ibge":"292800","name":"Santaluz","uf":"BA"}},
{"type":"Feature","geometry":{"type":"Polygon","coordinates":[[[-40.699679,-14.298802],[-40.677311,-14.309261],[-40.676835,-14.330179],[-40.634955,-14.298802],[-40.586412,-14.311535],[-40.540725,-14.317447],[-40.505032,-14.337455],[-40.440784,-14.292891],[-40.412706,-14.281522],[-40.391766,-14.28425],[-40.387958,-14.265606],[-40.407471,-14.273791],[-40.441736,-14.264697],[-40.466007,-14.265151],[-40.470767,-14.236503],[-40.491707,-14.226498],[-40.49599,-14.203307],[-40.530731,-14.195576],[-40.575467,-14.17966],[-40.651136,-14.140098],[-40.678739,-14.145555],[-40.687305,-14.11918],[-40.869102,-14.031415],[-40.872434,-13.998674],[-40.889566,-13.984122],[-40.930495,-13.982758],[-40.9462,-13.955473],[-40.949531,-13.906361],[-40.962856,-13.920913],[-40.959525,-13.935919],[-40.980941,-13.944559],[-40.983796,-13.989124],[-41.001405,-14.009133],[-40.978086,-14.02232],[-41.007592,-14.047331],[-41.000453,-14.069158],[-41.025676,-14.095079],[-41.024725,-14.120089],[-41.014731,-14.131458],[-41.04043,-14.159197],[-41.004261,-14.164654],[-40.950959,-14.187846],[-40.871958,-14.215585],[-40.826746,-14.24196],[-40.817704,-14.253783],[-40.754884,-14.279703],[-40.699679,-14.298802]]]},"properties":{"cod_ibge":"292145","name":"Mirante","uf":"BA"}},
{"type":"Feature","geometry":{"type":"Polygon","coordinates":[[[-42.88886,-12.541686],[-42.825564,-12.56988],[-42.771787,-12.557602],[-42.639484,-12.500759],[-42.589514,-12.509854],[-42.579519,-12.528953],[-42.563814,-12.528498],[-42.53288,-12.546688],[-42.518603,-12.539412],[-42.483386,-12.540322],[-42.468633,-12.522587],[-42.442934,-12.506671],[-42.413903,-12.497576],[-42.387252,-12.482115],[-42.37012,-12.481205],[-42.37012,-12.458014],[-42.352987,-12.457559],[-42.361553,-12.419815],[-42.338234,-12.410266],[-42.332523,-12.384346],[-42.356318,-12.308859],[-42.371547,-12.277936],[-42.37821,-12.234281],[-42.561435,-12.258383],[-42.578092,-12.196083],[-42.573809,-12.171072],[-42.597604,-12.173346],[-42.614737,-12.162432],[-42.629014,-12.080124],[-42.66899,-12.061935],[-42.688503,-12.093767],[-42.708491,-12.107409],[-42.731334,-12.099678],[-42.777022,-12.034196],[-42.771311,-12.008275],[-42.756558,-11.985084],[-42.797962,-11.962347],[-42.813667,-11.940974],[-42.872679,-11.964166],[-42.90171,-11.962347],[-42.915035,-11.971896],[-42.945494,-11.976898],[-43.136333,-12.019644],[-43.143472,-12.045109],[-43.114917,-12.046019],[-43.083031,-12.07012],[-43.073989,-12.095586],[-43.05876,-12.094676],[-43.063519,-12.14015],[-43.032585,-12.150609],[-43.028302,-12.164251],[-42.990705,-12.193809],[-42.975952,-12.241102],[-42.980235,-12.261111],[-42.963578,-12.268842],[-42.962626,-12.299764],[-42.972144,-12.332505],[-42.96215,-12.358425],[-42.970717,-12.37616],[-42.953584,-12.390712],[-42.958343,-12.40299],[-42.927885,-12.448009],[-42.953108,-12.470746],[-42.939307,-12.504397],[-42.911704,-12.5335],[-42.88886,-12.541686]]]},"properties":{"cod_ibge":"292320","name":"Oliveira dos Brejinhos","uf":"BA"}},
{"type":"Feature","geometry":{"type":"Polygon","coordinates":[[[-43.264353,-11.483505],[-43.247696,-11.445307],[-43.243413,-11.418477],[-43.222949,-11.372094],[-43.197725,-11.337079],[-43.172502,-11.316161],[-43.190587,-11.279781],[-43.186779,-11.262501],[-43.198677,-11.237945],[-43.181069,-11.192017],[-43.149183,-11.163823],[-43.14252,-11.135629],[-43.131574,-11.121987],[-43.131574,-11.101523],[-43.121104,-11.077422],[-43.099688,-11.057413],[-43.095405,-11.026036],[-43.051145,-11.005573],[-43.038296,-10.968284],[-42.997844,-10.946912],[-42.98547,-10.930086],[-42.988325,-10.908259],[-42.972144,-10.891433],[-42.949301,-10.885976],[-42.936451,-10.858692],[-42.920746,-10.847778],[-42.874107,-10.8355],[-42.862685,-10.810489],[-42.837462,-10.817765],[-42.819378,-10.812763],[-42.780829,-10.817311],[-42.768931,-10.810035],[-42.738473,-10.772746],[-42.703256,-10.714539],[-42.69231,-10.678615],[-42.698021,-10.667701],[-42.661376,-10.588122],[-42.61902,-10.568568],[-42.941686,-10.40668],[-43.279106,-10.237062],[-43.384758,-10.23979],[-43.372384,-10.283446],[-43.374288,-10.309366],[-43.388565,-10.342107],[-43.378095,-10.403042],[-43.384758,-10.425779],[-43.376667,-10.447607],[-43.38095,-10.584484],[-43.371432,-10.612677],[-43.382378,-10.650421],[-43.376191,-10.672703],[-43.381902,-10.702716],[-43.377619,-10.718177],[-43.387137,-10.748645],[-43.384758,-10.771382],[-43.394752,-10.795938],[-43.388565,-10.813218],[-43.388089,-10.858237],[-43.549422,-10.87006],[-43.759298,-10.909168],[-43.785473,-10.907349],[-43.803082,-10.8978],[-43.812124,-10.88052],[-43.842582,-10.849597],[-43.87304,-10.858237],[-43.900643,-10.856873],[-43.923487,-10.878701],[-43.923487,-10.897345],[-43.940619,-10.905985],[-43.957276,-10.928267],[-43.981072,-10.928722],[-44.017241,-10.941455],[-44.025331,-10.955552],[-44.000108,-10.998297],[-43.986783,-11.01012],[-43.960132,-11.050592],[-43.926342,-11.081969],[-43.908258,-11.12426],[-43.910161,-11.135174],[-43.895884,-11.172008],[-43.861618,-11.280691],[-43.829733,-11.348902],[-43.816883,-11.386191],[-43.805937,-11.445762],[-43.796895,-11.458494],[-43.790232,-11.50033],[-43.777858,-11.543986],[-43.77072,-11.587186],[-43.738358,-11.67586],[-43.706948,-11.72861],[-43.678393,-11.793638],[-43.660785,-11.851845],[-43.661737,-11.865032],[-43.646508,-11.890498],[-43.631754,-11.931424],[-43.511349,-11.931424],[-43.503259,-11.91278],[-43.505638,-11.890498],[-43.491837,-11.853664],[-43.462331,-11.827289],[-43.460903,-11.806825],[-43.418071,-11.795912],[-43.409029,-11.783179],[-43.379999,-11.785907],[-43.390469,-11.734067],[-43.348113,-11.735886],[-43.382378,-11.689502],[-43.386185,-11.671768],[-43.379047,-11.628113],[-43.353348,-11.589005],[-43.333359,-11.579455],[-43.303853,-11.581729],[-43.283865,-11.560811],[-43.286244,-11.548078],[-43.264353,-11.483505]]]},"properties":{"cod_ibge":"290270","name":"Barra","uf":"BA"}},
{"type":"Feature","geometry":{"type":"Polygon","coordinates":[[[-40.394145,-11.384372],[-40.383199,-11.401197],[-40.308957,-11.434848],[-40.295632,-11.453492],[-40.298012,-11.470318],[-40.271837,-11.52716],[-40.253752,-11.549442],[-40.226149,-11.564449],[-40.166661,-11.521703],[-40.195691,-11.50033],[-40.192836,-11.436212],[-40.203782,-11.408018],[-40.204257,-11.381643],[-40.188077,-11.338898],[-40.209492,-11.330712],[-40.272788,-11.337079],[-40.318476,-11.333896],[-40.31562,-11.348447],[-40.394145,-11.384372]]]},"properties":{"cod_ibge":"293060","name":"Serrolândia","uf":"BA"}},
{"type":"Feature","geometry":{"type":"Polygon","coordinates":[[[-38.58807,-12.734041],[-38.609962,-12.72631],[-38.687059,-12.726765],[-38.69515,-12.754049],[-38.623764,-12.755868],[-38.587594,-12.754049],[-38.58807,-12.734041]]]},"properties":{"cod_ibge":"291992","name":"Madre de Deus","uf":"BA"}},
{"type":"Feature","geometry":{"type":"Polygon","coordinates":[[[-40.816752,-15.285134],[-40.803427,-15.278767],[-40.789626,-15.246936],[-40.748221,-15.249209],[-40.691112,-15.241024],[-40.677787,-15.246026],[-40.666365,-15.268308],[-40.605925,-15.28377],[-40.562617,-15.271492],[-40.533111,-15.28377],[-40.523592,-15.275584],[-40.489803,-15.280132],[-40.470767,-15.30105],[-40.434122,-15.316966],[-40.371302,-15.276494],[-40.368922,-15.250574],[-40.261842,-15.175996],[-40.132395,-15.224199],[-40.093847,-15.105511],[-40.111455,-15.053671],[-40.134775,-15.044121],[-40.139534,-15.024568],[-40.155239,-15.010016],[-40.18189,-15.010016],[-40.206161,-15.025477],[-40.232812,-15.031389],[-40.251848,-15.050033],[-40.264222,-15.073225],[-40.302295,-15.088231],[-40.330373,-15.08232],[-40.337988,-15.100964],[-40.35988,-15.103692],[-40.416989,-15.080046],[-40.424127,-15.03821],[-40.446019,-15.042757],[-40.466007,-15.031389],[-40.513122,-15.055945],[-40.524544,-15.035936],[-40.550719,-15.0373],[-40.702058,-15.076408],[-40.820084,-15.202826],[-40.847686,-15.269218],[-40.816752,-15.285134]]]},"properties":{"cod_ibge":"291580","name":"Itambé","uf":"BA"}},
{"type":"Feature","geometry":{"type":"Polygon","coordinates":[[[-39.585576,-10.777293],[-39.681709,-10.785934],[-39.675047,-10.806852],[-39.661245,-10.817765],[-39.665052,-10.839138],[-39.649347,-10.843686],[-39.626028,-10.874608],[-39.627456,-10.91508],[-39.669336,-10.946912],[-39.7293,-10.954187],[-39.78165,-10.955097],[-39.798783,-10.938726],[-39.825434,-10.939181],[-39.85732,-10.918718],[-39.869693,-10.903257],[-39.889682,-10.900073],[-39.902531,-10.915989],[-39.923471,-10.917808],[-39.962496,-10.897345],[-39.999617,-10.883703],[-40.018653,-10.884157],[-40.008183,-10.916444],[-40.015797,-10.930541],[-40.024364,-10.981017],[-39.982008,-11.15109],[-39.952977,-11.157002],[-39.955357,-11.248859],[-39.862079,-11.312978],[-39.839235,-11.307066],[-39.824482,-11.289786],[-39.74215,-11.250223],[-39.703125,-11.223848],[-39.661721,-11.21157],[-39.634118,-11.181103],[-39.571298,-11.131991],[-39.492773,-11.094702],[-39.477068,-11.069691],[-39.455653,-11.059232],[-39.442327,-11.041498],[-39.420911,-11.02922],[-39.414724,-11.007847],[-39.460888,-10.990567],[-39.479924,-10.950095],[-39.518473,-10.945093],[-39.534653,-10.91508],[-39.53037,-10.888705],[-39.536557,-10.860511],[-39.579389,-10.81822],[-39.591287,-10.795028],[-39.585576,-10.777293]]]},"properties":{"cod_ibge":"292580","name":"Queimadas","uf":"BA"}},
{"type":"Feature","geometry":{"type":"Polygon","coordinates":[[[-41.978446,-11.427572],[-42.025561,-11.387555],[-42.048881,-11.331167],[-42.058875,-11.258409],[-42.054116,-11.233398],[-42.106942,-11.221575],[-42.131689,-11.240674],[-42.150725,-11.237491],[-42.240196,-11.261137],[-42.208786,-11.322982],[-42.180708,-11.345719],[-42.175473,-11.397104],[-42.159768,-11.404835],[-42.159292,-11.452583],[-42.164051,-11.480322],[-42.126454,-11.493964],[-42.120267,-11.51943],[-42.084098,-11.528524],[-42.086002,-11.541712],[-42.06649,-11.58855],[-42.044598,-11.552171],[-42.036031,-11.517611],[-42.007953,-11.45713],[-41.978446,-11.427572]]]},"properties":{"cod_ibge":"293240","name":"Uibaí","uf":"BA"}},
{"type":"Feature","geometry":{"type":"Polygon","coordinates":[[[-40.270409,-10.500811],[-40.245186,-10.483531],[-40.23424,-10.462613],[-40.242806,-10.445788],[-40.251372,-10.39804],[-40.248517,-10.377577],[-40.231384,-10.370756],[-40.237095,-10.354385],[-40.227101,-10.310275],[-40.25518,-10.227512],[-40.247089,-10.205685],[-40.276596,-10.167487],[-40.281355,-10.142476],[-40.299439,-10.128379],[-40.350837,-10.112918],[-40.367018,-10.140202],[-40.416513,-10.112463],[-40.414133,-10.098821],[-40.394145,-10.085633],[-40.38891,-10.061987],[-40.340843,-10.031519],[-40.32847,-10.013785],[-40.319427,-9.975132],[-40.328946,-9.959216],[-40.313241,-9.927384],[-40.316572,-9.90783],[-40.347982,-9.928748],[-40.383199,-9.944209],[-40.41223,-9.973313],[-40.502652,-9.971039],[-40.643521,-9.886912],[-40.813897,-9.871451],[-40.831506,-9.86463],[-40.863867,-9.889186],[-40.879096,-9.893278],[-40.89147,-9.913742],[-40.927639,-9.898735],[-40.944296,-9.883274],[-40.961905,-9.884638],[-41.032815,-9.915106],[-41.054231,-9.916015],[-41.083737,-9.946028],[-41.106105,-9.938298],[-41.121334,-9.923746],[-41.143702,-9.927384],[-41.157027,-9.9433],[-41.185582,-9.955578],[-41.215088,-9.953759],[-41.21604,-9.933296],[-41.248878,-9.950121],[-41.256016,-9.974222],[-41.244595,-9.986045],[-41.222227,-9.989683],[-41.192245,-10.008782],[-41.170829,-10.01242],[-41.169401,-10.032429],[-41.193196,-10.065625],[-41.179871,-10.102914],[-41.159883,-10.109735],[-41.167021,-10.129743],[-41.157503,-10.155664],[-41.171305,-10.196135],[-41.144178,-10.222965],[-41.180347,-10.263892],[-41.20557,-10.274805],[-41.242215,-10.308001],[-41.242691,-10.323463],[-41.277908,-10.347109],[-41.256016,-10.361661],[-41.250306,-10.392583],[-41.256016,-10.414411],[-41.225082,-10.453973],[-41.201287,-10.449426],[-41.181775,-10.430781],[-41.162738,-10.433965],[-41.146557,-10.449426],[-41.107057,-10.466706],[-41.038526,-10.451245],[-41.019966,-10.431691],[-41.004736,-10.44988],[-40.96714,-10.451245],[-40.963332,-10.478074],[-40.9462,-10.48626],[-40.940965,-10.509451],[-40.877669,-10.522639],[-40.894801,-10.548559],[-40.916693,-10.553107],[-40.934778,-10.605402],[-40.91241,-10.607675],[-40.878621,-10.59085],[-40.851494,-10.595397],[-40.816752,-10.592669],[-40.804379,-10.599035],[-40.762499,-10.592669],[-40.74727,-10.633596],[-40.631148,-10.669065],[-40.595455,-10.683617],[-40.546436,-10.662244],[-40.458393,-10.578572],[-40.385103,-10.545376],[-40.285162,-10.524913],[-40.270409,-10.500811]]]},"properties":{"cod_ibge":"290600","name":"Campo Formoso","uf":"BA"}},
{"type":"Feature","geometry":{"type":"Polygon","coordinates":[[[-38.84173,-12.103316],[-38.793187,-12.107864],[-38.763205,-12.118777],[-38.752259,-12.165161],[-38.733223,-12.155611],[-38.700385,-12.138786],[-38.688487,-12.10468],[-38.657553,-12.053295],[-38.701337,-12.05284],[-38.719421,-12.036469],[-38.72418,-12.012823],[-38.708951,-11.982355],[-38.710379,-11.960982],[-38.680397,-11.945976],[-38.75559,-11.940974],[-38.768916,-11.946431],[-38.825073,-11.94825],[-38.807464,-11.975989],[-38.806513,-12.022827],[-38.84173,-12.103316]]]},"properties":{"cod_ibge":"291450","name":"Irará","uf":"BA"}},
{"type":"Feature","geometry":{"type":"Polygon","coordinates":[[[-42.569525,-14.513894],[-42.586182,-14.508892],[-42.578568,-14.450231],[-42.562863,-14.452504],[-42.545254,-14.42522],[-42.524314,-14.409759],[-42.544302,-14.368377],[-42.56667,-14.337],[-42.619496,-14.296528],[-42.709443,-14.388386],[-42.752274,-14.412487],[-42.835559,-14.561642],[-42.81795,-14.570282],[-42.799389,-14.594838],[-42.793203,-14.62576],[-42.8051,-14.656683],[-42.787968,-14.657137],[-42.764172,-14.612573],[-42.743708,-14.614847],[-42.718961,-14.595748],[-42.670894,-14.591655],[-42.640436,-14.571192],[-42.628538,-14.540724],[-42.586182,-14.537086],[-42.569525,-14.513894]]]},"properties":{"cod_ibge":"292450","name":"Pindaí","uf":"BA"}},
{"type":"Feature","geometry":{"type":"Polygon","coordinates":[[[-39.052558,-12.446645],[-39.023051,-12.442098],[-39.007822,-12.471656],[-38.972129,-12.469837],[-38.924538,-12.493483],[-38.877423,-12.510763],[-38.838398,-12.513947],[-38.834591,-12.493483],[-38.851724,-12.483934],[-38.837923,-12.408902],[-38.907881,-12.386165],[-38.955948,-12.301128],[-38.9964,-12.311132],[-39.023527,-12.408902],[-39.03828,-12.418451],[-39.053033,-12.410266],[-39.0616,-12.422999],[-39.052558,-12.446645]]]},"properties":{"cod_ibge":"292930","name":"São Gonçalo dos Campos","uf":"BA"}},
{"type":"Feature","geometry":{"type":"Polygon","coordinates":[[[-39.646016,-8.659568],[-39.688848,-8.660932],[-39.693131,-8.680486],[-39.673619,-8.745514],[-39.673143,-8.785076],[-39.695035,-8.799628],[-39.747861,-8.794171],[-39.788789,-8.819182],[-39.820199,-8.81327],[-39.863031,-8.819637],[-39.893013,-8.828731],[-39.901103,-8.864201],[-39.879212,-8.901945],[-39.874452,-8.93696],[-39.88873,-8.966063],[-39.955357,-9.046097],[-39.978677,-9.054737],[-39.983912,-9.095664],[-39.969634,-9.119765],[-39.939652,-9.11067],[-39.921567,-9.11158],[-39.901579,-9.130679],[-39.907766,-9.156144],[-39.893965,-9.166603],[-39.889682,-9.189795],[-39.868742,-9.199799],[-39.860651,-9.230722],[-39.879687,-9.269375],[-39.879212,-9.301661],[-39.88635,-9.329855],[-39.876832,-9.363051],[-39.871121,-9.414437],[-39.868742,-9.485376],[-39.874928,-9.498109],[-39.86779,-9.527212],[-39.881115,-9.551768],[-39.895868,-9.613158],[-39.897296,-9.634986],[-39.889206,-9.673184],[-39.897772,-9.704106],[-39.897772,-9.740486],[-39.882543,-9.745943],[-39.852561,-9.806878],[-39.795927,-9.843712],[-39.685517,-9.762768],[-39.662673,-9.75049],[-39.66886,-9.729117],[-39.644112,-9.706835],[-39.599853,-9.699559],[-39.359519,-9.615887],[-39.38617,-9.578143],[-39.405682,-9.579962],[-39.4152,-9.560863],[-39.413297,-9.541764],[-39.445183,-9.510387],[-39.443279,-9.477191],[-39.433761,-9.457182],[-39.410441,-9.456728],[-39.404254,-9.444904],[-39.409965,-9.416711],[-39.401875,-9.390336],[-39.408062,-9.361687],[-39.389501,-9.318032],[-39.367609,-9.310301],[-39.357615,-9.287564],[-39.372368,-9.226629],[-39.360471,-9.210258],[-39.36285,-9.179336],[-39.351428,-9.157054],[-39.408062,-9.132953],[-39.468502,-8.976067],[-39.491346,-8.836007],[-39.373796,-8.563163],[-39.356663,-8.547247],[-39.379983,-8.532695],[-39.416152,-8.542245],[-39.435664,-8.563163],[-39.452321,-8.563163],[-39.476117,-8.592721],[-39.518473,-8.60409],[-39.556545,-8.623189],[-39.568443,-8.636831],[-39.614606,-8.657749],[-39.646016,-8.659568]]]},"properties":{"cod_ibge":"290990","name":"Curaçá","uf":"BA"}},
{"type":"Feature","geometry":{"type":"Polygon","coordinates":[[[-39.170583,-9.639079],[-39.14298,-9.652721],[-39.117281,-9.6459],[-39.110143,-9.625891],[-38.965466,-9.639079],[-38.861242,-9.630893],[-38.834591,-9.637714],[-38.808892,-9.65454],[-38.784621,-9.646809],[-38.785097,-9.538126],[-38.720849,-9.480829],[-38.716566,-9.459911],[-38.693246,-9.446269],[-38.682776,-9.427624],[-38.707048,-9.388971],[-38.682776,-9.354866],[-38.655174,-9.337586],[-38.647559,-9.323489],[-38.674686,-9.293021],[-38.673258,-9.281198],[-38.683728,-9.21617],[-38.842682,-9.039276],[-38.982123,-8.870567],[-39.096341,-9.016539],[-39.100148,-9.042914],[-39.111094,-9.060649],[-39.101576,-9.077929],[-39.074449,-9.095664],[-39.065407,-9.129769],[-39.082064,-9.201618],[-39.074449,-9.230722],[-39.055413,-9.254368],[-39.034949,-9.329855],[-39.024479,-9.353047],[-39.000208,-9.368053],[-38.970225,-9.431717],[-38.95452,-9.449452],[-38.9569,-9.463549],[-38.98593,-9.513115],[-38.989738,-9.549495],[-39.004015,-9.571322],[-39.036377,-9.562227],[-39.051606,-9.571322],[-39.071118,-9.563592],[-39.092058,-9.594059],[-39.125372,-9.594969],[-39.140125,-9.601335],[-39.146788,-9.62771],[-39.170583,-9.639079]]]},"properties":{"cod_ibge":"291990","name":"Macururé","uf":"BA"}},
{"type":"Feature","geometry":{"type":"Polygon","coordinates":[[[-41.746679,-13.324748],[-41.742395,-13.367039],[-41.755721,-13.393869],[-41.752865,-13.411604],[-41.770474,-13.41797],[-41.76286,-13.442981],[-41.744299,-13.439343],[-41.713365,-13.457987],[-41.700515,-13.473449],[-41.693853,-13.52347],[-41.669581,-13.528017],[-41.646738,-13.572127],[-41.615804,-13.544388],[-41.607237,-13.580767],[-41.603906,-13.626241],[-41.608189,-13.660347],[-41.510628,-13.665349],[-41.474459,-13.660347],[-41.432103,-13.668532],[-41.443525,-13.662166],[-41.457326,-13.62806],[-41.472079,-13.622149],[-41.474935,-13.587588],[-41.487308,-13.52347],[-41.499682,-13.517558],[-41.510628,-13.448893],[-41.531092,-13.444345],[-41.547273,-13.425701],[-41.56964,-13.410694],[-41.605334,-13.424791],[-41.632936,-13.413878],[-41.635316,-13.401145],[-41.660063,-13.379772],[-41.672437,-13.352942],[-41.70004,-13.371132],[-41.72098,-13.35658],[-41.746679,-13.324748]]]},"properties":{"cod_ibge":"291860","name":"Jussiape","uf":"BA"}},
{"type":"Feature","geometry":{"type":"Polygon","coordinates":[[[-41.545845,-14.814478],[-41.521098,-14.804473],[-41.509676,-14.824027],[-41.483977,-14.810385],[-41.476838,-14.794469],[-41.449236,-14.795833],[-41.462561,-14.782646],[-41.420681,-14.753088],[-41.39403,-14.767639],[-41.39403,-14.709887],[-41.387843,-14.680784],[-41.399741,-14.663959],[-41.400217,-14.639857],[-41.447332,-14.594383],[-41.42782,-14.565735],[-41.434482,-14.551183],[-41.637695,-14.509347],[-41.652449,-14.515259],[-41.664822,-14.544817],[-41.655304,-14.578013],[-41.610093,-14.609845],[-41.587249,-14.69579],[-41.58487,-14.728986],[-41.565357,-14.785829],[-41.552984,-14.789012],[-41.545845,-14.814478]]]},"properties":{"cod_ibge":"291995","name":"Maetinga","uf":"BA"}},
{"type":"Feature","geometry":{"type":"Polygon","coordinates":[[[-39.757379,-11.421206],[-39.787361,-11.40438],[-39.848753,-11.350266],[-39.862555,-11.318889],[-39.875404,-11.31707],[-39.911097,-11.363454],[-39.908718,-11.390738],[-39.914429,-11.415749],[-39.987243,-11.439395],[-40.070051,-11.434393],[-40.080521,-11.448035],[-40.085756,-11.496238],[-40.07719,-11.52807],[-40.029123,-11.522613],[-40.029123,-11.510335],[-39.99343,-11.503059],[-39.968682,-11.490781],[-39.934417,-11.479867],[-39.931086,-11.494874],[-39.897772,-11.491236],[-39.883019,-11.481231],[-39.824482,-11.50033],[-39.791168,-11.478048],[-39.77118,-11.45804],[-39.757379,-11.421206]]]},"properties":{"cod_ibge":"292937","name":"São José do Jacuípe","uf":"BA"}},
{"type":"Feature","geometry":{"type":"Polygon","coordinates":[[[-39.982008,-13.325658],[-39.981532,-13.344302],[-39.995333,-13.364766],[-39.987243,-13.407511],[-40.005803,-13.473449],[-39.93061,-13.496186],[-39.920616,-13.520742],[-39.892061,-13.528017],[-39.888254,-13.515285],[-39.852561,-13.543024],[-39.813536,-13.563487],[-39.773084,-13.517558],[-39.771656,-13.483453],[-39.794024,-13.456623],[-39.846374,-13.438434],[-39.877308,-13.391141],[-39.95155,-13.325658],[-39.975821,-13.314744],[-39.982008,-13.325658]]]},"properties":{"cod_ibge":"291670","name":"Itaquara","uf":"BA"}},
{"type":"Feature","geometry":{"type":"Polygon","coordinates":[[[-44.345618,-12.102861],[-44.348473,-12.080579],[-44.497433,-11.920965],[-44.654007,-11.752711],[-44.662097,-11.748164],[-44.677802,-11.766354],[-44.696839,-11.80728],[-44.727773,-11.830017],[-44.729677,-11.846843],[-44.753472,-11.865942],[-44.819623,-11.881403],[-44.828666,-11.909142],[-44.854365,-11.93961],[-44.869594,-11.940974],[-44.880064,-11.983265],[-44.912902,-12.010549],[-44.930034,-12.006002],[-44.928607,-12.036015],[-44.915757,-12.034196],[-44.882443,-12.051021],[-44.841515,-12.119232],[-44.841039,-12.145607],[-44.816768,-12.136057],[-44.798207,-12.105135],[-44.773936,-12.115139],[-44.735387,-12.110592],[-44.717303,-12.124689],[-44.705405,-12.168799],[-44.655435,-12.153338],[-44.637826,-12.153338],[-44.617838,-12.140605],[-44.579765,-12.155156],[-44.466023,-12.144243],[-44.443655,-12.092857],[-44.345618,-12.102861]]]},"properties":{"cod_ibge":"290140","name":"Angical","uf":"BA"}},
{"type":"Feature","geometry":{"type":"Polygon","coordinates":[[[-42.95168,-13.956837],[-42.918367,-13.957292],[-42.894095,-13.945014],[-42.857926,-13.953654],[-42.845077,-13.965932],[-42.80748,-13.974118],[-42.789395,-13.935919],[-42.779877,-13.897721],[-42.789871,-13.871801],[-42.780353,-13.855885],[-42.772739,-13.746747],[-42.94359,-13.753114],[-43.028778,-13.734015],[-43.070658,-13.774941],[-43.101592,-13.794495],[-43.115869,-13.820415],[-43.138713,-13.844062],[-43.133002,-13.887717],[-43.104447,-13.931827],[-43.067802,-13.927734],[-43.051621,-13.91682],[-43.022591,-13.919549],[-42.992609,-13.943195],[-42.980235,-13.941376],[-42.95168,-13.956837]]]},"properties":{"cod_ibge":"292105","name":"Matina","uf":"BA"}},
{"type":"Feature","geometry":{"type":"Polygon","coordinates":[[[-41.908964,-13.311561],[-41.884692,-13.327932],[-41.869463,-13.347485],[-41.868511,-13.365675],[-41.840433,-13.383865],[-41.804264,-13.41888],[-41.795221,-13.385229],[-41.781896,-13.360673],[-41.77095,-13.357945],[-41.746679,-13.324748],[-41.72098,-13.35658],[-41.70004,-13.371132],[-41.672437,-13.352942],[-41.660063,-13.379772],[-41.635316,-13.401145],[-41.632936,-13.413878],[-41.605334,-13.424791],[-41.610093,-13.3825],[-41.609617,-13.326567],[-41.597243,-13.301557],[-41.60343,-13.28655],[-41.590105,-13.266996],[-41.599147,-13.229708],[-41.6534,-13.168318],[-41.670533,-13.179232],[-41.690045,-13.216066],[-41.725739,-13.235619],[-41.734781,-13.2529],[-41.788083,-13.280184],[-41.805691,-13.265632],[-41.835198,-13.215156],[-41.857565,-13.189236],[-41.874698,-13.211973],[-41.888975,-13.211063],[-41.918482,-13.249262],[-41.912771,-13.264268],[-41.900397,-13.30383],[-41.908964,-13.311561]]]},"properties":{"cod_ibge":"290010","name":"Abaíra","uf":"BA"}},
{"type":"Feature","geometry":{"type":"Polygon","coordinates":[[[-39.329537,-15.113242],[-39.306217,-15.0996],[-39.293368,-15.072315],[-39.279566,-15.058218],[-39.307169,-15.021384],[-39.325253,-15.016837],[-39.366182,-15.032298],[-39.366658,-15.019565],[-39.412345,-15.033208],[-39.408538,-15.062311],[-39.391881,-15.079136],[-39.403303,-15.096417],[-39.406158,-15.133251],[-39.399495,-15.15144],[-39.368085,-15.125065],[-39.329537,-15.113242]]]},"properties":{"cod_ibge":"292935","name":"São José da Vitória","uf":"BA"}},
{"type":"Feature","geometry":{"type":"Polygon","coordinates":[[[-41.10087,-10.713175],[-41.078978,-10.691802],[-41.07993,-10.675886],[-41.111816,-10.675886],[-41.110864,-10.657697],[-40.941916,-10.602218],[-40.934778,-10.605402],[-40.916693,-10.553107],[-40.894801,-10.548559],[-40.877669,-10.522639],[-40.940965,-10.509451],[-40.9462,-10.48626],[-40.963332,-10.478074],[-40.96714,-10.451245],[-41.004736,-10.44988],[-41.019966,-10.431691],[-41.038526,-10.451245],[-41.107057,-10.466706],[-41.146557,-10.449426],[-41.162738,-10.433965],[-41.181775,-10.430781],[-41.201287,-10.449426],[-41.225082,-10.453973],[-41.256016,-10.414411],[-41.250306,-10.392583],[-41.256016,-10.361661],[-41.277908,-10.347109],[-41.288378,-10.335741],[-41.326451,-10.355294],[-41.33359,-10.368937],[-41.361668,-10.369846],[-41.361668,-10.391674],[-41.378801,-10.417139],[-41.446856,-10.44215],[-41.452091,-10.455337],[-41.473031,-10.465342],[-41.450663,-10.489443],[-41.41497,-10.499447],[-41.381656,-10.518546],[-41.397361,-10.549469],[-41.401645,-10.57357],[-41.42782,-10.576753],[-41.429247,-10.588122],[-41.463037,-10.603128],[-41.471603,-10.628139],[-41.503013,-10.631777],[-41.495875,-10.65133],[-41.508724,-10.670429],[-41.532995,-10.679524],[-41.547749,-10.667246],[-41.557267,-10.702716],[-41.585821,-10.720451],[-41.591532,-10.731365],[-41.571544,-10.755921],[-41.556315,-10.743188],[-41.503965,-10.745462],[-41.47779,-10.755466],[-41.443049,-10.801849],[-41.332162,-10.75683],[-41.280764,-10.738186],[-41.307415,-10.680889],[-41.28124,-10.64269],[-41.192721,-10.645419],[-41.183202,-10.654968],[-41.193672,-10.687255],[-41.175588,-10.723634],[-41.138467,-10.723634],[-41.10087,-10.713175]]]},"properties":{"cod_ibge":"293245","name":"Umburanas","uf":"BA"}},
{"type":"Feature","geometry":{"type":"Polygon","coordinates":[[[-41.437814,-12.70994],[-41.572972,-12.712668],[-41.605334,-12.711759],[-41.615804,-12.759961],[-41.636744,-12.781334],[-41.621039,-12.828627],[-41.630081,-12.86637],[-41.641979,-12.878194],[-41.640551,-12.898202],[-41.699564,-12.995062],[-41.694329,-12.9987],[-41.663395,-13.071003],[-41.648641,-13.081008],[-41.626274,-13.129665],[-41.6534,-13.168318],[-41.599147,-13.229708],[-41.590105,-13.266996],[-41.60343,-13.28655],[-41.597243,-13.301557],[-41.609617,-13.326567],[-41.610093,-13.3825],[-41.605334,-13.424791],[-41.56964,-13.410694],[-41.547273,-13.425701],[-41.445904,-13.38341],[-41.436862,-13.328841],[-41.453519,-13.295645],[-41.453995,-13.262904],[-41.445904,-13.250626],[-41.41497,-13.245624],[-41.398789,-13.22516],[-41.392126,-13.257902],[-41.382608,-13.271089],[-41.349295,-13.281093],[-41.335017,-13.298828],[-41.290758,-13.322475],[-41.185106,-13.230163],[-41.199383,-13.191964],[-41.224606,-13.176958],[-41.235076,-13.162861],[-41.253161,-13.168318],[-41.279812,-13.156495],[-41.28124,-13.13785],[-41.252209,-13.121025],[-41.255541,-13.096924],[-41.2998,-13.055542],[-41.315029,-12.992333],[-41.319312,-12.960956],[-41.329782,-12.931398],[-41.349295,-12.909571],[-41.355957,-12.890472],[-41.380229,-12.880012],[-41.410687,-12.802252],[-41.437814,-12.70994]]]},"properties":{"cod_ibge":"292190","name":"Mucugê","uf":"BA"}},
{"type":"Feature","geometry":{"type":"Polygon","coordinates":[[[-38.9569,-13.061909],[-38.965466,-13.045538],[-38.994497,-13.054178],[-39.052558,-13.048266],[-39.109191,-13.037807],[-39.117281,-13.058271],[-39.152974,-13.040536],[-39.17439,-13.082372],[-39.201517,-13.077825],[-39.194854,-13.102835],[-39.179149,-13.106928],[-39.133938,-13.091467],[-39.122992,-13.108292],[-39.115853,-13.131939],[-39.090154,-13.143762],[-39.077305,-13.136031],[-39.045419,-13.133303],[-39.034473,-13.117842],[-39.008774,-13.127391],[-38.982599,-13.091467],[-38.955948,-13.090103],[-38.9569,-13.061909]]]},"properties":{"cod_ibge":"290230","name":"Aratuípe","uf":"BA"}},
{"type":"Feature","geometry":{"type":"Polygon","coordinates":[[[-39.364278,-15.472032],[-39.364278,-15.486129],[-39.303838,-15.532513],[-39.305265,-15.548428],[-39.278614,-15.557068],[-39.307645,-15.595721],[-39.344766,-15.617094],[-39.331916,-15.627099],[-39.308121,-15.611637],[-39.261958,-15.633465],[-39.233403,-15.621187],[-39.201993,-15.592083],[-39.159637,-15.603452],[-39.154402,-15.572984],[-39.174866,-15.572075],[-39.16392,-15.543881],[-39.19533,-15.532058],[-39.201993,-15.513413],[-39.17439,-15.514778],[-39.142028,-15.493405],[-39.10348,-15.484765],[-39.091106,-15.471123],[-39.043515,-15.457935],[-39.020672,-15.437017],[-39.024003,-15.408368],[-39.016388,-15.391088],[-39.079684,-15.364713],[-39.13251,-15.374263],[-39.16392,-15.373808],[-39.23721,-15.3538],[-39.253867,-15.341522],[-39.275283,-15.350616],[-39.293368,-15.331063],[-39.288608,-15.315601],[-39.314783,-15.308326],[-39.324778,-15.328789],[-39.364754,-15.352435],[-39.396164,-15.349252],[-39.408062,-15.331517],[-39.433761,-15.332427],[-39.439472,-15.30969],[-39.480876,-15.341976],[-39.459936,-15.364713],[-39.458984,-15.408368],[-39.427574,-15.404276],[-39.411393,-15.422465],[-39.379983,-15.425649],[-39.364278,-15.472032]]]},"properties":{"cod_ibge":"292805","name":"Santa Luzia","uf":"BA"}},
{"type":"Feature","geometry":{"type":"Polygon","coordinates":[[[-39.895392,-15.101873],[-39.847802,-15.311054],[-39.809729,-15.325606],[-39.791644,-15.355619],[-39.787837,-15.375172],[-39.765945,-15.366987],[-39.746909,-15.370625],[-39.71883,-15.351526],[-39.685041,-15.336974],[-39.685041,-15.314692],[-39.663149,-15.306052],[-39.657914,-15.28377],[-39.640305,-15.293774],[-39.643161,-15.278767],[-39.617462,-15.270127],[-39.593666,-15.273311],[-39.592714,-15.241933],[-39.567015,-15.192367],[-39.574154,-15.172813],[-39.567967,-15.147802],[-39.585576,-15.141436],[-39.568919,-15.083229],[-39.569871,-15.047305],[-39.594142,-15.006378],[-39.596522,-14.990917],[-39.644588,-14.970454],[-39.659817,-14.947717],[-39.678378,-14.938622],[-39.688848,-14.952719],[-39.687896,-14.971818],[-39.733107,-14.983641],[-39.744053,-14.97682],[-39.767373,-14.991372],[-39.811632,-14.970908],[-39.830669,-14.997738],[-39.849229,-14.998647],[-39.873025,-15.016382],[-39.884922,-15.013199],[-39.897772,-15.033662],[-39.910146,-15.033662],[-39.896344,-15.053216],[-39.895392,-15.101873]]]},"properties":{"cod_ibge":"291540","name":"Itaju do Colônia","uf":"BA"}},
{"type":"Feature","geometry":{"type":"Polygon","coordinates":[[[-38.658029,-12.1929],[-38.63233,-12.170163],[-38.586643,-12.193809],[-38.588546,-12.177439],[-38.570462,-12.124234],[-38.580456,-12.082398],[-38.603775,-12.082398],[-38.657553,-12.053295],[-38.688487,-12.10468],[-38.700385,-12.138786],[-38.733223,-12.155611],[-38.658029,-12.1929]]]},"properties":{"cod_ibge":"292410","name":"Pedrão","uf":"BA"}},
{"type":"Feature","geometry":{"type":"Polygon","coordinates":[[[-42.747515,-11.730884],[-42.772263,-11.809099],[-42.7004,-11.875946],[-42.668514,-11.866851],[-42.584279,-11.909142],[-42.461018,-11.965985],[-42.244955,-11.94825],[-42.25495,-11.923239],[-42.291119,-11.854118],[-42.29207,-11.812282],[-42.310631,-11.769991],[-42.33633,-11.749073],[-42.33871,-11.729974],[-42.360125,-11.714058],[-42.363457,-11.756349],[-42.391535,-11.752711],[-42.418662,-11.764989],[-42.445789,-11.75544],[-42.471964,-11.725427],[-42.487669,-11.775448],[-42.538591,-11.739979],[-42.565242,-11.735886],[-42.581899,-11.714058],[-42.643291,-11.718151],[-42.661852,-11.709056],[-42.680412,-11.71997],[-42.747515,-11.730884]]]},"properties":{"cod_ibge":"291410","name":"Ipupiara","uf":"BA"}},
{"type":"Feature","geometry":{"type":"Polygon","coordinates":[[[-39.702649,-13.112385],[-39.653155,-13.109202],[-39.631739,-13.095559],[-39.597949,-13.096924],[-39.586528,-13.141488],[-39.57463,-13.152857],[-39.548931,-13.153311],[-39.538461,-13.123753],[-39.502768,-13.116477],[-39.46993,-13.123753],[-39.481352,-13.110111],[-39.4804,-13.089193],[-39.497533,-13.068275],[-39.511334,-13.06873],[-39.516569,-13.040081],[-39.531798,-13.022346],[-39.545599,-12.995517],[-39.594142,-12.938674],[-39.622697,-12.913209],[-39.63745,-12.930034],[-39.660293,-12.942312],[-39.672191,-12.959592],[-39.665052,-12.973234],[-39.688848,-12.999609],[-39.71074,-12.975963],[-39.739294,-13.010068],[-39.755475,-12.999609],[-39.801162,-12.984148],[-39.767373,-13.047812],[-39.710264,-13.096924],[-39.702649,-13.112385]]]},"properties":{"cod_ibge":"290100","name":"Amargosa","uf":"BA"}},
{"type":"Feature","geometry":{"type":"Polygon","coordinates":[[[-44.550735,-12.942767],[-44.610223,-12.72631],[-44.624977,-12.572153],[-44.673519,-12.563968],[-44.690176,-12.548962],[-44.694459,-12.529408],[-44.715399,-12.518494],[-44.728725,-12.486662],[-44.720634,-12.475748],[-44.741098,-12.43755],[-44.737767,-12.408902],[-44.77584,-12.40208],[-44.781075,-12.395259],[-44.827714,-12.39435],[-44.927179,-12.292943],[-45.022361,-12.320227],[-45.042825,-12.31568],[-45.078042,-12.334324],[-45.102313,-12.336143],[-45.125633,-12.322956],[-45.149428,-12.333415],[-45.167989,-12.36843],[-45.205586,-12.384346],[-45.227002,-12.425727],[-45.283635,-12.422089],[-45.33075,-12.40208],[-45.348834,-12.388893],[-45.405943,-12.370249],[-45.443064,-12.367065],[-45.46448,-12.376615],[-45.486372,-12.364792],[-45.54015,-12.390712],[-45.578222,-12.400262],[-45.648657,-12.39344],[-45.719091,-12.396624],[-45.751929,-12.412085],[-45.764779,-12.411175],[-45.803327,-12.417996],[-45.840924,-12.418451],[-45.87281,-12.42982],[-45.910407,-12.459832],[-45.926588,-12.459832],[-45.955142,-12.474839],[-46.007968,-12.49121],[-46.025101,-12.501669],[-46.100295,-12.527589],[-46.142175,-12.531227],[-46.154548,-12.49894],[-46.198332,-12.503942],[-46.224983,-12.528498],[-46.269718,-12.550781],[-46.275905,-12.594436],[-46.306839,-12.636726],[-46.267815,-12.650369],[-46.26829,-12.666285],[-46.302556,-12.684474],[-46.292562,-12.707666],[-46.26829,-12.716306],[-46.282568,-12.764054],[-46.310646,-12.795431],[-46.273525,-12.815894],[-46.275429,-12.839995],[-46.300652,-12.857275],[-46.290658,-12.900476],[-46.312074,-12.909571],[-46.307791,-12.941857],[-46.288279,-12.952316],[-46.264483,-12.939583],[-46.221651,-12.950042],[-46.19976,-12.947314],[-46.167398,-12.928215],[-46.144078,-12.930943],[-46.12647,-12.912299],[-46.113144,-12.918211],[-46.108861,-12.938674],[-46.124566,-12.960047],[-46.150741,-12.969596],[-46.194049,-12.996881],[-46.275429,-13.020072],[-46.281616,-13.045083],[-46.298749,-13.063728],[-46.301128,-13.074187],[-46.329207,-13.099652],[-46.2997,-13.128301],[-46.306839,-13.183324],[-46.30446,-13.206061],[-46.327779,-13.2529],[-46.305411,-13.251535],[-46.300176,-13.282912],[-46.317785,-13.305195],[-46.292562,-13.317018],[-46.220224,-13.295645],[-46.175012,-13.277001],[-46.10315,-13.257447],[-46.085066,-13.26927],[-46.068409,-13.295645],[-46.073168,-13.311561],[-46.099343,-13.334298],[-46.135512,-13.375679],[-46.158831,-13.381591],[-46.191669,-13.409785],[-46.232121,-13.418425],[-46.208802,-13.465718],[-46.201663,-13.46208],[-45.931347,-13.296555],[-45.878997,-13.27882],[-45.827123,-13.253354],[-45.783815,-13.246988],[-45.758592,-13.235619],[-45.730989,-13.23471],[-45.688157,-13.210154],[-45.668645,-13.20879],[-45.609156,-13.185143],[-45.555855,-13.191964],[-45.491131,-13.164225],[-45.444968,-13.153766],[-45.411178,-13.168318],[-45.368346,-13.151947],[-45.324087,-13.149673],[-45.316948,-13.141488],[-45.268882,-13.130574],[-45.239375,-13.132393],[-45.19464,-13.124663],[-45.128964,-13.092376],[-45.117542,-13.09374],[-45.081373,-13.07646],[-45.04568,-13.070549],[-45.034258,-13.060544],[-44.991902,-13.050995],[-44.940504,-13.025984],[-44.876732,-13.013706],[-44.824858,-12.994607],[-44.787262,-12.99006],[-44.778219,-13.010523],[-44.755376,-13.020527],[-44.747285,-13.034169],[-44.721586,-13.050085],[-44.706833,-13.083281],[-44.703502,-13.073277],[-44.664001,-13.046902],[-44.649724,-13.043719],[-44.63735,-13.021891],[-44.620217,-13.013706],[-44.620217,-12.97187],[-44.601181,-12.960047],[-44.569295,-12.976417],[-44.550735,-12.942767]]]},"properties":{"cod_ibge":"292890","name":"São Desidério","uf":"BA"}},
{"type":"Feature","geometry":{"type":"Polygon","coordinates":[[[-39.174866,-11.981446],[-39.178673,-12.029648],[-39.143932,-12.033741],[-39.11157,-12.052385],[-39.060172,-12.058297],[-39.062552,-12.02601],[-39.054461,-12.005092],[-39.058744,-11.976898],[-39.043515,-11.934607],[-39.014485,-11.912325],[-39.026383,-11.86867],[-39.056365,-11.848207],[-39.065883,-11.829562],[-39.076353,-11.828653],[-39.083016,-11.858666],[-39.108239,-11.897773],[-39.120137,-11.924603],[-39.16392,-11.950978],[-39.174866,-11.981446]]]},"properties":{"cod_ibge":"293110","name":"Tanquinho","uf":"BA"}},
{"type":"Feature","geometry":{"type":"Polygon","coordinates":[[[-39.925851,-12.521677],[-39.939176,-12.549416],[-39.972966,-12.562604],[-40.00152,-12.557602],[-40.047683,-12.565332],[-40.054822,-12.611261],[-40.089563,-12.637636],[-40.120497,-12.687657],[-40.152859,-12.698571],[-40.180938,-12.698116],[-40.182842,-12.732677],[-40.216631,-12.765418],[-40.248517,-12.756778],[-40.308482,-12.747683],[-40.344175,-12.769056],[-40.358928,-12.792248],[-40.369398,-12.798159],[-40.377964,-12.828172],[-40.403187,-12.881831],[-40.420796,-12.886834],[-40.425079,-12.920939],[-40.463628,-12.950042],[-40.481237,-12.941857],[-40.488375,-12.948678],[-40.471718,-13.000064],[-40.456489,-13.01598],[-40.450778,-13.036898],[-40.436501,-13.047357],[-40.416037,-13.087374],[-40.400808,-13.066456],[-40.359404,-13.084191],[-40.338464,-13.081008],[-40.343699,-13.055087],[-40.320855,-13.040081],[-40.305626,-13.043264],[-40.199022,-13.048721],[-40.190456,-13.028258],[-40.173323,-13.020982],[-40.143817,-12.982329],[-40.105268,-12.983693],[-40.067196,-12.992788],[-40.03293,-12.985057],[-39.99105,-12.96323],[-39.988195,-12.930489],[-39.899676,-12.874556],[-39.92823,-12.817258],[-39.893965,-12.753595],[-39.855892,-12.795431],[-39.797355,-12.704937],[-39.805922,-12.686293],[-39.786885,-12.614899],[-39.791644,-12.557602],[-39.804018,-12.537138],[-39.82591,-12.534865],[-39.853512,-12.512582],[-39.893013,-12.523951],[-39.910146,-12.516675],[-39.925851,-12.521677]]]},"properties":{"cod_ibge":"291190","name":"Iaçu","uf":"BA"}},
{"type":"Feature","geometry":{"type":"Polygon","coordinates":[[[-43.900643,-10.856873],[-43.87304,-10.858237],[-43.842582,-10.849597],[-43.812124,-10.88052],[-43.803082,-10.8978],[-43.785473,-10.907349],[-43.759298,-10.909168],[-43.549422,-10.87006],[-43.388089,-10.858237],[-43.388565,-10.813218],[-43.394752,-10.795938],[-43.384758,-10.771382],[-43.387137,-10.748645],[-43.377619,-10.718177],[-43.381902,-10.702716],[-43.376191,-10.672703],[-43.382378,-10.650421],[-43.371432,-10.612677],[-43.38095,-10.584484],[-43.376667,-10.447607],[-43.384758,-10.425779],[-43.378095,-10.403042],[-43.388565,-10.342107],[-43.374288,-10.309366],[-43.372384,-10.283446],[-43.384758,-10.23979],[-43.468042,-10.234788],[-43.50659,-10.248885],[-43.541808,-10.244793],[-43.553229,-10.252068],[-43.583688,-10.248431],[-43.596061,-10.267984],[-43.623188,-10.282991],[-43.632706,-10.303454],[-43.650791,-10.305728],[-43.664592,-10.326191],[-43.654122,-10.3462],[-43.661261,-10.373939],[-43.682201,-10.373939],[-43.725984,-10.356204],[-43.77072,-10.393038],[-43.915872,-10.393038],[-43.914444,-10.418049],[-43.936812,-10.436238],[-43.976788,-10.431236],[-43.990114,-10.418049],[-44.007723,-10.405316],[-44.027711,-10.412592],[-44.035801,-10.444878],[-44.025807,-10.475346],[-44.05103,-10.506268],[-44.07197,-10.579936],[-44.083392,-10.589031],[-44.058169,-10.621772],[-43.997253,-10.640417],[-43.989638,-10.669065],[-43.971553,-10.67907],[-43.941095,-10.716358],[-43.920155,-10.778658],[-43.90683,-10.798666],[-43.921107,-10.812763],[-43.917776,-10.837319],[-43.900643,-10.856873]]]},"properties":{"cod_ibge":"290475","name":"Buritirama","uf":"BA"}},
{"type":"Feature","geometry":{"type":"Polygon","coordinates":[[[-39.026383,-12.939129],[-39.051606,-12.837722],[-38.998304,-12.836812],[-38.950237,-12.887743],[-38.94643,-12.901385],[-38.925014,-12.914573],[-38.914544,-12.931853],[-38.884562,-12.946405],[-38.874092,-12.939129],[-38.845061,-12.943676],[-38.83126,-12.921394],[-38.811272,-12.917756],[-38.820314,-12.889107],[-38.800802,-12.852728],[-38.801753,-12.838631],[-38.81841,-12.851364],[-38.845537,-12.839086],[-38.86267,-12.82317],[-38.859814,-12.795886],[-38.884562,-12.754504],[-38.90217,-12.737679],[-38.928821,-12.725401],[-38.937863,-12.7013],[-38.965466,-12.694933],[-39.007822,-12.710849],[-39.007346,-12.729493],[-39.044943,-12.734496],[-39.045895,-12.792702],[-39.067787,-12.812711],[-39.075401,-12.851819],[-39.069214,-12.872282],[-39.054937,-12.881831],[-39.026383,-12.939129]]]},"properties":{"cod_ibge":"292060","name":"Maragogipe","uf":"BA"}},
{"type":"Feature","geometry":{"type":"Polygon","coordinates":[[[-40.140962,-12.246105],[-40.177607,-12.226096],[-40.193312,-12.232462],[-40.216155,-12.222913],[-40.285162,-12.216092],[-40.341319,-12.190171],[-40.356548,-12.195174],[-40.402712,-12.165616],[-40.424603,-12.131055],[-40.454586,-12.127417],[-40.455537,-12.110592],[-40.485996,-12.106954],[-40.525496,-12.091493],[-40.548816,-12.094221],[-40.559286,-12.084672],[-40.584985,-12.082853],[-40.724426,-12.107409],[-40.77868,-12.111047],[-40.873386,-12.125598],[-40.89385,-12.154702],[-40.971899,-12.129236],[-40.997122,-12.14879],[-41.040906,-12.147426],[-41.048996,-12.181531],[-41.040906,-12.21109],[-41.015206,-12.242012],[-40.983321,-12.262475],[-40.945248,-12.260656],[-40.875765,-12.265204],[-40.834837,-12.299309],[-40.807234,-12.334779],[-40.777728,-12.382527],[-40.764402,-12.379343],[-40.686353,-12.448464],[-40.597358,-12.453011],[-40.575467,-12.438005],[-40.524068,-12.392531],[-40.503604,-12.354333],[-40.497893,-12.330686],[-40.480761,-12.310678],[-40.461724,-12.315225],[-40.44126,-12.299309],[-40.434597,-12.277482],[-40.413182,-12.277936],[-40.396525,-12.265658],[-40.370826,-12.272934],[-40.35988,-12.257018],[-40.319427,-12.265204],[-40.305626,-12.258383],[-40.212348,-12.282484],[-40.205209,-12.303402],[-40.182842,-12.320227],[-40.168088,-12.352969],[-40.130016,-12.347512],[-40.112407,-12.329322],[-40.132871,-12.300219],[-40.140962,-12.246105]]]},"properties":{"cod_ibge":"292720","name":"Ruy Barbosa","uf":"BA"}},
{"type":"Feature","geometry":{"type":"Polygon","coordinates":[[[-43.221997,-12.690841],[-43.20534,-12.699935],[-43.218189,-12.734496],[-43.287672,-12.840905],[-43.250551,-12.87592],[-43.245316,-12.889562],[-43.2239,-12.887743],[-43.190587,-12.923668],[-43.164888,-12.976417],[-43.15299,-12.976417],[-43.125863,-13.002792],[-43.1192,-13.025984],[-43.091598,-13.038262],[-43.073989,-13.064637],[-43.029254,-13.093286],[-43.010217,-13.086919],[-42.992609,-13.097833],[-42.971669,-13.095559],[-42.913608,-13.156949],[-42.912656,-13.180141],[-42.903614,-13.160133],[-42.910276,-13.138305],[-42.925981,-13.12921],[-42.935499,-13.07737],[-42.954536,-13.06009],[-42.974524,-13.027348],[-42.980711,-12.970961],[-42.973096,-12.951861],[-42.93312,-12.931853],[-42.89124,-12.889107],[-42.886957,-12.847726],[-42.887433,-12.796795],[-42.87839,-12.724491],[-42.88886,-12.541686],[-42.911704,-12.5335],[-42.939307,-12.504397],[-42.953108,-12.470746],[-42.927885,-12.448009],[-42.958343,-12.40299],[-42.953584,-12.390712],[-42.970717,-12.37616],[-42.96215,-12.358425],[-42.972144,-12.332505],[-43.036392,-12.330686],[-43.063043,-12.347512],[-43.076844,-12.335688],[-43.086363,-12.312042],[-43.113489,-12.315225],[-43.119676,-12.327958],[-43.203912,-12.352969],[-43.252931,-12.381162],[-43.258166,-12.430729],[-43.206768,-12.543505],[-43.206292,-12.590343],[-43.187731,-12.619901],[-43.201057,-12.674015],[-43.221997,-12.690841]]]},"properties":{"cod_ibge":"292370","name":"Paratinga","uf":"BA"}},
{"type":"Feature","geometry":{"type":"Polygon","coordinates":[[[-37.951304,-11.934153],[-37.925605,-11.958254],[-37.902285,-11.967803],[-37.882773,-11.963256],[-37.869924,-11.971896],[-37.864689,-12.014187],[-37.874207,-12.086945],[-37.884677,-12.106499],[-37.881345,-12.133329],[-37.888008,-12.15743],[-37.925129,-12.149245],[-37.934647,-12.139695],[-37.952732,-12.190626],[-37.932268,-12.211999],[-37.905141,-12.222913],[-37.87611,-12.208816],[-37.837562,-12.215637],[-37.81329,-12.1929],[-37.797109,-12.189262],[-37.772838,-12.204723],[-37.76094,-12.220639],[-37.769983,-12.238829],[-37.685747,-12.098769],[-37.701452,-12.064208],[-37.732862,-12.040107],[-37.720964,-12.021008],[-37.748091,-12.006456],[-37.74,-11.974625],[-37.762844,-11.965075],[-37.738097,-11.907778],[-37.774742,-11.857302],[-37.794254,-11.847752],[-37.800917,-11.827289],[-37.864213,-11.769537],[-37.838514,-11.759987],[-37.833279,-11.740888],[-37.812814,-11.736795],[-37.83661,-11.734522],[-37.860405,-11.713149],[-37.865164,-11.684046],[-37.894195,-11.690412],[-37.911804,-11.680862],[-37.923225,-11.677224],[-37.988901,-11.73725],[-38.011269,-11.768627],[-38.027925,-11.750892],[-38.02507,-11.732248],[-38.046486,-11.679498],[-38.066474,-11.689048],[-38.111685,-11.732703],[-38.138812,-11.763625],[-38.147379,-11.785907],[-38.142619,-11.802733],[-38.099788,-11.84275],[-38.046486,-11.853209],[-38.031257,-11.850481],[-37.988425,-11.875491],[-37.977003,-11.907778],[-37.951304,-11.934153]]]},"properties":{"cod_ibge":"291060","name":"Esplanada","uf":"BA"}},
{"type":"Feature","geometry":{"type":"Polygon","coordinates":[[[-41.215564,-13.909999],[-41.222227,-13.814049],[-41.234601,-13.790403],[-41.241739,-13.739472],[-41.232221,-13.714006],[-41.217468,-13.705366],[-41.249354,-13.718099],[-41.285047,-13.682174],[-41.298372,-13.703547],[-41.327879,-13.700364],[-41.372138,-13.671715],[-41.432103,-13.668532],[-41.474459,-13.660347],[-41.510628,-13.665349],[-41.608189,-13.660347],[-41.577731,-13.726739],[-41.57202,-13.757661],[-41.538706,-13.771303],[-41.542038,-13.802681],[-41.523477,-13.816777],[-41.517291,-13.834967],[-41.516815,-13.869073],[-41.493971,-13.916366],[-41.480646,-13.940467],[-41.463989,-14.000038],[-41.417826,-14.029596],[-41.409259,-14.042329],[-41.376897,-14.045057],[-41.318361,-14.085529],[-41.280288,-14.07416],[-41.288854,-14.059154],[-41.286951,-14.030051],[-41.296945,-14.003676],[-41.278384,-13.96184],[-41.279336,-13.920004],[-41.267914,-13.903178],[-41.243643,-13.893174],[-41.215564,-13.909999]]]},"properties":{"cod_ibge":"291720","name":"Ituaçu","uf":"BA"}},
{"type":"Feature","geometry":{"type":"Polygon","coordinates":[[[-38.273019,-11.963711],[-38.191162,-11.910051],[-38.191638,-11.88686],[-38.202108,-11.891862],[-38.240657,-11.876855],[-38.295386,-11.866396],[-38.310139,-11.839112],[-38.29491,-11.827289],[-38.282537,-11.791819],[-38.29729,-11.769991],[-38.277302,-11.752257],[-38.264928,-11.709511],[-38.280157,-11.668584],[-38.301573,-11.635843],[-38.301573,-11.626294],[-38.338218,-11.593098],[-38.356303,-11.589914],[-38.397707,-11.557628],[-38.425309,-11.565813],[-38.424834,-11.593552],[-38.441966,-11.606285],[-38.441014,-11.633569],[-38.427689,-11.65085],[-38.428641,-11.697688],[-38.434828,-11.724972],[-38.541907,-11.75453],[-38.5776,-11.800914],[-38.579028,-11.839112],[-38.589022,-11.852299],[-38.604727,-11.904595],[-38.597113,-11.953252],[-38.569986,-11.961437],[-38.520491,-11.935972],[-38.474804,-11.949159],[-38.464334,-11.936426],[-38.440063,-11.93097],[-38.410556,-11.937336],[-38.386761,-11.931879],[-38.373911,-11.960073],[-38.348688,-11.969168],[-38.309664,-11.955526],[-38.273019,-11.963711]]]},"properties":{"cod_ibge":"291370","name":"Inhambupe","uf":"BA"}},
{"type":"Feature","geometry":{"type":"Polygon","coordinates":[[[-39.465171,-13.367494],[-39.470406,-13.34794],[-39.470882,-13.306559],[-39.451845,-13.301557],[-39.426146,-13.266087],[-39.43852,-13.236984],[-39.436616,-13.211518],[-39.447086,-13.186507],[-39.466598,-13.20015],[-39.489918,-13.175594],[-39.525611,-13.180596],[-39.537509,-13.249262],[-39.54322,-13.337936],[-39.553214,-13.361582],[-39.550834,-13.381136],[-39.559877,-13.422063],[-39.589859,-13.426156],[-39.601281,-13.456623],[-39.598425,-13.47072],[-39.569395,-13.477541],[-39.546075,-13.450257],[-39.488014,-13.402054],[-39.484683,-13.380227],[-39.465171,-13.367494]]]},"properties":{"cod_ibge":"292240","name":"Mutuípe","uf":"BA"}},
{"type":"Feature","geometry":{"type":"Polygon","coordinates":[[[-42.360125,-11.714058],[-42.136448,-11.741343],[-42.086002,-11.736795],[-42.068869,-11.72861],[-42.036507,-11.72861],[-41.988916,-11.742707],[-41.967025,-11.761806],[-41.970832,-11.801369],[-41.942753,-11.805006],[-41.937994,-11.788181],[-41.911343,-11.759532],[-41.923717,-11.738614],[-41.928952,-11.673132],[-41.978446,-11.625384],[-42.043646,-11.57127],[-42.044598,-11.552171],[-42.06649,-11.58855],[-42.086002,-11.541712],[-42.084098,-11.528524],[-42.120267,-11.51943],[-42.126454,-11.493964],[-42.164051,-11.480322],[-42.159292,-11.452583],[-42.159768,-11.404835],[-42.175473,-11.397104],[-42.180708,-11.345719],[-42.208786,-11.322982],[-42.240196,-11.261137],[-42.32586,-11.286148],[-42.326336,-11.289786],[-42.313962,-11.305247],[-42.300161,-11.346174],[-42.300161,-11.403926],[-42.319673,-11.421206],[-42.335378,-11.455766],[-42.355842,-11.466225],[-42.361553,-11.481231],[-42.329667,-11.57127],[-42.342041,-11.593098],[-42.341089,-11.608104],[-42.353939,-11.63266],[-42.353463,-11.675406],[-42.341565,-11.689957],[-42.360125,-11.714058]]]},"properties":{"cod_ibge":"291240","name":"Ibipeba","uf":"BA"}},
{"type":"Feature","geometry":{"type":"Polygon","coordinates":[[[-44.794876,-13.825872],[-44.767273,-13.840424],[-44.749189,-13.866344],[-44.730628,-13.869527],[-44.712068,-13.889081],[-44.670664,-13.889081],[-44.517897,-14.00413],[-44.467927,-14.034143],[-44.379407,-14.044602],[-44.352757,-14.047786],[-44.316112,-14.044148],[-44.277087,-14.031415],[-44.268997,-14.005495],[-44.249484,-13.98776],[-44.252816,-13.971844],[-44.229496,-13.958202],[-44.219502,-13.941831],[-44.195231,-13.92637],[-44.178098,-13.947743],[-44.161917,-13.947288],[-44.107188,-13.985031],[-44.111471,-13.952745],[-44.093862,-13.914547],[-44.065783,-13.944559],[-44.036753,-13.904088],[-44.040084,-13.878167],[-44.012958,-13.853611],[-44.019144,-13.808592],[-44.029138,-13.792676],[-44.062928,-13.758116],[-44.144308,-13.689905],[-44.180002,-13.683993],[-44.188092,-13.658073],[-44.23949,-13.588498],[-44.24996,-13.51392],[-44.260906,-13.509373],[-44.284226,-13.533474],[-44.285178,-13.555302],[-44.314684,-13.564397],[-44.327058,-13.581222],[-44.35704,-13.595319],[-44.379407,-13.595319],[-44.422239,-13.620784],[-44.452222,-13.624877],[-44.466499,-13.643976],[-44.500288,-13.656709],[-44.501716,-13.666258],[-44.549307,-13.676263],[-44.558825,-13.670806],[-44.586904,-13.683993],[-44.598802,-13.702183],[-44.631639,-13.714461],[-44.649248,-13.729922],[-44.66876,-13.727194],[-44.701598,-13.754023],[-44.798683,-13.799952],[-44.794876,-13.825872]]]},"properties":{"cod_ibge":"290910","name":"Coribe","uf":"BA"}},
{"type":"Feature","geometry":{"type":"Polygon","coordinates":[[[-38.97784,-11.815466],[-38.935484,-11.838203],[-38.928345,-11.872308],[-38.91502,-11.899592],[-38.900743,-11.881858],[-38.876471,-11.822741],[-38.868857,-11.81592],[-38.833639,-11.77272],[-38.841254,-11.740433],[-38.873616,-11.714058],[-38.872188,-11.699052],[-38.890273,-11.696778],[-38.897887,-11.722244],[-38.934056,-11.730429],[-38.935484,-11.740433],[-38.98593,-11.753621],[-38.985454,-11.79091],[-38.97784,-11.815466]]]},"properties":{"cod_ibge":"291910","name":"Lamarão","uf":"BA"}},
{"type":"Feature","geometry":{"type":"Polygon","coordinates":[[[-38.546666,-10.56402],[-38.506214,-10.589031],[-38.481943,-10.60904],[-38.437207,-10.60904],[-38.398183,-10.632686],[-38.296338,-10.650876],[-38.268259,-10.674522],[-38.274922,-10.639962],[-38.277302,-10.59085],[-38.288248,-10.567658],[-38.283964,-10.5381],[-38.250651,-10.524913],[-38.237325,-10.509451],[-38.235898,-10.491717],[-38.219717,-10.47671],[-38.249223,-10.45943],[-38.295386,-10.476255],[-38.304904,-10.471253],[-38.366773,-10.476255],[-38.382002,-10.466251],[-38.414839,-10.463068],[-38.429117,-10.450335],[-38.45196,-10.444878],[-38.470045,-10.453973],[-38.484798,-10.448516],[-38.506214,-10.408954],[-38.502883,-10.377122],[-38.542859,-10.3462],[-38.579028,-10.333467],[-38.643752,-10.364389],[-38.634234,-10.415775],[-38.62186,-10.438512],[-38.639469,-10.453064],[-38.632806,-10.467161],[-38.656125,-10.484895],[-38.628523,-10.513999],[-38.612818,-10.546285],[-38.5776,-10.529915],[-38.569986,-10.545376],[-38.546666,-10.56402]]]},"properties":{"cod_ibge":"290780","name":"Cícero Dantas","uf":"BA"}},
{"type":"Feature","geometry":{"type":"Polygon","coordinates":[[[-38.560944,-12.63036],[-38.550474,-12.660828],[-38.557136,-12.699026],[-38.533341,-12.727675],[-38.535244,-12.738588],[-38.508594,-12.748138],[-38.503834,-12.779515],[-38.491461,-12.790883],[-38.46243,-12.791338],[-38.448153,-12.762235],[-38.442442,-12.734496],[-38.419599,-12.669013],[-38.399134,-12.660373],[-38.393424,-12.608987],[-38.400086,-12.598983],[-38.430069,-12.609897],[-38.463858,-12.608078],[-38.490033,-12.592617],[-38.503359,-12.59489],[-38.555709,-12.620811],[-38.560944,-12.63036]]]},"properties":{"cod_ibge":"290650","name":"Candeias","uf":"BA"}},
{"type":"Feature","geometry":{"type":"Polygon","coordinates":[[[-40.481712,-11.049228],[-40.389386,-11.061506],[-40.365115,-11.017396],[-40.348458,-10.964646],[-40.327994,-10.967375],[-40.247565,-10.910532],[-40.241378,-10.847323],[-40.267553,-10.843231],[-40.302771,-10.815037],[-40.313717,-10.824132],[-40.347506,-10.80958],[-40.409374,-10.795483],[-40.415561,-10.780931],[-40.445543,-10.752283],[-40.458869,-10.822313],[-40.449827,-10.851416],[-40.462676,-10.867787],[-40.474574,-10.911442],[-40.490279,-10.941455],[-40.457441,-10.95828],[-40.481712,-11.049228]]]},"properties":{"cod_ibge":"292980","name":"Saúde","uf":"BA"}},
{"type":"Feature","geometry":{"type":"Polygon","coordinates":[[[-39.439948,-12.614899],[-39.456604,-12.612625],[-39.486111,-12.596255],[-39.538937,-12.578974],[-39.547027,-12.559875],[-39.577485,-12.550326],[-39.606516,-12.575791],[-39.619365,-12.598074],[-39.63507,-12.583067],[-39.661245,-12.613535],[-39.670763,-12.634907],[-39.651251,-12.668104],[-39.660293,-12.693114],[-39.646968,-12.729493],[-39.634118,-12.740407],[-39.658866,-12.762235],[-39.674095,-12.754959],[-39.678854,-12.887288],[-39.666004,-12.915482],[-39.63745,-12.930034],[-39.622697,-12.913209],[-39.604612,-12.8932],[-39.590335,-12.905023],[-39.554642,-12.886379],[-39.533226,-12.882741],[-39.475641,-12.854092],[-39.475641,-12.853638],[-39.502768,-12.812711],[-39.497057,-12.739498],[-39.470406,-12.71767],[-39.466598,-12.699026],[-39.435188,-12.675834],[-39.439948,-12.614899]]]},"properties":{"cod_ibge":"292850","name":"Santa Terezinha","uf":"BA"}},
{"type":"Feature","geometry":{"type":"Polygon","coordinates":[[[-41.623418,-11.611287],[-41.622466,-11.557628],[-41.681955,-11.496693],[-41.693853,-11.478503],[-41.70004,-11.411201],[-41.751438,-11.41393],[-41.746679,-11.392102],[-41.784275,-11.384372],[-41.772378,-11.364818],[-41.87803,-11.361635],[-41.882789,-11.372548],[-41.942753,-11.381189],[-41.941325,-11.415294],[-41.921813,-11.44849],[-41.872795,-11.4926],[-41.84186,-11.54444],[-41.787131,-11.624475],[-41.771426,-11.664492],[-41.775709,-11.682681],[-41.738588,-11.664946],[-41.670057,-11.617653],[-41.643882,-11.609468],[-41.623418,-11.611287]]]},"properties":{"cod_ibge":"291915","name":"Lapão","uf":"BA"}},
{"type":"Feature","geometry":{"type":"Polygon","coordinates":[[[-38.332507,-12.812256],[-38.326796,-12.802252],[-38.345357,-12.761325],[-38.346309,-12.738588],[-38.365821,-12.710849],[-38.375815,-12.677198],[-38.399134,-12.660373],[-38.419599,-12.669013],[-38.442442,-12.734496],[-38.448153,-12.762235],[-38.46243,-12.791338],[-38.463858,-12.829536],[-38.441014,-12.839541],[-38.415791,-12.866825],[-38.390092,-12.853638],[-38.387713,-12.834538],[-38.373911,-12.824079],[-38.352495,-12.810892],[-38.332507,-12.812256]]]},"properties":{"cod_ibge":"293070","name":"Simões Filho","uf":"BA"}},
{"type":"Feature","geometry":{"type":"Polygon","coordinates":[[[-42.347276,-14.195576],[-42.352511,-14.095533],[-42.376306,-13.990034],[-42.360601,-13.977301],[-42.366788,-13.944559],[-42.351083,-13.926825],[-42.359174,-13.910454],[-42.336806,-13.902723],[-42.278269,-13.895902],[-42.271606,-13.888172],[-42.22116,-13.90909],[-42.200696,-13.88226],[-42.179756,-13.867254],[-42.152153,-13.860887],[-42.173569,-13.845881],[-42.189274,-13.854066],[-42.213545,-13.850428],[-42.233058,-13.833603],[-42.251142,-13.801316],[-42.273986,-13.80359],[-42.285408,-13.7854],[-42.334902,-13.772668],[-42.308251,-13.748112],[-42.26542,-13.729013],[-42.22116,-13.699909],[-42.184515,-13.694907],[-42.136924,-13.701273],[-42.136924,-13.684903],[-42.159292,-13.666713],[-42.178804,-13.659892],[-42.192605,-13.668532],[-42.23163,-13.632153],[-42.244004,-13.635336],[-42.257329,-13.607597],[-42.300637,-13.608506],[-42.310631,-13.602595],[-42.334902,-13.623058],[-42.358222,-13.626241],[-42.351559,-13.691269],[-42.387252,-13.696271],[-42.402481,-13.674444],[-42.454831,-13.664894],[-42.47006,-13.675353],[-42.518127,-13.676717],[-42.546682,-13.648524],[-42.558579,-13.653526],[-42.577616,-13.597138],[-42.5957,-13.611235],[-42.60617,-13.60305],[-42.633773,-13.61169],[-42.635677,-13.623058],[-42.67137,-13.627151],[-42.691834,-13.596683],[-42.699924,-13.565761],[-42.719913,-13.562578],[-42.724196,-13.602595],[-42.704684,-13.633062],[-42.688979,-13.679901],[-42.664231,-13.700819],[-42.656141,-13.730377],[-42.61902,-13.759935],[-42.593321,-13.807228],[-42.58761,-13.834512],[-42.558579,-13.85634],[-42.553344,-13.883624],[-42.516699,-13.904542],[-42.510989,-13.920458],[-42.556676,-13.945924],[-42.799865,-14.037326],[-42.783209,-14.073251],[-42.75513,-14.091441],[-42.713726,-14.102809],[-42.697069,-14.077344],[-42.688979,-14.107356],[-42.62949,-14.139643],[-42.602363,-14.140098],[-42.59808,-14.175113],[-42.580947,-14.199214],[-42.586658,-14.238776],[-42.597128,-14.246507],[-42.596176,-14.272882],[-42.619496,-14.296528],[-42.56667,-14.337],[-42.544302,-14.368377],[-42.524314,-14.409759],[-42.504326,-14.380655],[-42.461018,-14.351552],[-42.440554,-14.329724],[-42.431512,-14.304714],[-42.347276,-14.195576]]]},"properties":{"cod_ibge":"290520","name":"Caetité","uf":"BA"}},
{"type":"Feature","geometry":{"type":"Polygon","coordinates":[[[-39.162017,-12.84909],[-39.149643,-12.826353],[-39.119185,-12.817258],[-39.117757,-12.798159],[-39.142028,-12.765418],[-39.144408,-12.741317],[-39.165348,-12.758597],[-39.191523,-12.753595],[-39.219602,-12.787245],[-39.225788,-12.809982],[-39.278138,-12.845452],[-39.297651,-12.821806],[-39.322398,-12.819532],[-39.339055,-12.840905],[-39.340483,-12.868189],[-39.350953,-12.90184],[-39.356188,-12.91912],[-39.326205,-12.977327],[-39.317163,-12.947769],[-39.301934,-12.941857],[-39.27909,-12.951861],[-39.255295,-12.951407],[-39.249108,-12.938674],[-39.223885,-12.939583],[-39.228644,-12.913663],[-39.21627,-12.907297],[-39.221981,-12.88456],[-39.214843,-12.871372],[-39.18486,-12.873191],[-39.162017,-12.84909]]]},"properties":{"cod_ibge":"290830","name":"Conceição do Almeida","uf":"BA"}},
{"type":"Feature","geometry":{"type":"Polygon","coordinates":[[[-41.994151,-14.167382],[-42.144539,-14.159652],[-42.185467,-14.172839],[-42.220684,-14.17193],[-42.22925,-14.199214],[-42.214973,-14.202397],[-42.172617,-14.245598],[-42.186419,-14.260604],[-42.205455,-14.336091],[-42.194033,-14.375199],[-42.231154,-14.377472],[-42.173569,-14.40794],[-42.15025,-14.488884],[-42.070773,-14.447047],[-41.931807,-14.419308],[-41.952747,-14.38975],[-41.950844,-14.371561],[-41.9675,-14.292891],[-41.98035,-14.286979],[-41.968452,-14.233774],[-41.979874,-14.226498],[-41.994151,-14.167382]]]},"properties":{"cod_ibge":"292680","name":"Rio do Antônio","uf":"BA"}},
{"type":"Feature","geometry":{"type":"Polygon","coordinates":[[[-40.127636,-15.907219],[-40.097178,-15.908128],[-40.07481,-15.919951],[-40.06672,-15.959059],[-40.04578,-15.962242],[-40.028171,-15.985434],[-40.004376,-16.001804],[-39.963447,-16.004533],[-39.957737,-15.9918],[-39.914905,-15.999986],[-39.863982,-15.995893],[-39.843518,-15.976794],[-39.871121,-15.952693],[-39.908242,-15.947236],[-39.932989,-15.921315],[-39.94917,-15.895395],[-39.911097,-15.867201],[-39.922043,-15.819454],[-39.913001,-15.803083],[-39.919188,-15.774434],[-39.909194,-15.746695],[-39.930134,-15.709861],[-39.936321,-15.687579],[-39.928706,-15.671663],[-39.889206,-15.635284],[-39.894441,-15.614821],[-39.934417,-15.562071],[-39.95155,-15.567073],[-39.97011,-15.548883],[-39.960592,-15.505683],[-39.946315,-15.481582],[-39.922995,-15.463847],[-39.963923,-15.452478],[-39.964399,-15.429741],[-39.983436,-15.421556],[-40.013894,-15.424284],[-40.031978,-15.436562],[-40.04578,-15.387905],[-40.077666,-15.390634],[-40.092419,-15.398819],[-40.106696,-15.360621],[-40.166185,-15.370625],[-40.146672,-15.38836],[-40.165233,-15.409278],[-40.196167,-15.450659],[-40.188552,-15.473851],[-40.135727,-15.512504],[-40.139058,-15.536605],[-40.133823,-15.596631],[-40.169992,-15.619368],[-40.168564,-15.650745],[-40.184745,-15.68576],[-40.179034,-15.696674],[-40.195215,-15.727596],[-40.198547,-15.759428],[-40.232336,-15.756699],[-40.24233,-15.78262],[-40.235667,-15.803538],[-40.206637,-15.854469],[-40.173799,-15.870385],[-40.159998,-15.908583],[-40.127636,-15.907219]]]},"properties":{"cod_ibge":"291680","name":"Itarantim","uf":"BA"}},
{"type":"Feature","geometry":{"type":"Polygon","coordinates":[[[-38.066474,-11.689048],[-38.048865,-11.649485],[-38.061715,-11.627203],[-38.081703,-11.610378],[-38.117396,-11.617199],[-38.150234,-11.609923],[-38.154993,-11.63175],[-38.199253,-11.634479],[-38.223524,-11.6413],[-38.245892,-11.625384],[-38.274922,-11.647212],[-38.301573,-11.635843],[-38.280157,-11.668584],[-38.264928,-11.709511],[-38.277302,-11.752257],[-38.29729,-11.769991],[-38.282537,-11.791819],[-38.29491,-11.827289],[-38.310139,-11.839112],[-38.295386,-11.866396],[-38.240657,-11.876855],[-38.202108,-11.891862],[-38.191638,-11.88686],[-38.194969,-11.839567],[-38.185927,-11.838203],[-38.200204,-11.791819],[-38.180692,-11.782724],[-38.166415,-11.800459],[-38.142619,-11.802733],[-38.147379,-11.785907],[-38.138812,-11.763625],[-38.111685,-11.732703],[-38.066474,-11.689048]]]},"properties":{"cod_ibge":"290190","name":"Aporá","uf":"BA"}},
{"type":"Feature","geometry":{"type":"Polygon","coordinates":[[[-43.640321,-13.184688],[-43.618905,-13.175594],[-43.61129,-13.153766],[-43.591302,-13.14649],[-43.545615,-13.151038],[-43.516584,-13.128755],[-43.489933,-13.136941],[-43.463283,-13.133303],[-43.452813,-13.095105],[-43.460427,-13.063273],[-43.45424,-13.039626],[-43.420927,-13.01598],[-43.406174,-12.99779],[-43.409505,-12.980965],[-43.399987,-12.931853],[-43.40427,-12.895019],[-43.394752,-12.873191],[-43.360486,-12.868189],[-43.345733,-12.855002],[-43.347161,-12.821351],[-43.332884,-12.793157],[-43.305281,-12.761325],[-43.280058,-12.74359],[-43.253883,-12.703573],[-43.221997,-12.690841],[-43.229135,-12.685838],[-43.233419,-12.639455],[-43.239129,-12.63036],[-43.44377,-12.551235],[-43.536573,-12.636726],[-43.551326,-12.862732],[-43.549422,-12.886379],[-43.571314,-12.914573],[-43.659833,-12.936855],[-43.686484,-12.933217],[-43.681725,-13.116023],[-43.646508,-13.136941],[-43.63461,-13.171956],[-43.640321,-13.184688]]]},"properties":{"cod_ibge":"293075","name":"Sítio do Mato","uf":"BA"}},
{"type":"Feature","geometry":{"type":"Polygon","coordinates":[[[-40.06434,-17.263254],[-40.076714,-17.273713],[-40.09575,-17.259616],[-40.131443,-17.246429],[-40.163329,-17.249157],[-40.196643,-17.229603],[-40.217583,-17.247338],[-40.281355,-17.246429],[-40.298012,-17.259616],[-40.340367,-17.265073],[-40.390814,-17.263254],[-40.547864,-17.283717],[-40.572135,-17.294631],[-40.594979,-17.323734],[-40.604497,-17.356021],[-40.599262,-17.391946],[-40.622581,-17.403314],[-40.597358,-17.420594],[-40.57737,-17.413773],[-40.554051,-17.435601],[-40.519785,-17.447424],[-40.520737,-17.458338],[-40.495514,-17.486531],[-40.48314,-17.48835],[-40.463152,-17.499264],[-40.439357,-17.483803],[-40.427935,-17.488805],[-40.414133,-17.465159],[-40.391766,-17.453335],[-40.353217,-17.450152],[-40.339416,-17.406042],[-40.313241,-17.415592],[-40.267553,-17.416047],[-40.257083,-17.409226],[-40.220914,-17.409226],[-40.218059,-17.435146],[-40.188552,-17.432417],[-40.156191,-17.44606],[-40.11907,-17.447879],[-40.097654,-17.457428],[-40.056726,-17.46243],[-40.031502,-17.478346],[-39.968207,-17.458338],[-39.936321,-17.464704],[-39.933465,-17.433782],[-39.972966,-17.380122],[-39.986767,-17.378303],[-40.008659,-17.351019],[-40.01437,-17.329191],[-40.04578,-17.309183],[-40.06434,-17.263254]]]},"properties":{"cod_ibge":"292110","name":"Medeiros Neto","uf":"BA"}},
{"type":"Feature","geometry":{"type":"Polygon","coordinates":[[[-44.992854,-11.362089],[-44.990951,-11.346628],[-44.959065,-11.312523],[-44.950498,-11.292514],[-44.958589,-11.268868],[-44.959541,-11.214754],[-44.941932,-11.201111],[-44.977149,-11.188833],[-44.98286,-11.159275],[-45.008559,-11.121532],[-44.959541,-11.069691],[-44.977625,-11.034676],[-44.970011,-11.004664],[-44.980481,-10.969194],[-44.965252,-10.937362],[-44.944787,-10.919172],[-44.972866,-10.892343],[-45.01665,-10.884612],[-45.051391,-10.851416],[-45.082325,-10.839593],[-45.157995,-10.839138],[-45.20511,-10.832772],[-45.219387,-10.817311],[-45.246038,-10.822313],[-45.25746,-10.811854],[-45.268406,-10.776384],[-45.329798,-10.755466],[-45.358352,-10.732274],[-45.369298,-10.679979],[-45.385003,-10.651785],[-45.41451,-10.644964],[-45.437353,-10.615406],[-45.436877,-10.576753],[-45.446396,-10.562201],[-45.439257,-10.522184],[-45.447347,-10.509451],[-45.431166,-10.488533],[-45.400232,-10.463068],[-45.395949,-10.444878],[-45.418317,-10.432146],[-45.428787,-10.413956],[-45.425931,-10.375303],[-45.430215,-10.359387],[-45.456866,-10.338469],[-45.490655,-10.30118],[-45.514451,-10.289812],[-45.522541,-10.276624],[-45.523493,-10.244338],[-45.556806,-10.217053],[-45.57156,-10.181129],[-45.567276,-10.139748],[-45.579174,-10.122013],[-45.60297,-10.107916],[-45.647705,-10.127015],[-45.690061,-10.155209],[-45.723375,-10.155209],[-45.701959,-10.17931],[-45.699103,-10.258435],[-45.726706,-10.312549],[-45.798092,-10.323463],[-45.819984,-10.456247],[-45.870906,-10.503085],[-45.929443,-10.521729],[-45.974655,-10.551742],[-46.060794,-10.600399],[-46.127421,-10.620408],[-46.149789,-10.635869],[-46.160735,-10.659516],[-46.150265,-10.691348],[-46.165018,-10.72227],[-46.192621,-10.742733],[-46.205946,-10.797757],[-46.226411,-10.78275],[-46.260676,-10.811854],[-46.267339,-10.934634],[-46.34158,-10.939181],[-46.466269,-11.13381],[-46.552884,-11.26523],[-46.57668,-11.342081],[-46.57668,-11.361635],[-46.560023,-11.371639],[-46.531468,-11.376641],[-46.523854,-11.463497],[-46.439142,-11.521249],[-46.349671,-11.506242],[-46.250682,-11.53671],[-46.209278,-11.585367],[-46.112668,-11.60583],[-46.109337,-11.559447],[-46.024149,-11.552171],[-46.004637,-11.563994],[-45.993215,-11.541257],[-45.965612,-11.531253],[-45.913262,-11.534436],[-45.873762,-11.523522],[-45.853774,-11.490781],[-45.772869,-11.462132],[-45.720043,-11.459859],[-45.700531,-11.448945],[-45.658651,-11.437122],[-45.648181,-11.442578],[-45.632,-11.493509],[-45.557282,-11.477139],[-45.447347,-11.417568],[-45.38072,-11.383917],[-45.333605,-11.389829],[-45.319328,-11.397104],[-45.275544,-11.398014],[-45.256984,-11.420751],[-45.229857,-11.42257],[-45.198447,-11.414839],[-45.184646,-11.402561],[-45.127061,-11.401652],[-45.078042,-11.394376],[-45.05853,-11.401197],[-45.029499,-11.362089],[-44.992854,-11.362089]]]},"properties":{"cod_ibge":"291110","name":"Formosa do Rio Preto","uf":"BA"}},
{"type":"Feature","geometry":{"type":"Polygon","coordinates":[[[-39.812108,-14.1019],[-39.831145,-14.08371],[-39.808301,-14.076434],[-39.800211,-14.059609],[-39.827813,-14.038691],[-39.843042,-14.017773],[-39.87588,-14.012316],[-39.900627,-14.027322],[-39.913477,-14.063247],[-39.937272,-14.078708],[-39.942983,-14.086438],[-39.949646,-14.151921],[-39.935845,-14.173749],[-39.92014,-14.183298],[-39.889206,-14.138734],[-39.859699,-14.145555],[-39.821627,-14.104173],[-39.812108,-14.1019]]]},"properties":{"cod_ibge":"290060","name":"Aiquara","uf":"BA"}},
{"type":"Feature","geometry":{"type":"Polygon","coordinates":[[[-39.849705,-13.711278],[-39.846374,-13.745383],[-39.824006,-13.749021],[-39.81306,-13.764937],[-39.81306,-13.803135],[-39.803542,-13.814959],[-39.783078,-13.815413],[-39.767849,-13.834512],[-39.78403,-13.849064],[-39.741198,-13.912728],[-39.705029,-13.909544],[-39.694559,-13.89181],[-39.679806,-13.871346],[-39.695511,-13.863161],[-39.700746,-13.835422],[-39.688848,-13.807683],[-39.701697,-13.7854],[-39.740722,-13.775851],[-39.770228,-13.784946],[-39.786409,-13.746747],[-39.847326,-13.723101],[-39.849705,-13.711278]]]},"properties":{"cod_ibge":"290195","name":"Apuarema","uf":"BA"}},
{"type":"Feature","geometry":{"type":"Polygon","coordinates":[[[-40.398428,-14.394298],[-40.314192,-14.426129],[-40.274216,-14.446593],[-40.238047,-14.442045],[-40.190932,-14.462509],[-40.185697,-14.47797],[-40.165709,-14.478879],[-40.127636,-14.487519],[-40.093847,-14.520715],[-40.080045,-14.486155],[-40.059581,-14.486155],[-40.049111,-14.438407],[-40.038165,-14.436134],[-40.040545,-14.387931],[-40.067672,-14.377472],[-40.069575,-14.315173],[-40.098606,-14.302895],[-40.097654,-14.26697],[-40.112883,-14.227863],[-40.136202,-14.246507],[-40.163329,-14.252873],[-40.180938,-14.224225],[-40.195691,-14.239231],[-40.298012,-14.276065],[-40.32609,-14.282432],[-40.353217,-14.274701],[-40.354645,-14.290162],[-40.380344,-14.300166],[-40.375109,-14.274701],[-40.387958,-14.265606],[-40.391766,-14.28425],[-40.412706,-14.281522],[-40.440784,-14.292891],[-40.505032,-14.337455],[-40.426031,-14.383384],[-40.398428,-14.394298]]]},"properties":{"cod_ibge":"290370","name":"Boa Nova","uf":"BA"}},
{"type":"Feature","geometry":{"type":"Polygon","coordinates":[[[-37.934647,-12.139695],[-37.925129,-12.149245],[-37.888008,-12.15743],[-37.881345,-12.133329],[-37.884677,-12.106499],[-37.874207,-12.086945],[-37.864689,-12.014187],[-37.869924,-11.971896],[-37.882773,-11.963256],[-37.902285,-11.967803],[-37.925605,-11.958254],[-37.951304,-11.934153],[-37.979383,-11.940064],[-37.982714,-11.955071],[-38.015076,-12.008275],[-38.008413,-12.045564],[-38.023166,-12.080579],[-37.979383,-12.117413],[-37.934647,-12.139695]]]},"properties":{"cod_ibge":"290700","name":"Cardeal da Silva","uf":"BA"}},
{"type":"Feature","geometry":{"type":"Polygon","coordinates":[[[-39.490394,-14.419763],[-39.364278,-14.450231],[-39.322874,-14.45978],[-39.328585,-14.433405],[-39.324302,-14.392933],[-39.33382,-14.387477],[-39.317639,-14.348824],[-39.290988,-14.31199],[-39.346669,-14.312899],[-39.379507,-14.293345],[-39.408062,-14.310171],[-39.415676,-14.295619],[-39.442327,-14.304259],[-39.462791,-14.324722],[-39.463743,-14.339274],[-39.494677,-14.333817],[-39.549407,-14.34655],[-39.563684,-14.336091],[-39.551786,-14.305623],[-39.573678,-14.298347],[-39.600329,-14.310625],[-39.625552,-14.287434],[-39.650299,-14.282432],[-39.675522,-14.291526],[-39.659342,-14.318811],[-39.676474,-14.324268],[-39.685517,-14.360647],[-39.696462,-14.369742],[-39.590335,-14.395207],[-39.554166,-14.388841],[-39.535605,-14.392933],[-39.526087,-14.412032],[-39.490394,-14.419763]]]},"properties":{"cod_ibge":"290240","name":"Aurelino Leal","uf":"BA"}},
{"type":"Feature","geometry":{"type":"Polygon","coordinates":[[[-39.678854,-12.887288],[-39.674095,-12.754959],[-39.658866,-12.762235],[-39.634118,-12.740407],[-39.646968,-12.729493],[-39.660293,-12.693114],[-39.651251,-12.668104],[-39.670763,-12.634907],[-39.661245,-12.613535],[-39.63507,-12.583067],[-39.640781,-12.568061],[-39.663149,-12.556692],[-39.693607,-12.561694],[-39.727872,-12.552599],[-39.748812,-12.563513],[-39.761662,-12.548962],[-39.791644,-12.557602],[-39.786885,-12.614899],[-39.805922,-12.686293],[-39.797355,-12.704937],[-39.855892,-12.795431],[-39.834,-12.820896],[-39.799259,-12.84136],[-39.784982,-12.838176],[-39.771656,-12.854092],[-39.727397,-12.876829],[-39.712643,-12.862278],[-39.678854,-12.887288]]]},"properties":{"cod_ibge":"291685","name":"Itatim","uf":"BA"}},
{"type":"Feature","geometry":{"type":"Polygon","coordinates":[[[-39.324778,-15.328789],[-39.314783,-15.308326],[-39.288608,-15.315601],[-39.293368,-15.331063],[-39.275283,-15.350616],[-39.253867,-15.341522],[-39.23721,-15.3538],[-39.16392,-15.373808],[-39.13251,-15.374263],[-39.079684,-15.364713],[-39.016388,-15.391088],[-39.007822,-15.375627],[-38.973081,-15.385631],[-38.990689,-15.288317],[-38.9964,-15.219196],[-38.9964,-15.085048],[-39.021148,-15.091414],[-39.033521,-15.105966],[-39.063503,-15.111423],[-39.078257,-15.086412],[-39.119185,-15.057309],[-39.126799,-15.038665],[-39.162968,-15.052762],[-39.186764,-15.05458],[-39.204848,-15.04685],[-39.219602,-15.05549],[-39.249108,-15.054126],[-39.262433,-15.079136],[-39.293368,-15.072315],[-39.306217,-15.0996],[-39.329537,-15.113242],[-39.330013,-15.132796],[-39.314783,-15.158261],[-39.3105,-15.183272],[-39.298603,-15.204645],[-39.307645,-15.233748],[-39.306217,-15.260578],[-39.316211,-15.282405],[-39.333344,-15.291045],[-39.340007,-15.319239],[-39.324778,-15.328789]]]},"properties":{"cod_ibge":"293250","name":"Una","uf":"BA"}},
{"type":"Feature","geometry":{"type":"Polygon","coordinates":[[[-38.310139,-10.280262],[-38.311091,-10.304364],[-38.275398,-10.300726],[-38.256838,-10.324827],[-38.2635,-10.348019],[-38.23209,-10.405771],[-38.21353,-10.409863],[-38.198777,-10.429417],[-38.171174,-10.44124],[-38.149758,-10.457156],[-38.110258,-10.45079],[-38.08789,-10.437602],[-38.058859,-10.435329],[-38.02507,-10.451245],[-38.013648,-10.441695],[-37.978907,-10.434419],[-37.937503,-10.447152],[-37.914659,-10.44215],[-37.915135,-10.428508],[-37.935123,-10.410318],[-37.936075,-10.395312],[-37.979859,-10.400314],[-38.00175,-10.375303],[-38.02269,-10.383488],[-38.041727,-10.363025],[-38.036492,-10.345745],[-38.054576,-10.327555],[-38.05648,-10.289812],[-38.070757,-10.27526],[-38.061715,-10.259799],[-38.065046,-10.236153],[-38.105023,-10.222965],[-38.10645,-10.215689],[-38.125011,-10.227058],[-38.15071,-10.216144],[-38.142619,-10.193862],[-38.166415,-10.183857],[-38.195921,-10.188405],[-38.219241,-10.219327],[-38.246368,-10.232969],[-38.255886,-10.247066],[-38.285868,-10.248431],[-38.303001,-10.257525],[-38.310139,-10.280262]]]},"properties":{"cod_ibge":"293076","name":"Sítio do Quinto","uf":"BA"}},
{"type":"Feature","geometry":{"type":"Polygon","coordinates":[[[-38.990689,-12.595345],[-38.979268,-12.602621],[-38.971653,-12.632179],[-38.995448,-12.639455],[-39.01972,-12.636272],[-39.044467,-12.649004],[-39.053033,-12.686293],[-39.048274,-12.711304],[-39.057793,-12.729948],[-39.044943,-12.734496],[-39.007346,-12.729493],[-39.007822,-12.710849],[-38.965466,-12.694933],[-38.937863,-12.7013],[-38.941671,-12.660373],[-38.953093,-12.647185],[-38.962611,-12.609442],[-38.9964,-12.587614],[-38.990689,-12.595345]]]},"properties":{"cod_ibge":"292900","name":"São Félix","uf":"BA"}},
{"type":"Feature","geometry":{"type":"Polygon","coordinates":[[[-40.455537,-12.110592],[-40.454586,-12.127417],[-40.424603,-12.131055],[-40.402712,-12.165616],[-40.356548,-12.195174],[-40.341319,-12.190171],[-40.285162,-12.216092],[-40.216155,-12.222913],[-40.193312,-12.232462],[-40.177607,-12.226096],[-40.140962,-12.246105],[-40.090515,-12.202904],[-40.050539,-12.196083],[-40.03293,-12.171072],[-40.037689,-12.153338],[-40.050063,-12.125144],[-40.070051,-12.104226],[-40.080045,-12.108318],[-40.161902,-12.100133],[-40.223294,-12.09695],[-40.229957,-12.075122],[-40.266602,-12.060571],[-40.27612,-12.039652],[-40.333705,-11.976898],[-40.385103,-12.028284],[-40.454586,-12.037834],[-40.463152,-12.068756],[-40.444116,-12.094676],[-40.455537,-12.110592]]]},"properties":{"cod_ibge":"291960","name":"Macajuba","uf":"BA"}},
{"type":"Feature","geometry":{"type":"Polygon","coordinates":[[[-40.715384,-9.448997],[-40.767258,-9.445359],[-40.794861,-9.445359],[-40.837692,-9.423077],[-40.862916,-9.393974],[-40.953814,-9.398066],[-41.007592,-9.468096],[-41.004736,-9.491743],[-40.964284,-9.552678],[-40.984272,-9.587238],[-40.974754,-9.608156],[-40.967616,-9.737302],[-40.995694,-9.77732],[-41.030911,-9.803695],[-41.028056,-9.81961],[-41.058038,-9.852806],[-41.066129,-9.878727],[-41.055659,-9.886912],[-41.054231,-9.916015],[-41.032815,-9.915106],[-40.961905,-9.884638],[-40.944296,-9.883274],[-40.927639,-9.898735],[-40.89147,-9.913742],[-40.879096,-9.893278],[-40.863867,-9.889186],[-40.831506,-9.86463],[-40.813897,-9.871451],[-40.78677,-9.850533],[-40.75536,-9.799147],[-40.76821,-9.778229],[-40.762023,-9.745488],[-40.742511,-9.720932],[-40.742511,-9.700014],[-40.759643,-9.677277],[-40.768686,-9.650902],[-40.770113,-9.569503],[-40.742986,-9.517663],[-40.732041,-9.461275],[-40.715384,-9.448997]]]},"properties":{"cod_ibge":"293077","name":"Sobradinho","uf":"BA"}},
{"type":"Feature","geometry":{"type":"Polygon","coordinates":[[[-37.979859,-11.594462],[-38.010317,-11.566268],[-38.039347,-11.546259],[-38.057432,-11.525796],[-38.048389,-11.497147],[-38.080275,-11.465315],[-38.105499,-11.425753],[-38.121204,-11.425753],[-38.141192,-11.408928],[-38.146903,-11.393012],[-38.177837,-11.365727],[-38.212102,-11.351176],[-38.238753,-11.373003],[-38.241133,-11.386645],[-38.263976,-11.423934],[-38.277778,-11.490326],[-38.291579,-11.586731],[-38.301573,-11.626294],[-38.301573,-11.635843],[-38.274922,-11.647212],[-38.245892,-11.625384],[-38.223524,-11.6413],[-38.199253,-11.634479],[-38.154993,-11.63175],[-38.150234,-11.609923],[-38.117396,-11.617199],[-38.081703,-11.610378],[-38.048389,-11.58855],[-38.033636,-11.604011],[-38.001274,-11.603102],[-37.979859,-11.594462]]]},"properties":{"cod_ibge":"290960","name":"Crisópolis","uf":"BA"}},
{"type":"Feature","geometry":{"type":"Polygon","coordinates":[[[-39.900627,-14.027322],[-39.87588,-14.012316],[-39.843042,-14.017773],[-39.827813,-14.038691],[-39.800211,-14.059609],[-39.790692,-14.037326],[-39.793548,-14.011406],[-39.761186,-13.991398],[-39.784506,-13.939103],[-39.827337,-13.924096],[-39.828765,-13.892264],[-39.841139,-13.885443],[-39.831145,-13.852702],[-39.862079,-13.874984],[-39.870169,-13.8909],[-39.939652,-13.894083],[-39.975345,-13.942741],[-39.906814,-14.025958],[-39.900627,-14.027322]]]},"properties":{"cod_ibge":"291830","name":"Jitaúna","uf":"BA"}},
{"type":"Feature","geometry":{"type":"Polygon","coordinates":[[[-44.260906,-13.509373],[-44.24996,-13.51392],[-44.23949,-13.588498],[-44.188092,-13.658073],[-44.180002,-13.683993],[-44.144308,-13.689905],[-44.062928,-13.758116],[-44.029138,-13.792676],[-44.002488,-13.816777],[-43.967746,-13.835422],[-43.949186,-13.79404],[-43.920155,-13.804045],[-43.910161,-13.794495],[-43.901595,-13.761299],[-43.836871,-13.745838],[-43.822118,-13.734469],[-43.814503,-13.708549],[-43.933005,-13.656254],[-43.916824,-13.634427],[-43.878751,-13.604868],[-43.880655,-13.588043],[-43.858763,-13.564397],[-43.835443,-13.521651],[-43.814503,-13.524834],[-43.805937,-13.503461],[-43.821642,-13.489364],[-43.895408,-13.472994],[-43.907782,-13.430703],[-43.891601,-13.381591],[-43.893028,-13.364311],[-43.863522,-13.30383],[-43.857335,-13.261994],[-43.875896,-13.277001],[-43.882083,-13.302921],[-43.911589,-13.293826],[-43.940143,-13.302921],[-43.956324,-13.318837],[-43.972981,-13.307014],[-44.000584,-13.314289],[-44.031994,-13.318382],[-44.027235,-13.336572],[-44.060073,-13.344302],[-44.072446,-13.362492],[-44.115278,-13.369768],[-44.150019,-13.394778],[-44.164297,-13.388412],[-44.194279,-13.394324],[-44.202369,-13.41888],[-44.224737,-13.42752],[-44.244725,-13.437979],[-44.242346,-13.451621],[-44.265665,-13.469356],[-44.260906,-13.509373]]]},"properties":{"cod_ibge":"292905","name":"São Félix do Coribe","uf":"BA"}},
{"type":"Feature","geometry":{"type":"Polygon","coordinates":[[[-39.08016,-13.563487],[-39.09301,-13.536657],[-39.070642,-13.488],[-39.093486,-13.475268],[-39.115378,-13.484362],[-39.142504,-13.474813],[-39.165348,-13.483453],[-39.174866,-13.50619],[-39.189143,-13.512101],[-39.209608,-13.500733],[-39.221981,-13.523015],[-39.265765,-13.521196],[-39.264813,-13.502097],[-39.279566,-13.475722],[-39.302886,-13.485272],[-39.34191,-13.538022],[-39.349049,-13.573491],[-39.359995,-13.623968],[-39.35476,-13.668077],[-39.293843,-13.674898],[-39.263385,-13.686722],[-39.243397,-13.643521],[-39.215318,-13.65489],[-39.2058,-13.638065],[-39.164396,-13.616692],[-39.152023,-13.605323],[-39.116329,-13.595774],[-39.086347,-13.601231],[-39.08016,-13.563487]]]},"properties":{"cod_ibge":"293120","name":"Taperoá","uf":"BA"}},
{"type":"Feature","geometry":{"type":"Polygon","coordinates":[[[-38.988786,-14.217404],[-38.990213,-14.201942],[-38.97784,-14.168292],[-38.97546,-14.142826],[-38.95452,-14.076889],[-38.943098,-14.015044],[-38.943098,-13.997309],[-38.927869,-13.940012],[-38.928821,-13.906816],[-38.951665,-13.872256],[-38.98593,-13.892264],[-39.000683,-13.935919],[-38.986406,-13.972753],[-38.999732,-14.002766],[-39.004967,-14.032324],[-38.98593,-14.041874],[-38.982599,-14.07416],[-39.020672,-14.099626],[-39.052082,-14.108721],[-39.097293,-14.110994],[-39.143456,-14.091441],[-39.167728,-14.1019],[-39.19771,-14.104173],[-39.284801,-14.138279],[-39.346193,-14.148283],[-39.372368,-14.174658],[-39.392833,-14.176022],[-39.443755,-14.200124],[-39.444231,-14.241505],[-39.412821,-14.236048],[-39.32335,-14.254692],[-39.264813,-14.290617],[-39.222457,-14.264242],[-39.204373,-14.271518],[-39.160589,-14.275156],[-39.119185,-14.253328],[-39.073498,-14.245598],[-39.047798,-14.251964],[-39.027334,-14.247417],[-39.019244,-14.229682],[-38.995448,-14.23332],[-38.988786,-14.217404]]]},"properties":{"cod_ibge":"292070","name":"Maraú","uf":"BA"}},
{"type":"Feature","geometry":{"type":"Polygon","coordinates":[[[-41.70004,-11.411201],[-41.640075,-11.394831],[-41.60581,-11.363454],[-41.591532,-11.359361],[-41.570592,-11.322527],[-41.520622,-11.272506],[-41.496351,-11.270687],[-41.451615,-11.243402],[-41.422109,-11.242948],[-41.365476,-11.183831],[-41.368331,-11.142905],[-41.375946,-11.140631],[-41.395458,-11.103342],[-41.395934,-11.076967],[-41.408307,-11.069691],[-41.436862,-11.021944],[-41.434958,-11.006483],[-41.497778,-11.058323],[-41.525381,-11.091974],[-41.565357,-11.096521],[-41.597719,-11.122441],[-41.606761,-11.145178],[-41.633412,-11.139721],[-41.648165,-11.16837],[-41.717172,-11.197473],[-41.740016,-11.223394],[-41.729546,-11.227941],[-41.741444,-11.270687],[-41.732877,-11.332531],[-41.749534,-11.372094],[-41.746679,-11.392102],[-41.751438,-11.41393],[-41.70004,-11.411201]]]},"properties":{"cod_ibge":"291835","name":"João Dourado","uf":"BA"}},
{"type":"Feature","geometry":{"type":"Polygon","coordinates":[[[-39.632215,-17.313275],[-39.617938,-17.283717],[-39.56178,-17.285536],[-39.558925,-17.258252],[-39.483255,-17.272349],[-39.46755,-17.268711],[-39.40711,-17.303726],[-39.401399,-17.29645],[-39.356663,-17.33101],[-39.339531,-17.331465],[-39.332868,-17.351928],[-39.28956,-17.365116],[-39.285277,-17.376484],[-39.254343,-17.401495],[-39.242921,-17.424687],[-39.191523,-17.44606],[-39.217698,-17.334648],[-39.219602,-17.265528],[-39.212939,-17.239608],[-39.211987,-17.161392],[-39.198186,-17.127287],[-39.182005,-17.11228],[-39.180101,-17.079994],[-39.171535,-17.036793],[-39.172011,-17.013147],[-39.155354,-16.980406],[-39.151547,-16.942207],[-39.117281,-16.892641],[-39.141077,-16.896279],[-39.1663,-16.928565],[-39.185336,-16.919016],[-39.23959,-16.918106],[-39.271476,-16.895369],[-39.291464,-16.888093],[-39.339531,-16.89446],[-39.379507,-16.912195],[-39.405206,-16.915378],[-39.441375,-16.904464],[-39.441375,-16.894005],[-39.447562,-16.91083],[-39.44661,-16.951302],[-39.462315,-16.961761],[-39.479448,-16.956304],[-39.489442,-16.99041],[-39.49087,-17.037248],[-39.479924,-17.048617],[-39.49087,-17.084086],[-39.477544,-17.099548],[-39.485159,-17.130925],[-39.499436,-17.140474],[-39.528943,-17.118647],[-39.570347,-17.133653],[-39.567015,-17.150478],[-39.580341,-17.182765],[-39.619365,-17.22642],[-39.621269,-17.247793],[-39.636022,-17.269166],[-39.632215,-17.313275]]]},"properties":{"cod_ibge":"292550","name":"Prado","uf":"BA"}},
{"type":"Feature","geometry":{"type":"Polygon","coordinates":[[[-38.774627,-10.62541],[-38.740361,-10.606766],[-38.728939,-10.586757],[-38.705144,-10.56493],[-38.700861,-10.505814],[-38.679921,-10.487169],[-38.656125,-10.484895],[-38.632806,-10.467161],[-38.639469,-10.453064],[-38.62186,-10.438512],[-38.634234,-10.415775],[-38.643752,-10.364389],[-38.579028,-10.333467],[-38.581408,-10.304818],[-38.882182,-10.270258],[-39.077305,-10.380305],[-39.18486,-10.256161],[-39.182957,-10.275715],[-39.167728,-10.297997],[-39.184384,-10.30982],[-39.172011,-10.328465],[-39.160113,-10.367118],[-39.147739,-10.384853],[-39.143456,-10.408499],[-39.186764,-10.423051],[-39.180101,-10.438967],[-39.156306,-10.444878],[-39.147263,-10.483986],[-39.156306,-10.556744],[-39.165348,-10.57357],[-39.221029,-10.597671],[-39.238638,-10.618589],[-39.236258,-10.636324],[-39.259102,-10.677705],[-39.230548,-10.677705],[-39.052082,-10.632686],[-39.03828,-10.630867],[-39.013057,-10.647238],[-38.950237,-10.654514],[-38.938815,-10.623591],[-38.779386,-10.604492],[-38.774627,-10.62541]]]},"properties":{"cod_ibge":"291070","name":"Euclides da Cunha","uf":"BA"}},
{"type":"Feature","geometry":{"type":"Polygon","coordinates":[[[-39.317639,-13.82951],[-39.288608,-13.843607],[-39.261482,-13.841333],[-39.254819,-13.813594],[-39.23959,-13.815413],[-39.214843,-13.803135],[-39.181529,-13.800407],[-39.175818,-13.784946],[-39.147739,-13.767666],[-39.149167,-13.75175],[-39.124896,-13.718099],[-39.110618,-13.724465],[-39.101576,-13.749021],[-39.070642,-13.759935],[-39.037328,-13.831784],[-39.013533,-13.845881],[-38.972129,-13.842243],[-38.985454,-13.824508],[-39.000208,-13.775851],[-38.98831,-13.716735],[-39.004015,-13.704911],[-39.021623,-13.710368],[-39.066359,-13.692179],[-39.087775,-13.674898],[-39.133462,-13.650797],[-39.179149,-13.668077],[-39.198662,-13.668987],[-39.230072,-13.683993],[-39.232451,-13.697181],[-39.260054,-13.712187],[-39.273379,-13.711732],[-39.287657,-13.736743],[-39.295747,-13.754023],[-39.317639,-13.769939],[-39.317639,-13.82951]]]},"properties":{"cod_ibge":"291730","name":"Ituberá","uf":"BA"}},
{"type":"Feature","geometry":{"type":"Polygon","coordinates":[[[-39.290988,-14.693062],[-39.350001,-14.655773],[-39.35476,-14.660775],[-39.395688,-14.639857],[-39.404254,-14.628489],[-39.449466,-14.613028],[-39.510858,-14.547545],[-39.521328,-14.600295],[-39.524183,-14.647588],[-39.514189,-14.662594],[-39.526087,-14.677146],[-39.533226,-14.742174],[-39.509906,-14.73217],[-39.449466,-14.76582],[-39.430905,-14.733079],[-39.398543,-14.703066],[-39.375224,-14.701702],[-39.343338,-14.723984],[-39.290988,-14.693062]]]},"properties":{"cod_ibge":"291550","name":"Itajuípe","uf":"BA"}},
{"type":"Feature","geometry":{"type":"Polygon","coordinates":[[[-38.089794,-10.147933],[-38.044106,-10.141112],[-38.017931,-10.123377],[-37.965105,-10.146569],[-37.952732,-10.16112],[-37.917039,-10.16203],[-37.881345,-10.187041],[-37.836134,-10.229786],[-37.792826,-10.247066],[-37.781404,-10.275715],[-37.768555,-10.289357],[-37.749994,-10.288902],[-37.747139,-10.237971],[-37.765699,-10.196135],[-37.782356,-10.185676],[-37.775218,-10.15339],[-37.779501,-10.133381],[-37.801869,-10.112918],[-37.782832,-10.043797],[-37.790923,-10.032884],[-37.813766,-10.032429],[-37.833279,-10.019241],[-37.852315,-9.990593],[-37.862785,-9.988774],[-37.908948,-9.940117],[-37.902285,-9.918744],[-37.912279,-9.918289],[-37.944641,-9.942845],[-37.975099,-9.936933],[-38.003654,-9.904647],[-38.029829,-9.90783],[-38.083131,-9.896916],[-38.102167,-9.883729],[-38.115969,-9.921472],[-38.14024,-9.941026],[-38.099788,-9.967401],[-38.10883,-10.002871],[-38.08789,-10.046981],[-38.079799,-10.087452],[-38.086462,-10.102004],[-38.089794,-10.147933]]]},"properties":{"cod_ibge":"292420","name":"Pedro Alexandre","uf":"BA"}},
{"type":"Feature","geometry":{"type":"Polygon","coordinates":[[[-38.811272,-12.917756],[-38.794139,-12.949588],[-38.751307,-12.966868],[-38.732271,-12.948224],[-38.722753,-12.924577],[-38.708475,-12.901385],[-38.705144,-12.871372],[-38.720849,-12.856366],[-38.698481,-12.800433],[-38.801753,-12.838631],[-38.800802,-12.852728],[-38.820314,-12.889107],[-38.811272,-12.917756]]]},"properties":{"cod_ibge":"292730","name":"Salinas da Margarida","uf":"BA"}},
{"type":"Feature","geometry":{"type":"Polygon","coordinates":[[[-40.15048,-13.337026],[-40.07719,-13.333843],[-40.061485,-13.343393],[-40.04578,-13.31338],[-39.997237,-13.31247],[-39.982008,-13.325658],[-39.975821,-13.314744],[-39.962972,-13.302921],[-39.933941,-13.292007],[-39.913477,-13.258811],[-39.922519,-13.237893],[-39.944411,-13.215156],[-39.984863,-13.167408],[-39.999141,-13.161042],[-40.05387,-13.114204],[-40.120497,-13.121025],[-40.151907,-13.106928],[-40.142389,-13.152402],[-40.153335,-13.172865],[-40.136678,-13.2338],[-40.13763,-13.290188],[-40.156667,-13.312016],[-40.15048,-13.337026]]]},"properties":{"cod_ibge":"291420","name":"Irajuba","uf":"BA"}},
{"type":"Feature","geometry":{"type":"Polygon","coordinates":[[[-42.069345,-9.257551],[-42.095044,-9.27847],[-42.134545,-9.28711],[-42.17928,-9.285291],[-42.206407,-9.292566],[-42.225919,-9.283472],[-42.238293,-9.285745],[-42.268751,-9.310301],[-42.315866,-9.316668],[-42.32586,-9.333493],[-42.35727,-9.352592],[-42.364885,-9.38215],[-42.418662,-9.409435],[-42.42818,-9.439902],[-42.448645,-9.461275],[-42.481482,-9.459001],[-42.491,-9.46946],[-42.492904,-9.494926],[-42.514796,-9.501747],[-42.554772,-9.49629],[-42.590465,-9.498564],[-42.602839,-9.516753],[-42.619496,-9.53949],[-42.68993,-9.545857],[-42.688503,-9.563137],[-42.709443,-9.58451],[-42.718009,-9.652266],[-42.706587,-9.645445],[-42.685647,-9.659542],[-42.663755,-9.714565],[-42.663755,-9.735483],[-42.618544,-9.721387],[-42.590465,-9.745033],[-42.523362,-9.812335],[-42.506705,-9.858718],[-42.476247,-9.876908],[-42.452452,-9.872815],[-42.433891,-9.887367],[-42.404861,-9.895097],[-42.392963,-9.914196],[-42.355366,-9.910104],[-42.3468,-9.924655],[-42.31301,-9.944209],[-42.226395,-10.028791],[-42.216877,-10.016968],[-42.199268,-9.971948],[-42.162623,-9.941026],[-42.158816,-9.923291],[-42.119315,-9.888276],[-42.097424,-9.833707],[-42.07458,-9.80324],[-42.080767,-9.733665],[-42.041266,-9.670001],[-41.992248,-9.666363],[-41.963217,-9.687281],[-41.932283,-9.689555],[-41.903253,-9.704561],[-41.875174,-9.436264],[-41.85471,-9.240726],[-41.870415,-9.237543],[-41.901825,-9.257551],[-41.921813,-9.278924],[-41.97226,-9.248457],[-41.999862,-9.266192],[-42.018899,-9.25073],[-42.069345,-9.257551]]]},"properties":{"cod_ibge":"292600","name":"Remanso","uf":"BA"}},
{"type":"Feature","geometry":{"type":"Polygon","coordinates":[[[-40.550719,-15.0373],[-40.524544,-15.035936],[-40.513122,-15.055945],[-40.466007,-15.031389],[-40.446019,-15.042757],[-40.424127,-15.03821],[-40.416989,-15.080046],[-40.35988,-15.103692],[-40.337988,-15.100964],[-40.330373,-15.08232],[-40.302295,-15.088231],[-40.264222,-15.073225],[-40.251848,-15.050033],[-40.232812,-15.031389],[-40.206161,-15.025477],[-40.18189,-15.010016],[-40.155239,-15.010016],[-40.139534,-15.024568],[-40.138582,-15.008197],[-40.299915,-14.960449],[-40.293728,-14.933165],[-40.311337,-14.901788],[-40.364163,-14.911792],[-40.373205,-14.874958],[-40.390338,-14.858587],[-40.408898,-14.852676],[-40.434122,-14.919523],[-40.501225,-14.977729],[-40.550719,-15.0373]]]},"properties":{"cod_ibge":"290480","name":"Caatiba","uf":"BA"}},
{"type":"Feature","geometry":{"type":"Polygon","coordinates":[[[-38.616625,-11.162004],[-38.481467,-11.163368],[-38.460527,-11.148816],[-38.445298,-11.169734],[-38.436731,-11.158821],[-38.437683,-11.117894],[-38.474804,-11.088791],[-38.505738,-11.053776],[-38.51716,-11.058323],[-38.531437,-11.035131],[-38.558088,-11.02058],[-38.593781,-11.020125],[-38.576649,-11.061961],[-38.556184,-11.076058],[-38.569034,-11.096066],[-38.55904,-11.127443],[-38.572841,-11.14154],[-38.610914,-11.136993],[-38.616625,-11.162004]]]},"properties":{"cod_ibge":"290790","name":"Cipó","uf":"BA"}},
{"type":"Feature","geometry":{"type":"Polygon","coordinates":[[[-40.131443,-17.246429],[-40.139058,-17.231877],[-40.126208,-17.187312],[-40.152859,-17.169578],[-40.142389,-17.154116],[-40.150004,-17.135472],[-40.128112,-17.114099],[-40.143341,-17.097274],[-40.180938,-17.078629],[-40.225197,-17.035429],[-40.227577,-17.020423],[-40.248041,-17.017694],[-40.274692,-16.995412],[-40.292301,-17.007235],[-40.352741,-16.987681],[-40.368922,-16.96358],[-40.393669,-16.960397],[-40.397001,-16.9463],[-40.417465,-16.92811],[-40.407947,-16.898552],[-40.433646,-16.887184],[-40.480285,-16.876725],[-40.492182,-16.887184],[-40.496942,-16.917197],[-40.515978,-16.962671],[-40.543581,-16.982679],[-40.555478,-17.013602],[-40.559762,-17.041795],[-40.571659,-17.065897],[-40.556906,-17.089543],[-40.562141,-17.123194],[-40.578798,-17.149569],[-40.572611,-17.18231],[-40.554051,-17.189131],[-40.561665,-17.20914],[-40.55881,-17.231422],[-40.571183,-17.252795],[-40.547864,-17.283717],[-40.390814,-17.263254],[-40.340367,-17.265073],[-40.298012,-17.259616],[-40.281355,-17.246429],[-40.217583,-17.247338],[-40.196643,-17.229603],[-40.163329,-17.249157],[-40.131443,-17.246429]]]},"properties":{"cod_ibge":"291600","name":"Itanhém","uf":"BA"}},
{"type":"Feature","geometry":{"type":"Polygon","coordinates":[[[-42.955012,-14.396117],[-42.929313,-14.422946],[-42.929313,-14.438862],[-42.890764,-14.500252],[-42.871252,-14.508892],[-42.835559,-14.561642],[-42.752274,-14.412487],[-42.709443,-14.388386],[-42.704684,-14.365194],[-42.716581,-14.354735],[-42.712774,-14.324722],[-42.747515,-14.311535],[-42.751323,-14.296528],[-42.881246,-14.321539],[-42.903138,-14.340638],[-42.925505,-14.341548],[-42.955012,-14.396117]]]},"properties":{"cod_ibge":"290660","name":"Candiba","uf":"BA"}},
{"type":"Feature","geometry":{"type":"Polygon","coordinates":[[[-38.638041,-12.476658],[-38.676589,-12.413904],[-38.654222,-12.389348],[-38.656125,-12.372977],[-38.775103,-12.364337],[-38.795091,-12.369339],[-38.814127,-12.380253],[-38.78938,-12.422089],[-38.773199,-12.430274],[-38.742265,-12.47302],[-38.721325,-12.481205],[-38.656125,-12.484388],[-38.644228,-12.513037],[-38.638041,-12.476658]]]},"properties":{"cod_ibge":"290110","name":"Amélia Rodrigues","uf":"BA"}},
{"type":"Feature","geometry":{"type":"Polygon","coordinates":[[[-43.712183,-14.715799],[-43.676966,-14.729441],[-43.656978,-14.745812],[-43.615098,-14.759909],[-43.586067,-14.749905],[-43.573693,-14.765366],[-43.541808,-14.779008],[-43.530862,-14.815387],[-43.420927,-14.496614],[-43.373812,-14.361556],[-43.456144,-14.166018],[-43.480891,-14.176477],[-43.569886,-14.181934],[-43.578928,-14.237412],[-43.575121,-14.283796],[-43.596061,-14.285615],[-43.69743,-14.348824],[-43.71599,-14.401573],[-43.69743,-14.422037],[-43.672683,-14.494795],[-43.663164,-14.500707],[-43.673158,-14.53845],[-43.63223,-14.571646],[-43.649363,-14.629853],[-43.659357,-14.645769],[-43.657929,-14.674872],[-43.675538,-14.689879],[-43.691243,-14.715344],[-43.712183,-14.715799]]]},"properties":{"cod_ibge":"291733","name":"Iuiu","uf":"BA"}},
{"type":"Feature","geometry":{"type":"Polygon","coordinates":[[[-38.214482,-10.724998],[-38.202108,-10.709537],[-38.176885,-10.705444],[-38.144999,-10.718177],[-38.130246,-10.579027],[-38.149758,-10.457156],[-38.186879,-10.481712],[-38.207343,-10.469889],[-38.219717,-10.47671],[-38.235898,-10.491717],[-38.237325,-10.509451],[-38.250651,-10.524913],[-38.283964,-10.5381],[-38.288248,-10.567658],[-38.277302,-10.59085],[-38.274922,-10.639962],[-38.268259,-10.674522],[-38.246368,-10.709537],[-38.214482,-10.724998]]]},"properties":{"cod_ibge":"291075","name":"Fátima","uf":"BA"}},
{"type":"Feature","geometry":{"type":"Polygon","coordinates":[[[-41.557267,-11.558992],[-41.544417,-11.542621],[-41.510152,-11.529889],[-41.497302,-11.505333],[-41.485405,-11.504423],[-41.45685,-11.469863],[-41.431151,-11.448945],[-41.4045,-11.445762],[-41.386891,-11.390283],[-41.388795,-11.361635],[-41.37309,-11.331622],[-41.378801,-11.303428],[-41.366903,-11.29024],[-41.372138,-11.269777],[-41.355957,-11.227941],[-41.365951,-11.213844],[-41.365476,-11.183831],[-41.422109,-11.242948],[-41.451615,-11.243402],[-41.496351,-11.270687],[-41.520622,-11.272506],[-41.570592,-11.322527],[-41.591532,-11.359361],[-41.60581,-11.363454],[-41.640075,-11.394831],[-41.70004,-11.411201],[-41.693853,-11.478503],[-41.681955,-11.496693],[-41.622466,-11.557628],[-41.623418,-11.611287],[-41.592484,-11.613561],[-41.568213,-11.585367],[-41.557267,-11.558992]]]},"properties":{"cod_ibge":"290115","name":"América Dourada","uf":"BA"}},
{"type":"Feature","geometry":{"type":"Polygon","coordinates":[[[-39.469454,-16.094572],[-39.492773,-16.083203],[-39.510382,-16.096845],[-39.523708,-16.120492],[-39.54322,-16.115944],[-39.595094,-16.153688],[-39.753096,-16.197343],[-39.831621,-16.23736],[-39.845422,-16.235541],[-39.863982,-16.252821],[-39.842567,-16.295112],[-39.818771,-16.321032],[-39.778795,-16.354228],[-39.755951,-16.393791],[-39.772608,-16.415618],[-39.754523,-16.451543],[-39.72121,-16.441538],[-39.735011,-16.471096],[-39.740722,-16.503383],[-39.698366,-16.547948],[-39.698366,-16.512478],[-39.681233,-16.503838],[-39.651251,-16.505202],[-39.642685,-16.487922],[-39.608419,-16.468823],[-39.547979,-16.477918],[-39.518948,-16.495198],[-39.505147,-16.443812],[-39.482779,-16.407433],[-39.456604,-16.391972],[-39.441851,-16.326489],[-39.43852,-16.282834],[-39.395688,-16.282379],[-39.391881,-16.264644],[-39.420435,-16.232813],[-39.402827,-16.098209],[-39.412345,-16.082748],[-39.432809,-16.076837],[-39.469454,-16.094572]]]},"properties":{"cod_ibge":"291072","name":"Eunápolis","uf":"BA"}},
{"type":"Feature","geometry":{"type":"Polygon","coordinates":[[[-39.608895,-11.346174],[-39.56416,-11.401197],[-39.542744,-11.409382],[-39.489918,-11.440305],[-39.489442,-11.476229],[-39.442803,-11.461223],[-39.399495,-11.45713],[-39.290512,-11.371639],[-39.285277,-11.374822],[-39.273379,-11.337533],[-39.310976,-11.367092],[-39.331916,-11.341626],[-39.478972,-11.298881],[-39.499436,-11.29024],[-39.608895,-11.346174]]]},"properties":{"cod_ibge":"293300","name":"Valente","uf":"BA"}},
{"type":"Feature","geometry":{"type":"Polygon","coordinates":[[[-39.178673,-12.588069],[-39.162968,-12.573972],[-39.12204,-12.556237],[-39.057793,-12.540322],[-39.073973,-12.502123],[-39.088727,-12.495757],[-39.127275,-12.498485],[-39.151071,-12.506671],[-39.2058,-12.513037],[-39.22674,-12.546688],[-39.259578,-12.548962],[-39.276711,-12.537593],[-39.318591,-12.547143],[-39.292892,-12.584431],[-39.231975,-12.655371],[-39.211511,-12.64855],[-39.177246,-12.629905],[-39.178673,-12.588069]]]},"properties":{"cod_ibge":"290485","name":"Cabaceiras do Paraguaçu","uf":"BA"}},
{"type":"Feature","geometry":{"type":"Polygon","coordinates":[[[-37.908948,-10.448516],[-37.921322,-10.475346],[-37.911328,-10.486714],[-37.907996,-10.513089],[-37.91799,-10.584029],[-37.983666,-10.638143],[-37.978431,-10.651785],[-38.016504,-10.69544],[-38.042203,-10.700897],[-38.025546,-10.725453],[-37.972244,-10.757285],[-37.945593,-10.756375],[-37.909424,-10.715449],[-37.847556,-10.699078],[-37.814242,-10.669975],[-37.803772,-10.65133],[-37.811387,-10.62541],[-37.806152,-10.600399],[-37.830899,-10.584938],[-37.828995,-10.540374],[-37.815194,-10.517182],[-37.821381,-10.483531],[-37.847556,-10.443514],[-37.890864,-10.441695],[-37.908948,-10.448516]]]},"properties":{"cod_ibge":"292380","name":"Paripiranga","uf":"BA"}},
{"type":"Feature","geometry":{"type":"Polygon","coordinates":[[[-39.229596,-12.38571],[-39.241969,-12.364792],[-39.238162,-12.348421],[-39.245301,-12.323865],[-39.23721,-12.28976],[-39.284325,-12.216092],[-39.292892,-12.186988],[-39.307645,-12.181986],[-39.344766,-12.186079],[-39.340483,-12.197447],[-39.374272,-12.22837],[-39.380935,-12.247469],[-39.408062,-12.266113],[-39.408538,-12.291579],[-39.432333,-12.307494],[-39.430905,-12.328413],[-39.421863,-12.345238],[-39.397116,-12.348876],[-39.393784,-12.387529],[-39.381887,-12.403445],[-39.37332,-12.436186],[-39.360471,-12.419361],[-39.28147,-12.39344],[-39.263861,-12.373432],[-39.246728,-12.387529],[-39.229596,-12.38571]]]},"properties":{"cod_ibge":"291380","name":"Ipecaetá","uf":"BA"}},
{"type":"Feature","geometry":{"type":"Polygon","coordinates":[[[-38.914544,-12.931853],[-38.925014,-12.914573],[-38.94643,-12.901385],[-38.950237,-12.887743],[-38.998304,-12.836812],[-39.051606,-12.837722],[-39.026383,-12.939129],[-39.041612,-12.951407],[-39.025431,-12.983239],[-39.048274,-13.01507],[-39.052558,-13.048266],[-38.994497,-13.054178],[-38.965466,-13.045538],[-38.9569,-13.061909],[-38.929297,-13.009613],[-38.911688,-12.996881],[-38.883134,-12.997335],[-38.893604,-12.960956],[-38.914544,-12.931853]]]},"properties":{"cod_ibge":"292250","name":"Nazaré","uf":"BA"}},
{"type":"Feature","geometry":{"type":"Polygon","coordinates":[[[-42.381065,-13.048266],[-42.35489,-13.034169],[-42.317294,-13.036443],[-42.286835,-13.030986],[-42.264944,-13.003702],[-42.267323,-12.991879],[-42.247335,-12.977327],[-42.212118,-12.983693],[-42.202124,-12.964594],[-42.167858,-12.959592],[-42.195937,-12.922303],[-42.210214,-12.915937],[-42.22354,-12.881377],[-42.224015,-12.862278],[-42.248287,-12.814075],[-42.243052,-12.80589],[-42.264944,-12.726765],[-42.280173,-12.708575],[-42.29683,-12.703573],[-42.326336,-12.714942],[-42.369168,-12.712668],[-42.395343,-12.697207],[-42.419138,-12.697662],[-42.44912,-12.687203],[-42.48291,-12.712213],[-42.517175,-12.711759],[-42.501946,-12.739498],[-42.500994,-12.760871],[-42.510989,-12.775422],[-42.530025,-12.82317],[-42.497663,-12.855457],[-42.499567,-12.867735],[-42.48053,-12.906387],[-42.462922,-12.913209],[-42.458163,-12.940493],[-42.426753,-12.965958],[-42.412951,-13.011887],[-42.413903,-13.025984],[-42.381065,-13.048266]]]},"properties":{"cod_ibge":"291250","name":"Ibipitanga","uf":"BA"}},
{"type":"Feature","geometry":{"type":"Polygon","coordinates":[[[-44.331341,-13.397052],[-44.338479,-13.416151],[-44.378932,-13.410694],[-44.402727,-13.428884],[-44.430806,-13.432067],[-44.455077,-13.417061],[-44.48268,-13.422972],[-44.502668,-13.467082],[-44.511234,-13.511192],[-44.554542,-13.526198],[-44.619266,-13.54075],[-44.642585,-13.529836],[-44.667332,-13.536657],[-44.723966,-13.586224],[-44.892437,-13.671261],[-45.116115,-13.673989],[-45.128012,-13.671261],[-45.155139,-13.69809],[-45.177983,-13.70764],[-45.240803,-13.744928],[-45.274592,-13.739472],[-45.290773,-13.748112],[-45.301719,-13.734469],[-45.336936,-13.721282],[-45.364063,-13.736288],[-45.43545,-13.731286],[-45.480185,-13.738562],[-45.489703,-13.748566],[-45.533011,-13.767666],[-45.597735,-13.764028],[-45.61344,-13.753114],[-45.67388,-13.739472],[-45.702911,-13.749476],[-45.714808,-13.762663],[-45.783815,-13.785855],[-45.815701,-13.81314],[-45.861388,-13.827236],[-45.881376,-13.842698],[-45.90422,-13.874984],[-45.950383,-13.887717],[-45.975131,-13.899085],[-45.993691,-13.92546],[-46.009396,-13.935919],[-46.034619,-13.936829],[-46.047945,-13.951835],[-46.09268,-13.956837],[-46.121711,-13.977301],[-46.168826,-13.979574],[-46.212133,-14.010042],[-46.213085,-14.030505],[-46.226886,-14.04915],[-46.221651,-14.106902],[-46.199284,-14.12691],[-46.18691,-14.153285],[-46.158356,-14.160561],[-46.132181,-14.152831],[-46.116476,-14.161471],[-46.098391,-14.196486],[-46.06127,-14.195576],[-46.052704,-14.204671],[-46.060318,-14.231955],[-46.033191,-14.247871],[-46.029384,-14.259694],[-45.995595,-14.256057],[-45.964185,-14.28425],[-45.957046,-14.321539],[-45.942293,-14.343367],[-45.907076,-14.35519],[-45.931823,-14.408849],[-45.975606,-14.434315],[-46.003685,-14.425675],[-45.999878,-14.446593],[-46.018914,-14.472058],[-45.996071,-14.488429],[-46.004161,-14.514804],[-45.981317,-14.532084],[-45.991311,-14.56528],[-45.985125,-14.578013],[-45.997974,-14.603478],[-45.985125,-14.618939],[-45.991787,-14.66214],[-46.020818,-14.66987],[-46.025101,-14.678056],[-46.005589,-14.688969],[-45.997022,-14.741264],[-46.002733,-14.795833],[-46.018438,-14.81857],[-46.041282,-14.826301],[-46.025101,-14.855859],[-46.039378,-14.875413],[-46.037475,-14.874503],[-45.996071,-14.822663],[-45.964185,-14.81084],[-45.935154,-14.772187],[-45.886136,-14.73126],[-45.859009,-14.6967],[-45.846635,-14.690788],[-45.815701,-14.658047],[-45.800948,-14.649407],[-45.746218,-14.600295],[-45.727658,-14.571192],[-45.683874,-14.547545],[-45.67388,-14.518442],[-45.624861,-14.505254],[-45.608681,-14.47797],[-45.584409,-14.454778],[-45.56109,-14.443864],[-45.541577,-14.414306],[-45.493986,-14.37247],[-45.494938,-14.358373],[-45.417841,-14.316537],[-45.411178,-14.298347],[-45.375009,-14.257421],[-45.333605,-14.246052],[-45.301719,-14.209218],[-45.267454,-14.201942],[-45.240803,-14.174658],[-45.198923,-14.14419],[-45.19226,-14.127365],[-45.135627,-14.113268],[-45.113259,-14.114178],[-45.075662,-14.076434],[-45.048536,-14.073251],[-45.041873,-14.060973],[-45.010463,-14.046421],[-44.95383,-14.033234],[-44.938601,-14.013225],[-44.915757,-14.004585],[-44.906239,-13.975482],[-44.903383,-13.92546],[-44.864835,-13.902723],[-44.843895,-13.876348],[-44.833901,-13.853611],[-44.80725,-13.829055],[-44.794876,-13.825872],[-44.798683,-13.799952],[-44.701598,-13.754023],[-44.66876,-13.727194],[-44.649248,-13.729922],[-44.631639,-13.714461],[-44.598802,-13.702183],[-44.586904,-13.683993],[-44.558825,-13.670806],[-44.549307,-13.676263],[-44.501716,-13.666258],[-44.500288,-13.656709],[-44.466499,-13.643976],[-44.452222,-13.624877],[-44.422239,-13.620784],[-44.379407,-13.595319],[-44.35704,-13.595319],[-44.327058,-13.581222],[-44.314684,-13.564397],[-44.285178,-13.555302],[-44.284226,-13.533474],[-44.260906,-13.509373],[-44.265665,-13.469356],[-44.242346,-13.451621],[-44.244725,-13.437979],[-44.224737,-13.42752],[-44.286129,-13.401145],[-44.31278,-13.404328],[-44.331341,-13.397052]]]},"properties":{"cod_ibge":"291735","name":"Jaborandi","uf":"BA"}},
{"type":"Feature","geometry":{"type":"Polygon","coordinates":[[[-44.296123,-14.253328],[-44.271852,-14.246507],[-44.254243,-14.251964],[-44.209032,-14.246507],[-44.170483,-14.268789],[-44.160489,-14.257876],[-44.13717,-14.264242],[-44.132411,-14.281977],[-44.107188,-14.25924],[-44.045795,-14.283796],[-44.065783,-14.137369],[-44.028663,-14.09326],[-44.086723,-14.020501],[-44.078633,-13.994581],[-44.107188,-13.985031],[-44.161917,-13.947288],[-44.178098,-13.947743],[-44.195231,-13.92637],[-44.219502,-13.941831],[-44.229496,-13.958202],[-44.252816,-13.971844],[-44.249484,-13.98776],[-44.268997,-14.005495],[-44.277087,-14.031415],[-44.316112,-14.044148],[-44.352757,-14.047786],[-44.379407,-14.044602],[-44.390829,-14.075525],[-44.426522,-14.081436],[-44.418908,-14.10099],[-44.427474,-14.134641],[-44.444607,-14.141462],[-44.449842,-14.161016],[-44.439848,-14.1883],[-44.46174,-14.194667],[-44.468402,-14.217404],[-44.451746,-14.22377],[-44.426998,-14.270154],[-44.411769,-14.281522],[-44.361799,-14.272882],[-44.340383,-14.249235],[-44.319919,-14.244233],[-44.296123,-14.253328]]]},"properties":{"cod_ibge":"291077","name":"Feira da Mata","uf":"BA"}},
{"type":"Feature","geometry":{"type":"Polygon","coordinates":[[[-41.699564,-12.995062],[-41.640551,-12.898202],[-41.641979,-12.878194],[-41.630081,-12.86637],[-41.621039,-12.828627],[-41.636744,-12.781334],[-41.615804,-12.759961],[-41.605334,-12.711759],[-41.648641,-12.679472],[-41.845668,-12.676289],[-41.897542,-12.684474],[-41.979398,-12.662647],[-41.99891,-12.66583],[-42.027941,-12.657644],[-42.017947,-12.719944],[-42.031272,-12.764508],[-42.018423,-12.828172],[-42.018423,-12.855911],[-41.993675,-12.855911],[-41.97797,-12.830446],[-41.950844,-12.820896],[-41.914675,-12.819077],[-41.894686,-12.803616],[-41.859469,-12.824989],[-41.829963,-12.814075],[-41.81283,-12.820896],[-41.797601,-12.808618],[-41.763811,-12.86637],[-41.699564,-12.995062]]]},"properties":{"cod_ibge":"290400","name":"Boninal","uf":"BA"}},
{"type":"Feature","geometry":{"type":"Polygon","coordinates":[[[-41.54061,-12.357061],[-41.618183,-12.380253],[-41.665774,-12.382527],[-41.728594,-12.369339],[-41.756673,-12.30613],[-41.765239,-12.272479],[-41.742871,-12.23701],[-41.769046,-12.195174],[-41.783324,-12.160613],[-41.809975,-12.153338],[-41.889451,-12.123325],[-41.916102,-12.106499],[-41.936566,-12.111501],[-41.96988,-12.092402],[-41.976543,-12.107409],[-41.968928,-12.14106],[-41.971308,-12.201995],[-41.9675,-12.223368],[-41.988916,-12.232008],[-41.967976,-12.266113],[-41.985109,-12.291579],[-42.029369,-12.234281],[-42.056495,-12.220639],[-42.058399,-12.245195],[-42.039839,-12.291124],[-42.088857,-12.291579],[-42.11408,-12.306585],[-42.124075,-12.277482],[-42.270179,-12.311132],[-42.27113,-12.337962],[-42.260185,-12.3416],[-42.249239,-12.389348],[-42.217353,-12.386619],[-42.194985,-12.377979],[-42.140255,-12.400716],[-42.10361,-12.395714],[-42.071725,-12.414813],[-42.069821,-12.431184],[-42.014615,-12.504852],[-42.005097,-12.553964],[-42.006525,-12.568515],[-41.983681,-12.600802],[-42.029845,-12.618992],[-42.027941,-12.657644],[-41.99891,-12.66583],[-41.979398,-12.662647],[-41.897542,-12.684474],[-41.845668,-12.676289],[-41.648641,-12.679472],[-41.661967,-12.668104],[-41.678624,-12.626267],[-41.656256,-12.584886],[-41.663395,-12.552145],[-41.684335,-12.536229],[-41.677196,-12.523951],[-41.618183,-12.453011],[-41.602954,-12.426182],[-41.582014,-12.415723],[-41.588201,-12.397078],[-41.566309,-12.388893],[-41.564881,-12.372977],[-41.54061,-12.357061]]]},"properties":{"cod_ibge":"292990","name":"Seabra","uf":"BA"}},
{"type":"Feature","geometry":{"type":"Polygon","coordinates":[[[-38.687059,-12.726765],[-38.685156,-12.684474],[-38.718469,-12.641729],[-38.717993,-12.614899],[-38.696578,-12.591252],[-38.686108,-12.557147],[-38.651366,-12.553964],[-38.644228,-12.513037],[-38.656125,-12.484388],[-38.721325,-12.481205],[-38.742265,-12.47302],[-38.773199,-12.430274],[-38.78938,-12.422089],[-38.814127,-12.380253],[-38.795091,-12.369339],[-38.833639,-12.36843],[-38.827453,-12.396624],[-38.837923,-12.408902],[-38.851724,-12.483934],[-38.834591,-12.493483],[-38.838398,-12.513947],[-38.877423,-12.510763],[-38.880754,-12.522587],[-38.850296,-12.563513],[-38.823169,-12.566696],[-38.807464,-12.599438],[-38.796043,-12.649004],[-38.816983,-12.66492],[-38.810796,-12.692205],[-38.829832,-12.704028],[-38.820314,-12.719034],[-38.780338,-12.726765],[-38.767012,-12.716306],[-38.687059,-12.726765]]]},"properties":{"cod_ibge":"292860","name":"Santo Amaro","uf":"BA"}},
{"type":"Feature","geometry":{"type":"Polygon","coordinates":[[[-40.702534,-11.548078],[-40.645425,-11.560811],[-40.599738,-11.552626],[-40.567852,-11.565358],[-40.55643,-11.578546],[-40.529303,-11.578091],[-40.522165,-11.600373],[-40.523117,-11.630841],[-40.498845,-11.632205],[-40.492182,-11.618563],[-40.466483,-11.602192],[-40.446971,-11.617199],[-40.400808,-11.613561],[-40.386055,-11.601283],[-40.370826,-11.616289],[-40.382247,-11.538529],[-40.383675,-11.505333],[-40.368922,-11.481686],[-40.308957,-11.434848],[-40.383199,-11.401197],[-40.394145,-11.384372],[-40.413657,-11.364363],[-40.442212,-11.358452],[-40.456013,-11.382553],[-40.482664,-11.386191],[-40.50646,-11.371639],[-40.54596,-11.304337],[-40.582129,-11.30843],[-40.612587,-11.275234],[-40.685877,-11.21157],[-40.725854,-11.246131],[-40.745842,-11.266594],[-40.827698,-11.260228],[-40.890994,-11.26523],[-40.9462,-11.285238],[-40.863391,-11.414385],[-40.798192,-11.477139],[-40.764402,-11.495328],[-40.737751,-11.503514],[-40.726806,-11.532617],[-40.702534,-11.548078]]]},"properties":{"cod_ibge":"292120","name":"Miguel Calmon","uf":"BA"}},
{"type":"Feature","geometry":{"type":"Polygon","coordinates":[[[-39.488014,-13.880441],[-39.469454,-13.875894],[-39.448038,-13.89181],[-39.432333,-13.842698],[-39.43852,-13.802226],[-39.406634,-13.764482],[-39.393308,-13.727648],[-39.379983,-13.714461],[-39.439948,-13.724465],[-39.4804,-13.710823],[-39.55369,-13.727194],[-39.565112,-13.755388],[-39.529894,-13.804499],[-39.556545,-13.837241],[-39.537509,-13.862251],[-39.504195,-13.861797],[-39.488014,-13.880441]]]},"properties":{"cod_ibge":"291120","name":"Gandu","uf":"BA"}},
{"type":"Feature","geometry":{"type":"Polygon","coordinates":[[[-38.525726,-12.415723],[-38.539052,-12.395714],[-38.532389,-12.342964],[-38.563323,-12.331141],[-38.589498,-12.312951],[-38.601396,-12.32432],[-38.61948,-12.318863],[-38.639944,-12.348421],[-38.657077,-12.361154],[-38.656125,-12.372977],[-38.654222,-12.389348],[-38.676589,-12.413904],[-38.638041,-12.476658],[-38.61139,-12.496666],[-38.562371,-12.422544],[-38.525726,-12.415723]]]},"properties":{"cod_ibge":"293170","name":"Terra Nova","uf":"BA"}},
{"type":"Feature","geometry":{"type":"Polygon","coordinates":[[[-38.474804,-11.949159],[-38.447677,-12.001909],[-38.433876,-12.077396],[-38.44387,-12.104226],[-38.491461,-12.126963],[-38.490509,-12.161068],[-38.586643,-12.193809],[-38.549522,-12.24474],[-38.520967,-12.259292],[-38.527154,-12.275208],[-38.469093,-12.285212],[-38.447201,-12.261566],[-38.433876,-12.268842],[-38.394375,-12.249288],[-38.377719,-12.21882],[-38.355351,-12.230189],[-38.322989,-12.222003],[-38.321085,-12.173801],[-38.304429,-12.130601],[-38.281585,-12.133329],[-38.274922,-12.083308],[-38.283013,-12.039652],[-38.273019,-11.963711],[-38.309664,-11.955526],[-38.348688,-11.969168],[-38.373911,-11.960073],[-38.386761,-11.931879],[-38.410556,-11.937336],[-38.440063,-11.93097],[-38.464334,-11.936426],[-38.474804,-11.949159]]]},"properties":{"cod_ibge":"290070","name":"Alagoinhas","uf":"BA"}},
{"type":"Feature","geometry":{"type":"Polygon","coordinates":[[[-43.586543,-13.806318],[-43.814503,-13.708549],[-43.822118,-13.734469],[-43.836871,-13.745838],[-43.901595,-13.761299],[-43.910161,-13.794495],[-43.920155,-13.804045],[-43.949186,-13.79404],[-43.967746,-13.835422],[-44.002488,-13.816777],[-44.029138,-13.792676],[-44.019144,-13.808592],[-44.012958,-13.853611],[-44.040084,-13.878167],[-44.036753,-13.904088],[-44.065783,-13.944559],[-44.093862,-13.914547],[-44.111471,-13.952745],[-44.107188,-13.985031],[-44.078633,-13.994581],[-44.086723,-14.020501],[-44.028663,-14.09326],[-44.065783,-14.137369],[-44.045795,-14.283796],[-43.996777,-14.265606],[-43.968222,-14.27561],[-43.962035,-14.291072],[-43.897312,-14.298802],[-43.881131,-14.31199],[-43.828305,-14.315628],[-43.806889,-14.332453],[-43.783093,-14.339274],[-43.726936,-14.252873],[-43.714087,-14.24196],[-43.69743,-14.209673],[-43.685056,-14.169656],[-43.670779,-14.090986],[-43.657453,-14.047331],[-43.65317,-14.002766],[-43.626995,-13.960021],[-43.624616,-13.920004],[-43.61367,-13.895448],[-43.614146,-13.837241],[-43.586543,-13.806318]]]},"properties":{"cod_ibge":"290710","name":"Carinhanha","uf":"BA"}},
{"type":"Feature","geometry":{"type":"Polygon","coordinates":[[[-41.622466,-11.832291],[-41.588201,-11.856847],[-41.420681,-11.868215],[-41.398789,-11.812737],[-41.393078,-11.771356],[-41.381656,-11.75453],[-41.364048,-11.701326],[-41.375946,-11.693595],[-41.434958,-11.635388],[-41.557267,-11.558992],[-41.568213,-11.585367],[-41.592484,-11.613561],[-41.589153,-11.669039],[-41.594388,-11.680408],[-41.604858,-11.740433],[-41.60581,-11.773629],[-41.622466,-11.832291]]]},"properties":{"cod_ibge":"290530","name":"Cafarnaum","uf":"BA"}},
{"type":"Feature","geometry":{"type":"Polygon","coordinates":[[[-39.477068,-14.851312],[-39.474689,-14.834031],[-39.510382,-14.814932],[-39.509906,-14.800381],[-39.55369,-14.797652],[-39.55369,-14.778553],[-39.583672,-14.784465],[-39.616986,-14.788557],[-39.657438,-14.769913],[-39.664101,-14.790831],[-39.650299,-14.810385],[-39.638402,-14.857223],[-39.638402,-14.917249],[-39.603184,-14.904061],[-39.565112,-14.907699],[-39.560828,-14.919068],[-39.527515,-14.90679],[-39.520852,-14.894057],[-39.495629,-14.908609],[-39.471358,-14.890874],[-39.477068,-14.851312]]]},"properties":{"cod_ibge":"291210","name":"Ibicaraí","uf":"BA"}},
{"type":"Feature","geometry":{"type":"Polygon","coordinates":[[[-38.972129,-13.842243],[-39.013533,-13.845881],[-39.037328,-13.831784],[-39.070642,-13.759935],[-39.101576,-13.749021],[-39.110618,-13.724465],[-39.124896,-13.718099],[-39.149167,-13.75175],[-39.147739,-13.767666],[-39.175818,-13.784946],[-39.181529,-13.800407],[-39.214843,-13.803135],[-39.23959,-13.815413],[-39.254819,-13.813594],[-39.261482,-13.841333],[-39.288608,-13.843607],[-39.317639,-13.82951],[-39.345242,-13.828146],[-39.356188,-13.835422],[-39.382838,-13.894083],[-39.398543,-13.908635],[-39.375224,-13.914547],[-39.382363,-13.941831],[-39.393308,-13.950926],[-39.40473,-13.990034],[-39.404254,-14.023684],[-39.382838,-14.027322],[-39.355236,-14.045967],[-39.346193,-13.9964],[-39.330013,-13.966387],[-39.329061,-13.942286],[-39.301934,-13.949107],[-39.297175,-13.9341],[-39.25815,-13.941831],[-39.216746,-13.929553],[-39.198186,-13.911363],[-39.144408,-13.888626],[-39.083968,-13.892264],[-39.070166,-13.915001],[-39.043039,-13.91773],[-39.01734,-13.904997],[-39.005918,-13.883624],[-38.967846,-13.848609],[-38.972129,-13.842243]]]},"properties":{"cod_ibge":"291345","name":"Igrapiúna","uf":"BA"}},
{"type":"Feature","geometry":{"type":"Polygon","coordinates":[[[-39.253391,-11.752711],[-39.233879,-11.762261],[-39.211987,-11.72952],[-39.208656,-11.712239],[-39.178198,-11.68541],[-39.151547,-11.676315],[-39.159161,-11.646757],[-39.158209,-11.633115],[-39.144884,-11.567632],[-39.145836,-11.537619],[-39.157733,-11.528979],[-39.140601,-11.493509],[-39.143456,-11.46577],[-39.132986,-11.454856],[-39.120137,-11.407109],[-39.120137,-11.372548],[-39.136318,-11.322527],[-39.129655,-11.300245],[-39.179625,-11.269322],[-39.205324,-11.27387],[-39.22674,-11.30843],[-39.234355,-11.335715],[-39.273379,-11.337533],[-39.285277,-11.374822],[-39.346669,-11.506242],[-39.419008,-11.564904],[-39.430905,-11.582638],[-39.486587,-11.601283],[-39.36285,-11.646757],[-39.262433,-11.737705],[-39.253391,-11.752711]]]},"properties":{"cod_ibge":"290840","name":"Conceição do Coité","uf":"BA"}},
{"type":"Feature","geometry":{"type":"Polygon","coordinates":[[[-42.37012,-13.059635],[-42.340613,-13.075096],[-42.337282,-13.101471],[-42.322529,-13.119661],[-42.296354,-13.136031],[-42.277317,-13.116023],[-42.263516,-13.12148],[-42.247811,-13.107837],[-42.204027,-13.13012],[-42.170714,-13.184688],[-42.15834,-13.226525],[-42.125502,-13.259266],[-42.096472,-13.261085],[-42.0327,-13.294736],[-42.008429,-13.287005],[-41.997007,-13.30474],[-41.975115,-13.297009],[-41.908964,-13.311561],[-41.900397,-13.30383],[-41.912771,-13.264268],[-41.931807,-13.2529],[-41.974639,-13.241531],[-42.005573,-13.210154],[-42.01414,-13.189691],[-42.031748,-13.177413],[-42.059351,-13.181051],[-42.074104,-13.151492],[-42.10361,-13.132848],[-42.102659,-13.06782],[-42.115032,-13.026894],[-42.125502,-13.018254],[-42.147394,-13.01507],[-42.169286,-12.982329],[-42.167858,-12.959592],[-42.202124,-12.964594],[-42.212118,-12.983693],[-42.247335,-12.977327],[-42.267323,-12.991879],[-42.264944,-13.003702],[-42.286835,-13.030986],[-42.317294,-13.036443],[-42.35489,-13.034169],[-42.381065,-13.048266],[-42.37012,-13.059635]]]},"properties":{"cod_ibge":"292690","name":"Rio do Pires","uf":"BA"}},
{"type":"Feature","geometry":{"type":"Polygon","coordinates":[[[-41.229366,-12.137422],[-41.23698,-12.11423],[-41.220799,-12.092857],[-41.229366,-12.077851],[-41.231269,-12.040107],[-41.21604,-12.017825],[-41.195576,-12.011913],[-41.189865,-11.960982],[-41.203666,-11.951433],[-41.223179,-11.918692],[-41.22889,-11.907778],[-41.253637,-11.90323],[-41.254589,-11.875491],[-41.244595,-11.844569],[-41.248402,-11.816375],[-41.282191,-11.804552],[-41.322644,-11.797731],[-41.324547,-11.786817],[-41.349295,-11.776358],[-41.393078,-11.771356],[-41.398789,-11.812737],[-41.420681,-11.868215],[-41.42544,-11.934153],[-41.448284,-11.946885],[-41.455422,-11.969622],[-41.444476,-11.985993],[-41.416398,-11.997816],[-41.407831,-12.047838],[-41.393554,-12.076486],[-41.368331,-12.082853],[-41.371662,-12.118777],[-41.355006,-12.168344],[-41.275053,-12.14879],[-41.229366,-12.137422]]]},"properties":{"cod_ibge":"290405","name":"Bonito","uf":"BA"}},
{"type":"Feature","geometry":{"type":"Polygon","coordinates":[[[-40.234716,-13.533929],[-40.190456,-13.538931],[-40.175703,-13.568035],[-40.17142,-13.599412],[-40.148576,-13.638974],[-40.118594,-13.668987],[-40.096702,-13.668532],[-40.104792,-13.658528],[-40.113835,-13.618511],[-40.110027,-13.584405],[-40.121925,-13.526653],[-40.105744,-13.523925],[-40.071479,-13.495276],[-40.094322,-13.430703],[-40.120022,-13.409785],[-40.15048,-13.337026],[-40.173323,-13.347485],[-40.200926,-13.385229],[-40.222342,-13.380682],[-40.23186,-13.407511],[-40.216155,-13.429793],[-40.199974,-13.499823],[-40.212348,-13.519377],[-40.234716,-13.533929]]]},"properties":{"cod_ibge":"291690","name":"Itiruçu","uf":"BA"}},
{"type":"Feature","geometry":{"type":"Polygon","coordinates":[[[-40.358928,-12.792248],[-40.415085,-12.684019],[-40.426507,-12.666739],[-40.42032,-12.63991],[-40.451254,-12.616263],[-40.466007,-12.580793],[-40.459345,-12.558056],[-40.470767,-12.508944],[-40.494562,-12.509854],[-40.54596,-12.468927],[-40.564997,-12.464835],[-40.575467,-12.438005],[-40.597358,-12.453011],[-40.686353,-12.448464],[-40.713956,-12.444826],[-40.781059,-12.451192],[-40.791053,-12.47302],[-40.790101,-12.498485],[-40.779631,-12.506671],[-40.782963,-12.548962],[-40.764402,-12.559875],[-40.763926,-12.575337],[-40.780107,-12.585341],[-40.767734,-12.635362],[-40.756312,-12.652642],[-40.777728,-12.684929],[-40.843879,-12.718125],[-40.850542,-12.749047],[-40.874813,-12.758142],[-40.89385,-12.737679],[-40.920976,-12.740862],[-40.957146,-12.772239],[-40.96714,-12.793157],[-41.019966,-12.915482],[-40.990459,-12.912754],[-40.976658,-12.927305],[-40.989031,-12.946405],[-40.984748,-12.976872],[-40.959049,-12.976872],[-40.960001,-13.009159],[-40.945248,-13.038262],[-40.913838,-13.028258],[-40.888139,-13.005976],[-40.852446,-13.018254],[-40.836741,-13.015525],[-40.786294,-13.044174],[-40.772493,-13.036898],[-40.751077,-13.043719],[-40.715384,-13.017344],[-40.701106,-13.02371],[-40.653991,-13.000519],[-40.603545,-12.998245],[-40.575942,-13.003247],[-40.546436,-12.991424],[-40.522165,-12.959137],[-40.505032,-12.945495],[-40.481237,-12.941857],[-40.463628,-12.950042],[-40.425079,-12.920939],[-40.420796,-12.886834],[-40.403187,-12.881831],[-40.377964,-12.828172],[-40.369398,-12.798159],[-40.358928,-12.792248]]]},"properties":{"cod_ibge":"290380","name":"Boa Vista do Tupim","uf":"BA"}},
{"type":"Feature","geometry":{"type":"Polygon","coordinates":[[[-44.256147,-12.98142],[-44.255671,-12.959592],[-44.241394,-12.953226],[-44.236159,-12.910935],[-44.237587,-12.885469],[-44.181905,-12.876375],[-44.171435,-12.852273],[-44.173815,-12.820896],[-44.153827,-12.803616],[-44.151923,-12.776332],[-44.172387,-12.763599],[-44.17905,-12.741317],[-44.265189,-12.634453],[-44.233303,-12.570789],[-44.314684,-12.523496],[-44.330389,-12.467108],[-44.320395,-12.362518],[-44.31278,-12.306585],[-44.39654,-12.287486],[-44.4408,-12.296126],[-44.465547,-12.307949],[-44.496481,-12.301583],[-44.53503,-12.300673],[-44.500764,-12.222458],[-44.534078,-12.24474],[-44.542644,-12.287486],[-44.575482,-12.305676],[-44.636874,-12.318408],[-44.673519,-12.329777],[-44.725869,-12.405264],[-44.737767,-12.408902],[-44.741098,-12.43755],[-44.720634,-12.475748],[-44.728725,-12.486662],[-44.715399,-12.518494],[-44.694459,-12.529408],[-44.690176,-12.548962],[-44.673519,-12.563968],[-44.624977,-12.572153],[-44.610223,-12.72631],[-44.550735,-12.942767],[-44.342287,-13.118296],[-44.331817,-13.09465],[-44.306593,-13.074641],[-44.311828,-13.053723],[-44.306118,-13.027348],[-44.284226,-12.996426],[-44.266617,-12.995062],[-44.256147,-12.98142]]]},"properties":{"cod_ibge":"290250","name":"Baianópolis","uf":"BA"}},
{"type":"Feature","geometry":{"type":"Polygon","coordinates":[[[-39.286229,-12.177894],[-39.261482,-12.122415],[-39.248156,-12.106499],[-39.214367,-12.09604],[-39.259578,-12.042381],[-39.287181,-12.021918],[-39.296699,-11.990995],[-39.313356,-11.978263],[-39.346193,-11.968258],[-39.367609,-11.970077],[-39.388549,-11.991905],[-39.412345,-12.002819],[-39.536557,-12.025556],[-39.577009,-12.039198],[-39.593666,-12.061025],[-39.52228,-12.036924],[-39.408062,-12.266113],[-39.380935,-12.247469],[-39.374272,-12.22837],[-39.340483,-12.197447],[-39.344766,-12.186079],[-39.307645,-12.181986],[-39.292892,-12.186988],[-39.286229,-12.177894]]]},"properties":{"cod_ibge":"293040","name":"Serra Preta","uf":"BA"}},
{"type":"Feature","geometry":{"type":"Polygon","coordinates":[[[-39.391405,-13.645795],[-39.401399,-13.618965],[-39.425194,-13.596228],[-39.467074,-13.609416],[-39.497057,-13.601685],[-39.497533,-13.587134],[-39.567491,-13.573946],[-39.620793,-13.559849],[-39.668384,-13.537112],[-39.695035,-13.512556],[-39.70836,-13.519377],[-39.726921,-13.503007],[-39.745481,-13.503461],[-39.773084,-13.517558],[-39.813536,-13.563487],[-39.776891,-13.600321],[-39.775939,-13.618965],[-39.73977,-13.695362],[-39.727397,-13.734015],[-39.713595,-13.734924],[-39.684089,-13.711278],[-39.643637,-13.691269],[-39.609371,-13.702638],[-39.597949,-13.719463],[-39.55369,-13.727194],[-39.4804,-13.710823],[-39.439948,-13.724465],[-39.44661,-13.68945],[-39.424718,-13.65398],[-39.408062,-13.649433],[-39.391405,-13.645795]]]},"properties":{"cod_ibge":"293350","name":"Wenceslau Guimarães","uf":"BA"}},
{"type":"Feature","geometry":{"type":"Polygon","coordinates":[[[-42.054116,-11.233398],[-42.058875,-11.258409],[-42.048881,-11.331167],[-42.025561,-11.387555],[-41.978446,-11.427572],[-41.942753,-11.381189],[-41.971308,-11.344355],[-41.926572,-11.280236],[-41.925145,-11.264775],[-41.941801,-11.228396],[-41.949892,-11.222939],[-42.021754,-11.208842],[-42.054116,-11.233398]]]},"properties":{"cod_ibge":"292560","name":"Presidente Dutra","uf":"BA"}},
{"type":"Feature","geometry":{"type":"Polygon","coordinates":[[[-39.442327,-14.304259],[-39.415676,-14.295619],[-39.408062,-14.310171],[-39.379507,-14.293345],[-39.346669,-14.312899],[-39.290988,-14.31199],[-39.264813,-14.290617],[-39.32335,-14.254692],[-39.412821,-14.236048],[-39.444231,-14.241505],[-39.461839,-14.229227],[-39.495629,-14.238322],[-39.515617,-14.220587],[-39.546551,-14.210128],[-39.556545,-14.23332],[-39.57463,-14.232865],[-39.575582,-14.251964],[-39.492298,-14.281067],[-39.442327,-14.304259]]]},"properties":{"cod_ibge":"293220","name":"Ubaitaba","uf":"BA"}},
{"type":"Feature","geometry":{"type":"Polygon","coordinates":[[[-39.580341,-17.182765],[-39.567015,-17.150478],[-39.570347,-17.133653],[-39.528943,-17.118647],[-39.499436,-17.140474],[-39.485159,-17.130925],[-39.477544,-17.099548],[-39.49087,-17.084086],[-39.479924,-17.048617],[-39.49087,-17.037248],[-39.489442,-16.99041],[-39.479448,-16.956304],[-39.462315,-16.961761],[-39.44661,-16.951302],[-39.447562,-16.91083],[-39.441375,-16.894005],[-39.468978,-16.924473],[-39.48849,-16.927656],[-39.499912,-16.904464],[-39.491822,-16.890822],[-39.504671,-16.872177],[-39.525135,-16.867175],[-39.512762,-16.8408],[-39.549883,-16.837162],[-39.584148,-16.853533],[-39.60604,-16.834889],[-39.647444,-16.785322],[-39.660769,-16.780775],[-39.685041,-16.748488],[-39.721686,-16.730753],[-39.742626,-16.74485],[-39.767373,-16.733482],[-39.759758,-16.761675],[-39.769277,-16.78805],[-39.772608,-16.843983],[-39.767373,-16.868539],[-39.810681,-16.848076],[-39.86541,-16.838981],[-39.88635,-16.846712],[-39.916332,-16.873542],[-39.943935,-16.847621],[-39.966779,-16.872177],[-39.992954,-16.870358],[-39.990098,-16.892641],[-40.011038,-16.940388],[-40.026743,-16.935386],[-40.063388,-16.984043],[-40.059581,-16.994503],[-40.079569,-17.024515],[-40.078142,-17.048617],[-40.067672,-17.066351],[-40.07719,-17.082722],[-40.065292,-17.102276],[-40.012466,-17.148659],[-39.987719,-17.164575],[-39.983436,-17.186858],[-39.957261,-17.20823],[-39.936321,-17.200955],[-39.905862,-17.212778],[-39.901579,-17.229603],[-39.855892,-17.241881],[-39.835904,-17.241881],[-39.818295,-17.225511],[-39.800687,-17.230513],[-39.77118,-17.224146],[-39.747861,-17.207321],[-39.717878,-17.206866],[-39.695511,-17.176399],[-39.659817,-17.181856],[-39.622221,-17.159573],[-39.602708,-17.156845],[-39.597949,-17.175944],[-39.580341,-17.182765]]]},"properties":{"cod_ibge":"291560","name":"Itamaraju","uf":"BA"}},
{"type":"Feature","geometry":{"type":"Polygon","coordinates":[[[-41.699564,-12.995062],[-41.763811,-12.86637],[-41.797601,-12.808618],[-41.81283,-12.820896],[-41.829963,-12.814075],[-41.859469,-12.824989],[-41.894686,-12.803616],[-41.914675,-12.819077],[-41.950844,-12.820896],[-41.97797,-12.830446],[-41.993675,-12.855911],[-42.018423,-12.855911],[-42.02461,-12.889562],[-42.013664,-12.909571],[-42.055068,-12.915482],[-42.050309,-12.943221],[-42.06649,-12.952316],[-42.075532,-12.978691],[-42.091713,-12.980055],[-42.095044,-13.002338],[-42.124075,-13.000519],[-42.125502,-13.018254],[-42.115032,-13.026894],[-42.102659,-13.06782],[-42.10361,-13.132848],[-42.074104,-13.151492],[-42.059351,-13.181051],[-42.031748,-13.177413],[-42.01414,-13.189691],[-42.005573,-13.210154],[-41.974639,-13.241531],[-41.931807,-13.2529],[-41.912771,-13.264268],[-41.918482,-13.249262],[-41.888975,-13.211063],[-41.874698,-13.211973],[-41.857565,-13.189236],[-41.835198,-13.215156],[-41.805691,-13.265632],[-41.788083,-13.280184],[-41.734781,-13.2529],[-41.725739,-13.235619],[-41.690045,-13.216066],[-41.670533,-13.179232],[-41.6534,-13.168318],[-41.626274,-13.129665],[-41.648641,-13.081008],[-41.663395,-13.071003],[-41.694329,-12.9987],[-41.699564,-12.995062]]]},"properties":{"cod_ibge":"292430","name":"Piatã","uf":"BA"}},
{"type":"Feature","geometry":{"type":"Polygon","coordinates":[[[-39.026383,-12.939129],[-39.054937,-12.881831],[-39.069214,-12.872282],[-39.075401,-12.851819],[-39.067787,-12.812711],[-39.045895,-12.792702],[-39.044943,-12.734496],[-39.057793,-12.729948],[-39.144408,-12.741317],[-39.142028,-12.765418],[-39.117757,-12.798159],[-39.119185,-12.817258],[-39.149643,-12.826353],[-39.162017,-12.84909],[-39.131083,-12.88456],[-39.136793,-12.905933],[-39.127751,-12.956409],[-39.120137,-12.96323],[-39.112998,-12.968687],[-39.116329,-12.956409],[-39.060648,-12.947314],[-39.041612,-12.951407],[-39.026383,-12.939129]]]},"properties":{"cod_ibge":"292910","name":"São Felipe","uf":"BA"}},
{"type":"Feature","geometry":{"type":"Polygon","coordinates":[[[-40.449827,-15.761702],[-40.435549,-15.75579],[-40.418892,-15.775799],[-40.374157,-15.758064],[-40.364163,-15.732598],[-40.37844,-15.712135],[-40.354645,-15.702131],[-40.345127,-15.675756],[-40.345602,-15.652564],[-40.332277,-15.629827],[-40.34703,-15.605271],[-40.349886,-15.574349],[-40.322759,-15.582989],[-40.315144,-15.609818],[-40.285162,-15.596631],[-40.269933,-15.514323],[-40.268505,-15.479308],[-40.251372,-15.482036],[-40.235192,-15.525237],[-40.201878,-15.543881],[-40.17142,-15.544336],[-40.165233,-15.52842],[-40.135727,-15.512504],[-40.188552,-15.473851],[-40.196167,-15.450659],[-40.165233,-15.409278],[-40.176655,-15.402002],[-40.201402,-15.42383],[-40.230432,-15.412461],[-40.270885,-15.410187],[-40.313717,-15.426103],[-40.315144,-15.402457],[-40.350362,-15.376082],[-40.340367,-15.363349],[-40.361307,-15.350616],[-40.355597,-15.332882],[-40.372729,-15.321058],[-40.365115,-15.280586],[-40.371302,-15.276494],[-40.434122,-15.316966],[-40.470767,-15.30105],[-40.500749,-15.416099],[-40.480761,-15.604816],[-40.49361,-15.62528],[-40.496942,-15.657111],[-40.511695,-15.67712],[-40.519309,-15.686669],[-40.555954,-15.690307],[-40.568328,-15.703495],[-40.585461,-15.698038],[-40.636383,-15.695764],[-40.647329,-15.709406],[-40.664937,-15.67712],[-40.700631,-15.667116],[-40.681594,-15.699857],[-40.662082,-15.706678],[-40.644949,-15.72896],[-40.625913,-15.718047],[-40.601166,-15.743512],[-40.604021,-15.759428],[-40.578798,-15.772615],[-40.561189,-15.803538],[-40.542153,-15.795352],[-40.519785,-15.797626],[-40.50646,-15.766704],[-40.484092,-15.775799],[-40.464104,-15.75579],[-40.449827,-15.761702]]]},"properties":{"cod_ibge":"291970","name":"Macarani","uf":"BA"}},
{"type":"Feature","geometry":{"type":"Polygon","coordinates":[[[-38.937863,-12.7013],[-38.928821,-12.725401],[-38.90217,-12.737679],[-38.884562,-12.754504],[-38.859814,-12.795886],[-38.86267,-12.82317],[-38.845537,-12.839086],[-38.835067,-12.827263],[-38.830308,-12.796795],[-38.817934,-12.772239],[-38.826501,-12.764508],[-38.836019,-12.72631],[-38.820314,-12.719034],[-38.829832,-12.704028],[-38.810796,-12.692205],[-38.816983,-12.66492],[-38.796043,-12.649004],[-38.807464,-12.599438],[-38.823169,-12.566696],[-38.850296,-12.563513],[-38.880754,-12.522587],[-38.910737,-12.518039],[-38.947382,-12.539867],[-38.961659,-12.540776],[-39.007346,-12.56897],[-38.9964,-12.587614],[-38.962611,-12.609442],[-38.953093,-12.647185],[-38.941671,-12.660373],[-38.937863,-12.7013]]]},"properties":{"cod_ibge":"290490","name":"Cachoeira","uf":"BA"}},
{"type":"Feature","geometry":{"type":"Polygon","coordinates":[[[-38.210199,-10.930996],[-38.228283,-10.91417],[-38.236374,-10.881884],[-38.23209,-10.840502],[-38.24494,-10.822767],[-38.236849,-10.808216],[-38.249699,-10.820949],[-38.268259,-10.814582],[-38.287772,-10.826405],[-38.342977,-10.816401],[-38.352971,-10.840048],[-38.377243,-10.840048],[-38.377243,-10.875972],[-38.411032,-10.880065],[-38.409604,-10.916899],[-38.442442,-10.910987],[-38.469093,-10.939181],[-38.530961,-10.960099],[-38.530009,-10.976924],[-38.558088,-11.02058],[-38.531437,-11.035131],[-38.51716,-11.058323],[-38.505738,-11.053776],[-38.474804,-11.088791],[-38.437683,-11.117894],[-38.401514,-11.097431],[-38.355351,-11.086517],[-38.322037,-11.071965],[-38.245892,-10.920991],[-38.210199,-10.930996]]]},"properties":{"cod_ibge":"292650","name":"Ribeira do Amparo","uf":"BA"}},
{"type":"Feature","geometry":{"type":"Polygon","coordinates":[[[-44.345618,-12.102861],[-44.443655,-12.092857],[-44.466023,-12.144243],[-44.500764,-12.222458],[-44.53503,-12.300673],[-44.496481,-12.301583],[-44.465547,-12.307949],[-44.4408,-12.296126],[-44.39654,-12.287486],[-44.31278,-12.306585],[-44.29184,-12.304766],[-44.267093,-12.289305],[-44.244249,-12.264749],[-44.081013,-12.252926],[-44.061024,-12.257473],[-44.049603,-12.272479],[-43.958228,-12.238374],[-43.972981,-12.230643],[-43.964891,-12.182441],[-43.989638,-12.189717],[-43.992018,-12.172891],[-44.010578,-12.171072],[-44.043892,-12.181986],[-44.053886,-12.15834],[-44.080537,-12.154247],[-44.070543,-12.12287],[-44.055789,-12.106499],[-44.048175,-12.076486],[-44.084344,-12.060571],[-44.103856,-12.06148],[-44.11385,-12.046474],[-44.130507,-12.066027],[-44.149543,-12.069665],[-44.221406,-12.118323],[-44.251388,-12.128327],[-44.297075,-12.124689],[-44.300407,-12.107409],[-44.345618,-12.102861]]]},"properties":{"cod_ibge":"290970","name":"Cristópolis","uf":"BA"}},
{"type":"Feature","geometry":{"type":"Polygon","coordinates":[[[-38.914544,-12.931853],[-38.893604,-12.960956],[-38.883134,-12.997335],[-38.911688,-12.996881],[-38.929297,-13.009613],[-38.9569,-13.061909],[-38.955948,-13.090103],[-38.982599,-13.091467],[-39.008774,-13.127391],[-39.034473,-13.117842],[-39.045419,-13.133303],[-39.077305,-13.136031],[-39.090154,-13.143762],[-39.115853,-13.131939],[-39.122992,-13.108292],[-39.178198,-13.116477],[-39.213891,-13.108747],[-39.245301,-13.131029],[-39.295747,-13.142398],[-39.302886,-13.16377],[-39.282422,-13.181051],[-39.250536,-13.189236],[-39.231023,-13.20788],[-39.207228,-13.196966],[-39.171535,-13.233346],[-39.150595,-13.22516],[-39.102528,-13.258356],[-39.050654,-13.241076],[-39.027334,-13.245169],[-39.010678,-13.227434],[-38.9964,-13.248807],[-38.963087,-13.231527],[-38.957376,-13.215611],[-38.939767,-13.205607],[-38.918827,-13.213792],[-38.867429,-13.186053],[-38.855531,-13.170592],[-38.79747,-13.137395],[-38.805085,-13.12148],[-38.801278,-13.061454],[-38.788428,-13.042355],[-38.777482,-13.000064],[-38.751307,-12.966868],[-38.794139,-12.949588],[-38.811272,-12.917756],[-38.83126,-12.921394],[-38.845061,-12.943676],[-38.874092,-12.939129],[-38.884562,-12.946405],[-38.914544,-12.931853]]]},"properties":{"cod_ibge":"291780","name":"Jaguaripe","uf":"BA"}},
{"type":"Feature","geometry":{"type":"Polygon","coordinates":[[[-40.813897,-9.871451],[-40.643521,-9.886912],[-40.502652,-9.971039],[-40.41223,-9.973313],[-40.383199,-9.944209],[-40.347982,-9.928748],[-40.316572,-9.90783],[-40.286114,-9.945573],[-40.226149,-9.921472],[-40.182366,-9.887367],[-39.982008,-9.804604],[-39.919188,-9.790507],[-39.903007,-9.781867],[-39.897772,-9.740486],[-39.897772,-9.704106],[-39.889206,-9.673184],[-39.897296,-9.634986],[-39.895868,-9.613158],[-39.881115,-9.551768],[-39.86779,-9.527212],[-39.874928,-9.498109],[-39.868742,-9.485376],[-39.871121,-9.414437],[-39.876832,-9.363051],[-39.88635,-9.329855],[-39.879212,-9.301661],[-39.879687,-9.269375],[-39.860651,-9.230722],[-39.868742,-9.199799],[-39.889682,-9.189795],[-39.893965,-9.166603],[-39.907766,-9.156144],[-39.901579,-9.130679],[-39.921567,-9.11158],[-39.939652,-9.11067],[-39.969634,-9.119765],[-39.983912,-9.095664],[-39.978677,-9.054737],[-40.004852,-9.059739],[-40.065768,-9.062923],[-40.07719,-9.078384],[-40.130016,-9.110216],[-40.159522,-9.107942],[-40.170944,-9.09339],[-40.209017,-9.063832],[-40.238999,-9.054283],[-40.273264,-9.082476],[-40.293252,-9.146595],[-40.286114,-9.185702],[-40.300391,-9.231177],[-40.309433,-9.275286],[-40.318952,-9.28711],[-40.337512,-9.334857],[-40.333705,-9.350318],[-40.356548,-9.377148],[-40.39129,-9.372146],[-40.417941,-9.352137],[-40.439357,-9.368508],[-40.453634,-9.403523],[-40.467911,-9.420348],[-40.510743,-9.407161],[-40.541677,-9.425805],[-40.555954,-9.458092],[-40.599738,-9.46946],[-40.623057,-9.483103],[-40.681118,-9.467187],[-40.715384,-9.448997],[-40.732041,-9.461275],[-40.742986,-9.517663],[-40.770113,-9.569503],[-40.768686,-9.650902],[-40.759643,-9.677277],[-40.742511,-9.700014],[-40.742511,-9.720932],[-40.762023,-9.745488],[-40.76821,-9.778229],[-40.75536,-9.799147],[-40.78677,-9.850533],[-40.813897,-9.871451]]]},"properties":{"cod_ibge":"291840","name":"Juazeiro","uf":"BA"}},
{"type":"Feature","geometry":{"type":"Polygon","coordinates":[[[-37.994136,-11.343445],[-37.991756,-11.312978],[-38.005558,-11.286603],[-37.987473,-11.271596],[-37.99366,-11.239764],[-37.977479,-11.221575],[-37.981286,-11.199292],[-38.003178,-11.193836],[-38.02269,-11.178374],[-38.046962,-11.181558],[-38.071233,-11.142905],[-38.065522,-11.123806],[-38.088842,-11.11562],[-38.07504,-11.076967],[-38.102167,-11.044681],[-38.101691,-11.016487],[-38.168794,-10.989657],[-38.186403,-10.961463],[-38.180692,-10.942819],[-38.210199,-10.930996],[-38.245892,-10.920991],[-38.322037,-11.071965],[-38.355351,-11.086517],[-38.401514,-11.097431],[-38.437683,-11.117894],[-38.436731,-11.158821],[-38.445298,-11.169734],[-38.408653,-11.219756],[-38.373911,-11.255225],[-38.373435,-11.263866],[-38.344881,-11.263866],[-38.322989,-11.283874],[-38.30776,-11.310249],[-38.258265,-11.319799],[-38.247319,-11.332077],[-38.212102,-11.351176],[-38.177837,-11.365727],[-38.146903,-11.393012],[-38.141192,-11.408928],[-38.121204,-11.425753],[-38.105499,-11.425753],[-38.080275,-11.465315],[-38.079799,-11.442124],[-38.045058,-11.425753],[-38.025546,-11.398469],[-38.036492,-11.390283],[-37.994136,-11.343445]]]},"properties":{"cod_ibge":"291650","name":"Itapicuru","uf":"BA"}},
{"type":"Feature","geometry":{"type":"Polygon","coordinates":[[[-41.222227,-14.711252],[-41.182251,-14.744448],[-41.16607,-14.749905],[-41.161786,-14.769458],[-41.168449,-14.8022],[-41.162262,-14.826756],[-41.176064,-14.834031],[-41.171305,-14.853585],[-40.963808,-14.788557],[-40.958573,-14.674418],[-40.748697,-14.675327],[-40.614491,-14.67078],[-40.633051,-14.658956],[-40.641142,-14.60848],[-40.636859,-14.578467],[-40.646853,-14.54709],[-40.651136,-14.513894],[-40.67398,-14.491157],[-40.678263,-14.475696],[-40.660178,-14.462963],[-40.704914,-14.444319],[-40.721095,-14.426129],[-40.720143,-14.384293],[-40.706817,-14.362921],[-41.093731,-14.441591],[-41.068984,-14.465692],[-41.078026,-14.48661],[-41.093256,-14.489338],[-41.126093,-14.55573],[-41.123714,-14.570737],[-41.143702,-14.587107],[-41.130852,-14.605297],[-41.182251,-14.613937],[-41.192245,-14.649862],[-41.21842,-14.668506],[-41.225082,-14.683058],[-41.222227,-14.711252]]]},"properties":{"cod_ibge":"290120","name":"Anagé","uf":"BA"}},
{"type":"Feature","geometry":{"type":"Polygon","coordinates":[[[-38.948333,-16.092298],[-38.94405,-16.072744],[-38.905026,-15.969973],[-38.852676,-15.849466],[-38.893604,-15.766704],[-39.106335,-15.787167],[-39.094913,-15.808995],[-39.110143,-15.825365],[-39.140125,-15.79899],[-39.162017,-15.796717],[-39.171059,-15.808995],[-39.209132,-15.793079],[-39.238162,-15.797171],[-39.287181,-15.843555],[-39.355712,-15.849921],[-39.368085,-15.826275],[-39.387122,-15.824911],[-39.399019,-15.793988],[-39.427098,-15.803538],[-39.435188,-15.792624],[-39.455653,-15.812178],[-39.468026,-15.834005],[-39.484207,-15.839007],[-39.50134,-15.817635],[-39.515141,-15.853104],[-39.493249,-15.882208],[-39.495629,-15.900397],[-39.475165,-15.920861],[-39.464219,-15.947236],[-39.470406,-15.977249],[-39.449942,-15.986798],[-39.397592,-16.040457],[-39.432809,-16.076837],[-39.412345,-16.082748],[-39.402827,-16.098209],[-39.369037,-16.123675],[-39.302886,-16.110942],[-39.279566,-16.132315],[-39.230072,-16.091388],[-39.194854,-16.073199],[-39.163444,-16.065923],[-39.150595,-16.052281],[-38.948333,-16.092298]]]},"properties":{"cod_ibge":"290340","name":"Belmonte","uf":"BA"}},
{"type":"Feature","geometry":{"type":"Polygon","coordinates":[[[-38.774151,-11.356178],[-38.804133,-11.347083],[-38.818886,-11.352995],[-38.858387,-11.353449],[-38.872188,-11.346174],[-38.941195,-11.08015],[-38.945478,-11.052411],[-38.969273,-11.049683],[-39.006394,-11.053321],[-39.012581,-11.035131],[-39.047323,-11.021034],[-39.06969,-11.043317],[-39.091582,-11.03695],[-39.115378,-11.018306],[-39.161541,-11.009666],[-39.165824,-11.019215],[-39.211035,-10.998297],[-39.231975,-11.000571],[-39.278138,-10.987383],[-39.274331,-11.022398],[-39.3105,-11.065144],[-39.309548,-11.08015],[-39.28147,-11.069691],[-39.259578,-11.069691],[-39.256723,-11.154728],[-39.24768,-11.17792],[-39.242445,-11.228396],[-39.205324,-11.27387],[-39.179625,-11.269322],[-39.129655,-11.300245],[-39.136318,-11.322527],[-39.120137,-11.372548],[-39.120137,-11.407109],[-39.132986,-11.454856],[-39.143456,-11.46577],[-39.140601,-11.493509],[-39.073973,-11.420751],[-39.053985,-11.398923],[-38.979743,-11.423025],[-38.865049,-11.382098],[-38.822693,-11.413475],[-38.781765,-11.365273],[-38.774151,-11.356178]]]},"properties":{"cod_ibge":"290210","name":"Araci","uf":"BA"}},
{"type":"Feature","geometry":{"type":"Polygon","coordinates":[[[-38.337266,-12.451192],[-38.322513,-12.457104],[-38.287772,-12.446645],[-38.262549,-12.417087],[-38.227807,-12.416177],[-38.19021,-12.403445],[-38.177361,-12.408447],[-38.142619,-12.372068],[-38.163084,-12.327503],[-38.154041,-12.297945],[-38.160704,-12.270661],[-38.174029,-12.261111],[-38.273019,-12.278391],[-38.272543,-12.313861],[-38.283013,-12.342509],[-38.313947,-12.337507],[-38.354399,-12.378434],[-38.390092,-12.40299],[-38.375339,-12.408447],[-38.386761,-12.430729],[-38.363441,-12.4471],[-38.337266,-12.451192]]]},"properties":{"cod_ibge":"292520","name":"Pojuca","uf":"BA"}},
{"type":"Feature","geometry":{"type":"Polygon","coordinates":[[[-40.07719,-17.082722],[-40.067672,-17.066351],[-40.078142,-17.048617],[-40.079569,-17.024515],[-40.059581,-16.994503],[-40.063388,-16.984043],[-40.026743,-16.935386],[-40.011038,-16.940388],[-39.990098,-16.892641],[-39.992954,-16.870358],[-39.966779,-16.872177],[-39.943935,-16.847621],[-39.916332,-16.873542],[-39.88635,-16.846712],[-39.86541,-16.838981],[-39.810681,-16.848076],[-39.767373,-16.868539],[-39.772608,-16.843983],[-39.769277,-16.78805],[-39.759758,-16.761675],[-39.767373,-16.733482],[-39.808777,-16.760311],[-39.843994,-16.76213],[-39.860175,-16.749398],[-39.884447,-16.744395],[-39.885874,-16.731663],[-39.927278,-16.72666],[-39.954405,-16.734391],[-39.975821,-16.707107],[-39.996285,-16.711654],[-40.036262,-16.703923],[-40.054822,-16.71802],[-40.071479,-16.711654],[-40.078617,-16.686643],[-40.12716,-16.679367],[-40.135251,-16.708471],[-40.155715,-16.716656],[-40.166661,-16.694374],[-40.20283,-16.696193],[-40.211872,-16.707561],[-40.247565,-16.715747],[-40.267077,-16.699831],[-40.261842,-16.68346],[-40.278499,-16.675275],[-40.307054,-16.696648],[-40.309909,-16.733482],[-40.332753,-16.769406],[-40.335608,-16.78805],[-40.323711,-16.801238],[-40.268981,-16.795781],[-40.250897,-16.831251],[-40.251848,-16.858535],[-40.266126,-16.860354],[-40.281831,-16.901281],[-40.331325,-16.908102],[-40.365115,-16.874451],[-40.377964,-16.886729],[-40.401284,-16.890367],[-40.404139,-16.929475],[-40.396525,-16.943572],[-40.371777,-16.941753],[-40.301343,-16.95494],[-40.229957,-16.972675],[-40.18189,-17.01724],[-40.180938,-17.04316],[-40.155715,-17.077265],[-40.123829,-17.077265],[-40.088136,-17.066806],[-40.07719,-17.082722]]]},"properties":{"cod_ibge":"291845","name":"Jucuruçu","uf":"BA"}},
{"type":"Feature","geometry":{"type":"Polygon","coordinates":[[[-39.82353,-14.382474],[-39.790217,-14.350643],[-39.741674,-14.372015],[-39.696462,-14.369742],[-39.688372,-14.295164],[-39.664101,-14.184662],[-39.6898,-14.176022],[-39.699794,-14.152831],[-39.725969,-14.146919],[-39.770228,-14.123272],[-39.776891,-14.106447],[-39.812108,-14.1019],[-39.821627,-14.104173],[-39.859699,-14.145555],[-39.889206,-14.138734],[-39.92014,-14.183298],[-39.935845,-14.173749],[-39.974393,-14.162835],[-39.987719,-14.199669],[-39.984387,-14.221042],[-39.997237,-14.258785],[-40.005327,-14.266061],[-39.982484,-14.321539],[-39.948218,-14.362921],[-39.907766,-14.364285],[-39.890633,-14.380655],[-39.871597,-14.386112],[-39.82353,-14.382474]]]},"properties":{"cod_ibge":"291520","name":"Itagibá","uf":"BA"}},
{"type":"Feature","geometry":{"type":"Polygon","coordinates":[[[-42.813667,-11.940974],[-42.797962,-11.962347],[-42.756558,-11.985084],[-42.771311,-12.008275],[-42.777022,-12.034196],[-42.731334,-12.099678],[-42.708491,-12.107409],[-42.688503,-12.093767],[-42.66899,-12.061935],[-42.629014,-12.080124],[-42.614737,-12.162432],[-42.597604,-12.173346],[-42.573809,-12.171072],[-42.578092,-12.196083],[-42.561435,-12.258383],[-42.37821,-12.234281],[-42.371547,-12.277936],[-42.356318,-12.308859],[-42.332523,-12.384346],[-42.338234,-12.410266],[-42.361553,-12.419815],[-42.352987,-12.457559],[-42.332999,-12.476203],[-42.321101,-12.445736],[-42.32586,-12.429365],[-42.305872,-12.403899],[-42.253998,-12.407992],[-42.249239,-12.389348],[-42.260185,-12.3416],[-42.27113,-12.337962],[-42.270179,-12.311132],[-42.124075,-12.277482],[-42.11408,-12.306585],[-42.088857,-12.291579],[-42.088381,-12.227915],[-42.0979,-12.196993],[-42.094568,-12.177894],[-42.244955,-11.94825],[-42.461018,-11.965985],[-42.584279,-11.909142],[-42.668514,-11.866851],[-42.7004,-11.875946],[-42.772263,-11.809099],[-42.747515,-11.730884],[-42.78416,-11.744981],[-42.826992,-11.775448],[-42.861258,-11.794093],[-42.813667,-11.940974]]]},"properties":{"cod_ibge":"290450","name":"Brotas de Macaúbas","uf":"BA"}},
{"type":"Feature","geometry":{"type":"Polygon","coordinates":[[[-40.247565,-10.910532],[-40.231384,-10.925539],[-40.21092,-10.966011],[-40.185697,-10.97647],[-40.14001,-11.018761],[-40.090039,-11.079696],[-40.059581,-11.095612],[-40.015797,-11.134265],[-39.990098,-11.162458],[-39.982008,-11.15109],[-40.024364,-10.981017],[-40.015797,-10.930541],[-40.008183,-10.916444],[-40.018653,-10.884157],[-40.028171,-10.863239],[-40.057677,-10.857782],[-40.101937,-10.852326],[-40.156667,-10.858237],[-40.190456,-10.835955],[-40.204257,-10.81822],[-40.203782,-10.825041],[-40.241378,-10.847323],[-40.247565,-10.910532]]]},"properties":{"cod_ibge":"292525","name":"Ponto Novo","uf":"BA"}},
{"type":"Feature","geometry":{"type":"Polygon","coordinates":[[[-40.702534,-11.548078],[-40.726806,-11.532617],[-40.737751,-11.503514],[-40.764402,-11.495328],[-40.798192,-11.477139],[-40.863391,-11.414385],[-40.9462,-11.285238],[-41.133708,-11.153364],[-41.240311,-11.146543],[-41.259824,-11.120622],[-41.294565,-11.115165],[-41.316933,-11.072875],[-41.313126,-11.041498],[-41.296945,-11.003754],[-41.276956,-10.987838],[-41.241263,-10.991476],[-41.233649,-10.956916],[-41.28933,-10.909168],[-41.325975,-10.899619],[-41.376421,-10.88052],[-41.42782,-10.865968],[-41.461133,-10.831408],[-41.443049,-10.801849],[-41.47779,-10.755466],[-41.503965,-10.745462],[-41.556315,-10.743188],[-41.571544,-10.755921],[-41.574875,-10.779567],[-41.589153,-10.800485],[-41.60581,-10.80958],[-41.658635,-10.806397],[-41.662919,-10.811399],[-41.657208,-10.838229],[-41.640551,-10.856418],[-41.589153,-10.884612],[-41.567261,-10.903711],[-41.56155,-10.941],[-41.539658,-10.96783],[-41.508248,-10.969194],[-41.482073,-10.987838],[-41.461133,-10.976015],[-41.43829,-10.977379],[-41.427344,-10.994205],[-41.434958,-11.006483],[-41.436862,-11.021944],[-41.408307,-11.069691],[-41.395934,-11.076967],[-41.395458,-11.103342],[-41.375946,-11.140631],[-41.368331,-11.142905],[-41.365476,-11.183831],[-41.365951,-11.213844],[-41.355957,-11.227941],[-41.372138,-11.269777],[-41.366903,-11.29024],[-41.378801,-11.303428],[-41.37309,-11.331622],[-41.388795,-11.361635],[-41.386891,-11.390283],[-41.4045,-11.445762],[-41.431151,-11.448945],[-41.45685,-11.469863],[-41.485405,-11.504423],[-41.497302,-11.505333],[-41.510152,-11.529889],[-41.544417,-11.542621],[-41.557267,-11.558992],[-41.434958,-11.635388],[-41.375946,-11.693595],[-41.364048,-11.701326],[-41.381656,-11.75453],[-41.393078,-11.771356],[-41.349295,-11.776358],[-41.324547,-11.786817],[-41.322644,-11.797731],[-41.282191,-11.804552],[-41.248402,-11.816375],[-41.244595,-11.844569],[-41.254589,-11.875491],[-41.253637,-11.90323],[-41.22889,-11.907778],[-41.223179,-11.918692],[-41.127045,-11.945066],[-41.109436,-11.946885],[-41.086117,-11.919146],[-41.062797,-11.933243],[-41.048996,-11.969622],[-41.024725,-12.002364],[-40.972375,-12.016461],[-40.920501,-12.014187],[-40.897181,-11.990086],[-40.899561,-11.978263],[-40.937157,-11.929605],[-40.974278,-11.888679],[-40.960001,-11.860485],[-40.959525,-11.843205],[-40.941916,-11.818649],[-40.901464,-11.810918],[-40.884807,-11.757713],[-40.849114,-11.776358],[-40.801047,-11.742707],[-40.792481,-11.694505],[-40.727757,-11.566268],[-40.702534,-11.548078]]]},"properties":{"cod_ibge":"292170","name":"Morro do Chapéu","uf":"BA"}},
{"type":"Feature","geometry":{"type":"Polygon","coordinates":[[[-42.619496,-14.296528],[-42.596176,-14.272882],[-42.597128,-14.246507],[-42.586658,-14.238776],[-42.580947,-14.199214],[-42.59808,-14.175113],[-42.602363,-14.140098],[-42.62949,-14.139643],[-42.688979,-14.107356],[-42.697069,-14.077344],[-42.713726,-14.102809],[-42.75513,-14.091441],[-42.783209,-14.073251],[-42.799865,-14.037326],[-42.812715,-14.018682],[-42.858878,-14.019137],[-42.89124,-13.991852],[-42.917891,-13.983212],[-42.945969,-14.014589],[-42.937403,-14.102809],[-42.970241,-14.161016],[-42.974524,-14.190574],[-43.070182,-14.321994],[-43.048766,-14.332453],[-43.008314,-14.348824],[-42.996892,-14.366104],[-42.974524,-14.377017],[-42.955012,-14.396117],[-42.925505,-14.341548],[-42.903138,-14.340638],[-42.881246,-14.321539],[-42.751323,-14.296528],[-42.747515,-14.311535],[-42.712774,-14.324722],[-42.716581,-14.354735],[-42.704684,-14.365194],[-42.709443,-14.388386],[-42.619496,-14.296528]]]},"properties":{"cod_ibge":"291170","name":"Guanambi","uf":"BA"}},
{"type":"Feature","geometry":{"type":"Polygon","coordinates":[[[-41.760004,-15.137798],[-41.499206,-15.372444],[-41.455898,-15.410187],[-41.45685,-15.379265],[-41.434482,-15.34425],[-41.415446,-15.327879],[-41.424012,-15.307416],[-41.405928,-15.282405],[-41.384988,-15.277858],[-41.394982,-15.253302],[-41.413066,-15.164628],[-41.378801,-15.163718],[-41.366903,-15.140526],[-41.339776,-15.120063],[-41.333114,-15.126884],[-41.294565,-15.079136],[-41.28933,-15.052307],[-41.30218,-15.024113],[-41.21842,-14.997738],[-41.225558,-14.964542],[-41.237932,-14.955902],[-41.23936,-14.931801],[-41.263631,-14.912702],[-41.267914,-14.84449],[-41.258396,-14.831303],[-41.269342,-14.798107],[-41.309318,-14.783101],[-41.341204,-14.797652],[-41.351198,-14.815387],[-41.382132,-14.825391],[-41.424964,-14.790831],[-41.449236,-14.795833],[-41.476838,-14.794469],[-41.483977,-14.810385],[-41.509676,-14.824027],[-41.521098,-14.804473],[-41.545845,-14.814478],[-41.567737,-14.834031],[-41.568213,-14.855404],[-41.609141,-14.874049],[-41.620563,-14.864044],[-41.63246,-14.901333],[-41.648165,-14.934984],[-41.632936,-14.952719],[-41.633412,-14.970908],[-41.608189,-14.979094],[-41.594388,-14.993645],[-41.585821,-15.035481],[-41.594388,-15.05458],[-41.651973,-15.0996],[-41.678624,-15.100964],[-41.705275,-15.11597],[-41.730498,-15.113242],[-41.760004,-15.137798]]]},"properties":{"cod_ibge":"293180","name":"Tremedal","uf":"BA"}},
{"type":"Feature","geometry":{"type":"Polygon","coordinates":[[[-40.387958,-14.265606],[-40.375109,-14.274701],[-40.380344,-14.300166],[-40.354645,-14.290162],[-40.353217,-14.274701],[-40.32609,-14.282432],[-40.298012,-14.276065],[-40.195691,-14.239231],[-40.180938,-14.224225],[-40.189028,-14.201488],[-40.175227,-14.135096],[-40.181414,-14.123272],[-40.21092,-14.125546],[-40.22139,-14.095533],[-40.205209,-14.053697],[-40.215679,-14.035962],[-40.23186,-14.03096],[-40.247089,-14.042329],[-40.307054,-14.008678],[-40.318476,-14.006404],[-40.34941,-14.032779],[-40.509791,-13.950016],[-40.51693,-13.941376],[-40.505508,-13.886807],[-40.529779,-13.884989],[-40.535014,-13.865889],[-40.575467,-13.872256],[-40.610208,-13.865435],[-40.616395,-13.854976],[-40.655419,-13.839514],[-40.678739,-13.850428],[-40.693968,-13.83815],[-40.714908,-13.840879],[-40.736324,-13.835877],[-40.790577,-13.834058],[-40.855777,-13.849974],[-40.879572,-13.844062],[-40.905747,-13.885898],[-40.921452,-13.8909],[-40.911458,-13.914092],[-40.929067,-13.919094],[-40.949531,-13.906361],[-40.9462,-13.955473],[-40.930495,-13.982758],[-40.889566,-13.984122],[-40.872434,-13.998674],[-40.869102,-14.031415],[-40.687305,-14.11918],[-40.678739,-14.145555],[-40.651136,-14.140098],[-40.575467,-14.17966],[-40.530731,-14.195576],[-40.49599,-14.203307],[-40.491707,-14.226498],[-40.470767,-14.236503],[-40.466007,-14.265151],[-40.441736,-14.264697],[-40.407471,-14.273791],[-40.387958,-14.265606]]]},"properties":{"cod_ibge":"292040","name":"Manoel Vitorino","uf":"BA"}},
{"type":"Feature","geometry":{"type":"Polygon","coordinates":[[[-37.979859,-11.594462],[-37.947021,-11.616289],[-37.947973,-11.644938],[-37.936551,-11.66813],[-37.911804,-11.680862],[-37.894195,-11.690412],[-37.865164,-11.684046],[-37.860405,-11.713149],[-37.83661,-11.734522],[-37.812814,-11.736795],[-37.783784,-11.722244],[-37.777597,-11.706783],[-37.73191,-11.708602],[-37.747615,-11.679953],[-37.747139,-11.662673],[-37.763796,-11.637662],[-37.790447,-11.625384],[-37.801393,-11.606285],[-37.821857,-11.596281],[-37.828995,-11.558537],[-37.799965,-11.521249],[-37.814718,-11.513973],[-37.809007,-11.496238],[-37.833279,-11.482141],[-37.853267,-11.467589],[-37.869924,-11.434848],[-37.897526,-11.438031],[-37.917039,-11.402561],[-37.936551,-11.42166],[-37.968437,-11.389374],[-37.982238,-11.347993],[-37.994136,-11.343445],[-38.036492,-11.390283],[-38.025546,-11.398469],[-38.045058,-11.425753],[-38.079799,-11.442124],[-38.080275,-11.465315],[-38.048389,-11.497147],[-38.057432,-11.525796],[-38.039347,-11.546259],[-38.010317,-11.566268],[-37.979859,-11.594462]]]},"properties":{"cod_ibge":"292700","name":"Rio Real","uf":"BA"}},
{"type":"Feature","geometry":{"type":"Polygon","coordinates":[[[-41.605334,-12.711759],[-41.572972,-12.712668],[-41.437814,-12.70994],[-41.452091,-12.674015],[-41.479218,-12.643548],[-41.444952,-12.622629],[-41.454946,-12.599438],[-41.470651,-12.584431],[-41.478742,-12.548962],[-41.468748,-12.536229],[-41.485881,-12.514856],[-41.484929,-12.488936],[-41.462085,-12.472565],[-41.443049,-12.469382],[-41.457802,-12.445281],[-41.442573,-12.436186],[-41.441621,-12.412994],[-41.452567,-12.382527],[-41.479218,-12.370703],[-41.508248,-12.374796],[-41.524905,-12.357061],[-41.54061,-12.357061],[-41.564881,-12.372977],[-41.566309,-12.388893],[-41.588201,-12.397078],[-41.582014,-12.415723],[-41.602954,-12.426182],[-41.618183,-12.453011],[-41.677196,-12.523951],[-41.684335,-12.536229],[-41.663395,-12.552145],[-41.656256,-12.584886],[-41.678624,-12.626267],[-41.661967,-12.668104],[-41.648641,-12.679472],[-41.605334,-12.711759]]]},"properties":{"cod_ibge":"292350","name":"Palmeiras","uf":"BA"}},
{"type":"Feature","geometry":{"type":"Polygon","coordinates":[[[-39.052558,-13.048266],[-39.048274,-13.01507],[-39.025431,-12.983239],[-39.041612,-12.951407],[-39.060648,-12.947314],[-39.116329,-12.956409],[-39.112998,-12.968687],[-39.108715,-12.996426],[-39.132034,-12.986876],[-39.146312,-13.000973],[-39.152974,-13.040536],[-39.117281,-13.058271],[-39.109191,-13.037807],[-39.052558,-13.048266]]]},"properties":{"cod_ibge":"292220","name":"Muniz Ferreira","uf":"BA"}},
{"type":"Feature","geometry":{"type":"Polygon","coordinates":[[[-40.511695,-15.67712],[-40.5274,-15.677575],[-40.563093,-15.663478],[-40.593551,-15.634374],[-40.619726,-15.62437],[-40.641618,-15.601633],[-40.661606,-15.60709],[-40.682546,-15.577077],[-40.704914,-15.564799],[-40.717287,-15.546609],[-40.739179,-15.533422],[-40.738227,-15.516597],[-40.749173,-15.478853],[-40.772493,-15.486129],[-40.803427,-15.474306],[-40.851494,-15.437017],[-40.85197,-15.419282],[-40.871958,-15.411552],[-40.881476,-15.37881],[-40.892898,-15.36244],[-40.875289,-15.32697],[-40.885759,-15.297867],[-40.906223,-15.320149],[-40.933826,-15.338793],[-40.941441,-15.358802],[-40.93335,-15.371534],[-40.93573,-15.444293],[-40.97523,-15.47567],[-41.002357,-15.478398],[-41.034243,-15.472942],[-41.031387,-15.483401],[-41.052327,-15.508866],[-41.13228,-15.524327],[-41.138467,-15.534786],[-41.17416,-15.53615],[-41.214136,-15.495224],[-41.224131,-15.509776],[-41.256492,-15.514778],[-41.304559,-15.508411],[-41.317885,-15.512504],[-41.336445,-15.497952],[-41.362144,-15.495224],[-41.356433,-15.500226],[-41.342156,-15.638467],[-41.330258,-15.743512],[-41.293137,-15.738965],[-41.26839,-15.748514],[-41.237456,-15.7376],[-41.215564,-15.737146],[-41.199859,-15.748969],[-41.14275,-15.772161],[-41.121334,-15.743057],[-41.098015,-15.741238],[-41.078978,-15.719866],[-41.04852,-15.723958],[-41.036146,-15.713954],[-41.006164,-15.713954],[-40.978086,-15.688034],[-40.963332,-15.648471],[-40.914314,-15.661204],[-40.902416,-15.691672],[-40.881476,-15.6944],[-40.8415,-15.682577],[-40.816752,-15.647562],[-40.780107,-15.680303],[-40.785818,-15.692126],[-40.767734,-15.713954],[-40.741559,-15.704859],[-40.743938,-15.683941],[-40.700631,-15.667116],[-40.664937,-15.67712],[-40.647329,-15.709406],[-40.636383,-15.695764],[-40.585461,-15.698038],[-40.568328,-15.703495],[-40.555954,-15.690307],[-40.519309,-15.686669],[-40.511695,-15.67712]]]},"properties":{"cod_ibge":"291040","name":"Encruzilhada","uf":"BA"}},
{"type":"Feature","geometry":{"type":"Polygon","coordinates":[[[-40.018653,-10.884157],[-39.999617,-10.883703],[-39.962496,-10.897345],[-39.923471,-10.917808],[-39.902531,-10.915989],[-39.889682,-10.900073],[-39.869693,-10.903257],[-39.85732,-10.918718],[-39.825434,-10.939181],[-39.798783,-10.938726],[-39.78165,-10.955097],[-39.7293,-10.954187],[-39.669336,-10.946912],[-39.627456,-10.91508],[-39.626028,-10.874608],[-39.649347,-10.843686],[-39.665052,-10.839138],[-39.661245,-10.817765],[-39.675047,-10.806852],[-39.681709,-10.785934],[-39.683137,-10.76547],[-39.709312,-10.719541],[-39.69789,-10.703171],[-39.69789,-10.670884],[-39.724065,-10.659516],[-39.744053,-10.64269],[-39.755951,-10.599945],[-39.768325,-10.538555],[-39.762138,-10.475346],[-39.752144,-10.439421],[-39.803542,-10.426689],[-39.814964,-10.462158],[-39.83638,-10.448061],[-39.922519,-10.495354],[-39.92823,-10.541283],[-39.947742,-10.549469],[-40.017701,-10.620863],[-39.995333,-10.631777],[-40.015797,-10.666337],[-40.0039,-10.672248],[-40.024364,-10.709537],[-40.036737,-10.765925],[-40.028171,-10.780022],[-40.04578,-10.800485],[-40.057677,-10.857782],[-40.028171,-10.863239],[-40.018653,-10.884157]]]},"properties":{"cod_ibge":"291700","name":"Itiúba","uf":"BA"}},
{"type":"Feature","geometry":{"type":"Polygon","coordinates":[[[-40.220914,-14.673508],[-40.208065,-14.742629],[-40.175227,-14.758999],[-40.151907,-14.764456],[-40.135727,-14.758999],[-40.112407,-14.786738],[-40.089087,-14.769004],[-40.02484,-14.81857],[-40.014846,-14.787193],[-40.034358,-14.754907],[-40.02246,-14.73126],[-39.992002,-14.725803],[-39.975345,-14.709887],[-39.974869,-14.685331],[-39.956785,-14.673508],[-39.925851,-14.686241],[-39.900152,-14.670325],[-39.900627,-14.646678],[-39.887302,-14.630308],[-39.873501,-14.590745],[-39.962972,-14.482972],[-39.982484,-14.492522],[-39.987719,-14.508437],[-40.030551,-14.535267],[-40.076714,-14.537996],[-40.093847,-14.520715],[-40.127636,-14.487519],[-40.165709,-14.478879],[-40.175227,-14.510256],[-40.188077,-14.51344],[-40.203782,-14.554821],[-40.20045,-14.568463],[-40.229005,-14.64486],[-40.220914,-14.673508]]]},"properties":{"cod_ibge":"291350","name":"Iguaí","uf":"BA"}},
{"type":"Feature","geometry":{"type":"Polygon","coordinates":[[[-41.487308,-13.52347],[-41.352626,-13.490274],[-41.31027,-13.495731],[-41.256492,-13.470265],[-41.23698,-13.461171],[-41.233173,-13.428884],[-41.21842,-13.429339],[-41.189389,-13.406602],[-41.160835,-13.403419],[-41.1556,-13.377044],[-41.131328,-13.364311],[-41.104677,-13.318837],[-41.106105,-13.293371],[-41.126093,-13.287005],[-41.14275,-13.299283],[-41.157979,-13.282458],[-41.167973,-13.249716],[-41.185106,-13.230163],[-41.290758,-13.322475],[-41.335017,-13.298828],[-41.349295,-13.281093],[-41.382608,-13.271089],[-41.392126,-13.257902],[-41.398789,-13.22516],[-41.41497,-13.245624],[-41.445904,-13.250626],[-41.453995,-13.262904],[-41.453519,-13.295645],[-41.436862,-13.328841],[-41.445904,-13.38341],[-41.547273,-13.425701],[-41.531092,-13.444345],[-41.510628,-13.448893],[-41.499682,-13.517558],[-41.487308,-13.52347]]]},"properties":{"cod_ibge":"291220","name":"Ibicoara","uf":"BA"}},
{"type":"Feature","geometry":{"type":"Polygon","coordinates":[[[-42.054116,-11.233398],[-42.021754,-11.208842],[-41.949892,-11.222939],[-41.941801,-11.228396],[-41.926096,-11.181558],[-41.95703,-11.153818],[-41.986061,-11.143359],[-42.016043,-11.112437],[-42.048881,-11.062416],[-42.075532,-11.029674],[-42.088857,-11.022398],[-42.14549,-11.023308],[-42.145966,-11.047409],[-42.18975,-11.074694],[-42.258281,-11.14245],[-42.240196,-11.261137],[-42.150725,-11.237491],[-42.131689,-11.240674],[-42.106942,-11.221575],[-42.054116,-11.233398]]]},"properties":{"cod_ibge":"290760","name":"Central","uf":"BA"}},
{"type":"Feature","geometry":{"type":"Polygon","coordinates":[[[-38.893604,-15.766704],[-38.911688,-15.718047],[-38.917399,-15.716228],[-38.935008,-15.665297],[-38.940243,-15.59754],[-38.942147,-15.539334],[-38.951665,-15.469304],[-38.973081,-15.385631],[-39.007822,-15.375627],[-39.016388,-15.391088],[-39.024003,-15.408368],[-39.020672,-15.437017],[-39.043515,-15.457935],[-39.091106,-15.471123],[-39.10348,-15.484765],[-39.142028,-15.493405],[-39.17439,-15.514778],[-39.201993,-15.513413],[-39.19533,-15.532058],[-39.16392,-15.543881],[-39.174866,-15.572075],[-39.154402,-15.572984],[-39.159637,-15.603452],[-39.201993,-15.592083],[-39.233403,-15.621187],[-39.261958,-15.633465],[-39.298127,-15.64256],[-39.324778,-15.661659],[-39.332392,-15.678029],[-39.36285,-15.708952],[-39.368085,-15.73851],[-39.341434,-15.749878],[-39.339055,-15.773525],[-39.32335,-15.797626],[-39.317639,-15.824911],[-39.355712,-15.849921],[-39.287181,-15.843555],[-39.238162,-15.797171],[-39.209132,-15.793079],[-39.171059,-15.808995],[-39.162017,-15.796717],[-39.140125,-15.79899],[-39.110143,-15.825365],[-39.094913,-15.808995],[-39.106335,-15.787167],[-38.893604,-15.766704]]]},"properties":{"cod_ibge":"290630","name":"Canavieiras","uf":"BA"}},
{"type":"Feature","geometry":{"type":"Polygon","coordinates":[[[-39.144408,-12.741317],[-39.144884,-12.719489],[-39.211511,-12.64855],[-39.231975,-12.655371],[-39.231023,-12.674015],[-39.245777,-12.69175],[-39.261958,-12.696297],[-39.260054,-12.720399],[-39.272428,-12.744045],[-39.248156,-12.787245],[-39.225788,-12.809982],[-39.219602,-12.787245],[-39.191523,-12.753595],[-39.165348,-12.758597],[-39.144408,-12.741317]]]},"properties":{"cod_ibge":"292960","name":"Sapeaçu","uf":"BA"}},
{"type":"Feature","geometry":{"type":"Polygon","coordinates":[[[-43.44377,-12.551235],[-43.239129,-12.63036],[-43.233419,-12.639455],[-43.229135,-12.685838],[-43.221997,-12.690841],[-43.201057,-12.674015],[-43.187731,-12.619901],[-43.206292,-12.590343],[-43.206768,-12.543505],[-43.258166,-12.430729],[-43.252931,-12.381162],[-43.280058,-12.352059],[-43.286244,-12.331141],[-43.281485,-12.269296],[-43.260545,-12.233372],[-43.263401,-12.221094],[-43.22628,-12.192445],[-43.233419,-12.171527],[-43.266732,-12.151973],[-43.281961,-12.135603],[-43.290528,-12.111047],[-43.299094,-12.056023],[-43.306709,-12.044655],[-43.349064,-12.016461],[-43.359534,-11.962801],[-43.352872,-11.904595],[-43.315275,-11.875036],[-43.323365,-11.835019],[-43.349064,-11.798185],[-43.348113,-11.735886],[-43.390469,-11.734067],[-43.379999,-11.785907],[-43.409029,-11.783179],[-43.418071,-11.795912],[-43.460903,-11.806825],[-43.462331,-11.827289],[-43.491837,-11.853664],[-43.505638,-11.890498],[-43.503259,-11.91278],[-43.511349,-11.931424],[-43.631754,-11.931424],[-43.646508,-11.890498],[-43.661737,-11.865032],[-43.711707,-11.870944],[-43.693623,-11.900047],[-43.725033,-11.944612],[-43.740262,-11.950069],[-43.739786,-11.971441],[-43.76025,-12.003728],[-43.74978,-12.014642],[-43.723605,-12.016006],[-43.731695,-12.048293],[-43.795467,-12.091948],[-43.797847,-12.111501],[-43.824022,-12.125144],[-43.82307,-12.149245],[-43.848293,-12.165161],[-43.864474,-12.160613],[-43.888269,-12.172437],[-43.885414,-12.184715],[-43.910637,-12.204723],[-43.915396,-12.22837],[-43.928722,-12.243376],[-43.913017,-12.256564],[-43.8521,-12.242467],[-43.82069,-12.251561],[-43.804985,-12.246105],[-43.781666,-12.257928],[-43.767388,-12.280665],[-43.736454,-12.284303],[-43.710755,-12.322046],[-43.685532,-12.318863],[-43.707424,-12.370703],[-43.70552,-12.384346],[-43.679345,-12.389348],[-43.553705,-12.506671],[-43.44377,-12.551235]]]},"properties":{"cod_ibge":"292225","name":"Muquém do São Francisco","uf":"BA"}},
{"type":"Feature","geometry":{"type":"Polygon","coordinates":[[[-44.496005,-11.402561],[-44.474113,-11.407109],[-44.466499,-11.393012],[-44.436992,-11.388464],[-44.41748,-11.363454],[-44.381311,-11.414839],[-44.377028,-11.442124],[-44.353233,-11.443943],[-44.332293,-11.48305],[-44.301358,-11.485324],[-44.290413,-11.472591],[-44.265665,-11.478503],[-44.251864,-11.462132],[-44.215219,-11.469408],[-44.162869,-11.453492],[-44.154778,-11.439395],[-44.121941,-11.438486],[-44.120513,-11.418932],[-44.080061,-11.420751],[-44.068639,-11.43985],[-44.04294,-11.432574],[-44.005343,-11.412566],[-43.983927,-11.394831],[-43.975361,-11.374822],[-43.955373,-11.377096],[-43.913493,-11.36027],[-43.890649,-11.364363],[-43.878751,-11.354359],[-43.85448,-11.365273],[-43.836871,-11.352995],[-43.829733,-11.348902],[-43.861618,-11.280691],[-43.895884,-11.172008],[-43.910161,-11.135174],[-43.908258,-11.12426],[-43.926342,-11.081969],[-43.960132,-11.050592],[-43.986783,-11.01012],[-44.000108,-10.998297],[-44.025331,-10.955552],[-44.017241,-10.941455],[-43.981072,-10.928722],[-43.957276,-10.928267],[-43.940619,-10.905985],[-43.923487,-10.897345],[-43.923487,-10.878701],[-43.900643,-10.856873],[-43.917776,-10.837319],[-43.921107,-10.812763],[-43.90683,-10.798666],[-43.920155,-10.778658],[-43.941095,-10.716358],[-43.971553,-10.67907],[-43.989638,-10.669065],[-43.997253,-10.640417],[-44.058169,-10.621772],[-44.083392,-10.589031],[-44.110519,-10.597216],[-44.125748,-10.627229],[-44.139073,-10.639962],[-44.165724,-10.64269],[-44.1267,-10.74819],[-44.108139,-10.808216],[-44.13479,-10.829134],[-44.144308,-10.861875],[-44.140025,-10.884157],[-44.149543,-10.896435],[-44.146688,-10.92281],[-44.161441,-10.956006],[-44.180002,-10.981927],[-44.200466,-10.998297],[-44.223309,-11.043771],[-44.219026,-11.086972],[-44.248057,-11.135174],[-44.271852,-11.163368],[-44.34657,-11.224303],[-44.496005,-11.402561]]]},"properties":{"cod_ibge":"292045","name":"Mansidão","uf":"BA"}},
{"type":"Feature","geometry":{"type":"Polygon","coordinates":[[[-40.48314,-17.48835],[-40.488851,-17.519728],[-40.47505,-17.533824],[-40.459345,-17.569294],[-40.445067,-17.578844],[-40.427935,-17.566566],[-40.413657,-17.574296],[-40.418417,-17.599307],[-40.397001,-17.625682],[-40.379868,-17.61113],[-40.348934,-17.631594],[-40.344175,-17.615678],[-40.323711,-17.640688],[-40.322759,-17.661152],[-40.298963,-17.674794],[-40.295632,-17.69935],[-40.272788,-17.727544],[-40.256132,-17.719359],[-40.239951,-17.73482],[-40.217107,-17.715721],[-40.223294,-17.680706],[-40.208541,-17.643417],[-40.160474,-17.624773],[-40.120497,-17.640688],[-40.13763,-17.603854],[-40.18998,-17.563837],[-40.214727,-17.561109],[-40.238047,-17.546102],[-40.257083,-17.409226],[-40.267553,-17.416047],[-40.313241,-17.415592],[-40.339416,-17.406042],[-40.353217,-17.450152],[-40.391766,-17.453335],[-40.414133,-17.465159],[-40.427935,-17.488805],[-40.439357,-17.483803],[-40.463152,-17.499264],[-40.48314,-17.48835]]]},"properties":{"cod_ibge":"291890","name":"Lajedão","uf":"BA"}},
{"type":"Feature","geometry":{"type":"Polygon","coordinates":[[[-38.733223,-12.155611],[-38.752259,-12.165161],[-38.763205,-12.118777],[-38.793187,-12.107864],[-38.84173,-12.103316],[-38.874568,-12.09695],[-38.8917,-12.116504],[-38.88123,-12.131965],[-38.88361,-12.156521],[-38.866001,-12.191081],[-38.857911,-12.220184],[-38.842206,-12.242467],[-38.850296,-12.268387],[-38.838874,-12.308859],[-38.819362,-12.321591],[-38.811272,-12.337507],[-38.789856,-12.329777],[-38.762729,-12.291579],[-38.723228,-12.285212],[-38.711331,-12.312042],[-38.689915,-12.303402],[-38.698481,-12.278846],[-38.678493,-12.220639],[-38.658029,-12.1929],[-38.733223,-12.155611]]]},"properties":{"cod_ibge":"290890","name":"Coração de Maria","uf":"BA"}},
{"type":"Feature","geometry":{"type":"Polygon","coordinates":[[[-42.15025,-14.488884],[-42.173569,-14.40794],[-42.231154,-14.377472],[-42.270655,-14.382929],[-42.290643,-14.377017],[-42.329191,-14.382474],[-42.35727,-14.377472],[-42.37583,-14.391569],[-42.397246,-14.37338],[-42.43294,-14.354735],[-42.461018,-14.351552],[-42.504326,-14.380655],[-42.524314,-14.409759],[-42.50147,-14.399754],[-42.466253,-14.405666],[-42.447217,-14.417489],[-42.392487,-14.426129],[-42.37583,-14.455233],[-42.354415,-14.467056],[-42.356794,-14.480244],[-42.342041,-14.501616],[-42.347752,-14.516623],[-42.33395,-14.542998],[-42.351083,-14.563461],[-42.330619,-14.596202],[-42.337282,-14.619394],[-42.313486,-14.630763],[-42.285884,-14.625306],[-42.269227,-14.631217],[-42.247811,-14.608935],[-42.216401,-14.599385],[-42.194985,-14.607571],[-42.156912,-14.597112],[-42.154533,-14.526172],[-42.178328,-14.514349],[-42.15025,-14.488884]]]},"properties":{"cod_ibge":"290500","name":"Caculé","uf":"BA"}},
{"type":"Feature","geometry":{"type":"Polygon","coordinates":[[[-38.872188,-11.699052],[-38.88123,-11.661309],[-38.878851,-11.637662],[-38.887417,-11.628113],[-38.853628,-11.606285],[-38.86267,-11.585367],[-38.869808,-11.537619],[-38.884562,-11.524886],[-38.902646,-11.539438],[-38.941195,-11.547623],[-38.971177,-11.562175],[-38.980695,-11.55308],[-39.021148,-11.551261],[-39.032093,-11.584003],[-39.072546,-11.61538],[-39.111094,-11.614925],[-39.133938,-11.629477],[-39.158209,-11.633115],[-39.159161,-11.646757],[-39.118709,-11.6845],[-39.09301,-11.716332],[-39.060648,-11.769991],[-39.070642,-11.793638],[-39.076353,-11.828653],[-39.065883,-11.829562],[-38.992117,-11.809099],[-38.97784,-11.815466],[-38.985454,-11.79091],[-38.98593,-11.753621],[-38.935484,-11.740433],[-38.934056,-11.730429],[-38.897887,-11.722244],[-38.890273,-11.696778],[-38.872188,-11.699052]]]},"properties":{"cod_ibge":"293050","name":"Serrinha","uf":"BA"}},
{"type":"Feature","geometry":{"type":"Polygon","coordinates":[[[-40.370826,-11.616289],[-40.386055,-11.601283],[-40.400808,-11.613561],[-40.446971,-11.617199],[-40.466483,-11.602192],[-40.492182,-11.618563],[-40.498845,-11.632205],[-40.523117,-11.630841],[-40.522165,-11.600373],[-40.529303,-11.578091],[-40.55643,-11.578546],[-40.567852,-11.565358],[-40.599738,-11.552626],[-40.645425,-11.560811],[-40.702534,-11.548078],[-40.727757,-11.566268],[-40.792481,-11.694505],[-40.801047,-11.742707],[-40.797716,-11.763625],[-40.698727,-11.797731],[-40.665889,-11.795002],[-40.649232,-11.836838],[-40.624961,-11.846388],[-40.615443,-11.835019],[-40.484568,-11.82456],[-40.447447,-11.760442],[-40.433646,-11.7468],[-40.449827,-11.698597],[-40.436977,-11.691321],[-40.401284,-11.648121],[-40.383199,-11.641755],[-40.370826,-11.616289]]]},"properties":{"cod_ibge":"292480","name":"Piritiba","uf":"BA"}},
{"type":"Feature","geometry":{"type":"Polygon","coordinates":[[[-39.747385,-13.375225],[-39.734059,-13.369313],[-39.739294,-13.341574],[-39.728824,-13.315654],[-39.757379,-13.270634],[-39.759758,-13.248807],[-39.799259,-13.236529],[-39.831621,-13.205607],[-39.847326,-13.203333],[-39.868742,-13.179686],[-39.899676,-13.164225],[-39.922995,-13.161951],[-39.946315,-13.166499],[-39.934893,-13.19924],[-39.944411,-13.215156],[-39.922519,-13.237893],[-39.913477,-13.258811],[-39.933941,-13.292007],[-39.962972,-13.302921],[-39.975821,-13.314744],[-39.95155,-13.325658],[-39.877308,-13.391141],[-39.812584,-13.337026],[-39.779271,-13.37477],[-39.747385,-13.375225]]]},"properties":{"cod_ibge":"292790","name":"Santa Inês","uf":"BA"}},
{"type":"Feature","geometry":{"type":"Polygon","coordinates":[[[-39.211035,-14.908609],[-39.201041,-14.888146],[-39.222933,-14.87223],[-39.208656,-14.844945],[-39.235783,-14.848128],[-39.247204,-14.758545],[-39.261958,-14.755816],[-39.290988,-14.693062],[-39.343338,-14.723984],[-39.351428,-14.728077],[-39.357615,-14.763547],[-39.395212,-14.81084],[-39.405206,-14.837215],[-39.401875,-14.852221],[-39.36523,-14.851312],[-39.359043,-14.876322],[-39.374272,-14.908154],[-39.378079,-14.935893],[-39.393308,-14.973182],[-39.419008,-15.011835],[-39.412345,-15.033208],[-39.366658,-15.019565],[-39.353808,-14.993191],[-39.366658,-14.97682],[-39.350477,-14.964997],[-39.328109,-14.931801],[-39.301934,-14.929982],[-39.248632,-14.936803],[-39.231023,-14.934984],[-39.211035,-14.908609]]]},"properties":{"cod_ibge":"291480","name":"Itabuna","uf":"BA"}},
{"type":"Feature","geometry":{"type":"Polygon","coordinates":[[[-38.546666,-10.56402],[-38.559516,-10.599035],[-38.556184,-10.612677],[-38.571889,-10.674977],[-38.589498,-10.699533],[-38.63233,-10.717268],[-38.666119,-10.707718],[-38.677065,-10.726817],[-38.703716,-10.725908],[-38.733223,-10.717722],[-38.755114,-10.73],[-38.767488,-10.747281],[-38.775103,-10.77411],[-38.711331,-10.890069],[-38.667547,-10.899164],[-38.625191,-10.94009],[-38.593781,-10.988293],[-38.593781,-11.020125],[-38.558088,-11.02058],[-38.530009,-10.976924],[-38.530961,-10.960099],[-38.469093,-10.939181],[-38.442442,-10.910987],[-38.409604,-10.916899],[-38.411032,-10.880065],[-38.377243,-10.875972],[-38.377243,-10.840048],[-38.376767,-10.708173],[-38.394851,-10.706809],[-38.394851,-10.638143],[-38.398183,-10.632686],[-38.437207,-10.60904],[-38.481943,-10.60904],[-38.506214,-10.589031],[-38.546666,-10.56402]]]},"properties":{"cod_ibge":"292660","name":"Ribeira do Pombal","uf":"BA"}},
{"type":"Feature","geometry":{"type":"Polygon","coordinates":[[[-37.747139,-11.662673],[-37.750946,-11.642664],[-37.740952,-11.629477],[-37.71335,-11.63266],[-37.690982,-11.659035],[-37.659096,-11.673587],[-37.633397,-11.659944],[-37.606746,-11.666765],[-37.583426,-11.691321],[-37.558203,-11.705418],[-37.534408,-11.700416],[-37.520606,-11.71133],[-37.512992,-11.740888],[-37.406388,-11.53671],[-37.38402,-11.503514],[-37.349279,-11.462132],[-37.341189,-11.442124],[-37.36784,-11.458494],[-37.432563,-11.511244],[-37.458262,-11.523522],[-37.504901,-11.524886],[-37.52013,-11.549442],[-37.57486,-11.542621],[-37.587234,-11.528524],[-37.603415,-11.539893],[-37.62483,-11.532617],[-37.632445,-11.518065],[-37.662427,-11.536255],[-37.68194,-11.562175],[-37.698596,-11.563539],[-37.728579,-11.552171],[-37.759037,-11.525341],[-37.799965,-11.521249],[-37.828995,-11.558537],[-37.821857,-11.596281],[-37.801393,-11.606285],[-37.790447,-11.625384],[-37.763796,-11.637662],[-37.747139,-11.662673]]]},"properties":{"cod_ibge":"291790","name":"Jandaíra","uf":"BA"}},
{"type":"Feature","geometry":{"type":"Polygon","coordinates":[[[-39.490394,-14.419763],[-39.526087,-14.412032],[-39.535605,-14.392933],[-39.554166,-14.388841],[-39.590335,-14.395207],[-39.696462,-14.369742],[-39.715499,-14.41567],[-39.706457,-14.42522],[-39.70836,-14.45205],[-39.733107,-14.517077],[-39.7293,-14.561187],[-39.550358,-14.561642],[-39.536557,-14.524353],[-39.524659,-14.518896],[-39.510858,-14.475241],[-39.515617,-14.461144],[-39.490394,-14.419763]]]},"properties":{"cod_ibge":"291660","name":"Itapitanga","uf":"BA"}},
{"type":"Feature","geometry":{"type":"Polygon","coordinates":[[[-39.229596,-12.38571],[-39.217698,-12.396169],[-39.194854,-12.387529],[-39.17439,-12.427546],[-39.162017,-12.430729],[-39.149643,-12.478477],[-39.127275,-12.498485],[-39.088727,-12.495757],[-39.067311,-12.453011],[-39.052558,-12.446645],[-39.0616,-12.422999],[-39.053033,-12.410266],[-39.066835,-12.406173],[-39.08016,-12.378889],[-39.070642,-12.35979],[-39.110143,-12.345693],[-39.121088,-12.310678],[-39.149167,-12.270206],[-39.188668,-12.283848],[-39.199613,-12.295216],[-39.23721,-12.28976],[-39.245301,-12.323865],[-39.238162,-12.348421],[-39.241969,-12.364792],[-39.229596,-12.38571]]]},"properties":{"cod_ibge":"290170","name":"Antônio Cardoso","uf":"BA"}},
{"type":"Feature","geometry":{"type":"Polygon","coordinates":[[[-44.411769,-14.281522],[-44.426998,-14.270154],[-44.451746,-14.22377],[-44.468402,-14.217404],[-44.46174,-14.194667],[-44.439848,-14.1883],[-44.449842,-14.161016],[-44.444607,-14.141462],[-44.427474,-14.134641],[-44.418908,-14.10099],[-44.426522,-14.081436],[-44.390829,-14.075525],[-44.379407,-14.044602],[-44.467927,-14.034143],[-44.517897,-14.00413],[-44.670664,-13.889081],[-44.712068,-13.889081],[-44.730628,-13.869527],[-44.749189,-13.866344],[-44.767273,-13.840424],[-44.794876,-13.825872],[-44.80725,-13.829055],[-44.833901,-13.853611],[-44.843895,-13.876348],[-44.864835,-13.902723],[-44.903383,-13.92546],[-44.906239,-13.975482],[-44.915757,-14.004585],[-44.938601,-14.013225],[-44.95383,-14.033234],[-45.010463,-14.046421],[-45.041873,-14.060973],[-45.048536,-14.073251],[-45.075662,-14.076434],[-45.113259,-14.114178],[-45.135627,-14.113268],[-45.19226,-14.127365],[-45.198923,-14.14419],[-45.240803,-14.174658],[-45.267454,-14.201942],[-45.301719,-14.209218],[-45.333605,-14.246052],[-45.375009,-14.257421],[-45.411178,-14.298347],[-45.417841,-14.316537],[-45.494938,-14.358373],[-45.493986,-14.37247],[-45.541577,-14.414306],[-45.56109,-14.443864],[-45.584409,-14.454778],[-45.608681,-14.47797],[-45.624861,-14.505254],[-45.67388,-14.518442],[-45.683874,-14.547545],[-45.727658,-14.571192],[-45.746218,-14.600295],[-45.800948,-14.649407],[-45.815701,-14.658047],[-45.846635,-14.690788],[-45.859009,-14.6967],[-45.886136,-14.73126],[-45.935154,-14.772187],[-45.964185,-14.81084],[-45.996071,-14.822663],[-46.037475,-14.874503],[-46.003685,-14.902243],[-45.996071,-14.927253],[-45.966088,-14.965451],[-45.974655,-15.004559],[-45.975131,-15.036846],[-46.018438,-15.08141],[-46.028432,-15.114151],[-46.043661,-15.118244],[-46.047945,-15.163718],[-46.078879,-15.175541],[-46.116476,-15.204645],[-46.098867,-15.216923],[-46.096963,-15.243298],[-46.057939,-15.262852],[-46.029384,-15.201916],[-45.984649,-15.196005],[-45.960377,-15.14371],[-45.918497,-15.133251],[-45.872334,-15.158716],[-45.859009,-15.145529],[-45.834261,-15.136888],[-45.829502,-15.120063],[-45.811894,-15.112787],[-45.740031,-15.120518],[-45.673404,-15.077772],[-45.655796,-15.048669],[-45.650085,-15.023658],[-45.616771,-15.014109],[-45.594403,-14.978639],[-45.567276,-14.956357],[-45.567752,-14.945898],[-45.535866,-14.938167],[-45.513975,-14.954083],[-45.490179,-14.960904],[-45.455438,-14.949081],[-45.43545,-14.922706],[-45.410226,-14.923615],[-45.368822,-14.890419],[-45.364063,-14.871775],[-45.322659,-14.852221],[-45.305527,-14.833577],[-45.243182,-14.786284],[-45.205586,-14.744902],[-45.191308,-14.749905],[-45.166561,-14.735353],[-45.136103,-14.747631],[-45.095651,-14.753088],[-45.065192,-14.730805],[-45.047584,-14.690334],[-45.031879,-14.676237],[-44.99571,-14.667597],[-44.980957,-14.645769],[-44.916709,-14.619849],[-44.890058,-14.597112],[-44.869118,-14.593474],[-44.830093,-14.533448],[-44.834377,-14.507528],[-44.810581,-14.502981],[-44.767749,-14.47706],[-44.741574,-14.467056],[-44.698267,-14.432041],[-44.686369,-14.41658],[-44.659242,-14.417035],[-44.658766,-14.395662],[-44.632591,-14.387477],[-44.609747,-14.365649],[-44.599277,-14.367923],[-44.565964,-14.341548],[-44.510758,-14.322903],[-44.488391,-14.328815],[-44.475065,-14.314263],[-44.453649,-14.31199],[-44.428426,-14.286524],[-44.411769,-14.281522]]]},"properties":{"cod_ibge":"290810","name":"Cocos","uf":"BA"}},
{"type":"Feature","geometry":{"type":"Polygon","coordinates":[[[-38.541907,-11.75453],[-38.581408,-11.732703],[-38.602348,-11.714513],[-38.626143,-11.709056],[-38.646607,-11.690412],[-38.67421,-11.692686],[-38.746548,-11.692686],[-38.792235,-11.723608],[-38.793187,-11.733158],[-38.833639,-11.77272],[-38.868857,-11.81592],[-38.836019,-11.920511],[-38.825073,-11.94825],[-38.768916,-11.946431],[-38.75559,-11.940974],[-38.680397,-11.945976],[-38.631378,-11.933243],[-38.597113,-11.953252],[-38.604727,-11.904595],[-38.589022,-11.852299],[-38.579028,-11.839112],[-38.5776,-11.800914],[-38.541907,-11.75453]]]},"properties":{"cod_ibge":"290040","name":"Água Fria","uf":"BA"}},
{"type":"Feature","geometry":{"type":"Polygon","coordinates":[[[-41.333114,-15.126884],[-41.286475,-15.169175],[-41.273149,-15.189184],[-41.190341,-15.210102],[-41.164166,-15.199643],[-41.160835,-15.188729],[-41.129901,-15.167356],[-41.116099,-15.131886],[-41.093731,-15.114151],[-41.088021,-15.042303],[-41.125141,-14.99501],[-41.126093,-14.97682],[-41.139895,-14.963632],[-41.135611,-14.934074],[-41.148937,-14.922251],[-41.143702,-14.898605],[-41.152744,-14.861771],[-41.171305,-14.853585],[-41.176064,-14.834031],[-41.162262,-14.826756],[-41.168449,-14.8022],[-41.161786,-14.769458],[-41.16607,-14.749905],[-41.182251,-14.744448],[-41.222227,-14.711252],[-41.220799,-14.738536],[-41.259824,-14.728986],[-41.259824,-14.746721],[-41.280288,-14.763547],[-41.264107,-14.780827],[-41.269342,-14.798107],[-41.258396,-14.831303],[-41.267914,-14.84449],[-41.263631,-14.912702],[-41.23936,-14.931801],[-41.237932,-14.955902],[-41.225558,-14.964542],[-41.21842,-14.997738],[-41.30218,-15.024113],[-41.28933,-15.052307],[-41.294565,-15.079136],[-41.333114,-15.126884]]]},"properties":{"cod_ibge":"290350","name":"Belo Campo","uf":"BA"}},
{"type":"Feature","geometry":{"type":"Polygon","coordinates":[[[-40.885759,-15.297867],[-40.875289,-15.32697],[-40.892898,-15.36244],[-40.881476,-15.37881],[-40.871958,-15.411552],[-40.85197,-15.419282],[-40.851494,-15.437017],[-40.803427,-15.474306],[-40.772493,-15.486129],[-40.749173,-15.478853],[-40.738227,-15.516597],[-40.739179,-15.533422],[-40.717287,-15.546609],[-40.704914,-15.564799],[-40.682546,-15.577077],[-40.661606,-15.60709],[-40.641618,-15.601633],[-40.619726,-15.62437],[-40.593551,-15.634374],[-40.563093,-15.663478],[-40.5274,-15.677575],[-40.511695,-15.67712],[-40.496942,-15.657111],[-40.49361,-15.62528],[-40.480761,-15.604816],[-40.500749,-15.416099],[-40.470767,-15.30105],[-40.489803,-15.280132],[-40.523592,-15.275584],[-40.533111,-15.28377],[-40.562617,-15.271492],[-40.605925,-15.28377],[-40.666365,-15.268308],[-40.677787,-15.246026],[-40.691112,-15.241024],[-40.748221,-15.249209],[-40.789626,-15.246936],[-40.803427,-15.278767],[-40.816752,-15.285134],[-40.835313,-15.297412],[-40.885759,-15.297867]]]},"properties":{"cod_ibge":"292665","name":"Ribeirão do Largo","uf":"BA"}},
{"type":"Feature","geometry":{"type":"Polygon","coordinates":[[[-38.631378,-11.933243],[-38.607583,-11.994178],[-38.605679,-12.021918],[-38.586167,-12.045109],[-38.580456,-12.082398],[-38.570462,-12.124234],[-38.588546,-12.177439],[-38.586643,-12.193809],[-38.490509,-12.161068],[-38.491461,-12.126963],[-38.44387,-12.104226],[-38.433876,-12.077396],[-38.447677,-12.001909],[-38.474804,-11.949159],[-38.520491,-11.935972],[-38.569986,-11.961437],[-38.597113,-11.953252],[-38.631378,-11.933243]]]},"properties":{"cod_ibge":"290220","name":"Aramari","uf":"BA"}},
{"type":"Feature","geometry":{"type":"Polygon","coordinates":[[[-42.538115,-11.005118],[-42.540019,-11.00148],[-42.522886,-10.903711],[-42.422945,-10.773656],[-42.391535,-10.765925],[-42.363933,-10.771382],[-42.34442,-10.73091],[-42.342517,-10.683162],[-42.32348,-10.659061],[-42.329191,-10.588576],[-42.355366,-10.534462],[-42.358222,-10.51218],[-42.342517,-10.481258],[-42.330143,-10.473982],[-42.31301,-10.443969],[-42.329667,-10.436693],[-42.332999,-10.401223],[-42.366312,-10.363935],[-42.360601,-10.344381],[-42.398674,-10.311639],[-42.368216,-10.278443],[-42.372499,-10.247066],[-42.383921,-10.237517],[-42.390584,-10.203411],[-42.405337,-10.185222],[-42.404861,-10.252978],[-42.437223,-10.272077],[-42.458639,-10.31073],[-42.454355,-10.344381],[-42.46435,-10.382124],[-42.491952,-10.408499],[-42.505754,-10.414411],[-42.570001,-10.470344],[-42.579995,-10.49399],[-42.577616,-10.514908],[-42.587134,-10.544921],[-42.61902,-10.568568],[-42.661376,-10.588122],[-42.698021,-10.667701],[-42.69231,-10.678615],[-42.703256,-10.714539],[-42.738473,-10.772746],[-42.768931,-10.810035],[-42.780829,-10.817311],[-42.819378,-10.812763],[-42.837462,-10.817765],[-42.862685,-10.810489],[-42.874107,-10.8355],[-42.920746,-10.847778],[-42.936451,-10.858692],[-42.949301,-10.885976],[-42.972144,-10.891433],[-42.988325,-10.908259],[-42.98547,-10.930086],[-42.997844,-10.946912],[-43.038296,-10.968284],[-43.051145,-11.005573],[-43.095405,-11.026036],[-43.099688,-11.057413],[-43.121104,-11.077422],[-43.131574,-11.101523],[-43.131574,-11.121987],[-43.14252,-11.135629],[-43.149183,-11.163823],[-43.181069,-11.192017],[-43.198677,-11.237945],[-43.186779,-11.262501],[-43.190587,-11.279781],[-43.172502,-11.316161],[-43.197725,-11.337079],[-43.222949,-11.372094],[-43.243413,-11.418477],[-43.247696,-11.445307],[-43.264353,-11.483505],[-43.225328,-11.498966],[-43.056856,-11.528524],[-43.045434,-11.55308],[-43.020211,-11.57036],[-43.003554,-11.59719],[-42.981187,-11.596735],[-42.95406,-11.624475],[-42.940734,-11.613561],[-42.939783,-11.585822],[-42.921222,-11.579001],[-42.902662,-11.595826],[-42.883625,-11.599009],[-42.871252,-11.613106],[-42.855071,-11.611742],[-42.864589,-11.599009],[-42.866969,-11.557173],[-42.861258,-11.541257],[-42.836986,-11.52716],[-42.912656,-11.277053],[-42.822233,-11.307521],[-42.837462,-11.271141],[-42.836034,-11.233853],[-42.843173,-11.22021],[-42.832703,-11.198383],[-42.83889,-11.159275],[-42.822233,-11.141086],[-42.785588,-11.116984],[-42.766076,-11.091519],[-42.770835,-11.076513],[-42.790823,-11.058323],[-42.757985,-11.043771],[-42.762744,-11.015577],[-42.722292,-11.003299],[-42.67137,-11.014668],[-42.650906,-11.035131],[-42.636629,-11.037405],[-42.624731,-11.056504],[-42.619972,-11.087426],[-42.538115,-11.005118]]]},"properties":{"cod_ibge":"293360","name":"Xique-Xique","uf":"BA"}},
{"type":"Feature","geometry":{"type":"Polygon","coordinates":[[[-39.515617,-14.220587],[-39.486587,-14.119634],[-39.470882,-14.106902],[-39.479448,-14.091441],[-39.499436,-14.08371],[-39.48849,-14.054607],[-39.504671,-14.04051],[-39.486111,-14.027322],[-39.479924,-13.980939],[-39.491346,-13.973663],[-39.488014,-13.934555],[-39.513713,-13.933191],[-39.509906,-13.950471],[-39.5199,-13.965478],[-39.545599,-13.960021],[-39.523708,-14.011861],[-39.526563,-14.051878],[-39.54322,-14.05779],[-39.554166,-14.114178],[-39.540364,-14.130548],[-39.561304,-14.147374],[-39.573678,-14.191029],[-39.576058,-14.216494],[-39.57463,-14.232865],[-39.556545,-14.23332],[-39.546551,-14.210128],[-39.515617,-14.220587]]]},"properties":{"cod_ibge":"293230","name":"Ubatã","uf":"BA"}},
{"type":"Feature","geometry":{"type":"Polygon","coordinates":[[[-42.337282,-14.619394],[-42.330619,-14.596202],[-42.351083,-14.563461],[-42.33395,-14.542998],[-42.347752,-14.516623],[-42.342041,-14.501616],[-42.356794,-14.480244],[-42.354415,-14.467056],[-42.37583,-14.455233],[-42.392487,-14.426129],[-42.447217,-14.417489],[-42.466253,-14.405666],[-42.50147,-14.399754],[-42.524314,-14.409759],[-42.545254,-14.42522],[-42.562863,-14.452504],[-42.578568,-14.450231],[-42.586182,-14.508892],[-42.569525,-14.513894],[-42.564766,-14.543452],[-42.582375,-14.549819],[-42.582851,-14.5912],[-42.576188,-14.607116],[-42.552393,-14.616211],[-42.558579,-14.67078],[-42.573809,-14.70443],[-42.573333,-14.746267],[-42.581423,-14.760364],[-42.575236,-14.788103],[-42.559055,-14.824027],[-42.529549,-14.806292],[-42.53526,-14.788103],[-42.528597,-14.765366],[-42.491952,-14.750359],[-42.483862,-14.736717],[-42.442458,-14.75809],[-42.42247,-14.749905],[-42.41771,-14.723984],[-42.404385,-14.723984],[-42.382017,-14.706704],[-42.374879,-14.68806],[-42.377258,-14.661685],[-42.356318,-14.62667],[-42.337282,-14.619394]]]},"properties":{"cod_ibge":"291940","name":"Licínio de Almeida","uf":"BA"}},
{"type":"Feature","geometry":{"type":"Polygon","coordinates":[[[-44.345618,-12.102861],[-44.300407,-12.107409],[-44.297075,-12.124689],[-44.251388,-12.128327],[-44.221406,-12.118323],[-44.149543,-12.069665],[-44.130507,-12.066027],[-44.11385,-12.046474],[-44.111947,-12.032377],[-44.066735,-12.014187],[-44.050554,-11.989176],[-44.05341,-11.972806],[-44.036277,-11.936426],[-44.027235,-11.929151],[-44.014861,-11.880948],[-44.008674,-11.828198],[-44.012006,-11.80819],[-44.035801,-11.811373],[-44.047223,-11.774084],[-44.059121,-11.762716],[-44.112423,-11.755895],[-44.119085,-11.743162],[-44.149068,-11.736795],[-44.149543,-11.720425],[-44.164773,-11.701326],[-44.169056,-11.649485],[-44.150495,-11.607194],[-44.117658,-11.594462],[-44.101477,-11.61447],[-44.084344,-11.599919],[-44.095766,-11.582184],[-44.071494,-11.558992],[-44.03247,-11.546714],[-44.023903,-11.499876],[-44.004867,-11.503059],[-43.940143,-11.438486],[-43.917776,-11.446216],[-43.870185,-11.443033],[-43.871137,-11.398923],[-43.841154,-11.375732],[-43.836871,-11.352995],[-43.85448,-11.365273],[-43.878751,-11.354359],[-43.890649,-11.364363],[-43.913493,-11.36027],[-43.955373,-11.377096],[-43.975361,-11.374822],[-43.983927,-11.394831],[-44.005343,-11.412566],[-44.04294,-11.432574],[-44.068639,-11.43985],[-44.080061,-11.420751],[-44.120513,-11.418932],[-44.121941,-11.438486],[-44.154778,-11.439395],[-44.162869,-11.453492],[-44.215219,-11.469408],[-44.251864,-11.462132],[-44.265665,-11.478503],[-44.290413,-11.472591],[-44.301358,-11.485324],[-44.332293,-11.48305],[-44.353233,-11.443943],[-44.377028,-11.442124],[-44.381311,-11.414839],[-44.41748,-11.363454],[-44.436992,-11.388464],[-44.466499,-11.393012],[-44.474113,-11.407109],[-44.496005,-11.402561],[-44.531222,-11.418932],[-44.555018,-11.403016],[-44.608796,-11.408473],[-44.645917,-11.40529],[-44.685417,-11.408018],[-44.685417,-11.65949],[-44.674947,-11.661309],[-44.661622,-11.687229],[-44.642109,-11.708602],[-44.643061,-11.726336],[-44.662097,-11.748164],[-44.654007,-11.752711],[-44.497433,-11.920965],[-44.348473,-12.080579],[-44.345618,-12.102861]]]},"properties":{"cod_ibge":"290940","name":"Cotegipe","uf":"BA"}},
{"type":"Feature","geometry":{"type":"Polygon","coordinates":[[[-39.480876,-15.341976],[-39.439472,-15.30969],[-39.433761,-15.332427],[-39.408062,-15.331517],[-39.396164,-15.349252],[-39.364754,-15.352435],[-39.324778,-15.328789],[-39.340007,-15.319239],[-39.333344,-15.291045],[-39.316211,-15.282405],[-39.306217,-15.260578],[-39.307645,-15.233748],[-39.298603,-15.204645],[-39.3105,-15.183272],[-39.314783,-15.158261],[-39.330013,-15.132796],[-39.329537,-15.113242],[-39.368085,-15.125065],[-39.399495,-15.15144],[-39.406158,-15.133251],[-39.429953,-15.16008],[-39.459936,-15.155078],[-39.454225,-15.174632],[-39.459936,-15.205554],[-39.481828,-15.210102],[-39.489442,-15.246026],[-39.542744,-15.241933],[-39.557973,-15.221925],[-39.571298,-15.231474],[-39.572726,-15.282405],[-39.578913,-15.287408],[-39.521328,-15.300595],[-39.499912,-15.290591],[-39.485159,-15.307416],[-39.480876,-15.341976]]]},"properties":{"cod_ibge":"290225","name":"Arataca","uf":"BA"}},
{"type":"Feature","geometry":{"type":"Polygon","coordinates":[[[-39.408062,-12.266113],[-39.52228,-12.036924],[-39.593666,-12.061025],[-39.606516,-12.027374],[-39.636498,-11.997362],[-39.641733,-11.954161],[-39.65839,-11.94734],[-39.677902,-11.923694],[-39.692655,-11.923694],[-39.7293,-11.905959],[-39.774036,-11.915508],[-39.782602,-11.898683],[-39.811632,-11.934607],[-39.849705,-11.994633],[-39.904911,-12.028739],[-39.921092,-12.001909],[-39.944887,-11.993269],[-39.960116,-11.974625],[-39.965827,-11.984174],[-39.96202,-12.022372],[-39.97249,-12.032377],[-39.971062,-12.054659],[-40.028647,-12.055114],[-40.025316,-12.07103],[-40.037689,-12.153338],[-40.03293,-12.171072],[-40.050539,-12.196083],[-40.090515,-12.202904],[-40.140962,-12.246105],[-40.132871,-12.300219],[-40.112407,-12.329322],[-40.092895,-12.325229],[-40.073858,-12.342964],[-40.060533,-12.341145],[-40.027219,-12.381617],[-40.021508,-12.403445],[-39.986767,-12.42982],[-39.974869,-12.466654],[-39.939652,-12.483934],[-39.925851,-12.521677],[-39.910146,-12.516675],[-39.915381,-12.50849],[-39.807349,-12.445281],[-39.78165,-12.425272],[-39.770704,-12.430274],[-39.738818,-12.410266],[-39.66648,-12.407992],[-39.590811,-12.37707],[-39.560828,-12.353423],[-39.537509,-12.341145],[-39.505147,-12.334324],[-39.462791,-12.346147],[-39.430905,-12.328413],[-39.432333,-12.307494],[-39.408538,-12.291579],[-39.408062,-12.266113]]]},"properties":{"cod_ibge":"291400","name":"Ipirá","uf":"BA"}},
{"type":"Feature","geometry":{"type":"Polygon","coordinates":[[[-42.479103,-15.014109],[-42.44341,-15.020475],[-42.442934,-15.061402],[-42.401054,-15.077318],[-42.372023,-15.07368],[-42.35489,-15.098236],[-42.334902,-15.078682],[-42.32348,-15.093688],[-42.277793,-15.113697],[-42.292546,-15.087777],[-42.278745,-15.055035],[-42.226871,-15.044576],[-42.208786,-15.022749],[-42.210214,-14.990462],[-42.224015,-14.980003],[-42.239245,-14.94226],[-42.230202,-14.912247],[-42.20022,-14.873139],[-42.19784,-14.857678],[-42.174997,-14.834031],[-42.176425,-14.822208],[-42.178328,-14.819025],[-42.346324,-14.869046],[-42.353463,-14.900878],[-42.38059,-14.947717],[-42.410096,-14.955447],[-42.465777,-14.957721],[-42.473868,-14.96727],[-42.479103,-15.014109]]]},"properties":{"cod_ibge":"292180","name":"Mortugaba","uf":"BA"}},
{"type":"Feature","geometry":{"type":"Polygon","coordinates":[[[-41.381181,-14.1019],[-41.387367,-14.120089],[-41.368331,-14.13646],[-41.402596,-14.261059],[-41.295517,-14.278794],[-41.107533,-14.367468],[-41.090876,-14.343367],[-41.102774,-14.330179],[-41.088972,-14.309261],[-41.092304,-14.287434],[-41.07184,-14.276065],[-41.045665,-14.247417],[-41.047092,-14.228772],[-41.007116,-14.210583],[-41.019014,-14.188755],[-41.004261,-14.164654],[-41.04043,-14.159197],[-41.014731,-14.131458],[-41.024725,-14.120089],[-41.025676,-14.095079],[-41.000453,-14.069158],[-41.007592,-14.047331],[-41.02996,-14.049604],[-41.068032,-14.026413],[-41.121334,-14.035053],[-41.136087,-13.989579],[-41.147509,-13.96957],[-41.170829,-13.967296],[-41.17654,-13.95229],[-41.215564,-13.909999],[-41.243643,-13.893174],[-41.267914,-13.903178],[-41.279336,-13.920004],[-41.278384,-13.96184],[-41.296945,-14.003676],[-41.286951,-14.030051],[-41.288854,-14.059154],[-41.280288,-14.07416],[-41.318361,-14.085529],[-41.381181,-14.1019]]]},"properties":{"cod_ibge":"293100","name":"Tanhaçu","uf":"BA"}},
{"type":"Feature","geometry":{"type":"Polygon","coordinates":[[[-40.307054,-16.696648],[-40.278499,-16.675275],[-40.261842,-16.68346],[-40.267077,-16.699831],[-40.247565,-16.715747],[-40.211872,-16.707561],[-40.20283,-16.696193],[-40.166661,-16.694374],[-40.155715,-16.716656],[-40.135251,-16.708471],[-40.12716,-16.679367],[-40.078617,-16.686643],[-40.071479,-16.711654],[-40.054822,-16.71802],[-40.036262,-16.703923],[-39.996285,-16.711654],[-39.975821,-16.707107],[-39.954405,-16.734391],[-39.927278,-16.72666],[-39.885874,-16.731663],[-39.884447,-16.744395],[-39.860175,-16.749398],[-39.843994,-16.76213],[-39.808777,-16.760311],[-39.767373,-16.733482],[-39.742626,-16.74485],[-39.721686,-16.730753],[-39.685041,-16.748488],[-39.660769,-16.780775],[-39.663149,-16.75349],[-39.675998,-16.731663],[-39.668384,-16.695283],[-39.676474,-16.67573],[-39.648396,-16.572049],[-39.698366,-16.547948],[-39.740722,-16.503383],[-39.735011,-16.471096],[-39.72121,-16.441538],[-39.754523,-16.451543],[-39.772608,-16.415618],[-39.755951,-16.393791],[-39.778795,-16.354228],[-39.818771,-16.321032],[-39.842567,-16.295112],[-39.863982,-16.252821],[-39.88873,-16.244636],[-39.903007,-16.285108],[-39.91776,-16.284198],[-39.951074,-16.296931],[-39.960592,-16.321942],[-39.990098,-16.312392],[-39.995333,-16.330582],[-40.017225,-16.347862],[-40.04578,-16.421985],[-40.061961,-16.431534],[-40.065768,-16.457454],[-40.110027,-16.449269],[-40.141913,-16.497926],[-40.170468,-16.524756],[-40.154763,-16.560226],[-40.172847,-16.577506],[-40.212824,-16.572504],[-40.229957,-16.56159],[-40.260415,-16.574322],[-40.275644,-16.573413],[-40.287542,-16.600697],[-40.298012,-16.644352],[-40.313241,-16.678458],[-40.307054,-16.696648]]]},"properties":{"cod_ibge":"291180","name":"Guaratinga","uf":"BA"}},
{"type":"Feature","geometry":{"type":"Polygon","coordinates":[[[-40.278023,-13.345667],[-40.406043,-13.290188],[-40.503128,-13.205152],[-40.525496,-13.183324],[-40.584985,-13.215156],[-40.627341,-13.182415],[-40.719667,-13.239257],[-40.721095,-13.265178],[-40.746318,-13.312925],[-40.783439,-13.367494],[-40.753456,-13.413878],[-40.727281,-13.432067],[-40.7368,-13.465263],[-40.710625,-13.486636],[-40.696823,-13.508009],[-40.696347,-13.533474],[-40.686829,-13.548481],[-40.68445,-13.580767],[-40.704438,-13.635336],[-40.706817,-13.681265],[-40.724902,-13.691724],[-40.725378,-13.718554],[-40.713956,-13.76039],[-40.697299,-13.780398],[-40.701106,-13.801316],[-40.678263,-13.825418],[-40.655419,-13.839514],[-40.616395,-13.854976],[-40.610208,-13.865435],[-40.575467,-13.872256],[-40.535014,-13.865889],[-40.529779,-13.884989],[-40.505508,-13.886807],[-40.439832,-13.864525],[-40.47267,-13.832239],[-40.493134,-13.817687],[-40.519309,-13.789038],[-40.537394,-13.728558],[-40.529779,-13.718099],[-40.498845,-13.71628],[-40.481237,-13.699909],[-40.474098,-13.678536],[-40.486947,-13.676717],[-40.499797,-13.653071],[-40.47505,-13.642612],[-40.450778,-13.656709],[-40.446971,-13.631243],[-40.428411,-13.631698],[-40.439832,-13.583496],[-40.425555,-13.588953],[-40.402712,-13.573946],[-40.359404,-13.508918],[-40.332277,-13.486636],[-40.312765,-13.456623],[-40.312289,-13.437524],[-40.297536,-13.414787],[-40.289921,-13.356126],[-40.278023,-13.345667]]]},"properties":{"cod_ibge":"292050","name":"Maracás","uf":"BA"}},
{"type":"Feature","geometry":{"type":"Polygon","coordinates":[[[-38.982123,-8.870567],[-38.842682,-9.039276],[-38.683728,-9.21617],[-38.673258,-9.281198],[-38.674686,-9.293021],[-38.647559,-9.323489],[-38.655174,-9.337586],[-38.682776,-9.354866],[-38.707048,-9.388971],[-38.682776,-9.427624],[-38.693246,-9.446269],[-38.716566,-9.459911],[-38.720849,-9.480829],[-38.785097,-9.538126],[-38.784621,-9.646809],[-38.549046,-9.685462],[-38.531913,-9.649538],[-38.508118,-9.630438],[-38.500027,-9.553133],[-38.491461,-9.529486],[-38.492889,-9.489924],[-38.639944,-9.530396],[-38.63233,-9.517208],[-38.624239,-9.459001],[-38.569986,-9.412618],[-38.562371,-9.315303],[-38.573793,-9.290293],[-38.564275,-9.258916],[-38.602824,-9.265282],[-38.605679,-9.247547],[-38.592354,-9.214351],[-38.598064,-9.187976],[-38.583787,-9.174789],[-38.584263,-9.037002],[-38.570462,-9.011992],[-38.548094,-8.991074],[-38.537148,-8.959697],[-38.513829,-8.960151],[-38.519539,-8.939233],[-38.510973,-8.925136],[-38.479087,-8.901945],[-38.470045,-8.865565],[-38.480991,-8.849195],[-38.512401,-8.83055],[-38.551901,-8.82282],[-38.570462,-8.83055],[-38.589974,-8.856471],[-38.607583,-8.893304],[-38.610438,-8.957423],[-38.635185,-8.986526],[-38.67421,-8.971975],[-38.689439,-8.947419],[-38.693722,-8.91877],[-38.698481,-8.881936],[-38.706572,-8.862382],[-38.739885,-8.844647],[-38.806988,-8.787805],[-38.855055,-8.784622],[-38.927869,-8.79599],[-38.952141,-8.80463],[-38.984503,-8.862382],[-38.982123,-8.870567]]]},"properties":{"cod_ibge":"292710","name":"Rodelas","uf":"BA"}},
{"type":"Feature","geometry":{"type":"Polygon","coordinates":[[[-39.117281,-16.892641],[-39.142028,-16.868539],[-39.14536,-16.808968],[-39.139649,-16.75349],[-39.103956,-16.698012],[-39.100624,-16.659814],[-39.090154,-16.628437],[-39.086347,-16.554769],[-39.062076,-16.47337],[-39.062076,-16.435627],[-39.027334,-16.381967],[-39.008774,-16.375146],[-39.008774,-16.345588],[-39.029714,-16.351955],[-39.070166,-16.352864],[-39.114426,-16.361959],[-39.166776,-16.387424],[-39.194854,-16.39561],[-39.241493,-16.373782],[-39.307169,-16.372873],[-39.33144,-16.38606],[-39.399495,-16.389243],[-39.43852,-16.383786],[-39.456604,-16.391972],[-39.482779,-16.407433],[-39.505147,-16.443812],[-39.518948,-16.495198],[-39.50943,-16.506566],[-39.453273,-16.540672],[-39.419483,-16.554314],[-39.449942,-16.57796],[-39.473261,-16.579779],[-39.482779,-16.610702],[-39.444707,-16.637986],[-39.391881,-16.713018],[-39.375224,-16.720749],[-39.348573,-16.771225],[-39.354284,-16.783958],[-39.392833,-16.759402],[-39.427098,-16.744395],[-39.440899,-16.74485],[-39.469454,-16.76213],[-39.485635,-16.796236],[-39.479448,-16.830796],[-39.504671,-16.872177],[-39.491822,-16.890822],[-39.499912,-16.904464],[-39.48849,-16.927656],[-39.468978,-16.924473],[-39.441375,-16.894005],[-39.441375,-16.904464],[-39.405206,-16.915378],[-39.379507,-16.912195],[-39.339531,-16.89446],[-39.291464,-16.888093],[-39.271476,-16.895369],[-39.23959,-16.918106],[-39.185336,-16.919016],[-39.1663,-16.928565],[-39.141077,-16.896279],[-39.117281,-16.892641]]]},"properties":{"cod_ibge":"292530","name":"Porto Seguro","uf":"BA"}},
{"type":"Feature","geometry":{"type":"Polygon","coordinates":[[[-38.081703,-12.157885],[-38.068854,-12.137876],[-38.048865,-12.142879],[-38.045058,-12.156521],[-38.019359,-12.182896],[-38.017455,-12.218365],[-37.922749,-12.264294],[-37.913231,-12.309313],[-37.971292,-12.369794],[-37.944165,-12.376615],[-37.905141,-12.38571],[-37.893243,-12.408447],[-37.812814,-12.292943],[-37.769983,-12.238829],[-37.76094,-12.220639],[-37.772838,-12.204723],[-37.797109,-12.189262],[-37.81329,-12.1929],[-37.837562,-12.215637],[-37.87611,-12.208816],[-37.905141,-12.222913],[-37.932268,-12.211999],[-37.952732,-12.190626],[-37.934647,-12.139695],[-37.979383,-12.117413],[-38.023166,-12.080579],[-38.008413,-12.045564],[-38.015076,-12.008275],[-37.982714,-11.955071],[-37.979383,-11.940064],[-37.951304,-11.934153],[-37.977003,-11.907778],[-37.988425,-11.875491],[-38.031257,-11.850481],[-38.046486,-11.853209],[-38.099788,-11.84275],[-38.142619,-11.802733],[-38.166415,-11.800459],[-38.180692,-11.782724],[-38.200204,-11.791819],[-38.185927,-11.838203],[-38.194969,-11.839567],[-38.191638,-11.88686],[-38.191162,-11.910051],[-38.273019,-11.963711],[-38.283013,-12.039652],[-38.245892,-12.029193],[-38.238277,-12.014642],[-38.213054,-12.010549],[-38.198301,-12.019189],[-38.21115,-12.051021],[-38.210199,-12.075122],[-38.197825,-12.111501],[-38.146427,-12.125144],[-38.13786,-12.143333],[-38.103595,-12.141514],[-38.081703,-12.157885]]]},"properties":{"cod_ibge":"291050","name":"Entre Rios","uf":"BA"}},
{"type":"Feature","geometry":{"type":"Polygon","coordinates":[[[-40.093847,-15.105511],[-40.083377,-15.115516],[-40.042448,-15.12461],[-40.018177,-15.112787],[-39.995333,-15.111878],[-39.968682,-15.124156],[-39.943935,-15.120518],[-39.935845,-15.107785],[-39.895392,-15.101873],[-39.896344,-15.053216],[-39.910146,-15.033662],[-39.976773,-14.959085],[-39.993906,-14.972727],[-40.038165,-14.958176],[-40.044828,-14.949535],[-40.082901,-15.02866],[-40.101937,-15.044576],[-40.138582,-15.008197],[-40.139534,-15.024568],[-40.134775,-15.044121],[-40.111455,-15.053671],[-40.093847,-15.105511]]]},"properties":{"cod_ibge":"291710","name":"Itororó","uf":"BA"}},
{"type":"Feature","geometry":{"type":"Polygon","coordinates":[[[-39.469454,-16.094572],[-39.486587,-16.060011],[-39.556545,-16.031817],[-39.608895,-16.022268],[-39.615558,-16.007261],[-39.749764,-15.971792],[-39.785457,-15.968608],[-39.814012,-15.979977],[-39.843518,-15.976794],[-39.863982,-15.995893],[-39.914905,-15.999986],[-39.922043,-16.028634],[-39.883971,-16.065923],[-39.87826,-16.089115],[-39.856844,-16.113671],[-39.884447,-16.145048],[-39.883495,-16.194614],[-39.900152,-16.203254],[-39.935845,-16.243726],[-39.92014,-16.263735],[-39.91776,-16.284198],[-39.903007,-16.285108],[-39.88873,-16.244636],[-39.863982,-16.252821],[-39.845422,-16.235541],[-39.831621,-16.23736],[-39.753096,-16.197343],[-39.595094,-16.153688],[-39.54322,-16.115944],[-39.523708,-16.120492],[-39.510382,-16.096845],[-39.492773,-16.083203],[-39.469454,-16.094572]]]},"properties":{"cod_ibge":"291530","name":"Itagimirim","uf":"BA"}},
{"type":"Feature","geometry":{"type":"Polygon","coordinates":[[[-38.003178,-9.514934],[-37.997943,-9.499473],[-38.022214,-9.469915],[-38.043154,-9.468551],[-38.068854,-9.456273],[-38.077896,-9.441267],[-38.157373,-9.440357],[-38.202584,-9.419894],[-38.194018,-9.394428],[-38.214958,-9.353047],[-38.24494,-9.363051],[-38.281585,-9.384424],[-38.301097,-9.387607],[-38.321085,-9.378967],[-38.337266,-9.388517],[-38.363441,-9.381696],[-38.382478,-9.398521],[-38.441014,-9.413073],[-38.457195,-9.403523],[-38.508594,-9.353502],[-38.492889,-9.489924],[-38.491461,-9.529486],[-38.500027,-9.553133],[-38.508118,-9.630438],[-38.531913,-9.649538],[-38.549046,-9.685462],[-38.487654,-9.712292],[-38.458623,-9.709109],[-38.443394,-9.699104],[-38.363441,-9.706835],[-38.351544,-9.678641],[-38.308236,-9.660906],[-38.285392,-9.690464],[-38.224952,-9.674548],[-38.194494,-9.677277],[-38.175933,-9.669546],[-38.157373,-9.677731],[-38.14833,-9.649538],[-38.126439,-9.6459],[-38.122631,-9.620434],[-38.061239,-9.587693],[-38.036968,-9.580872],[-38.020787,-9.564956],[-38.02269,-9.5404],[-38.003178,-9.514934]]]},"properties":{"cod_ibge":"292400","name":"Paulo Afonso","uf":"BA"}},
{"type":"Feature","geometry":{"type":"Polygon","coordinates":[[[-42.718009,-9.652266],[-42.709443,-9.58451],[-42.688503,-9.563137],[-42.68993,-9.545857],[-42.708491,-9.532215],[-42.716105,-9.554497],[-42.739425,-9.579508],[-42.757985,-9.589057],[-42.769883,-9.61907],[-42.820329,-9.61907],[-42.830324,-9.57587],[-42.82842,-9.560408],[-42.851264,-9.551314],[-42.876487,-9.561773],[-42.904089,-9.526758],[-42.94359,-9.520846],[-42.959295,-9.479465],[-42.958819,-9.428534],[-42.971669,-9.40807],[-42.987849,-9.401249],[-43.040199,-9.414437],[-43.059236,-9.397157],[-43.074465,-9.399885],[-43.122056,-9.373055],[-43.130146,-9.385333],[-43.161556,-9.379422],[-43.172978,-9.409889],[-43.193918,-9.420803],[-43.218665,-9.400795],[-43.242461,-9.411708],[-43.285293,-9.419894],[-43.293383,-9.400795],[-43.336215,-9.368508],[-43.353348,-9.368963],[-43.376191,-9.348954],[-43.395228,-9.314394],[-43.42283,-9.27756],[-43.438059,-9.266192],[-43.468993,-9.260735],[-43.497548,-9.272558],[-43.540856,-9.308028],[-43.578928,-9.320306],[-43.606055,-9.351683],[-43.563223,-9.387152],[-43.545139,-9.409889],[-43.511349,-9.428989],[-43.492789,-9.457182],[-43.490885,-9.480829],[-43.470421,-9.529941],[-43.407601,-9.624527],[-43.377143,-9.7323],[-43.183448,-9.72457],[-43.058284,-9.766861],[-42.916939,-9.826886],[-42.837462,-9.746397],[-42.766552,-9.725024],[-42.718009,-9.652266]]]},"properties":{"cod_ibge":"290590","name":"Campo Alegre de Lourdes","uf":"BA"}},
{"type":"Feature","geometry":{"type":"Polygon","coordinates":[[[-41.693853,-14.475696],[-41.655304,-14.490248],[-41.637695,-14.509347],[-41.534423,-14.498888],[-41.55108,-14.488884],[-41.556791,-14.470239],[-41.557267,-14.432951],[-41.569165,-14.386567],[-41.561074,-14.359283],[-41.566309,-14.334727],[-41.556315,-14.320175],[-41.570592,-14.304714],[-41.549652,-14.250145],[-41.532044,-14.219223],[-41.530616,-14.198305],[-41.512531,-14.17102],[-41.48826,-14.161471],[-41.493019,-14.148283],[-41.462561,-14.135096],[-41.443525,-14.11918],[-41.402121,-14.1019],[-41.381181,-14.1019],[-41.318361,-14.085529],[-41.376897,-14.045057],[-41.409259,-14.042329],[-41.417826,-14.029596],[-41.463989,-14.000038],[-41.480646,-13.940467],[-41.493971,-13.916366],[-41.55917,-13.944105],[-41.660539,-14.000947],[-41.682431,-13.996855],[-41.717648,-13.977301],[-41.753817,-13.990488],[-41.768095,-13.982758],[-41.784751,-13.992762],[-41.829963,-13.974118],[-41.845668,-13.985031],[-41.840433,-14.003676],[-41.861849,-14.00504],[-41.880885,-14.03096],[-41.898018,-14.037326],[-41.899921,-14.053697],[-41.947512,-14.053242],[-41.981302,-14.070977],[-42.013664,-14.070977],[-42.065062,-14.054607],[-42.086954,-14.05688],[-42.016043,-14.118725],[-41.994151,-14.167382],[-41.979874,-14.226498],[-41.968452,-14.233774],[-41.922765,-14.227863],[-41.845192,-14.252873],[-41.799029,-14.261059],[-41.763811,-14.256057],[-41.72907,-14.402938],[-41.7186,-14.423856],[-41.72098,-14.446593],[-41.696708,-14.457507],[-41.693853,-14.475696]]]},"properties":{"cod_ibge":"290460","name":"Brumado","uf":"BA"}},
{"type":"Feature","geometry":{"type":"Polygon","coordinates":[[[-39.064455,-8.731417],[-39.074925,-8.76916],[-39.105383,-8.846012],[-39.271476,-8.943781],[-39.263385,-8.957878],[-39.264337,-8.987436],[-39.280518,-9.013811],[-39.279566,-9.029272],[-39.309073,-9.051554],[-39.340483,-9.125222],[-39.351428,-9.157054],[-39.36285,-9.179336],[-39.360471,-9.210258],[-39.372368,-9.226629],[-39.357615,-9.287564],[-39.367609,-9.310301],[-39.389501,-9.318032],[-39.408062,-9.361687],[-39.401875,-9.390336],[-39.409965,-9.416711],[-39.404254,-9.444904],[-39.410441,-9.456728],[-39.433761,-9.457182],[-39.443279,-9.477191],[-39.445183,-9.510387],[-39.413297,-9.541764],[-39.4152,-9.560863],[-39.405682,-9.579962],[-39.38617,-9.578143],[-39.359519,-9.615887],[-39.330964,-9.594514],[-39.307645,-9.607701],[-39.280994,-9.634531],[-39.223885,-9.634531],[-39.211511,-9.6459],[-39.170583,-9.639079],[-39.146788,-9.62771],[-39.140125,-9.601335],[-39.125372,-9.594969],[-39.092058,-9.594059],[-39.071118,-9.563592],[-39.051606,-9.571322],[-39.036377,-9.562227],[-39.004015,-9.571322],[-38.989738,-9.549495],[-38.98593,-9.513115],[-38.9569,-9.463549],[-38.95452,-9.449452],[-38.970225,-9.431717],[-39.000208,-9.368053],[-39.024479,-9.353047],[-39.034949,-9.329855],[-39.055413,-9.254368],[-39.074449,-9.230722],[-39.082064,-9.201618],[-39.065407,-9.129769],[-39.074449,-9.095664],[-39.101576,-9.077929],[-39.111094,-9.060649],[-39.100148,-9.042914],[-39.096341,-9.016539],[-38.982123,-8.870567],[-38.984503,-8.862382],[-38.952141,-8.80463],[-38.977364,-8.793262],[-38.999256,-8.760975],[-39.033521,-8.736419],[-39.064455,-8.731417]]]},"properties":{"cod_ibge":"290770","name":"Chorrochó","uf":"BA"}},
{"type":"Feature","geometry":{"type":"Polygon","coordinates":[[[-39.174866,-11.981446],[-39.16392,-11.950978],[-39.120137,-11.924603],[-39.108239,-11.897773],[-39.083016,-11.858666],[-39.076353,-11.828653],[-39.070642,-11.793638],[-39.060648,-11.769991],[-39.217698,-11.768173],[-39.240066,-11.773629],[-39.280518,-11.832291],[-39.276235,-11.892771],[-39.304313,-11.928696],[-39.307645,-11.940519],[-39.286229,-11.966439],[-39.296699,-11.990995],[-39.174866,-11.981446]]]},"properties":{"cod_ibge":"290640","name":"Candeal","uf":"BA"}},
{"type":"Feature","geometry":{"type":"Polygon","coordinates":[[[-42.538115,-11.005118],[-42.516224,-11.010575],[-42.525266,-11.027401],[-42.522886,-11.054685],[-42.511464,-11.058323],[-42.500043,-11.096066],[-42.516699,-11.129262],[-42.502422,-11.155637],[-42.486717,-11.149271],[-42.476247,-11.17792],[-42.451024,-11.217027],[-42.440554,-11.265685],[-42.426277,-11.285238],[-42.379162,-11.275689],[-42.345848,-11.278417],[-42.326336,-11.289786],[-42.32586,-11.286148],[-42.240196,-11.261137],[-42.258281,-11.14245],[-42.18975,-11.074694],[-42.145966,-11.047409],[-42.14549,-11.023308],[-42.088857,-11.022398],[-42.075532,-11.029674],[-42.088857,-10.932815],[-41.821872,-10.697714],[-41.916102,-10.64269],[-41.998435,-10.641781],[-42.016519,-10.62541],[-42.015567,-10.606766],[-42.036031,-10.583574],[-42.048405,-10.544466],[-42.064586,-10.530369],[-42.068869,-10.4949],[-42.089333,-10.475801],[-42.079815,-10.457611],[-42.094092,-10.408499],[-42.091713,-10.382124],[-42.133593,-10.344381],[-42.132641,-10.313004],[-42.15596,-10.273441],[-42.159768,-10.25798],[-42.405337,-10.185222],[-42.390584,-10.203411],[-42.383921,-10.237517],[-42.372499,-10.247066],[-42.368216,-10.278443],[-42.398674,-10.311639],[-42.360601,-10.344381],[-42.366312,-10.363935],[-42.332999,-10.401223],[-42.329667,-10.436693],[-42.31301,-10.443969],[-42.330143,-10.473982],[-42.342517,-10.481258],[-42.358222,-10.51218],[-42.355366,-10.534462],[-42.329191,-10.588576],[-42.32348,-10.659061],[-42.342517,-10.683162],[-42.34442,-10.73091],[-42.363933,-10.771382],[-42.391535,-10.765925],[-42.422945,-10.773656],[-42.522886,-10.903711],[-42.540019,-11.00148],[-42.538115,-11.005118]]]},"properties":{"cod_ibge":"291535","name":"Itaguaçu da Bahia","uf":"BA"}},
{"type":"Feature","geometry":{"type":"Polygon","coordinates":[[[-39.7293,-11.905959],[-39.692655,-11.923694],[-39.677902,-11.923694],[-39.65839,-11.94734],[-39.641733,-11.954161],[-39.636498,-11.997362],[-39.606516,-12.027374],[-39.593666,-12.061025],[-39.577009,-12.039198],[-39.536557,-12.025556],[-39.558449,-12.00964],[-39.549407,-11.990541],[-39.50943,-11.941429],[-39.504671,-11.901411],[-39.467074,-11.872308],[-39.484207,-11.850481],[-39.518948,-11.82456],[-39.534178,-11.832291],[-39.541316,-11.758168],[-39.640781,-11.724972],[-39.695987,-11.728155],[-39.691227,-11.788181],[-39.695511,-11.817739],[-39.713119,-11.823651],[-39.740722,-11.842295],[-39.748337,-11.86003],[-39.747385,-11.894136],[-39.7293,-11.905959]]]},"properties":{"cod_ibge":"292405","name":"Pé de Serra","uf":"BA"}},
{"type":"Feature","geometry":{"type":"Polygon","coordinates":[[[-42.719913,-13.562578],[-42.699924,-13.565761],[-42.691834,-13.596683],[-42.67137,-13.627151],[-42.635677,-13.623058],[-42.633773,-13.61169],[-42.60617,-13.60305],[-42.5957,-13.611235],[-42.577616,-13.597138],[-42.558579,-13.653526],[-42.546682,-13.648524],[-42.518127,-13.676717],[-42.47006,-13.675353],[-42.454831,-13.664894],[-42.402481,-13.674444],[-42.387252,-13.696271],[-42.351559,-13.691269],[-42.358222,-13.626241],[-42.365836,-13.592591],[-42.395343,-13.589407],[-42.405337,-13.579858],[-42.414855,-13.537567],[-42.434843,-13.524379],[-42.439602,-13.490274],[-42.452928,-13.469356],[-42.451024,-13.442071],[-42.462922,-13.439343],[-42.548585,-13.459806],[-42.559055,-13.43525],[-42.583327,-13.440253],[-42.625683,-13.404783],[-42.680412,-13.478451],[-42.695165,-13.481179],[-42.71087,-13.503007],[-42.719913,-13.562578]]]},"properties":{"cod_ibge":"293105","name":"Tanque Novo","uf":"BA"}},
{"type":"Feature","geometry":{"type":"Polygon","coordinates":[[[-42.358222,-13.626241],[-42.334902,-13.623058],[-42.310631,-13.602595],[-42.300637,-13.608506],[-42.257329,-13.607597],[-42.244004,-13.635336],[-42.23163,-13.632153],[-42.192605,-13.668532],[-42.178804,-13.659892],[-42.159292,-13.666713],[-42.136924,-13.684903],[-42.136924,-13.701273],[-42.184515,-13.694907],[-42.15596,-13.72492],[-42.130261,-13.71537],[-42.115032,-13.72492],[-42.069821,-13.71537],[-42.052688,-13.702638],[-42.056495,-13.683993],[-42.049357,-13.638974],[-42.018899,-13.624422],[-42.029845,-13.614873],[-42.04079,-13.58395],[-42.066965,-13.573946],[-42.086954,-13.544388],[-42.094568,-13.519377],[-42.128834,-13.500733],[-42.13502,-13.488455],[-42.162623,-13.473449],[-42.174521,-13.424791],[-42.212594,-13.413423],[-42.194033,-13.375679],[-42.173569,-13.365675],[-42.190226,-13.311106],[-42.184039,-13.296555],[-42.192605,-13.26927],[-42.228299,-13.299283],[-42.250666,-13.310652],[-42.270655,-13.337481],[-42.265895,-13.369768],[-42.405813,-13.402054],[-42.462922,-13.439343],[-42.451024,-13.442071],[-42.452928,-13.469356],[-42.439602,-13.490274],[-42.434843,-13.524379],[-42.414855,-13.537567],[-42.405337,-13.579858],[-42.395343,-13.589407],[-42.365836,-13.592591],[-42.358222,-13.626241]]]},"properties":{"cod_ibge":"292360","name":"Paramirim","uf":"BA"}},
{"type":"Feature","geometry":{"type":"Polygon","coordinates":[[[-39.177246,-12.629905],[-39.124896,-12.645367],[-39.114426,-12.638091],[-39.073498,-12.653552],[-39.044467,-12.649004],[-39.01972,-12.636272],[-38.995448,-12.639455],[-38.971653,-12.632179],[-38.979268,-12.602621],[-38.990689,-12.595345],[-39.014961,-12.603076],[-39.014485,-12.617173],[-39.058268,-12.635362],[-39.107763,-12.592617],[-39.165824,-12.592617],[-39.178673,-12.588069],[-39.177246,-12.629905]]]},"properties":{"cod_ibge":"292230","name":"Muritiba","uf":"BA"}},
{"type":"Feature","geometry":{"type":"Polygon","coordinates":[[[-38.214482,-10.724998],[-38.246368,-10.709537],[-38.268259,-10.674522],[-38.296338,-10.650876],[-38.398183,-10.632686],[-38.394851,-10.638143],[-38.394851,-10.706809],[-38.376767,-10.708173],[-38.377243,-10.840048],[-38.352971,-10.840048],[-38.342977,-10.816401],[-38.287772,-10.826405],[-38.268259,-10.814582],[-38.249699,-10.820949],[-38.236849,-10.808216],[-38.209247,-10.758194],[-38.214482,-10.724998]]]},"properties":{"cod_ibge":"291185","name":"Heliópolis","uf":"BA"}},
{"type":"Feature","geometry":{"type":"Polygon","coordinates":[[[-39.162968,-15.052762],[-39.126799,-15.038665],[-39.119185,-15.057309],[-39.078257,-15.086412],[-39.063503,-15.111423],[-39.033521,-15.105966],[-39.021148,-15.091414],[-38.9964,-15.085048],[-38.997828,-14.986824],[-39.017816,-14.923161],[-39.021623,-14.894057],[-39.024003,-14.804928],[-39.055889,-14.767639],[-39.062076,-14.747176],[-39.065407,-14.673508],[-39.0616,-14.624851],[-39.034949,-14.531629],[-39.034473,-14.515259],[-39.041612,-14.497978],[-39.073498,-14.520261],[-39.14536,-14.52981],[-39.141553,-14.542088],[-39.17677,-14.568918],[-39.182005,-14.594383],[-39.194378,-14.609845],[-39.271952,-14.638038],[-39.347145,-14.621668],[-39.364754,-14.608935],[-39.358091,-14.578922],[-39.372844,-14.562097],[-39.400447,-14.55573],[-39.384266,-14.526172],[-39.390453,-14.514349],[-39.372844,-14.479334],[-39.364278,-14.450231],[-39.490394,-14.419763],[-39.515617,-14.461144],[-39.510858,-14.475241],[-39.524659,-14.518896],[-39.536557,-14.524353],[-39.550358,-14.561642],[-39.510858,-14.547545],[-39.449466,-14.613028],[-39.404254,-14.628489],[-39.395688,-14.639857],[-39.35476,-14.660775],[-39.350001,-14.655773],[-39.290988,-14.693062],[-39.261958,-14.755816],[-39.247204,-14.758545],[-39.235783,-14.848128],[-39.208656,-14.844945],[-39.222933,-14.87223],[-39.201041,-14.888146],[-39.211035,-14.908609],[-39.220553,-14.946807],[-39.201517,-15.005923],[-39.170583,-15.023203],[-39.162968,-15.052762]]]},"properties":{"cod_ibge":"291360","name":"Ilhéus","uf":"BA"}},
{"type":"Feature","geometry":{"type":"Polygon","coordinates":[[[-40.044828,-14.949535],[-40.038165,-14.958176],[-39.993906,-14.972727],[-39.976773,-14.959085],[-39.944411,-14.909518],[-39.937748,-14.877687],[-39.940604,-14.855404],[-39.921092,-14.846764],[-39.905862,-14.811294],[-39.874928,-14.817661],[-39.862555,-14.786284],[-39.831145,-14.774915],[-39.822102,-14.747631],[-39.779271,-14.741719],[-39.753096,-14.742629],[-39.753096,-14.716708],[-39.758331,-14.712161],[-39.745481,-14.658502],[-39.7293,-14.637584],[-39.719306,-14.601659],[-39.715499,-14.578467],[-39.7293,-14.561187],[-39.733107,-14.517077],[-39.70836,-14.45205],[-39.706457,-14.42522],[-39.715499,-14.41567],[-39.696462,-14.369742],[-39.741674,-14.372015],[-39.790217,-14.350643],[-39.82353,-14.382474],[-39.837332,-14.44341],[-39.85732,-14.451595],[-39.874452,-14.432951],[-39.902531,-14.435679],[-39.922519,-14.46842],[-39.962972,-14.482972],[-39.873501,-14.590745],[-39.887302,-14.630308],[-39.900627,-14.646678],[-39.900152,-14.670325],[-39.925851,-14.686241],[-39.956785,-14.673508],[-39.974869,-14.685331],[-39.975345,-14.709887],[-39.992002,-14.725803],[-40.02246,-14.73126],[-40.034358,-14.754907],[-40.014846,-14.787193],[-40.02484,-14.81857],[-40.04578,-14.874503],[-40.036262,-14.896786],[-40.037689,-14.929982],[-40.044828,-14.949535]]]},"properties":{"cod_ibge":"291230","name":"Ibicuí","uf":"BA"}},
{"type":"Feature","geometry":{"type":"Polygon","coordinates":[[[-40.199022,-13.048721],[-40.305626,-13.043264],[-40.320855,-13.040081],[-40.343699,-13.055087],[-40.338464,-13.081008],[-40.359404,-13.084191],[-40.400808,-13.066456],[-40.416037,-13.087374],[-40.468863,-13.11284],[-40.511695,-13.176503],[-40.525496,-13.183324],[-40.503128,-13.205152],[-40.406043,-13.290188],[-40.278023,-13.345667],[-40.285638,-13.315654],[-40.270409,-13.289733],[-40.250421,-13.282458],[-40.224722,-13.313835],[-40.206161,-13.312016],[-40.186649,-13.329296],[-40.15048,-13.337026],[-40.156667,-13.312016],[-40.13763,-13.290188],[-40.136678,-13.2338],[-40.153335,-13.172865],[-40.142389,-13.152402],[-40.151907,-13.106928],[-40.178082,-13.065092],[-40.199022,-13.048721]]]},"properties":{"cod_ibge":"292490","name":"Planaltino","uf":"BA"}},
{"type":"Feature","geometry":{"type":"Polygon","coordinates":[[[-41.229366,-12.137422],[-41.120858,-12.11332],[-41.040906,-12.147426],[-40.997122,-12.14879],[-40.971899,-12.129236],[-40.89385,-12.154702],[-40.873386,-12.125598],[-40.909079,-12.059661],[-40.897181,-11.990086],[-40.920501,-12.014187],[-40.972375,-12.016461],[-41.024725,-12.002364],[-41.048996,-11.969622],[-41.062797,-11.933243],[-41.086117,-11.919146],[-41.109436,-11.946885],[-41.127045,-11.945066],[-41.223179,-11.918692],[-41.203666,-11.951433],[-41.189865,-11.960982],[-41.195576,-12.011913],[-41.21604,-12.017825],[-41.231269,-12.040107],[-41.229366,-12.077851],[-41.220799,-12.092857],[-41.23698,-12.11423],[-41.229366,-12.137422]]]},"properties":{"cod_ibge":"293280","name":"Utinga","uf":"BA"}},
{"type":"Feature","geometry":{"type":"Polygon","coordinates":[[[-38.67421,-11.692686],[-38.646607,-11.690412],[-38.626143,-11.709056],[-38.602348,-11.714513],[-38.581408,-11.732703],[-38.541907,-11.75453],[-38.434828,-11.724972],[-38.428641,-11.697688],[-38.427689,-11.65085],[-38.441014,-11.633569],[-38.441966,-11.606285],[-38.424834,-11.593552],[-38.425309,-11.565813],[-38.397707,-11.557628],[-38.404369,-11.5358],[-38.427213,-11.54444],[-38.463382,-11.513518],[-38.499075,-11.490781],[-38.55666,-11.484415],[-38.570938,-11.463951],[-38.664692,-11.430755],[-38.643276,-11.410292],[-38.62186,-11.411201],[-38.774151,-11.356178],[-38.781765,-11.365273],[-38.67421,-11.692686]]]},"properties":{"cod_ibge":"292970","name":"Sátiro Dias","uf":"BA"}},
{"type":"Feature","geometry":{"type":"Polygon","coordinates":[[[-44.34419,-10.549469],[-44.392257,-10.600854],[-44.428426,-10.612223],[-44.451746,-10.606766],[-44.473162,-10.63496],[-44.500288,-10.649511],[-44.527415,-10.646783],[-44.546927,-10.629958],[-44.577862,-10.626774],[-44.62688,-10.675432],[-44.655435,-10.676796],[-44.66876,-10.687255],[-44.661622,-10.730455],[-44.666857,-10.759104],[-44.680658,-10.767744],[-44.714447,-10.761832],[-44.757279,-10.787752],[-44.758707,-10.803668],[-44.788213,-10.808671],[-44.810105,-10.846414],[-44.808202,-10.865968],[-44.847226,-10.900983],[-44.863883,-10.885067],[-44.897672,-10.902802],[-44.930986,-10.928722],[-44.944787,-10.919172],[-44.965252,-10.937362],[-44.980481,-10.969194],[-44.970011,-11.004664],[-44.977625,-11.034676],[-44.959541,-11.069691],[-45.008559,-11.121532],[-44.98286,-11.159275],[-44.977149,-11.188833],[-44.941932,-11.201111],[-44.959541,-11.214754],[-44.958589,-11.268868],[-44.950498,-11.292514],[-44.959065,-11.312523],[-44.990951,-11.346628],[-44.992854,-11.362089],[-44.982384,-11.383008],[-44.944312,-11.341171],[-44.909094,-11.353449],[-44.872449,-11.346628],[-44.856744,-11.358452],[-44.839136,-11.385281],[-44.819147,-11.384372],[-44.792497,-11.417113],[-44.771081,-11.422115],[-44.71302,-11.39665],[-44.685417,-11.408018],[-44.645917,-11.40529],[-44.608796,-11.408473],[-44.555018,-11.403016],[-44.531222,-11.418932],[-44.496005,-11.402561],[-44.34657,-11.224303],[-44.271852,-11.163368],[-44.248057,-11.135174],[-44.219026,-11.086972],[-44.223309,-11.043771],[-44.200466,-10.998297],[-44.180002,-10.981927],[-44.161441,-10.956006],[-44.146688,-10.92281],[-44.149543,-10.896435],[-44.140025,-10.884157],[-44.144308,-10.861875],[-44.13479,-10.829134],[-44.108139,-10.808216],[-44.1267,-10.74819],[-44.165724,-10.64269],[-44.176194,-10.632686],[-44.21855,-10.615406],[-44.245201,-10.627684],[-44.266617,-10.623137],[-44.290413,-10.596762],[-44.314684,-10.557199],[-44.34419,-10.549469]]]},"properties":{"cod_ibge":"292840","name":"Santa Rita de Cássia","uf":"BA"}},
{"type":"Feature","geometry":{"type":"Polygon","coordinates":[[[-38.988786,-14.217404],[-38.995448,-14.23332],[-39.019244,-14.229682],[-39.027334,-14.247417],[-39.047798,-14.251964],[-39.073498,-14.245598],[-39.119185,-14.253328],[-39.160589,-14.275156],[-39.204373,-14.271518],[-39.222457,-14.264242],[-39.264813,-14.290617],[-39.290988,-14.31199],[-39.317639,-14.348824],[-39.33382,-14.387477],[-39.324302,-14.392933],[-39.328585,-14.433405],[-39.322874,-14.45978],[-39.131558,-14.488884],[-39.091106,-14.432041],[-39.074449,-14.427039],[-39.049702,-14.406121],[-39.042563,-14.419763],[-39.017816,-14.418399],[-39.001159,-14.346095],[-38.981171,-14.298347],[-38.994973,-14.266516],[-38.988786,-14.217404]]]},"properties":{"cod_ibge":"291490","name":"Itacaré","uf":"BA"}},
{"type":"Feature","geometry":{"type":"Polygon","coordinates":[[[-37.944165,-12.376615],[-37.951304,-12.40299],[-37.986521,-12.413904],[-38.040775,-12.462561],[-38.075992,-12.456649],[-38.097408,-12.434367],[-38.109306,-12.397078],[-38.142619,-12.372068],[-38.177361,-12.408447],[-38.19021,-12.403445],[-38.227807,-12.416177],[-38.262549,-12.417087],[-38.287772,-12.446645],[-38.322513,-12.457104],[-38.337266,-12.451192],[-38.384857,-12.482569],[-38.367249,-12.515311],[-38.378194,-12.538503],[-38.354875,-12.535774],[-38.346309,-12.574427],[-38.320609,-12.577155],[-38.304429,-12.596255],[-38.279205,-12.611261],[-38.25303,-12.600347],[-38.251603,-12.577155],[-38.214958,-12.566696],[-38.223524,-12.52486],[-38.247795,-12.497576],[-38.244464,-12.471656],[-38.224952,-12.476658],[-38.212102,-12.458923],[-38.194018,-12.453011],[-38.172126,-12.468018],[-38.176885,-12.488481],[-38.140716,-12.497576],[-38.122631,-12.50849],[-38.096456,-12.501669],[-38.100739,-12.483479],[-38.078372,-12.469382],[-38.064094,-12.484388],[-38.073137,-12.502123],[-38.068378,-12.536684],[-38.046486,-12.580793],[-38.030305,-12.597164],[-38.001274,-12.578065],[-37.973196,-12.521222],[-37.92037,-12.443007],[-37.893243,-12.408447],[-37.905141,-12.38571],[-37.944165,-12.376615]]]},"properties":{"cod_ibge":"292100","name":"Mata de São João","uf":"BA"}},
{"type":"Feature","geometry":{"type":"Polygon","coordinates":[[[-40.16095,-10.617225],[-40.248517,-10.517182],[-40.270409,-10.500811],[-40.285162,-10.524913],[-40.385103,-10.545376],[-40.458393,-10.578572],[-40.546436,-10.662244],[-40.549292,-10.699533],[-40.506936,-10.713175],[-40.478381,-10.690893],[-40.461724,-10.672703],[-40.425079,-10.666792],[-40.395097,-10.650421],[-40.400808,-10.594488],[-40.363687,-10.58994],[-40.336084,-10.604037],[-40.295156,-10.60813],[-40.280879,-10.621318],[-40.256132,-10.608585],[-40.220914,-10.610859],[-40.195691,-10.63496],[-40.180462,-10.635414],[-40.16095,-10.617225]]]},"properties":{"cod_ibge":"290180","name":"Antônio Gonçalves","uf":"BA"}},
{"type":"Feature","geometry":{"type":"Polygon","coordinates":[[[-39.753096,-14.716708],[-39.753096,-14.742629],[-39.779271,-14.741719],[-39.787361,-14.780827],[-39.78403,-14.805383],[-39.801162,-14.830848],[-39.794976,-14.849947],[-39.797355,-14.883598],[-39.750716,-14.909064],[-39.728348,-14.933165],[-39.725493,-14.965906],[-39.695987,-14.965451],[-39.688848,-14.952719],[-39.678378,-14.938622],[-39.648872,-14.930436],[-39.638402,-14.917249],[-39.638402,-14.857223],[-39.650299,-14.810385],[-39.664101,-14.790831],[-39.657438,-14.769913],[-39.753096,-14.716708]]]},"properties":{"cod_ibge":"291100","name":"Floresta Azul","uf":"BA"}},
{"type":"Feature","geometry":{"type":"Polygon","coordinates":[[[-38.687059,-12.726765],[-38.767012,-12.716306],[-38.780338,-12.726765],[-38.820314,-12.719034],[-38.836019,-12.72631],[-38.826501,-12.764508],[-38.817934,-12.772239],[-38.830308,-12.796795],[-38.835067,-12.827263],[-38.845537,-12.839086],[-38.81841,-12.851364],[-38.801753,-12.838631],[-38.698481,-12.800433],[-38.69515,-12.754049],[-38.687059,-12.726765]]]},"properties":{"cod_ibge":"292975","name":"Saubara","uf":"BA"}},
{"type":"Feature","geometry":{"type":"Polygon","coordinates":[[[-38.877423,-12.510763],[-38.924538,-12.493483],[-38.972129,-12.469837],[-39.007822,-12.471656],[-39.023051,-12.442098],[-39.052558,-12.446645],[-39.067311,-12.453011],[-39.088727,-12.495757],[-39.073973,-12.502123],[-39.057793,-12.540322],[-39.025431,-12.552145],[-39.007346,-12.56897],[-38.961659,-12.540776],[-38.947382,-12.539867],[-38.910737,-12.518039],[-38.880754,-12.522587],[-38.877423,-12.510763]]]},"properties":{"cod_ibge":"290820","name":"Conceição da Feira","uf":"BA"}},
{"type":"Feature","geometry":{"type":"Polygon","coordinates":[[[-39.021148,-11.551261],[-38.980695,-11.55308],[-38.971177,-11.562175],[-38.941195,-11.547623],[-38.902646,-11.539438],[-38.884562,-11.524886],[-38.869808,-11.537619],[-38.861242,-11.48396],[-38.822693,-11.413475],[-38.865049,-11.382098],[-38.979743,-11.423025],[-39.053985,-11.398923],[-39.073973,-11.420751],[-39.049226,-11.444397],[-39.065407,-11.488053],[-39.046847,-11.511699],[-39.049702,-11.522613],[-39.021148,-11.551261]]]},"properties":{"cod_ibge":"293150","name":"Teofilândia","uf":"BA"}},
{"type":"Feature","geometry":{"type":"Polygon","coordinates":[[[-43.136333,-12.019644],[-43.14014,-11.97326],[-43.146803,-11.958254],[-43.170599,-11.936426],[-43.165364,-11.900047],[-43.186304,-11.890498],[-43.195822,-11.806371],[-43.209147,-11.811373],[-43.226756,-11.781815],[-43.236274,-11.72952],[-43.245316,-11.704964],[-43.22628,-11.67677],[-43.249124,-11.656306],[-43.280058,-11.64994],[-43.27625,-11.635388],[-43.291955,-11.590824],[-43.283865,-11.560811],[-43.303853,-11.581729],[-43.333359,-11.579455],[-43.353348,-11.589005],[-43.379047,-11.628113],[-43.386185,-11.671768],[-43.382378,-11.689502],[-43.348113,-11.735886],[-43.349064,-11.798185],[-43.323365,-11.835019],[-43.315275,-11.875036],[-43.352872,-11.904595],[-43.359534,-11.962801],[-43.349064,-12.016461],[-43.306709,-12.044655],[-43.299094,-12.056023],[-43.290528,-12.111047],[-43.281961,-12.135603],[-43.266732,-12.151973],[-43.233419,-12.171527],[-43.22628,-12.192445],[-43.263401,-12.221094],[-43.260545,-12.233372],[-43.281485,-12.269296],[-43.286244,-12.331141],[-43.280058,-12.352059],[-43.252931,-12.381162],[-43.203912,-12.352969],[-43.119676,-12.327958],[-43.113489,-12.315225],[-43.086363,-12.312042],[-43.076844,-12.335688],[-43.063043,-12.347512],[-43.036392,-12.330686],[-42.972144,-12.332505],[-42.962626,-12.299764],[-42.963578,-12.268842],[-42.980235,-12.261111],[-42.975952,-12.241102],[-42.990705,-12.193809],[-43.028302,-12.164251],[-43.032585,-12.150609],[-43.063519,-12.14015],[-43.05876,-12.094676],[-43.073989,-12.095586],[-43.083031,-12.07012],[-43.114917,-12.046019],[-43.143472,-12.045109],[-43.136333,-12.019644]]]},"properties":{"cod_ibge":"291320","name":"Ibotirama","uf":"BA"}},
{"type":"Feature","geometry":{"type":"Polygon","coordinates":[[[-42.192605,-13.26927],[-42.184039,-13.296555],[-42.190226,-13.311106],[-42.173569,-13.365675],[-42.194033,-13.375679],[-42.212594,-13.413423],[-42.174521,-13.424791],[-42.162623,-13.473449],[-42.13502,-13.488455],[-42.128834,-13.500733],[-42.094568,-13.519377],[-42.086954,-13.544388],[-42.066965,-13.573946],[-42.04079,-13.58395],[-42.029845,-13.614873],[-42.018899,-13.624422],[-42.015567,-13.607142],[-42.02223,-13.563032],[-42.008905,-13.565761],[-42.000338,-13.539841],[-41.967976,-13.527563],[-41.954651,-13.492548],[-41.9675,-13.48891],[-41.968452,-13.464808],[-41.94894,-13.402509],[-41.947512,-13.343393],[-41.916102,-13.334298],[-41.908964,-13.311561],[-41.975115,-13.297009],[-41.997007,-13.30474],[-42.008429,-13.287005],[-42.0327,-13.294736],[-42.096472,-13.261085],[-42.125502,-13.259266],[-42.15834,-13.226525],[-42.17928,-13.226525],[-42.194033,-13.247443],[-42.192605,-13.26927]]]},"properties":{"cod_ibge":"290050","name":"Érico Cardoso","uf":"BA"}},
{"type":"Feature","geometry":{"type":"Polygon","coordinates":[[[-39.990098,-11.162458],[-40.105744,-11.130172],[-40.178558,-11.106071],[-40.216631,-11.102887],[-40.236619,-11.094702],[-40.274692,-11.094247],[-40.344175,-11.072875],[-40.389386,-11.061506],[-40.481712,-11.049228],[-40.452206,-11.189743],[-40.411754,-11.217027],[-40.364639,-11.212025],[-40.345127,-11.228851],[-40.318,-11.217937],[-40.302295,-11.20293],[-40.278023,-11.20384],[-40.259463,-11.192471],[-40.208065,-11.184286],[-40.169992,-11.188379],[-40.144769,-11.182012],[-40.130967,-11.179284],[-40.107648,-11.192471],[-40.080997,-11.188379],[-40.06434,-11.19429],[-40.031502,-11.185195],[-39.990098,-11.162458]]]},"properties":{"cod_ibge":"290510","name":"Caém","uf":"BA"}},
{"type":"Feature","geometry":{"type":"Polygon","coordinates":[[[-41.093731,-14.441591],[-40.706817,-14.362921],[-40.735372,-14.33791],[-40.706341,-14.328815],[-40.699679,-14.298802],[-40.754884,-14.279703],[-40.817704,-14.253783],[-40.826746,-14.24196],[-40.871958,-14.215585],[-40.950959,-14.187846],[-41.004261,-14.164654],[-41.019014,-14.188755],[-41.007116,-14.210583],[-41.047092,-14.228772],[-41.045665,-14.247417],[-41.07184,-14.276065],[-41.092304,-14.287434],[-41.088972,-14.309261],[-41.102774,-14.330179],[-41.090876,-14.343367],[-41.107533,-14.367468],[-41.074695,-14.38202],[-41.06946,-14.403847],[-41.093731,-14.441591]]]},"properties":{"cod_ibge":"290515","name":"Caetanos","uf":"BA"}},
{"type":"Feature","geometry":{"type":"Polygon","coordinates":[[[-41.749534,-13.661256],[-41.711461,-13.685358],[-41.700991,-13.70673],[-41.685762,-13.71537],[-41.690045,-13.735379],[-41.654828,-13.761754],[-41.636744,-13.799043],[-41.619135,-13.810866],[-41.599623,-13.849974],[-41.579635,-13.864525],[-41.57202,-13.881351],[-41.55917,-13.944105],[-41.493971,-13.916366],[-41.516815,-13.869073],[-41.517291,-13.834967],[-41.523477,-13.816777],[-41.542038,-13.802681],[-41.538706,-13.771303],[-41.57202,-13.757661],[-41.577731,-13.726739],[-41.608189,-13.660347],[-41.603906,-13.626241],[-41.607237,-13.580767],[-41.615804,-13.544388],[-41.646738,-13.572127],[-41.669581,-13.528017],[-41.693853,-13.52347],[-41.700515,-13.473449],[-41.713365,-13.457987],[-41.744299,-13.439343],[-41.76286,-13.442981],[-41.770474,-13.41797],[-41.752865,-13.411604],[-41.755721,-13.393869],[-41.742395,-13.367039],[-41.746679,-13.324748],[-41.77095,-13.357945],[-41.781896,-13.360673],[-41.795221,-13.385229],[-41.804264,-13.41888],[-41.840433,-13.383865],[-41.868511,-13.365675],[-41.869463,-13.347485],[-41.884692,-13.327932],[-41.908964,-13.311561],[-41.916102,-13.334298],[-41.947512,-13.343393],[-41.94894,-13.402509],[-41.968452,-13.464808],[-41.9675,-13.48891],[-41.954651,-13.492548],[-41.967976,-13.527563],[-41.94656,-13.535748],[-41.928952,-13.552573],[-41.906584,-13.548481],[-41.859945,-13.571672],[-41.836625,-13.601685],[-41.809499,-13.612599],[-41.801884,-13.631698],[-41.749534,-13.661256]]]},"properties":{"cod_ibge":"292670","name":"Rio de Contas","uf":"BA"}},
{"type":"Feature","geometry":{"type":"Polygon","coordinates":[[[-38.67421,-11.692686],[-38.781765,-11.365273],[-38.822693,-11.413475],[-38.861242,-11.48396],[-38.869808,-11.537619],[-38.86267,-11.585367],[-38.853628,-11.606285],[-38.887417,-11.628113],[-38.878851,-11.637662],[-38.88123,-11.661309],[-38.872188,-11.699052],[-38.873616,-11.714058],[-38.841254,-11.740433],[-38.833639,-11.77272],[-38.793187,-11.733158],[-38.792235,-11.723608],[-38.746548,-11.692686],[-38.67421,-11.692686]]]},"properties":{"cod_ibge":"290360","name":"Biritinga","uf":"BA"}},
{"type":"Feature","geometry":{"type":"Polygon","coordinates":[[[-39.922995,-15.463847],[-39.946315,-15.481582],[-39.960592,-15.505683],[-39.97011,-15.548883],[-39.95155,-15.567073],[-39.934417,-15.562071],[-39.894441,-15.614821],[-39.889206,-15.635284],[-39.928706,-15.671663],[-39.936321,-15.687579],[-39.930134,-15.709861],[-39.909194,-15.746695],[-39.919188,-15.774434],[-39.913001,-15.803083],[-39.922043,-15.819454],[-39.911097,-15.867201],[-39.888254,-15.884027],[-39.814964,-15.866292],[-39.816867,-15.847193],[-39.794976,-15.833096],[-39.787837,-15.812178],[-39.748812,-15.801264],[-39.732632,-15.778527],[-39.715023,-15.779891],[-39.67695,-15.764885],[-39.64792,-15.741693],[-39.621745,-15.773525],[-39.600329,-15.766249],[-39.567491,-15.77307],[-39.536557,-15.751697],[-39.530846,-15.730325],[-39.538937,-15.716228],[-39.535605,-15.681213],[-39.544172,-15.665751],[-39.537509,-15.62528],[-39.525135,-15.614366],[-39.57463,-15.594357],[-39.589383,-15.599814],[-39.61651,-15.620277],[-39.634594,-15.618458],[-39.650775,-15.590719],[-39.675047,-15.621642],[-39.695035,-15.599814],[-39.714071,-15.590265],[-39.713119,-15.565709],[-39.733583,-15.555704],[-39.772608,-15.558433],[-39.791168,-15.542062],[-39.830193,-15.531603],[-39.88635,-15.520689],[-39.883971,-15.509776],[-39.902055,-15.487493],[-39.917284,-15.483855],[-39.922995,-15.463847]]]},"properties":{"cod_ibge":"292540","name":"Potiraguá","uf":"BA"}},
{"type":"Feature","geometry":{"type":"Polygon","coordinates":[[[-41.277908,-10.347109],[-41.242691,-10.323463],[-41.242215,-10.308001],[-41.20557,-10.274805],[-41.180347,-10.263892],[-41.144178,-10.222965],[-41.171305,-10.196135],[-41.157503,-10.155664],[-41.167021,-10.129743],[-41.159883,-10.109735],[-41.179871,-10.102914],[-41.193196,-10.065625],[-41.169401,-10.032429],[-41.170829,-10.01242],[-41.192245,-10.008782],[-41.222227,-9.989683],[-41.244595,-9.986045],[-41.256016,-9.974222],[-41.248878,-9.950121],[-41.21604,-9.933296],[-41.215088,-9.953759],[-41.185582,-9.955578],[-41.157027,-9.9433],[-41.143702,-9.927384],[-41.121334,-9.923746],[-41.106105,-9.938298],[-41.083737,-9.946028],[-41.054231,-9.916015],[-41.055659,-9.886912],[-41.066129,-9.878727],[-41.058038,-9.852806],[-41.028056,-9.81961],[-41.030911,-9.803695],[-40.995694,-9.77732],[-40.967616,-9.737302],[-40.974754,-9.608156],[-40.984272,-9.587238],[-40.964284,-9.552678],[-41.004736,-9.491743],[-41.007592,-9.468096],[-40.953814,-9.398066],[-40.978561,-9.387607],[-41.016634,-9.383969],[-41.067556,-9.403068],[-41.117527,-9.403523],[-41.125141,-9.416711],[-41.143702,-9.495835],[-41.188913,-9.559954],[-41.198907,-9.597242],[-41.212709,-9.622253],[-41.24745,-9.647264],[-41.315981,-9.670456],[-41.345487,-9.683643],[-41.400217,-9.695012],[-41.448284,-9.683188],[-41.476838,-9.671365],[-41.513007,-9.666363],[-41.55917,-9.676367],[-41.614376,-9.699559],[-41.63722,-9.715475],[-41.684335,-9.768225],[-41.839481,-9.7323],[-41.903253,-9.704561],[-41.932283,-9.689555],[-41.963217,-9.687281],[-41.992248,-9.666363],[-42.041266,-9.670001],[-42.080767,-9.733665],[-42.07458,-9.80324],[-42.097424,-9.833707],[-42.119315,-9.888276],[-42.158816,-9.923291],[-42.162623,-9.941026],[-42.199268,-9.971948],[-42.216877,-10.016968],[-42.226395,-10.028791],[-42.257805,-10.054256],[-42.292546,-10.053347],[-42.35489,-10.032429],[-42.392963,-10.051983],[-42.414855,-10.079267],[-42.435319,-10.130198],[-42.41771,-10.150661],[-42.405337,-10.185222],[-42.159768,-10.25798],[-42.15596,-10.273441],[-42.132641,-10.313004],[-42.133593,-10.344381],[-42.091713,-10.382124],[-42.094092,-10.408499],[-42.079815,-10.457611],[-42.089333,-10.475801],[-42.068869,-10.4949],[-42.064586,-10.530369],[-42.048405,-10.544466],[-42.036031,-10.583574],[-42.015567,-10.606766],[-42.016519,-10.62541],[-41.998435,-10.641781],[-41.916102,-10.64269],[-41.821872,-10.697714],[-41.769046,-10.72227],[-41.744299,-10.708173],[-41.731925,-10.714539],[-41.713841,-10.741369],[-41.69528,-10.793209],[-41.662919,-10.811399],[-41.658635,-10.806397],[-41.60581,-10.80958],[-41.589153,-10.800485],[-41.574875,-10.779567],[-41.571544,-10.755921],[-41.591532,-10.731365],[-41.585821,-10.720451],[-41.557267,-10.702716],[-41.547749,-10.667246],[-41.532995,-10.679524],[-41.508724,-10.670429],[-41.495875,-10.65133],[-41.503013,-10.631777],[-41.471603,-10.628139],[-41.463037,-10.603128],[-41.429247,-10.588122],[-41.42782,-10.576753],[-41.401645,-10.57357],[-41.397361,-10.549469],[-41.381656,-10.518546],[-41.41497,-10.499447],[-41.450663,-10.489443],[-41.473031,-10.465342],[-41.452091,-10.455337],[-41.446856,-10.44215],[-41.378801,-10.417139],[-41.361668,-10.391674],[-41.361668,-10.369846],[-41.33359,-10.368937],[-41.326451,-10.355294],[-41.288378,-10.335741],[-41.277908,-10.347109]]]},"properties":{"cod_ibge":"293020","name":"Sento Sé","uf":"BA"}},
{"type":"Feature","geometry":{"type":"Polygon","coordinates":[[[-40.702058,-15.076408],[-40.710625,-15.037755],[-40.705866,-15.015473],[-40.740131,-15.000921],[-40.722998,-14.974546],[-40.712528,-14.940441],[-40.71348,-14.917249],[-40.723474,-14.897695],[-40.703962,-14.863135],[-40.668745,-14.82812],[-40.525496,-14.756271],[-40.614491,-14.67078],[-40.748697,-14.675327],[-40.958573,-14.674418],[-40.963808,-14.788557],[-41.171305,-14.853585],[-41.152744,-14.861771],[-41.143702,-14.898605],[-41.148937,-14.922251],[-41.135611,-14.934074],[-41.139895,-14.963632],[-41.126093,-14.97682],[-41.125141,-14.99501],[-41.088021,-15.042303],[-41.093731,-15.114151],[-41.116099,-15.131886],[-41.129901,-15.167356],[-41.160835,-15.188729],[-41.164166,-15.199643],[-41.147985,-15.231929],[-41.158455,-15.264671],[-41.144654,-15.304233],[-41.144654,-15.34516],[-41.133232,-15.371989],[-41.139895,-15.402002],[-41.097539,-15.422011],[-41.078502,-15.459299],[-41.056611,-15.459754],[-41.034243,-15.472942],[-41.002357,-15.478398],[-40.97523,-15.47567],[-40.93573,-15.444293],[-40.93335,-15.371534],[-40.941441,-15.358802],[-40.933826,-15.338793],[-40.906223,-15.320149],[-40.885759,-15.297867],[-40.835313,-15.297412],[-40.816752,-15.285134],[-40.847686,-15.269218],[-40.820084,-15.202826],[-40.702058,-15.076408]]]},"properties":{"cod_ibge":"293330","name":"Vitória da Conquista","uf":"BA"}},
{"type":"Feature","geometry":{"type":"Polygon","coordinates":[[[-39.734059,-10.089271],[-39.737391,-10.064261],[-39.715975,-10.067444],[-39.653631,-10.100185],[-39.636498,-10.121558],[-39.56416,-10.124286],[-39.54084,-10.148842],[-39.523708,-10.177036],[-39.525611,-10.188405],[-39.454701,-10.172489],[-39.371417,-10.171579],[-39.322398,-10.19659],[-39.305741,-10.190679],[-39.266717,-10.192497],[-39.255295,-10.147023],[-39.263385,-10.086998],[-39.254819,-10.079267],[-39.234831,-10.031519],[-39.221029,-10.025153],[-39.203897,-9.961944],[-39.205324,-9.862811],[-39.201041,-9.83871],[-39.207704,-9.809606],[-39.221505,-9.791871],[-39.213891,-9.765042],[-39.235307,-9.720477],[-39.234831,-9.703652],[-39.211511,-9.6459],[-39.223885,-9.634531],[-39.280994,-9.634531],[-39.307645,-9.607701],[-39.330964,-9.594514],[-39.359519,-9.615887],[-39.599853,-9.699559],[-39.644112,-9.706835],[-39.66886,-9.729117],[-39.662673,-9.75049],[-39.685517,-9.762768],[-39.795927,-9.843712],[-39.779271,-9.871451],[-39.767373,-9.866903],[-39.747861,-9.881],[-39.738342,-9.901009],[-39.75024,-9.953759],[-39.766897,-9.970129],[-39.759758,-9.991957],[-39.765469,-10.031974],[-39.758331,-10.07381],[-39.734059,-10.089271]]]},"properties":{"cod_ibge":"293200","name":"Uauá","uf":"BA"}},
{"type":"Feature","geometry":{"type":"Polygon","coordinates":[[[-40.151907,-13.106928],[-40.120497,-13.121025],[-40.05387,-13.114204],[-39.999141,-13.161042],[-39.984863,-13.167408],[-39.944411,-13.215156],[-39.934893,-13.19924],[-39.946315,-13.166499],[-39.922995,-13.161951],[-39.962496,-13.095559],[-39.956785,-13.06009],[-39.968207,-13.038717],[-39.953453,-12.995971],[-39.904911,-12.935036],[-39.899676,-12.933672],[-39.903959,-12.900476],[-39.899676,-12.874556],[-39.988195,-12.930489],[-39.99105,-12.96323],[-40.03293,-12.985057],[-40.067196,-12.992788],[-40.105268,-12.983693],[-40.143817,-12.982329],[-40.173323,-13.020982],[-40.190456,-13.028258],[-40.199022,-13.048721],[-40.178082,-13.065092],[-40.151907,-13.106928]]]},"properties":{"cod_ibge":"292280","name":"Nova Itarana","uf":"BA"}},
{"type":"Feature","geometry":{"type":"Polygon","coordinates":[[[-40.22377,-17.734365],[-40.20045,-17.735729],[-40.179034,-17.768925],[-40.147148,-17.78666],[-40.121925,-17.788024],[-40.067672,-17.849414],[-40.03293,-17.851233],[-39.991526,-17.828951],[-39.953929,-17.833498],[-39.943935,-17.846686],[-39.925375,-17.841684],[-39.889206,-17.848505],[-39.858272,-17.825768],[-39.825434,-17.826677],[-39.776891,-17.808942],[-39.772608,-17.798029],[-39.735487,-17.777111],[-39.712643,-17.773927],[-39.758807,-17.748917],[-39.774987,-17.752555],[-39.806397,-17.744369],[-39.825434,-17.758466],[-39.855416,-17.763923],[-39.890633,-17.715721],[-39.901103,-17.687527],[-39.93061,-17.671156],[-39.986291,-17.66479],[-40.015322,-17.654785],[-40.031027,-17.628865],[-40.120497,-17.640688],[-40.160474,-17.624773],[-40.208541,-17.643417],[-40.223294,-17.680706],[-40.217107,-17.715721],[-40.239951,-17.73482],[-40.22377,-17.734365]]]},"properties":{"cod_ibge":"291280","name":"Ibirapuã","uf":"BA"}},
{"type":"Feature","geometry":{"type":"Polygon","coordinates":[[[-41.768095,-13.982758],[-41.79998,-13.92546],[-41.823776,-13.903178],[-41.811402,-13.870437],[-41.843764,-13.868618],[-41.864228,-13.826327],[-41.841385,-13.785855],[-41.84424,-13.765392],[-41.824252,-13.754933],[-41.799029,-13.76039],[-41.785227,-13.748112],[-41.776185,-13.723556],[-41.750962,-13.702183],[-41.749534,-13.661256],[-41.801884,-13.631698],[-41.809499,-13.612599],[-41.836625,-13.601685],[-41.859945,-13.571672],[-41.906584,-13.548481],[-41.928952,-13.552573],[-41.94656,-13.535748],[-41.967976,-13.527563],[-42.000338,-13.539841],[-42.008905,-13.565761],[-42.02223,-13.563032],[-42.015567,-13.607142],[-42.018899,-13.624422],[-42.049357,-13.638974],[-42.056495,-13.683993],[-42.052688,-13.702638],[-42.069821,-13.71537],[-42.115032,-13.72492],[-42.130261,-13.71537],[-42.15596,-13.72492],[-42.184515,-13.694907],[-42.22116,-13.699909],[-42.26542,-13.729013],[-42.308251,-13.748112],[-42.334902,-13.772668],[-42.285408,-13.7854],[-42.273986,-13.80359],[-42.251142,-13.801316],[-42.233058,-13.833603],[-42.213545,-13.850428],[-42.189274,-13.854066],[-42.173569,-13.845881],[-42.152153,-13.860887],[-42.14787,-13.887262],[-42.152153,-13.927734],[-42.133593,-13.958656],[-42.13502,-13.975937],[-42.119791,-14.005949],[-42.107418,-14.016408],[-42.086954,-14.05688],[-42.065062,-14.054607],[-42.013664,-14.070977],[-41.981302,-14.070977],[-41.947512,-14.053242],[-41.899921,-14.053697],[-41.898018,-14.037326],[-41.880885,-14.03096],[-41.861849,-14.00504],[-41.840433,-14.003676],[-41.845668,-13.985031],[-41.829963,-13.974118],[-41.784751,-13.992762],[-41.768095,-13.982758]]]},"properties":{"cod_ibge":"291950","name":"Livramento de Nossa Senhora","uf":"BA"}},
{"type":"Feature","geometry":{"type":"Polygon","coordinates":[[[-38.003654,-9.904647],[-37.992232,-9.894188],[-38.006985,-9.868722],[-37.995564,-9.845985],[-38.000799,-9.815973],[-38.017931,-9.80233],[-38.019835,-9.777774],[-38.032684,-9.770044],[-38.045058,-9.69774],[-38.034112,-9.686826],[-38.032209,-9.660906],[-38.009365,-9.649992],[-38.019359,-9.63726],[-38.051245,-9.621798],[-38.061239,-9.587693],[-38.122631,-9.620434],[-38.126439,-9.6459],[-38.14833,-9.649538],[-38.157373,-9.677731],[-38.175933,-9.669546],[-38.194494,-9.677277],[-38.224952,-9.674548],[-38.285392,-9.690464],[-38.308236,-9.660906],[-38.351544,-9.678641],[-38.363441,-9.706835],[-38.443394,-9.699104],[-38.332983,-9.78505],[-38.266832,-9.860537],[-38.205439,-9.90874],[-38.193542,-9.899645],[-38.14833,-9.91647],[-38.133577,-9.906921],[-38.115969,-9.921472],[-38.102167,-9.883729],[-38.083131,-9.896916],[-38.029829,-9.90783],[-38.003654,-9.904647]]]},"properties":{"cod_ibge":"292760","name":"Santa Brígida","uf":"BA"}},
{"type":"Feature","geometry":{"type":"Polygon","coordinates":[[[-40.096702,-13.668532],[-40.087184,-13.640338],[-40.041021,-13.633972],[-40.020557,-13.640793],[-40.006279,-13.633517],[-39.988671,-13.641702],[-39.957261,-13.67308],[-39.944887,-13.664894],[-39.924899,-13.674898],[-39.918236,-13.692179],[-39.895392,-13.695362],[-39.886826,-13.659892],[-39.852085,-13.656254],[-39.849705,-13.711278],[-39.847326,-13.723101],[-39.786409,-13.746747],[-39.770228,-13.784946],[-39.740722,-13.775851],[-39.713595,-13.734924],[-39.727397,-13.734015],[-39.73977,-13.695362],[-39.775939,-13.618965],[-39.776891,-13.600321],[-39.813536,-13.563487],[-39.852561,-13.543024],[-39.888254,-13.515285],[-39.892061,-13.528017],[-39.920616,-13.520742],[-39.93061,-13.496186],[-40.005803,-13.473449],[-39.987243,-13.407511],[-39.995333,-13.364766],[-39.981532,-13.344302],[-39.982008,-13.325658],[-39.997237,-13.31247],[-40.04578,-13.31338],[-40.061485,-13.343393],[-40.07719,-13.333843],[-40.15048,-13.337026],[-40.120022,-13.409785],[-40.094322,-13.430703],[-40.071479,-13.495276],[-40.105744,-13.523925],[-40.121925,-13.526653],[-40.110027,-13.584405],[-40.113835,-13.618511],[-40.104792,-13.658528],[-40.096702,-13.668532]]]},"properties":{"cod_ibge":"291760","name":"Jaguaquara","uf":"BA"}},
{"type":"Feature","geometry":{"type":"Polygon","coordinates":[[[-39.296699,-11.990995],[-39.286229,-11.966439],[-39.307645,-11.940519],[-39.304313,-11.928696],[-39.276235,-11.892771],[-39.280518,-11.832291],[-39.240066,-11.773629],[-39.253391,-11.752711],[-39.262433,-11.737705],[-39.36285,-11.646757],[-39.486587,-11.601283],[-39.50943,-11.576727],[-39.536081,-11.569451],[-39.537033,-11.562175],[-39.537033,-11.587641],[-39.554166,-11.591279],[-39.549407,-11.634479],[-39.557021,-11.67586],[-39.640781,-11.724972],[-39.541316,-11.758168],[-39.534178,-11.832291],[-39.518948,-11.82456],[-39.484207,-11.850481],[-39.467074,-11.872308],[-39.504671,-11.901411],[-39.50943,-11.941429],[-39.549407,-11.990541],[-39.558449,-12.00964],[-39.536557,-12.025556],[-39.412345,-12.002819],[-39.388549,-11.991905],[-39.367609,-11.970077],[-39.346193,-11.968258],[-39.313356,-11.978263],[-39.296699,-11.990995]]]},"properties":{"cod_ibge":"292630","name":"Riachão do Jacuípe","uf":"BA"}},
{"type":"Feature","geometry":{"type":"Polygon","coordinates":[[[-39.162968,-15.052762],[-39.170583,-15.023203],[-39.201517,-15.005923],[-39.220553,-14.946807],[-39.211035,-14.908609],[-39.231023,-14.934984],[-39.248632,-14.936803],[-39.301934,-14.929982],[-39.328109,-14.931801],[-39.350477,-14.964997],[-39.366658,-14.97682],[-39.353808,-14.993191],[-39.366658,-15.019565],[-39.366182,-15.032298],[-39.325253,-15.016837],[-39.307169,-15.021384],[-39.279566,-15.058218],[-39.293368,-15.072315],[-39.262433,-15.079136],[-39.249108,-15.054126],[-39.219602,-15.05549],[-39.204848,-15.04685],[-39.186764,-15.05458],[-39.162968,-15.052762]]]},"properties":{"cod_ibge":"290470","name":"Buerarema","uf":"BA"}},
{"type":"Feature","geometry":{"type":"Polygon","coordinates":[[[-39.877308,-13.391141],[-39.846374,-13.438434],[-39.794024,-13.456623],[-39.771656,-13.483453],[-39.773084,-13.517558],[-39.745481,-13.503461],[-39.726921,-13.503007],[-39.70836,-13.519377],[-39.695035,-13.512556],[-39.7293,-13.489364],[-39.711216,-13.460261],[-39.724065,-13.412513],[-39.74215,-13.412968],[-39.747385,-13.375225],[-39.779271,-13.37477],[-39.812584,-13.337026],[-39.877308,-13.391141]]]},"properties":{"cod_ibge":"290950","name":"Cravolândia","uf":"BA"}},
{"type":"Feature","geometry":{"type":"Polygon","coordinates":[[[-39.843518,-15.976794],[-39.814012,-15.979977],[-39.785457,-15.968608],[-39.749764,-15.971792],[-39.615558,-16.007261],[-39.608895,-16.022268],[-39.556545,-16.031817],[-39.486587,-16.060011],[-39.469454,-16.094572],[-39.432809,-16.076837],[-39.397592,-16.040457],[-39.449942,-15.986798],[-39.470406,-15.977249],[-39.464219,-15.947236],[-39.475165,-15.920861],[-39.495629,-15.900397],[-39.493249,-15.882208],[-39.515141,-15.853104],[-39.50134,-15.817635],[-39.524659,-15.818089],[-39.562732,-15.800809],[-39.567491,-15.77307],[-39.600329,-15.766249],[-39.621745,-15.773525],[-39.64792,-15.741693],[-39.67695,-15.764885],[-39.715023,-15.779891],[-39.732632,-15.778527],[-39.748812,-15.801264],[-39.787837,-15.812178],[-39.794976,-15.833096],[-39.816867,-15.847193],[-39.814964,-15.866292],[-39.888254,-15.884027],[-39.911097,-15.867201],[-39.94917,-15.895395],[-39.932989,-15.921315],[-39.908242,-15.947236],[-39.871121,-15.952693],[-39.843518,-15.976794]]]},"properties":{"cod_ibge":"291630","name":"Itapebi","uf":"BA"}},
{"type":"Feature","geometry":{"type":"Polygon","coordinates":[[[-39.712643,-17.773927],[-39.683137,-17.793026],[-39.652679,-17.800757],[-39.629359,-17.788479],[-39.586528,-17.797119],[-39.568919,-17.81258],[-39.535605,-17.811216],[-39.49896,-17.823039],[-39.499436,-17.831679],[-39.448038,-17.841229],[-39.440423,-17.857145],[-39.307645,-17.853507],[-39.276711,-17.855326],[-39.257674,-17.828041],[-39.22912,-17.793481],[-39.206752,-17.774382],[-39.20818,-17.747552],[-39.191047,-17.742096],[-39.138221,-17.693438],[-39.137269,-17.684798],[-39.154402,-17.672975],[-39.249584,-17.636596],[-39.39664,-17.650693],[-39.442803,-17.652512],[-39.461363,-17.635232],[-39.465171,-17.592486],[-39.489918,-17.570204],[-39.51181,-17.568839],[-39.532274,-17.578844],[-39.604612,-17.557926],[-39.767849,-17.627501],[-39.936797,-17.474254],[-39.936321,-17.464704],[-39.968207,-17.458338],[-40.031502,-17.478346],[-40.056726,-17.46243],[-40.097654,-17.457428],[-40.11907,-17.447879],[-40.156191,-17.44606],[-40.188552,-17.432417],[-40.218059,-17.435146],[-40.220914,-17.409226],[-40.257083,-17.409226],[-40.238047,-17.546102],[-40.214727,-17.561109],[-40.18998,-17.563837],[-40.13763,-17.603854],[-40.120497,-17.640688],[-40.031027,-17.628865],[-40.015322,-17.654785],[-39.986291,-17.66479],[-39.93061,-17.671156],[-39.901103,-17.687527],[-39.890633,-17.715721],[-39.855416,-17.763923],[-39.825434,-17.758466],[-39.806397,-17.744369],[-39.774987,-17.752555],[-39.758807,-17.748917],[-39.712643,-17.773927]]]},"properties":{"cod_ibge":"290690","name":"Caravelas","uf":"BA"}},
{"type":"Feature","geometry":{"type":"Polygon","coordinates":[[[-46.389171,-12.048747],[-46.38822,-12.076032],[-46.398214,-12.089674],[-46.371087,-12.099678],[-46.371563,-12.123325],[-46.392503,-12.170618],[-46.381081,-12.181077],[-46.369659,-12.231553],[-46.38822,-12.249288],[-46.370611,-12.271115],[-46.384888,-12.293852],[-46.349195,-12.299309],[-46.352526,-12.319772],[-46.370135,-12.347512],[-46.345388,-12.366156],[-46.327779,-12.356606],[-46.300176,-12.363428],[-46.296845,-12.381162],[-46.308267,-12.401171],[-46.322544,-12.406173],[-46.330635,-12.441188],[-46.323972,-12.465289],[-46.290182,-12.417542],[-46.27067,-12.431639],[-46.279712,-12.454376],[-46.261152,-12.473929],[-46.265911,-12.49894],[-46.245447,-12.504397],[-46.198332,-12.503942],[-46.154548,-12.49894],[-46.142175,-12.531227],[-46.100295,-12.527589],[-46.025101,-12.501669],[-46.007968,-12.49121],[-45.955142,-12.474839],[-45.926588,-12.459832],[-45.910407,-12.459832],[-45.87281,-12.42982],[-45.840924,-12.418451],[-45.803327,-12.417996],[-45.764779,-12.411175],[-45.702911,-12.116049],[-45.661031,-11.914144],[-45.678639,-11.90323],[-45.766682,-11.86867],[-45.793333,-11.86867],[-45.82284,-11.88686],[-45.846635,-11.87731],[-45.889943,-11.880948],[-45.928491,-11.875491],[-45.945624,-11.864577],[-45.990836,-11.919146],[-46.078403,-11.975989],[-46.106006,-11.998726],[-46.146458,-12.015096],[-46.147886,-12.033286],[-46.389171,-12.048747]]]},"properties":{"cod_ibge":"291955","name":"Luís Eduardo Magalhães","uf":"BA"}},
{"type":"Feature","geometry":{"type":"Polygon","coordinates":[[[-40.96714,-12.793157],[-40.982369,-12.736769],[-40.983321,-12.700845],[-41.007592,-12.621265],[-41.046616,-12.689022],[-41.148937,-12.710849],[-41.149413,-12.745409],[-41.185582,-12.785881],[-41.206998,-12.784062],[-41.224606,-12.80589],[-41.259824,-12.807254],[-41.233173,-12.858185],[-41.222703,-12.891836],[-41.232697,-12.912299],[-41.107533,-12.888198],[-41.09278,-12.898657],[-41.074219,-12.893655],[-41.051376,-12.924122],[-41.019966,-12.915482],[-40.96714,-12.793157]]]},"properties":{"cod_ibge":"292285","name":"Nova Redenção","uf":"BA"}},
{"type":"Feature","geometry":{"type":"Polygon","coordinates":[[[-44.579765,-12.155156],[-44.617838,-12.140605],[-44.637826,-12.153338],[-44.655435,-12.153338],[-44.705405,-12.168799],[-44.717303,-12.124689],[-44.735387,-12.110592],[-44.773936,-12.115139],[-44.798207,-12.105135],[-44.816768,-12.136057],[-44.841039,-12.145607],[-44.841515,-12.119232],[-44.882443,-12.051021],[-44.915757,-12.034196],[-44.928607,-12.036015],[-44.930034,-12.006002],[-44.965727,-12.000545],[-44.97239,-11.982355],[-45.031879,-11.903685],[-45.067572,-11.871399],[-45.09803,-11.857302],[-45.146573,-11.854118],[-45.169417,-11.845024],[-45.177031,-11.815011],[-45.246514,-11.771356],[-45.279352,-11.742252],[-45.300292,-11.741798],[-45.322659,-11.731339],[-45.370726,-11.748619],[-45.407847,-11.776813],[-45.449727,-11.778177],[-45.473998,-11.766354],[-45.522065,-11.770901],[-45.591548,-11.789091],[-45.669121,-11.769991],[-45.679115,-11.749983],[-45.699103,-11.73725],[-45.728134,-11.732703],[-45.741459,-11.721789],[-45.82284,-11.686774],[-45.840924,-11.655852],[-45.856629,-11.645393],[-45.881376,-11.648576],[-45.923732,-11.633569],[-45.960853,-11.626748],[-46.053656,-11.618563],[-46.080782,-11.62402],[-46.144554,-11.624475],[-46.155024,-11.650395],[-46.199284,-11.648121],[-46.226411,-11.636298],[-46.244019,-11.605375],[-46.274477,-11.607194],[-46.286851,-11.615835],[-46.306839,-11.607194],[-46.341105,-11.610378],[-46.384888,-11.626748],[-46.338249,-11.642209],[-46.343484,-11.654487],[-46.327779,-11.676315],[-46.307791,-11.686774],[-46.342056,-11.737705],[-46.376798,-11.748619],[-46.356334,-11.762261],[-46.337773,-11.794093],[-46.337773,-11.813192],[-46.37299,-11.832291],[-46.380605,-11.866851],[-46.367755,-11.889133],[-46.349195,-11.88686],[-46.306839,-11.913689],[-46.257821,-11.911416],[-46.247826,-11.919146],[-46.190241,-11.90323],[-46.193097,-11.920965],[-46.232597,-11.936426],[-46.296845,-11.937791],[-46.336345,-11.954161],[-46.363948,-11.990995],[-46.422009,-12.028739],[-46.455323,-12.029648],[-46.45104,-12.054204],[-46.389171,-12.048747],[-46.147886,-12.033286],[-46.146458,-12.015096],[-46.106006,-11.998726],[-46.078403,-11.975989],[-45.990836,-11.919146],[-45.945624,-11.864577],[-45.928491,-11.875491],[-45.889943,-11.880948],[-45.846635,-11.87731],[-45.82284,-11.88686],[-45.793333,-11.86867],[-45.766682,-11.86867],[-45.678639,-11.90323],[-45.661031,-11.914144],[-45.702911,-12.116049],[-45.764779,-12.411175],[-45.751929,-12.412085],[-45.719091,-12.396624],[-45.648657,-12.39344],[-45.578222,-12.400262],[-45.54015,-12.390712],[-45.486372,-12.364792],[-45.46448,-12.376615],[-45.443064,-12.367065],[-45.405943,-12.370249],[-45.348834,-12.388893],[-45.33075,-12.40208],[-45.283635,-12.422089],[-45.227002,-12.425727],[-45.205586,-12.384346],[-45.167989,-12.36843],[-45.149428,-12.333415],[-45.125633,-12.322956],[-45.102313,-12.336143],[-45.078042,-12.334324],[-45.042825,-12.31568],[-45.022361,-12.320227],[-44.927179,-12.292943],[-44.868166,-12.261566],[-44.852461,-12.260656],[-44.816292,-12.235191],[-44.78631,-12.220639],[-44.750617,-12.228824],[-44.725393,-12.220184],[-44.676375,-12.179258],[-44.655911,-12.169708],[-44.623549,-12.174256],[-44.579765,-12.155156]]]},"properties":{"cod_ibge":"290320","name":"Barreiras","uf":"BA"}},
{"type":"Feature","geometry":{"type":"Polygon","coordinates":[[[-40.525496,-14.756271],[-40.444592,-14.806747],[-40.408898,-14.852676],[-40.390338,-14.858587],[-40.373205,-14.874958],[-40.364163,-14.911792],[-40.311337,-14.901788],[-40.293728,-14.933165],[-40.277547,-14.900424],[-40.274692,-14.88087],[-40.282307,-14.855859],[-40.304198,-14.841762],[-40.317524,-14.819025],[-40.315144,-14.787193],[-40.320379,-14.743993],[-40.332277,-14.728532],[-40.333229,-14.67942],[-40.368446,-14.66214],[-40.439357,-14.603478],[-40.4622,-14.577558],[-40.489327,-14.569827],[-40.531683,-14.539815],[-40.53787,-14.548909],[-40.572135,-14.542088],[-40.630196,-14.563006],[-40.646853,-14.54709],[-40.636859,-14.578467],[-40.641142,-14.60848],[-40.633051,-14.658956],[-40.614491,-14.67078],[-40.525496,-14.756271]]]},"properties":{"cod_ibge":"292500","name":"Planalto","uf":"BA"}},
{"type":"Feature","geometry":{"type":"Polygon","coordinates":[[[-40.751077,-13.043719],[-40.772493,-13.036898],[-40.786294,-13.044174],[-40.836741,-13.015525],[-40.852446,-13.018254],[-40.888139,-13.005976],[-40.913838,-13.028258],[-40.945248,-13.038262],[-40.960001,-13.009159],[-40.959049,-12.976872],[-40.984748,-12.976872],[-40.989031,-12.946405],[-40.976658,-12.927305],[-40.990459,-12.912754],[-41.019966,-12.915482],[-41.051376,-12.924122],[-41.074219,-12.893655],[-41.09278,-12.898657],[-41.107533,-12.888198],[-41.232697,-12.912299],[-41.225558,-12.935946],[-41.204142,-12.959592],[-41.191769,-12.985967],[-41.16607,-13.075096],[-41.151316,-13.107383],[-41.179871,-13.127846],[-41.229841,-13.12921],[-41.252209,-13.121025],[-41.28124,-13.13785],[-41.279812,-13.156495],[-41.253161,-13.168318],[-41.235076,-13.162861],[-41.224606,-13.176958],[-41.199383,-13.191964],[-41.185106,-13.230163],[-41.167973,-13.249716],[-41.157979,-13.282458],[-41.14275,-13.299283],[-41.126093,-13.287005],[-41.106105,-13.293371],[-41.078502,-13.273363],[-41.088972,-13.255628],[-41.010447,-13.261085],[-40.918121,-13.229708],[-40.919549,-13.20879],[-40.841024,-13.13876],[-40.751077,-13.043719]]]},"properties":{"cod_ibge":"291500","name":"Itaeté","uf":"BA"}},
{"type":"Feature","geometry":{"type":"Polygon","coordinates":[[[-39.480876,-15.341976],[-39.485159,-15.307416],[-39.499912,-15.290591],[-39.521328,-15.300595],[-39.578913,-15.287408],[-39.593666,-15.273311],[-39.617462,-15.270127],[-39.643161,-15.278767],[-39.640305,-15.293774],[-39.631739,-15.30105],[-39.625076,-15.350162],[-39.599377,-15.356528],[-39.601281,-15.37881],[-39.5851,-15.388815],[-39.576533,-15.426103],[-39.595094,-15.455661],[-39.613654,-15.470668],[-39.599853,-15.499316],[-39.579865,-15.500681],[-39.570823,-15.543881],[-39.618413,-15.552976],[-39.589383,-15.599814],[-39.57463,-15.594357],[-39.525135,-15.614366],[-39.510858,-15.600724],[-39.488966,-15.556614],[-39.464695,-15.579351],[-39.445658,-15.581624],[-39.404254,-15.557523],[-39.433761,-15.523418],[-39.435188,-15.487948],[-39.419483,-15.464301],[-39.364278,-15.472032],[-39.379983,-15.425649],[-39.411393,-15.422465],[-39.427574,-15.404276],[-39.458984,-15.408368],[-39.459936,-15.364713],[-39.480876,-15.341976]]]},"properties":{"cod_ibge":"290560","name":"Camacan","uf":"BA"}},
{"type":"Feature","geometry":{"type":"Polygon","coordinates":[[[-42.021278,-11.815011],[-41.882313,-11.891407],[-41.681003,-11.990995],[-41.689094,-11.967803],[-41.680051,-11.92142],[-41.71051,-11.898228],[-41.750962,-11.877765],[-41.765239,-11.863213],[-41.78142,-11.829562],[-41.78951,-11.798185],[-41.823776,-11.738614],[-41.860897,-11.709511],[-41.88612,-11.745436],[-41.911343,-11.759532],[-41.937994,-11.788181],[-41.942753,-11.805006],[-41.970832,-11.801369],[-41.984633,-11.794547],[-42.021278,-11.815011]]]},"properties":{"cod_ibge":"290323","name":"Barro Alto","uf":"BA"}},
{"type":"Feature","geometry":{"type":"Polygon","coordinates":[[[-39.537033,-11.562175],[-39.536081,-11.569451],[-39.477068,-11.484869],[-39.489442,-11.476229],[-39.489918,-11.440305],[-39.542744,-11.409382],[-39.56416,-11.401197],[-39.608895,-11.346174],[-39.698842,-11.399378],[-39.672191,-11.411201],[-39.655534,-11.43121],[-39.665052,-11.44849],[-39.653631,-11.473046],[-39.619365,-11.504878],[-39.568443,-11.543986],[-39.537033,-11.562175]]]},"properties":{"cod_ibge":"292895","name":"São Domingos","uf":"BA"}},
{"type":"Feature","geometry":{"type":"Polygon","coordinates":[[[-42.048405,-15.170539],[-42.070297,-15.140981],[-42.026513,-15.095962],[-42.010332,-15.091414],[-41.986061,-15.066858],[-41.974639,-15.022749],[-41.977495,-14.992281],[-41.964169,-14.971363],[-41.933711,-14.946807],[-41.927048,-14.913156],[-41.89897,-14.906335],[-41.890403,-14.895421],[-41.852806,-14.88951],[-41.829963,-14.892693],[-41.806643,-14.870865],[-41.829011,-14.794014],[-41.86756,-14.779463],[-41.876126,-14.761273],[-41.900873,-14.738991],[-41.925145,-14.740355],[-41.926572,-14.70443],[-41.966549,-14.698974],[-42.004145,-14.683058],[-41.997959,-14.660321],[-42.03032,-14.66123],[-42.049833,-14.672599],[-42.053164,-14.691243],[-42.068393,-14.716708],[-42.05126,-14.747176],[-42.056495,-14.780372],[-42.046501,-14.806747],[-42.060779,-14.850402],[-42.088857,-14.825391],[-42.128834,-14.812659],[-42.176425,-14.822208],[-42.174997,-14.834031],[-42.19784,-14.857678],[-42.20022,-14.873139],[-42.230202,-14.912247],[-42.239245,-14.94226],[-42.224015,-14.980003],[-42.210214,-14.990462],[-42.208786,-15.022749],[-42.226871,-15.044576],[-42.278745,-15.055035],[-42.292546,-15.087777],[-42.277793,-15.113697],[-42.26542,-15.125065],[-42.223064,-15.0996],[-42.183087,-15.0996],[-42.173093,-15.085958],[-42.155485,-15.097781],[-42.151677,-15.118244],[-42.125026,-15.134615],[-42.095996,-15.182363],[-42.048405,-15.170539]]]},"properties":{"cod_ibge":"290870","name":"Condeúba","uf":"BA"}},
{"type":"Feature","geometry":{"type":"Polygon","coordinates":[[[-39.021148,-11.551261],[-39.049702,-11.522613],[-39.046847,-11.511699],[-39.065407,-11.488053],[-39.049226,-11.444397],[-39.073973,-11.420751],[-39.140601,-11.493509],[-39.157733,-11.528979],[-39.145836,-11.537619],[-39.144884,-11.567632],[-39.158209,-11.633115],[-39.133938,-11.629477],[-39.111094,-11.614925],[-39.072546,-11.61538],[-39.032093,-11.584003],[-39.021148,-11.551261]]]},"properties":{"cod_ibge":"290327","name":"Barrocas","uf":"BA"}},
{"type":"Feature","geometry":{"type":"Polygon","coordinates":[[[-39.768325,-10.538555],[-39.645064,-10.543102],[-39.594142,-10.554016],[-39.554166,-10.581755],[-39.525611,-10.570841],[-39.482779,-10.568568],[-39.46755,-10.57357],[-39.432809,-10.619499],[-39.367609,-10.654514],[-39.350953,-10.655423],[-39.270524,-10.677705],[-39.271476,-10.696804],[-39.259102,-10.677705],[-39.236258,-10.636324],[-39.238638,-10.618589],[-39.221029,-10.597671],[-39.165348,-10.57357],[-39.156306,-10.556744],[-39.147263,-10.483986],[-39.156306,-10.444878],[-39.180101,-10.438967],[-39.186764,-10.423051],[-39.143456,-10.408499],[-39.147739,-10.384853],[-39.160113,-10.367118],[-39.172011,-10.328465],[-39.184384,-10.30982],[-39.167728,-10.297997],[-39.182957,-10.275715],[-39.18486,-10.256161],[-39.202945,-10.237062],[-39.228168,-10.225694],[-39.235307,-10.194316],[-39.266717,-10.192497],[-39.305741,-10.190679],[-39.322398,-10.19659],[-39.371417,-10.171579],[-39.454701,-10.172489],[-39.525611,-10.188405],[-39.523708,-10.177036],[-39.54084,-10.148842],[-39.56416,-10.124286],[-39.636498,-10.121558],[-39.653631,-10.100185],[-39.715975,-10.067444],[-39.737391,-10.064261],[-39.734059,-10.089271],[-39.728824,-10.115646],[-39.737391,-10.228877],[-39.744053,-10.242974],[-39.716451,-10.277989],[-39.714071,-10.318915],[-39.739294,-10.348928],[-39.731204,-10.410318],[-39.752144,-10.439421],[-39.762138,-10.475346],[-39.768325,-10.538555]]]},"properties":{"cod_ibge":"292150","name":"Monte Santo","uf":"BA"}},
{"type":"Feature","geometry":{"type":"Polygon","coordinates":[[[-39.442327,-14.304259],[-39.492298,-14.281067],[-39.575582,-14.251964],[-39.57463,-14.232865],[-39.576058,-14.216494],[-39.596522,-14.209673],[-39.610323,-14.218768],[-39.625076,-14.207399],[-39.660769,-14.200578],[-39.664101,-14.184662],[-39.688372,-14.295164],[-39.696462,-14.369742],[-39.685517,-14.360647],[-39.676474,-14.324268],[-39.659342,-14.318811],[-39.675522,-14.291526],[-39.650299,-14.282432],[-39.625552,-14.287434],[-39.600329,-14.310625],[-39.573678,-14.298347],[-39.551786,-14.305623],[-39.563684,-14.336091],[-39.549407,-14.34655],[-39.494677,-14.333817],[-39.463743,-14.339274],[-39.462791,-14.324722],[-39.442327,-14.304259]]]},"properties":{"cod_ibge":"291150","name":"Gongogi","uf":"BA"}},
{"type":"Feature","geometry":{"type":"Polygon","coordinates":[[[-38.115969,-9.921472],[-38.133577,-9.906921],[-38.14833,-9.91647],[-38.193542,-9.899645],[-38.205439,-9.90874],[-38.266832,-9.860537],[-38.332983,-9.78505],[-38.443394,-9.699104],[-38.458623,-9.709109],[-38.487654,-9.712292],[-38.549046,-9.685462],[-38.784621,-9.646809],[-38.773675,-9.674094],[-38.786048,-9.746852],[-38.829356,-9.755037],[-38.865525,-9.781412],[-38.861242,-9.824613],[-38.869333,-9.832798],[-38.918827,-9.854625],[-38.931677,-9.874179],[-38.918351,-9.960125],[-38.898839,-9.97877],[-38.878851,-9.967401],[-38.855055,-9.996504],[-38.805085,-10.010601],[-38.800326,-10.031065],[-38.779862,-10.061078],[-38.764633,-10.066989],[-38.744168,-10.102914],[-38.713234,-10.12656],[-38.734174,-10.163849],[-38.694198,-10.189769],[-38.669927,-10.182948],[-38.600444,-10.218418],[-38.582835,-10.233879],[-38.576649,-10.252068],[-38.582359,-10.282536],[-38.560468,-10.276624],[-38.532865,-10.289357],[-38.520967,-10.307547],[-38.478611,-10.31073],[-38.442442,-10.297542],[-38.407225,-10.294359],[-38.383905,-10.278898],[-38.345357,-10.265711],[-38.310139,-10.280262],[-38.303001,-10.257525],[-38.285868,-10.248431],[-38.255886,-10.247066],[-38.246368,-10.232969],[-38.219241,-10.219327],[-38.195921,-10.188405],[-38.166415,-10.183857],[-38.142619,-10.193862],[-38.15071,-10.216144],[-38.125011,-10.227058],[-38.10645,-10.215689],[-38.089794,-10.147933],[-38.086462,-10.102004],[-38.079799,-10.087452],[-38.08789,-10.046981],[-38.10883,-10.002871],[-38.099788,-9.967401],[-38.14024,-9.941026],[-38.115969,-9.921472]]]},"properties":{"cod_ibge":"291810","name":"Jeremoabo","uf":"BA"}},
{"type":"Feature","geometry":{"type":"Polygon","coordinates":[[[-43.586543,-13.806318],[-43.614146,-13.837241],[-43.61367,-13.895448],[-43.624616,-13.920004],[-43.626995,-13.960021],[-43.65317,-14.002766],[-43.657453,-14.047331],[-43.670779,-14.090986],[-43.685056,-14.169656],[-43.69743,-14.209673],[-43.714087,-14.24196],[-43.726936,-14.252873],[-43.783093,-14.339274],[-43.818311,-14.387477],[-43.832112,-14.442955],[-43.870185,-14.512985],[-43.881131,-14.562552],[-43.874468,-14.636674],[-43.88351,-14.65259],[-43.859239,-14.674418],[-43.846865,-14.672144],[-43.798798,-14.687605],[-43.785473,-14.685786],[-43.755491,-14.700793],[-43.72646,-14.698064],[-43.712183,-14.715799],[-43.691243,-14.715344],[-43.675538,-14.689879],[-43.657929,-14.674872],[-43.659357,-14.645769],[-43.649363,-14.629853],[-43.63223,-14.571646],[-43.673158,-14.53845],[-43.663164,-14.500707],[-43.672683,-14.494795],[-43.69743,-14.422037],[-43.71599,-14.401573],[-43.69743,-14.348824],[-43.596061,-14.285615],[-43.575121,-14.283796],[-43.578928,-14.237412],[-43.569886,-14.181934],[-43.480891,-14.176477],[-43.456144,-14.166018],[-43.487554,-14.090531],[-43.443294,-13.893629],[-43.439487,-13.876348],[-43.452337,-13.874984],[-43.482319,-13.850883],[-43.490409,-13.828146],[-43.515633,-13.79404],[-43.545139,-13.793586],[-43.538476,-13.773577],[-43.504687,-13.742655],[-43.48803,-13.691724],[-43.484223,-13.658528],[-43.468042,-13.607597],[-43.458523,-13.596683],[-43.450433,-13.542569],[-43.471373,-13.568944],[-43.509446,-13.575765],[-43.556561,-13.644431],[-43.560368,-13.658983],[-43.54847,-13.712187],[-43.558464,-13.736743],[-43.59273,-13.763118],[-43.586543,-13.806318]]]},"properties":{"cod_ibge":"292020","name":"Malhada","uf":"BA"}},
{"type":"Feature","geometry":{"type":"Polygon","coordinates":[[[-38.580456,-12.082398],[-38.586167,-12.045109],[-38.605679,-12.021918],[-38.607583,-11.994178],[-38.631378,-11.933243],[-38.680397,-11.945976],[-38.710379,-11.960982],[-38.708951,-11.982355],[-38.72418,-12.012823],[-38.719421,-12.036469],[-38.701337,-12.05284],[-38.657553,-12.053295],[-38.603775,-12.082398],[-38.580456,-12.082398]]]},"properties":{"cod_ibge":"292330","name":"Ouriçangas","uf":"BA"}},
{"type":"Feature","geometry":{"type":"Polygon","coordinates":[[[-39.668384,-13.537112],[-39.620793,-13.559849],[-39.567491,-13.573946],[-39.497533,-13.587134],[-39.497057,-13.601685],[-39.467074,-13.609416],[-39.425194,-13.596228],[-39.401399,-13.618965],[-39.391405,-13.645795],[-39.35476,-13.668077],[-39.359995,-13.623968],[-39.349049,-13.573491],[-39.374272,-13.582586],[-39.370941,-13.543933],[-39.391881,-13.54075],[-39.407586,-13.524379],[-39.444231,-13.510283],[-39.495629,-13.531655],[-39.516569,-13.504826],[-39.539413,-13.513011],[-39.569395,-13.477541],[-39.598425,-13.47072],[-39.6246,-13.482089],[-39.631263,-13.471175],[-39.627456,-13.482998],[-39.640305,-13.50528],[-39.668384,-13.537112]]]},"properties":{"cod_ibge":"293160","name":"Teolândia","uf":"BA"}},
{"type":"Feature","geometry":{"type":"Polygon","coordinates":[[[-39.223885,-12.939583],[-39.195806,-12.949133],[-39.179625,-12.946859],[-39.154878,-12.966413],[-39.120137,-12.96323],[-39.127751,-12.956409],[-39.136793,-12.905933],[-39.131083,-12.88456],[-39.162017,-12.84909],[-39.18486,-12.873191],[-39.214843,-12.871372],[-39.221981,-12.88456],[-39.21627,-12.907297],[-39.228644,-12.913663],[-39.223885,-12.939583]]]},"properties":{"cod_ibge":"291020","name":"Dom Macedo Costa","uf":"BA"}},
{"type":"Feature","geometry":{"type":"Polygon","coordinates":[[[-39.060648,-11.769991],[-39.09301,-11.716332],[-39.118709,-11.6845],[-39.159161,-11.646757],[-39.151547,-11.676315],[-39.178198,-11.68541],[-39.208656,-11.712239],[-39.211987,-11.72952],[-39.233879,-11.762261],[-39.253391,-11.752711],[-39.240066,-11.773629],[-39.217698,-11.768173],[-39.060648,-11.769991]]]},"properties":{"cod_ibge":"291330","name":"Ichu","uf":"BA"}},
{"type":"Feature","geometry":{"type":"Polygon","coordinates":[[[-39.911573,-18.179101],[-39.688848,-18.32098],[-39.667908,-18.337351],[-39.637926,-18.248676],[-39.635546,-18.232306],[-39.588431,-18.150452],[-39.548931,-18.101795],[-39.545123,-18.085879],[-39.516093,-18.033584],[-39.491346,-17.998114],[-39.513238,-17.984017],[-39.575582,-17.977651],[-39.589383,-17.990384],[-39.605564,-17.987201],[-39.636974,-18.000388],[-39.71074,-17.998114],[-39.740246,-17.989474],[-40.009611,-17.986746],[-40.03293,-17.97083],[-40.030075,-17.958552],[-40.063388,-17.951731],[-40.068147,-17.890796],[-40.067672,-17.849414],[-40.121925,-17.788024],[-40.147148,-17.78666],[-40.179034,-17.768925],[-40.20045,-17.735729],[-40.22377,-17.734365],[-40.213776,-17.752555],[-40.218059,-17.795755],[-40.204733,-17.805304],[-40.198071,-17.828041],[-40.174275,-17.851688],[-40.211872,-17.894888],[-40.263746,-17.922173],[-40.259939,-17.939908],[-40.226625,-17.958097],[-40.222342,-17.980379],[-40.220438,-17.981744],[-39.911573,-18.179101]]]},"properties":{"cod_ibge":"292200","name":"Mucuri","uf":"BA"}},
{"type":"Feature","geometry":{"type":"Polygon","coordinates":[[[-44.737767,-12.408902],[-44.725869,-12.405264],[-44.673519,-12.329777],[-44.636874,-12.318408],[-44.575482,-12.305676],[-44.542644,-12.287486],[-44.534078,-12.24474],[-44.500764,-12.222458],[-44.466023,-12.144243],[-44.579765,-12.155156],[-44.623549,-12.174256],[-44.655911,-12.169708],[-44.676375,-12.179258],[-44.725393,-12.220184],[-44.750617,-12.228824],[-44.78631,-12.220639],[-44.816292,-12.235191],[-44.852461,-12.260656],[-44.868166,-12.261566],[-44.927179,-12.292943],[-44.827714,-12.39435],[-44.781075,-12.395259],[-44.77584,-12.40208],[-44.737767,-12.408902]]]},"properties":{"cod_ibge":"290740","name":"Catolândia","uf":"BA"}},
{"type":"Feature","geometry":{"type":"Polygon","coordinates":[[[-42.22925,-14.199214],[-42.260185,-14.186027],[-42.303016,-14.175113],[-42.347276,-14.195576],[-42.431512,-14.304714],[-42.440554,-14.329724],[-42.461018,-14.351552],[-42.43294,-14.354735],[-42.397246,-14.37338],[-42.37583,-14.391569],[-42.35727,-14.377472],[-42.329191,-14.382474],[-42.290643,-14.377017],[-42.270655,-14.382929],[-42.231154,-14.377472],[-42.194033,-14.375199],[-42.205455,-14.336091],[-42.186419,-14.260604],[-42.172617,-14.245598],[-42.214973,-14.202397],[-42.22925,-14.199214]]]},"properties":{"cod_ibge":"291200","name":"Ibiassucê","uf":"BA"}},
{"type":"Feature","geometry":{"type":"Polygon","coordinates":[[[-41.432103,-13.668532],[-41.372138,-13.671715],[-41.327879,-13.700364],[-41.298372,-13.703547],[-41.285047,-13.682174],[-41.249354,-13.718099],[-41.217468,-13.705366],[-41.191293,-13.695362],[-41.179395,-13.67217],[-41.157503,-13.677172],[-41.106105,-13.626241],[-41.08231,-13.613509],[-41.052803,-13.609416],[-41.039954,-13.616237],[-41.039954,-13.64534],[-41.028056,-13.676263],[-41.02758,-13.749476],[-41.042809,-13.766756],[-41.034719,-13.779489],[-40.990935,-13.792221],[-40.993315,-13.81223],[-40.982845,-13.835877],[-40.965712,-13.839969],[-40.945724,-13.879986],[-40.921452,-13.8909],[-40.905747,-13.885898],[-40.879572,-13.844062],[-40.855777,-13.849974],[-40.790577,-13.834058],[-40.736324,-13.835877],[-40.714908,-13.840879],[-40.837216,-13.635791],[-40.858632,-13.582586],[-40.902416,-13.571218],[-40.941916,-13.567125],[-40.955242,-13.545298],[-41.03805,-13.556211],[-41.220323,-13.470265],[-41.21604,-13.492093],[-41.223655,-13.518468],[-41.241263,-13.505735],[-41.256492,-13.470265],[-41.31027,-13.495731],[-41.352626,-13.490274],[-41.487308,-13.52347],[-41.474935,-13.587588],[-41.472079,-13.622149],[-41.457326,-13.62806],[-41.443525,-13.662166],[-41.432103,-13.668532]]]},"properties":{"cod_ibge":"290280","name":"Barra da Estiva","uf":"BA"}},
{"type":"Feature","geometry":{"type":"Polygon","coordinates":[[[-38.950713,-13.389776],[-38.964038,-13.357035],[-38.96737,-13.320656],[-38.956424,-13.263359],[-38.933104,-13.221977],[-38.918827,-13.213792],[-38.939767,-13.205607],[-38.957376,-13.215611],[-38.963087,-13.231527],[-38.9964,-13.248807],[-39.010678,-13.227434],[-39.027334,-13.245169],[-39.050654,-13.241076],[-39.102528,-13.258356],[-39.150595,-13.22516],[-39.171535,-13.233346],[-39.191047,-13.239257],[-39.202945,-13.222432],[-39.219126,-13.239712],[-39.21865,-13.262904],[-39.204373,-13.285186],[-39.231975,-13.292007],[-39.24768,-13.266087],[-39.270048,-13.262904],[-39.315259,-13.206061],[-39.334296,-13.217885],[-39.347145,-13.251081],[-39.366182,-13.247897],[-39.381411,-13.232891],[-39.416628,-13.24244],[-39.43852,-13.236984],[-39.426146,-13.266087],[-39.451845,-13.301557],[-39.470882,-13.306559],[-39.470406,-13.34794],[-39.465171,-13.367494],[-39.446134,-13.367949],[-39.410917,-13.327022],[-39.361423,-13.354761],[-39.344766,-13.371587],[-39.295747,-13.376589],[-39.311928,-13.390686],[-39.324778,-13.439343],[-39.305741,-13.464808],[-39.302886,-13.485272],[-39.279566,-13.475722],[-39.264813,-13.502097],[-39.265765,-13.521196],[-39.221981,-13.523015],[-39.209608,-13.500733],[-39.189143,-13.512101],[-39.174866,-13.50619],[-39.165348,-13.483453],[-39.142504,-13.474813],[-39.115378,-13.484362],[-39.093486,-13.475268],[-39.070642,-13.488],[-39.07207,-13.462535],[-39.041612,-13.388412],[-39.014485,-13.37386],[-38.989262,-13.372041],[-38.967846,-13.387957],[-38.950713,-13.389776]]]},"properties":{"cod_ibge":"293290","name":"Valença","uf":"BA"}},
{"type":"Feature","geometry":{"type":"Polygon","coordinates":[[[-39.284325,-13.058725],[-39.299078,-13.065547],[-39.318115,-13.056452],[-39.34191,-13.056906],[-39.392833,-13.01507],[-39.401875,-12.996881],[-39.443279,-12.993243],[-39.45708,-12.976872],[-39.463743,-12.952771],[-39.474213,-12.985057],[-39.502768,-12.996881],[-39.511334,-13.01507],[-39.531798,-13.022346],[-39.516569,-13.040081],[-39.511334,-13.06873],[-39.497533,-13.068275],[-39.4804,-13.089193],[-39.481352,-13.110111],[-39.46993,-13.123753],[-39.435188,-13.111021],[-39.430429,-13.117387],[-39.374748,-13.111021],[-39.34191,-13.093286],[-39.321922,-13.09374],[-39.275759,-13.070094],[-39.256247,-13.070094],[-39.262433,-13.058271],[-39.284325,-13.058725]]]},"properties":{"cod_ibge":"292940","name":"São Miguel das Matas","uf":"BA"}},
{"type":"Feature","geometry":{"type":"Polygon","coordinates":[[[-41.681003,-11.990995],[-41.651497,-12.013732],[-41.630557,-12.012368],[-41.453995,-12.099223],[-41.468748,-12.107864],[-41.41735,-12.145152],[-41.355006,-12.168344],[-41.371662,-12.118777],[-41.368331,-12.082853],[-41.393554,-12.076486],[-41.407831,-12.047838],[-41.416398,-11.997816],[-41.444476,-11.985993],[-41.455422,-11.969622],[-41.448284,-11.946885],[-41.42544,-11.934153],[-41.420681,-11.868215],[-41.588201,-11.856847],[-41.622466,-11.832291],[-41.648641,-11.885496],[-41.680051,-11.92142],[-41.689094,-11.967803],[-41.681003,-11.990995]]]},"properties":{"cod_ibge":"292205","name":"Mulungu do Morro","uf":"BA"}},
{"type":"Feature","geometry":{"type":"Polygon","coordinates":[[[-44.224737,-13.42752],[-44.202369,-13.41888],[-44.194279,-13.394324],[-44.164297,-13.388412],[-44.150019,-13.394778],[-44.115278,-13.369768],[-44.072446,-13.362492],[-44.060073,-13.344302],[-44.027235,-13.336572],[-44.031994,-13.318382],[-44.000584,-13.314289],[-44.007247,-13.29519],[-43.992969,-13.253354],[-44.00915,-13.248807],[-44.042464,-13.222432],[-44.076253,-13.212428],[-44.106712,-13.229253],[-44.151447,-13.195602],[-44.200942,-13.201969],[-44.239014,-13.195148],[-44.259003,-13.159678],[-44.286129,-13.128755],[-44.342287,-13.118296],[-44.550735,-12.942767],[-44.569295,-12.976417],[-44.601181,-12.960047],[-44.620217,-12.97187],[-44.620217,-13.013706],[-44.63735,-13.021891],[-44.649724,-13.043719],[-44.664001,-13.046902],[-44.703502,-13.073277],[-44.706833,-13.083281],[-44.694459,-13.11284],[-44.644013,-13.167408],[-44.622597,-13.18287],[-44.584048,-13.229253],[-44.560253,-13.275182],[-44.558825,-13.33066],[-44.5455,-13.349759],[-44.523132,-13.355671],[-44.510758,-13.372951],[-44.48268,-13.382955],[-44.436992,-13.380682],[-44.40701,-13.387957],[-44.390829,-13.3825],[-44.368937,-13.397507],[-44.351329,-13.391141],[-44.331341,-13.397052],[-44.31278,-13.404328],[-44.286129,-13.401145],[-44.224737,-13.42752]]]},"properties":{"cod_ibge":"292810","name":"Santa Maria da Vitória","uf":"BA"}},
{"type":"Feature","geometry":{"type":"Polygon","coordinates":[[[-40.096702,-13.668532],[-40.118594,-13.668987],[-40.148576,-13.638974],[-40.17142,-13.599412],[-40.175703,-13.568035],[-40.190456,-13.538931],[-40.234716,-13.533929],[-40.254228,-13.518013],[-40.261842,-13.543024],[-40.275644,-13.555757],[-40.37035,-13.612599],[-40.390338,-13.613054],[-40.428411,-13.599412],[-40.439832,-13.583496],[-40.428411,-13.631698],[-40.446971,-13.631243],[-40.450778,-13.656709],[-40.47505,-13.642612],[-40.499797,-13.653071],[-40.486947,-13.676717],[-40.474098,-13.678536],[-40.467435,-13.717189],[-40.449827,-13.724465],[-40.416989,-13.709459],[-40.369874,-13.709913],[-40.362735,-13.696271],[-40.338464,-13.707185],[-40.291349,-13.700819],[-40.238523,-13.71537],[-40.195691,-13.710368],[-40.190456,-13.68945],[-40.173323,-13.684903],[-40.140486,-13.699],[-40.133823,-13.687176],[-40.094798,-13.684448],[-40.096702,-13.668532]]]},"properties":{"cod_ibge":"291870","name":"Lafaiete Coutinho","uf":"BA"}},
{"type":"Feature","geometry":{"type":"Polygon","coordinates":[[[-41.233649,-10.956916],[-41.134184,-10.995569],[-41.102774,-11.024672],[-41.088496,-11.016942],[-40.916217,-11.023308],[-40.924308,-10.991931],[-40.898609,-10.964646],[-40.904796,-10.944183],[-40.88338,-10.919172],[-40.878145,-10.896435],[-40.901464,-10.859601],[-40.908127,-10.816401],[-40.925736,-10.797757],[-40.930019,-10.77502],[-41.006164,-10.73],[-41.10087,-10.713175],[-41.138467,-10.723634],[-41.175588,-10.723634],[-41.193672,-10.687255],[-41.183202,-10.654968],[-41.192721,-10.645419],[-41.28124,-10.64269],[-41.307415,-10.680889],[-41.280764,-10.738186],[-41.332162,-10.75683],[-41.443049,-10.801849],[-41.461133,-10.831408],[-41.42782,-10.865968],[-41.376421,-10.88052],[-41.325975,-10.899619],[-41.28933,-10.909168],[-41.233649,-10.956916]]]},"properties":{"cod_ibge":"292335","name":"Ourolândia","uf":"BA"}},
{"type":"Feature","geometry":{"type":"Polygon","coordinates":[[[-43.686484,-12.933217],[-43.659833,-12.936855],[-43.571314,-12.914573],[-43.549422,-12.886379],[-43.551326,-12.862732],[-43.536573,-12.636726],[-43.83116,-12.687203],[-43.945378,-12.704937],[-44.012958,-12.7445],[-44.021524,-12.754959],[-44.052934,-12.758142],[-44.081488,-12.769965],[-44.129079,-12.758597],[-44.17905,-12.741317],[-44.172387,-12.763599],[-44.151923,-12.776332],[-44.153827,-12.803616],[-44.173815,-12.820896],[-44.171435,-12.852273],[-44.123368,-12.846362],[-44.092434,-12.85773],[-44.065783,-12.87501],[-44.046747,-12.862278],[-44.002963,-12.852728],[-43.970126,-12.876829],[-43.913017,-12.906842],[-43.908258,-12.928215],[-43.895408,-12.933672],[-43.877799,-12.967323],[-43.830684,-12.986422],[-43.818311,-12.976872],[-43.78119,-12.972325],[-43.764533,-12.961411],[-43.706472,-12.943676],[-43.686484,-12.933217]]]},"properties":{"cod_ibge":"293030","name":"Serra Dourada","uf":"BA"}},
{"type":"Feature","geometry":{"type":"Polygon","coordinates":[[[-42.086954,-14.05688],[-42.107418,-14.016408],[-42.119791,-14.005949],[-42.13502,-13.975937],[-42.133593,-13.958656],[-42.152153,-13.927734],[-42.14787,-13.887262],[-42.152153,-13.860887],[-42.179756,-13.867254],[-42.200696,-13.88226],[-42.22116,-13.90909],[-42.271606,-13.888172],[-42.278269,-13.895902],[-42.336806,-13.902723],[-42.359174,-13.910454],[-42.351083,-13.926825],[-42.366788,-13.944559],[-42.360601,-13.977301],[-42.376306,-13.990034],[-42.352511,-14.095533],[-42.347276,-14.195576],[-42.303016,-14.175113],[-42.260185,-14.186027],[-42.22925,-14.199214],[-42.220684,-14.17193],[-42.185467,-14.172839],[-42.144539,-14.159652],[-41.994151,-14.167382],[-42.016043,-14.118725],[-42.086954,-14.05688]]]},"properties":{"cod_ibge":"291875","name":"Lagoa Real","uf":"BA"}},
{"type":"Feature","geometry":{"type":"Polygon","coordinates":[[[-39.115378,-11.018306],[-38.96499,-10.838683],[-38.958803,-10.785479],[-38.940719,-10.774565],[-38.91264,-10.778658],[-38.878375,-10.745916],[-38.844585,-10.732274],[-38.792235,-10.726363],[-38.767488,-10.747281],[-38.755114,-10.73],[-38.733223,-10.717722],[-38.740361,-10.694076],[-38.740361,-10.647238],[-38.748928,-10.639052],[-38.777482,-10.645419],[-38.774627,-10.62541],[-38.779386,-10.604492],[-38.938815,-10.623591],[-38.950237,-10.654514],[-39.013057,-10.647238],[-39.03828,-10.630867],[-39.052082,-10.632686],[-39.230548,-10.677705],[-39.259102,-10.677705],[-39.271476,-10.696804],[-39.254819,-10.742278],[-39.237686,-10.818675],[-39.224361,-10.896435],[-39.241018,-10.925539],[-39.231499,-10.954187],[-39.213891,-10.970558],[-39.211035,-10.998297],[-39.165824,-11.019215],[-39.161541,-11.009666],[-39.115378,-11.018306]]]},"properties":{"cod_ibge":"292590","name":"Quijingue","uf":"BA"}},
{"type":"Feature","geometry":{"type":"Polygon","coordinates":[[[-38.142619,-12.372068],[-38.109306,-12.397078],[-38.097408,-12.434367],[-38.075992,-12.456649],[-38.040775,-12.462561],[-37.986521,-12.413904],[-37.951304,-12.40299],[-37.944165,-12.376615],[-37.971292,-12.369794],[-37.913231,-12.309313],[-37.922749,-12.264294],[-38.017455,-12.218365],[-38.019359,-12.182896],[-38.045058,-12.156521],[-38.048865,-12.142879],[-38.068854,-12.137876],[-38.081703,-12.157885],[-38.076944,-12.181531],[-38.076944,-12.239283],[-38.107402,-12.238374],[-38.121204,-12.251561],[-38.174029,-12.261111],[-38.160704,-12.270661],[-38.154041,-12.297945],[-38.163084,-12.327503],[-38.142619,-12.372068]]]},"properties":{"cod_ibge":"291590","name":"Itanagra","uf":"BA"}},
{"type":"Feature","geometry":{"type":"Polygon","coordinates":[[[-44.342287,-13.118296],[-44.286129,-13.128755],[-44.259003,-13.159678],[-44.239014,-13.195148],[-44.200942,-13.201969],[-44.151447,-13.195602],[-44.106712,-13.229253],[-44.097669,-13.074641],[-44.111947,-13.040536],[-44.130983,-13.037807],[-44.201893,-12.988695],[-44.211412,-12.969596],[-44.235683,-12.981874],[-44.256147,-12.98142],[-44.266617,-12.995062],[-44.284226,-12.996426],[-44.306118,-13.027348],[-44.311828,-13.053723],[-44.306593,-13.074641],[-44.331817,-13.09465],[-44.342287,-13.118296]]]},"properties":{"cod_ibge":"290610","name":"Canápolis","uf":"BA"}},
{"type":"Feature","geometry":{"type":"Polygon","coordinates":[[[-40.445543,-10.752283],[-40.415561,-10.780931],[-40.409374,-10.795483],[-40.347506,-10.80958],[-40.313717,-10.824132],[-40.302771,-10.815037],[-40.267553,-10.843231],[-40.241378,-10.847323],[-40.203782,-10.825041],[-40.204257,-10.81822],[-40.222818,-10.770472],[-40.218535,-10.758194],[-40.257559,-10.732274],[-40.282307,-10.673158],[-40.27612,-10.637233],[-40.280879,-10.621318],[-40.295156,-10.60813],[-40.336084,-10.604037],[-40.363687,-10.58994],[-40.400808,-10.594488],[-40.395097,-10.650421],[-40.425079,-10.666792],[-40.461724,-10.672703],[-40.478381,-10.690893],[-40.472194,-10.719996],[-40.481237,-10.745007],[-40.475526,-10.763651],[-40.445543,-10.752283]]]},"properties":{"cod_ibge":"292460","name":"Pindobaçu","uf":"BA"}},
{"type":"Feature","geometry":{"type":"Polygon","coordinates":[[[-39.63507,-12.583067],[-39.619365,-12.598074],[-39.606516,-12.575791],[-39.577485,-12.550326],[-39.547027,-12.559875],[-39.538937,-12.578974],[-39.486111,-12.596255],[-39.456604,-12.612625],[-39.439948,-12.614899],[-39.417104,-12.615808],[-39.39664,-12.59489],[-39.372844,-12.584431],[-39.318591,-12.547143],[-39.34429,-12.530317],[-39.363326,-12.54214],[-39.384266,-12.514401],[-39.37332,-12.436186],[-39.381887,-12.403445],[-39.393784,-12.387529],[-39.397116,-12.348876],[-39.421863,-12.345238],[-39.430905,-12.328413],[-39.462791,-12.346147],[-39.505147,-12.334324],[-39.537509,-12.341145],[-39.560828,-12.353423],[-39.590811,-12.37707],[-39.66648,-12.407992],[-39.738818,-12.410266],[-39.770704,-12.430274],[-39.78165,-12.425272],[-39.807349,-12.445281],[-39.915381,-12.50849],[-39.910146,-12.516675],[-39.893013,-12.523951],[-39.853512,-12.512582],[-39.82591,-12.534865],[-39.804018,-12.537138],[-39.791644,-12.557602],[-39.761662,-12.548962],[-39.748812,-12.563513],[-39.727872,-12.552599],[-39.693607,-12.561694],[-39.663149,-12.556692],[-39.640781,-12.568061],[-39.63507,-12.583067]]]},"properties":{"cod_ibge":"292595","name":"Rafael Jambeiro","uf":"BA"}},
{"type":"Feature","geometry":{"type":"Polygon","coordinates":[[[-39.008774,-16.345588],[-39.020196,-16.323761],[-39.021623,-16.285562],[-39.011153,-16.246],[-38.971653,-16.198707],[-38.948333,-16.155507],[-38.955948,-16.135498],[-38.948333,-16.092298],[-39.150595,-16.052281],[-39.163444,-16.065923],[-39.194854,-16.073199],[-39.230072,-16.091388],[-39.279566,-16.132315],[-39.302886,-16.110942],[-39.369037,-16.123675],[-39.402827,-16.098209],[-39.420435,-16.232813],[-39.391881,-16.264644],[-39.395688,-16.282379],[-39.43852,-16.282834],[-39.441851,-16.326489],[-39.456604,-16.391972],[-39.43852,-16.383786],[-39.399495,-16.389243],[-39.33144,-16.38606],[-39.307169,-16.372873],[-39.241493,-16.373782],[-39.194854,-16.39561],[-39.166776,-16.387424],[-39.114426,-16.361959],[-39.070166,-16.352864],[-39.029714,-16.351955],[-39.008774,-16.345588]]]},"properties":{"cod_ibge":"292770","name":"Santa Cruz Cabrália","uf":"BA"}},
{"type":"Feature","geometry":{"type":"Polygon","coordinates":[[[-41.942753,-11.381189],[-41.882789,-11.372548],[-41.87803,-11.361635],[-41.772378,-11.364818],[-41.784275,-11.384372],[-41.746679,-11.392102],[-41.749534,-11.372094],[-41.732877,-11.332531],[-41.741444,-11.270687],[-41.729546,-11.227941],[-41.740016,-11.223394],[-41.766667,-11.227486],[-41.830439,-11.250678],[-41.87803,-11.261137],[-41.941801,-11.228396],[-41.925145,-11.264775],[-41.926572,-11.280236],[-41.971308,-11.344355],[-41.942753,-11.381189]]]},"properties":{"cod_ibge":"291460","name":"Irecê","uf":"BA"}},
{"type":"Feature","geometry":{"type":"Polygon","coordinates":[[[-40.057677,-10.323008],[-40.027219,-10.318461],[-40.022936,-10.30209],[-40.057202,-10.274805],[-40.034358,-10.246157],[-39.999141,-10.219782],[-39.986291,-10.178855],[-39.936321,-10.140202],[-39.899676,-10.139748],[-39.868742,-10.132017],[-39.858272,-10.088817],[-39.838759,-10.07381],[-39.840663,-10.045616],[-39.827337,-10.035612],[-39.821627,-10.006963],[-39.799259,-9.966492],[-39.801162,-9.945119],[-39.783554,-9.941936],[-39.766897,-9.970129],[-39.75024,-9.953759],[-39.738342,-9.901009],[-39.747861,-9.881],[-39.767373,-9.866903],[-39.779271,-9.871451],[-39.795927,-9.843712],[-39.852561,-9.806878],[-39.882543,-9.745943],[-39.897772,-9.740486],[-39.903007,-9.781867],[-39.919188,-9.790507],[-39.982008,-9.804604],[-40.182366,-9.887367],[-40.226149,-9.921472],[-40.286114,-9.945573],[-40.316572,-9.90783],[-40.313241,-9.927384],[-40.328946,-9.959216],[-40.319427,-9.975132],[-40.32847,-10.013785],[-40.340843,-10.031519],[-40.38891,-10.061987],[-40.394145,-10.085633],[-40.414133,-10.098821],[-40.416513,-10.112463],[-40.367018,-10.140202],[-40.350837,-10.112918],[-40.299439,-10.128379],[-40.281355,-10.142476],[-40.276596,-10.167487],[-40.247089,-10.205685],[-40.25518,-10.227512],[-40.227101,-10.310275],[-40.237095,-10.354385],[-40.231384,-10.370756],[-40.209968,-10.323463],[-40.20045,-10.343016],[-40.17142,-10.358023],[-40.136202,-10.323917],[-40.124305,-10.343926],[-40.092419,-10.328465],[-40.057677,-10.323008]]]},"properties":{"cod_ibge":"291770","name":"Jaguarari","uf":"BA"}},
{"type":"Feature","geometry":{"type":"Polygon","coordinates":[[[-42.772739,-13.746747],[-42.777974,-13.698545],[-42.767504,-13.684903],[-42.770835,-13.656254],[-42.762744,-13.640338],[-42.740853,-13.630334],[-42.728479,-13.642612],[-42.704684,-13.633062],[-42.724196,-13.602595],[-42.719913,-13.562578],[-42.71087,-13.503007],[-42.695165,-13.481179],[-42.680412,-13.478451],[-42.686599,-13.46208],[-42.717533,-13.430248],[-42.768455,-13.404783],[-42.781781,-13.363856],[-42.799389,-13.352942],[-42.912656,-13.29519],[-42.947397,-13.290643],[-42.960247,-13.333843],[-43.116345,-13.323839],[-43.129194,-13.42752],[-43.162984,-13.441617],[-43.187731,-13.518923],[-43.241509,-13.610325],[-43.439487,-13.876348],[-43.443294,-13.893629],[-43.408077,-13.927279],[-43.407601,-13.939557],[-43.376667,-13.959566],[-43.374288,-13.977301],[-43.275299,-13.993217],[-43.213906,-13.982303],[-43.159177,-13.97912],[-43.128243,-13.980939],[-43.125387,-13.963659],[-43.104447,-13.931827],[-43.133002,-13.887717],[-43.138713,-13.844062],[-43.115869,-13.820415],[-43.101592,-13.794495],[-43.070658,-13.774941],[-43.028778,-13.734015],[-42.94359,-13.753114],[-42.772739,-13.746747]]]},"properties":{"cod_ibge":"292640","name":"Riacho de Santana","uf":"BA"}},
{"type":"Feature","geometry":{"type":"Polygon","coordinates":[[[-40.371302,-15.276494],[-40.365115,-15.280586],[-40.372729,-15.321058],[-40.355597,-15.332882],[-40.361307,-15.350616],[-40.340367,-15.363349],[-40.350362,-15.376082],[-40.315144,-15.402457],[-40.313717,-15.426103],[-40.270885,-15.410187],[-40.230432,-15.412461],[-40.201402,-15.42383],[-40.176655,-15.402002],[-40.165233,-15.409278],[-40.146672,-15.38836],[-40.166185,-15.370625],[-40.106696,-15.360621],[-40.092419,-15.398819],[-40.077666,-15.390634],[-40.04578,-15.387905],[-40.031978,-15.436562],[-40.013894,-15.424284],[-39.983436,-15.421556],[-39.964399,-15.429741],[-39.963923,-15.452478],[-39.922995,-15.463847],[-39.917284,-15.483855],[-39.902055,-15.487493],[-39.883971,-15.509776],[-39.88635,-15.520689],[-39.830193,-15.531603],[-39.842091,-15.482491],[-39.829717,-15.459299],[-39.790692,-15.42383],[-39.765945,-15.366987],[-39.787837,-15.375172],[-39.791644,-15.355619],[-39.809729,-15.325606],[-39.847802,-15.311054],[-39.895392,-15.101873],[-39.935845,-15.107785],[-39.943935,-15.120518],[-39.968682,-15.124156],[-39.995333,-15.111878],[-40.018177,-15.112787],[-40.042448,-15.12461],[-40.083377,-15.115516],[-40.093847,-15.105511],[-40.132395,-15.224199],[-40.261842,-15.175996],[-40.368922,-15.250574],[-40.371302,-15.276494]]]},"properties":{"cod_ibge":"291640","name":"Itapetinga","uf":"BA"}},
{"type":"Feature","geometry":{"type":"Polygon","coordinates":[[[-40.166661,-11.521703],[-40.120497,-11.522158],[-40.10622,-11.538529],[-40.07719,-11.52807],[-40.085756,-11.496238],[-40.080521,-11.448035],[-40.070051,-11.434393],[-40.075286,-11.354814],[-40.048159,-11.342536],[-40.034358,-11.280236],[-40.021984,-11.275689],[-40.028171,-11.222484],[-40.065768,-11.231124],[-40.083852,-11.252042],[-40.1086,-11.303428],[-40.124781,-11.314342],[-40.188077,-11.338898],[-40.204257,-11.381643],[-40.203782,-11.408018],[-40.192836,-11.436212],[-40.195691,-11.50033],[-40.166661,-11.521703]]]},"properties":{"cod_ibge":"292593","name":"Quixabeira","uf":"BA"}},
{"type":"Feature","geometry":{"type":"Polygon","coordinates":[[[-39.287657,-13.736743],[-39.318591,-13.726284],[-39.363802,-13.734015],[-39.379983,-13.714461],[-39.393308,-13.727648],[-39.406634,-13.764482],[-39.43852,-13.802226],[-39.432333,-13.842698],[-39.448038,-13.89181],[-39.422339,-13.906361],[-39.398543,-13.908635],[-39.382838,-13.894083],[-39.356188,-13.835422],[-39.345242,-13.828146],[-39.317639,-13.82951],[-39.317639,-13.769939],[-39.295747,-13.754023],[-39.287657,-13.736743]]]},"properties":{"cod_ibge":"292467","name":"Piraí do Norte","uf":"BA"}},
{"type":"Feature","geometry":{"type":"Polygon","coordinates":[[[-39.286229,-12.177894],[-39.263861,-12.199721],[-39.224361,-12.217911],[-39.191999,-12.223368],[-39.151071,-12.263385],[-39.131083,-12.260656],[-39.076829,-12.232462],[-39.116805,-12.190626],[-39.186764,-12.181986],[-39.175818,-12.156975],[-39.177246,-12.117868],[-39.213415,-12.10468],[-39.214367,-12.09604],[-39.248156,-12.106499],[-39.261482,-12.122415],[-39.286229,-12.177894]]]},"properties":{"cod_ibge":"290150","name":"Anguera","uf":"BA"}},
{"type":"Feature","geometry":{"type":"Polygon","coordinates":[[[-39.960116,-11.974625],[-39.944887,-11.993269],[-39.921092,-12.001909],[-39.904911,-12.028739],[-39.849705,-11.994633],[-39.811632,-11.934607],[-39.782602,-11.898683],[-39.774036,-11.915508],[-39.7293,-11.905959],[-39.747385,-11.894136],[-39.748337,-11.86003],[-39.740722,-11.842295],[-39.713119,-11.823651],[-39.745481,-11.818649],[-39.80497,-11.82547],[-39.845422,-11.774539],[-39.840663,-11.75544],[-39.884922,-11.739979],[-39.908718,-11.720425],[-39.970586,-11.75544],[-39.998665,-11.779996],[-39.996285,-11.801369],[-40.019129,-11.806371],[-40.015322,-11.829562],[-40.038165,-11.850026],[-40.047683,-11.871399],[-40.028171,-11.903685],[-39.995809,-11.937336],[-39.97011,-11.955071],[-39.960116,-11.974625]]]},"properties":{"cod_ibge":"292465","name":"Pintadas","uf":"BA"}},
{"type":"Feature","geometry":{"type":"Polygon","coordinates":[[[-39.064455,-8.731417],[-39.102052,-8.720048],[-39.143932,-8.712318],[-39.167252,-8.692764],[-39.200565,-8.710954],[-39.234355,-8.705497],[-39.245301,-8.684124],[-39.24768,-8.625008],[-39.263385,-8.615003],[-39.272428,-8.583626],[-39.286229,-8.563618],[-39.345242,-8.558616],[-39.356663,-8.547247],[-39.373796,-8.563163],[-39.491346,-8.836007],[-39.468502,-8.976067],[-39.408062,-9.132953],[-39.351428,-9.157054],[-39.340483,-9.125222],[-39.309073,-9.051554],[-39.279566,-9.029272],[-39.280518,-9.013811],[-39.264337,-8.987436],[-39.263385,-8.957878],[-39.271476,-8.943781],[-39.105383,-8.846012],[-39.074925,-8.76916],[-39.064455,-8.731417]]]},"properties":{"cod_ibge":"290020","name":"Abaré","uf":"BA"}},
{"type":"Feature","geometry":{"type":"Polygon","coordinates":[[[-39.405206,-14.837215],[-39.395212,-14.81084],[-39.357615,-14.763547],[-39.351428,-14.728077],[-39.343338,-14.723984],[-39.375224,-14.701702],[-39.398543,-14.703066],[-39.430905,-14.733079],[-39.449466,-14.76582],[-39.509906,-14.73217],[-39.533226,-14.742174],[-39.55369,-14.778553],[-39.55369,-14.797652],[-39.509906,-14.800381],[-39.510382,-14.814932],[-39.474689,-14.834031],[-39.477068,-14.851312],[-39.405206,-14.837215]]]},"properties":{"cod_ibge":"290330","name":"Barro Preto","uf":"BA"}},
{"type":"Feature","geometry":{"type":"Polygon","coordinates":[[[-39.660769,-16.780775],[-39.647444,-16.785322],[-39.60604,-16.834889],[-39.584148,-16.853533],[-39.549883,-16.837162],[-39.512762,-16.8408],[-39.525135,-16.867175],[-39.504671,-16.872177],[-39.479448,-16.830796],[-39.485635,-16.796236],[-39.469454,-16.76213],[-39.440899,-16.74485],[-39.427098,-16.744395],[-39.392833,-16.759402],[-39.354284,-16.783958],[-39.348573,-16.771225],[-39.375224,-16.720749],[-39.391881,-16.713018],[-39.444707,-16.637986],[-39.482779,-16.610702],[-39.473261,-16.579779],[-39.449942,-16.57796],[-39.419483,-16.554314],[-39.453273,-16.540672],[-39.50943,-16.506566],[-39.518948,-16.495198],[-39.547979,-16.477918],[-39.608419,-16.468823],[-39.642685,-16.487922],[-39.651251,-16.505202],[-39.681233,-16.503838],[-39.698366,-16.512478],[-39.698366,-16.547948],[-39.648396,-16.572049],[-39.676474,-16.67573],[-39.668384,-16.695283],[-39.675998,-16.731663],[-39.663149,-16.75349],[-39.660769,-16.780775]]]},"properties":{"cod_ibge":"291465","name":"Itabela","uf":"BA"}},
{"type":"Feature","geometry":{"type":"Polygon","coordinates":[[[-41.434482,-14.551183],[-41.399741,-14.558459],[-41.384988,-14.535267],[-41.349771,-14.527991],[-41.328831,-14.502981],[-41.307891,-14.512075],[-41.286475,-14.509347],[-41.276005,-14.495705],[-41.251257,-14.488884],[-41.244595,-14.515259],[-41.200335,-14.515713],[-41.210805,-14.501162],[-41.182726,-14.480244],[-41.160359,-14.480698],[-41.155124,-14.497069],[-41.128949,-14.488884],[-41.13228,-14.448866],[-41.113244,-14.438862],[-41.093731,-14.441591],[-41.06946,-14.403847],[-41.074695,-14.38202],[-41.107533,-14.367468],[-41.295517,-14.278794],[-41.402596,-14.261059],[-41.368331,-14.13646],[-41.387367,-14.120089],[-41.381181,-14.1019],[-41.402121,-14.1019],[-41.443525,-14.11918],[-41.462561,-14.135096],[-41.493019,-14.148283],[-41.48826,-14.161471],[-41.512531,-14.17102],[-41.530616,-14.198305],[-41.532044,-14.219223],[-41.549652,-14.250145],[-41.570592,-14.304714],[-41.556315,-14.320175],[-41.566309,-14.334727],[-41.561074,-14.359283],[-41.569165,-14.386567],[-41.557267,-14.432951],[-41.556791,-14.470239],[-41.55108,-14.488884],[-41.534423,-14.498888],[-41.637695,-14.509347],[-41.434482,-14.551183]]]},"properties":{"cod_ibge":"290200","name":"Aracatu","uf":"BA"}},
{"type":"Feature","geometry":{"type":"Polygon","coordinates":[[[-41.275053,-12.14879],[-41.248878,-12.239283],[-41.222227,-12.284303],[-41.20795,-12.338872],[-41.193672,-12.365701],[-41.158455,-12.386165],[-41.062797,-12.284757],[-41.06137,-12.265204],[-40.983321,-12.262475],[-41.015206,-12.242012],[-41.040906,-12.21109],[-41.048996,-12.181531],[-41.040906,-12.147426],[-41.120858,-12.11332],[-41.229366,-12.137422],[-41.275053,-12.14879]]]},"properties":{"cod_ibge":"293340","name":"Wagner","uf":"BA"}},
{"type":"Feature","geometry":{"type":"Polygon","coordinates":[[[-39.837807,-13.189236],[-39.831621,-13.205607],[-39.799259,-13.236529],[-39.759758,-13.248807],[-39.757379,-13.270634],[-39.728824,-13.315654],[-39.739294,-13.341574],[-39.734059,-13.369313],[-39.747385,-13.375225],[-39.74215,-13.412968],[-39.724065,-13.412513],[-39.711216,-13.460261],[-39.7293,-13.489364],[-39.695035,-13.512556],[-39.668384,-13.537112],[-39.640305,-13.50528],[-39.627456,-13.482998],[-39.631263,-13.471175],[-39.648872,-13.447983],[-39.630311,-13.405692],[-39.629835,-13.371132],[-39.638402,-13.359763],[-39.623173,-13.318382],[-39.606516,-13.296555],[-39.613178,-13.268815],[-39.592238,-13.250626],[-39.606992,-13.207425],[-39.607943,-13.190145],[-39.579389,-13.183779],[-39.566539,-13.188326],[-39.538937,-13.175594],[-39.548931,-13.153311],[-39.57463,-13.152857],[-39.586528,-13.141488],[-39.597949,-13.096924],[-39.631739,-13.095559],[-39.653155,-13.109202],[-39.702649,-13.112385],[-39.71074,-13.132393],[-39.738342,-13.118751],[-39.757855,-13.131029],[-39.758807,-13.1474],[-39.743577,-13.160587],[-39.74215,-13.179232],[-39.837807,-13.189236]]]},"properties":{"cod_ibge":"293210","name":"Ubaíra","uf":"BA"}},
{"type":"Feature","geometry":{"type":"Polygon","coordinates":[[[-43.836871,-11.352995],[-43.841154,-11.375732],[-43.871137,-11.398923],[-43.870185,-11.443033],[-43.917776,-11.446216],[-43.940143,-11.438486],[-44.004867,-11.503059],[-44.023903,-11.499876],[-44.03247,-11.546714],[-44.071494,-11.558992],[-44.095766,-11.582184],[-44.084344,-11.599919],[-44.101477,-11.61447],[-44.117658,-11.594462],[-44.150495,-11.607194],[-44.169056,-11.649485],[-44.164773,-11.701326],[-44.149543,-11.720425],[-44.149068,-11.736795],[-44.119085,-11.743162],[-44.112423,-11.755895],[-44.059121,-11.762716],[-44.047223,-11.774084],[-44.035801,-11.811373],[-44.012006,-11.80819],[-44.008674,-11.828198],[-44.014861,-11.880948],[-44.027235,-11.929151],[-44.036277,-11.936426],[-44.05341,-11.972806],[-44.050554,-11.989176],[-44.066735,-12.014187],[-44.111947,-12.032377],[-44.11385,-12.046474],[-44.103856,-12.06148],[-44.084344,-12.060571],[-44.048175,-12.076486],[-44.055789,-12.106499],[-44.070543,-12.12287],[-44.080537,-12.154247],[-44.053886,-12.15834],[-44.043892,-12.181986],[-44.010578,-12.171072],[-43.992018,-12.172891],[-43.989638,-12.189717],[-43.964891,-12.182441],[-43.972981,-12.230643],[-43.958228,-12.238374],[-43.928722,-12.243376],[-43.915396,-12.22837],[-43.910637,-12.204723],[-43.885414,-12.184715],[-43.888269,-12.172437],[-43.864474,-12.160613],[-43.848293,-12.165161],[-43.82307,-12.149245],[-43.824022,-12.125144],[-43.797847,-12.111501],[-43.795467,-12.091948],[-43.731695,-12.048293],[-43.723605,-12.016006],[-43.74978,-12.014642],[-43.76025,-12.003728],[-43.739786,-11.971441],[-43.740262,-11.950069],[-43.725033,-11.944612],[-43.693623,-11.900047],[-43.711707,-11.870944],[-43.661737,-11.865032],[-43.660785,-11.851845],[-43.678393,-11.793638],[-43.706948,-11.72861],[-43.738358,-11.67586],[-43.77072,-11.587186],[-43.777858,-11.543986],[-43.790232,-11.50033],[-43.796895,-11.458494],[-43.805937,-11.445762],[-43.816883,-11.386191],[-43.829733,-11.348902],[-43.836871,-11.352995]]]},"properties":{"cod_ibge":"293345","name":"Wanderley","uf":"BA"}},
{"type":"Feature","geometry":{"type":"Polygon","coordinates":[[[-38.445298,-11.169734],[-38.460527,-11.148816],[-38.481467,-11.163368],[-38.616625,-11.162004],[-38.626143,-11.18565],[-38.774151,-11.356178],[-38.62186,-11.411201],[-38.643276,-11.410292],[-38.664692,-11.430755],[-38.570938,-11.463951],[-38.55666,-11.484415],[-38.499075,-11.490781],[-38.488129,-11.46668],[-38.490033,-11.4494],[-38.449105,-11.421206],[-38.432924,-11.39574],[-38.437207,-11.373003],[-38.425309,-11.342081],[-38.410556,-11.328893],[-38.412936,-11.313887],[-38.391044,-11.297971],[-38.373435,-11.263866],[-38.373911,-11.255225],[-38.408653,-11.219756],[-38.445298,-11.169734]]]},"properties":{"cod_ibge":"292290","name":"Nova Soure","uf":"BA"}},
{"type":"Feature","geometry":{"type":"Polygon","coordinates":[[[-39.652679,-14.131912],[-39.629835,-14.114632],[-39.609847,-14.114178],[-39.602233,-14.089622],[-39.585576,-14.078708],[-39.606516,-14.063247],[-39.588907,-14.034598],[-39.590811,-14.018227],[-39.571298,-14.001857],[-39.563684,-13.979574],[-39.569871,-13.93501],[-39.556069,-13.932281],[-39.545599,-13.960021],[-39.5199,-13.965478],[-39.509906,-13.950471],[-39.513713,-13.933191],[-39.529418,-13.915456],[-39.550834,-13.919094],[-39.555593,-13.904997],[-39.594618,-13.878167],[-39.594618,-13.867254],[-39.621269,-13.857249],[-39.631263,-13.868618],[-39.667432,-13.876348],[-39.679806,-13.871346],[-39.694559,-13.89181],[-39.689324,-13.917275],[-39.710264,-13.942286],[-39.701222,-13.966842],[-39.663625,-14.006404],[-39.677426,-14.032779],[-39.667432,-14.05688],[-39.665528,-14.117361],[-39.652679,-14.131912]]]},"properties":{"cod_ibge":"291290","name":"Ibirataia","uf":"BA"}},
{"type":"Feature","geometry":{"type":"Polygon","coordinates":[[[-38.373911,-12.824079],[-38.353447,-12.839086],[-38.354875,-12.894564],[-38.326796,-12.898202],[-38.304429,-12.910935],[-38.280157,-12.880467],[-38.288724,-12.857275],[-38.305856,-12.857275],[-38.327748,-12.83181],[-38.332507,-12.812256],[-38.352495,-12.810892],[-38.373911,-12.824079]]]},"properties":{"cod_ibge":"291920","name":"Lauro de Freitas","uf":"BA"}},
{"type":"Feature","geometry":{"type":"Polygon","coordinates":[[[-37.847556,-10.443514],[-37.853267,-10.40668],[-37.839465,-10.381215],[-37.799013,-10.36348],[-37.786639,-10.348019],[-37.743332,-10.338469],[-37.745235,-10.313458],[-37.768555,-10.289357],[-37.781404,-10.275715],[-37.792826,-10.247066],[-37.836134,-10.229786],[-37.881345,-10.187041],[-37.917039,-10.16203],[-37.952732,-10.16112],[-37.965105,-10.146569],[-38.017931,-10.123377],[-38.044106,-10.141112],[-38.089794,-10.147933],[-38.10645,-10.215689],[-38.105023,-10.222965],[-38.065046,-10.236153],[-38.061715,-10.259799],[-38.070757,-10.27526],[-38.05648,-10.289812],[-38.054576,-10.327555],[-38.036492,-10.345745],[-38.041727,-10.363025],[-38.02269,-10.383488],[-38.00175,-10.375303],[-37.979859,-10.400314],[-37.936075,-10.395312],[-37.935123,-10.410318],[-37.915135,-10.428508],[-37.914659,-10.44215],[-37.908948,-10.448516],[-37.890864,-10.441695],[-37.847556,-10.443514]]]},"properties":{"cod_ibge":"290920","name":"Coronel João Sá","uf":"BA"}},
{"type":"Feature","geometry":{"type":"Polygon","coordinates":[[[-38.174029,-12.261111],[-38.121204,-12.251561],[-38.107402,-12.238374],[-38.076944,-12.239283],[-38.076944,-12.181531],[-38.081703,-12.157885],[-38.103595,-12.141514],[-38.13786,-12.143333],[-38.146427,-12.125144],[-38.197825,-12.111501],[-38.210199,-12.075122],[-38.21115,-12.051021],[-38.198301,-12.019189],[-38.213054,-12.010549],[-38.238277,-12.014642],[-38.245892,-12.029193],[-38.283013,-12.039652],[-38.274922,-12.083308],[-38.281585,-12.133329],[-38.304429,-12.130601],[-38.321085,-12.173801],[-38.322989,-12.222003],[-38.355351,-12.230189],[-38.310139,-12.248833],[-38.273019,-12.278391],[-38.174029,-12.261111]]]},"properties":{"cod_ibge":"290205","name":"Araçás","uf":"BA"}},
{"type":"Feature","geometry":{"type":"Polygon","coordinates":[[[-43.283865,-11.560811],[-43.291955,-11.590824],[-43.27625,-11.635388],[-43.280058,-11.64994],[-43.249124,-11.656306],[-43.22628,-11.67677],[-43.245316,-11.704964],[-43.236274,-11.72952],[-43.226756,-11.781815],[-43.209147,-11.811373],[-43.195822,-11.806371],[-43.186304,-11.890498],[-43.165364,-11.900047],[-43.170599,-11.936426],[-43.146803,-11.958254],[-43.14014,-11.97326],[-43.136333,-12.019644],[-42.945494,-11.976898],[-42.915035,-11.971896],[-42.90171,-11.962347],[-42.872679,-11.964166],[-42.813667,-11.940974],[-42.861258,-11.794093],[-42.826992,-11.775448],[-42.78416,-11.744981],[-42.747515,-11.730884],[-42.744184,-11.704964],[-42.771311,-11.699961],[-42.8051,-11.673132],[-42.813667,-11.64994],[-42.855071,-11.611742],[-42.871252,-11.613106],[-42.883625,-11.599009],[-42.902662,-11.595826],[-42.921222,-11.579001],[-42.939783,-11.585822],[-42.940734,-11.613561],[-42.95406,-11.624475],[-42.981187,-11.596735],[-43.003554,-11.59719],[-43.020211,-11.57036],[-43.045434,-11.55308],[-43.056856,-11.528524],[-43.225328,-11.498966],[-43.264353,-11.483505],[-43.286244,-11.548078],[-43.283865,-11.560811]]]},"properties":{"cod_ibge":"292160","name":"Morpará","uf":"BA"}},
{"type":"Feature","geometry":{"type":"Polygon","coordinates":[[[-39.178673,-12.588069],[-39.165824,-12.592617],[-39.107763,-12.592617],[-39.058268,-12.635362],[-39.014485,-12.617173],[-39.014961,-12.603076],[-38.990689,-12.595345],[-38.9964,-12.587614],[-39.007346,-12.56897],[-39.025431,-12.552145],[-39.057793,-12.540322],[-39.12204,-12.556237],[-39.162968,-12.573972],[-39.178673,-12.588069]]]},"properties":{"cod_ibge":"291160","name":"Governador Mangabeira","uf":"BA"}},
{"type":"Feature","geometry":{"type":"Polygon","coordinates":[[[-41.931807,-14.419308],[-41.83615,-14.465237],[-41.793318,-14.467966],[-41.693853,-14.475696],[-41.696708,-14.457507],[-41.72098,-14.446593],[-41.7186,-14.423856],[-41.72907,-14.402938],[-41.763811,-14.256057],[-41.799029,-14.261059],[-41.845192,-14.252873],[-41.922765,-14.227863],[-41.968452,-14.233774],[-41.98035,-14.286979],[-41.9675,-14.292891],[-41.950844,-14.371561],[-41.952747,-14.38975],[-41.931807,-14.419308]]]},"properties":{"cod_ibge":"292030","name":"Malhada de Pedras","uf":"BA"}},
{"type":"Feature","geometry":{"type":"Polygon","coordinates":[[[-40.646853,-14.54709],[-40.630196,-14.563006],[-40.572135,-14.542088],[-40.53787,-14.548909],[-40.531683,-14.539815],[-40.489327,-14.569827],[-40.4622,-14.577558],[-40.439357,-14.603478],[-40.368446,-14.66214],[-40.333229,-14.67942],[-40.332277,-14.728532],[-40.320379,-14.743993],[-40.299439,-14.744902],[-40.293252,-14.72262],[-40.302295,-14.693971],[-40.296108,-14.661685],[-40.246613,-14.663504],[-40.220914,-14.673508],[-40.229005,-14.64486],[-40.20045,-14.568463],[-40.203782,-14.554821],[-40.188077,-14.51344],[-40.175227,-14.510256],[-40.165709,-14.478879],[-40.185697,-14.47797],[-40.190932,-14.462509],[-40.238047,-14.442045],[-40.274216,-14.446593],[-40.314192,-14.426129],[-40.398428,-14.394298],[-40.405567,-14.450231],[-40.432218,-14.448412],[-40.448399,-14.463873],[-40.494086,-14.448866],[-40.660178,-14.462963],[-40.678263,-14.475696],[-40.67398,-14.491157],[-40.651136,-14.513894],[-40.646853,-14.54709]]]},"properties":{"cod_ibge":"292510","name":"Poções","uf":"BA"}},
{"type":"Feature","geometry":{"type":"Polygon","coordinates":[[[-39.622697,-12.913209],[-39.594142,-12.938674],[-39.545599,-12.995517],[-39.531798,-13.022346],[-39.511334,-13.01507],[-39.502768,-12.996881],[-39.474213,-12.985057],[-39.463743,-12.952771],[-39.458984,-12.932762],[-39.478496,-12.863642],[-39.475641,-12.854092],[-39.533226,-12.882741],[-39.554642,-12.886379],[-39.590335,-12.905023],[-39.604612,-12.8932],[-39.622697,-12.913209]]]},"properties":{"cod_ibge":"291030","name":"Elísio Medrado","uf":"BA"}},
{"type":"Feature","geometry":{"type":"Polygon","coordinates":[[[-39.937272,-14.078708],[-39.946791,-14.067794],[-39.990574,-14.050059],[-40.010087,-14.06552],[-40.027695,-14.04915],[-40.055298,-14.071432],[-40.077666,-14.11918],[-40.102413,-14.135096],[-40.112883,-14.170111],[-40.100509,-14.179205],[-40.081949,-14.213766],[-40.098606,-14.243779],[-40.097654,-14.26697],[-40.067672,-14.245598],[-40.054346,-14.283341],[-40.013418,-14.287888],[-40.005327,-14.266061],[-39.997237,-14.258785],[-39.984387,-14.221042],[-39.987719,-14.199669],[-39.974393,-14.162835],[-39.935845,-14.173749],[-39.949646,-14.151921],[-39.942983,-14.086438],[-39.937272,-14.078708]]]},"properties":{"cod_ibge":"291510","name":"Itagi","uf":"BA"}},
{"type":"Feature","geometry":{"type":"Polygon","coordinates":[[[-38.375815,-12.677198],[-38.365821,-12.710849],[-38.346309,-12.738588],[-38.345357,-12.761325],[-38.326796,-12.802252],[-38.332507,-12.812256],[-38.327748,-12.83181],[-38.305856,-12.857275],[-38.288724,-12.857275],[-38.280157,-12.880467],[-38.243512,-12.852273],[-38.104547,-12.687657],[-38.047914,-12.636272],[-38.030305,-12.597164],[-38.046486,-12.580793],[-38.068378,-12.536684],[-38.073137,-12.502123],[-38.064094,-12.484388],[-38.078372,-12.469382],[-38.100739,-12.483479],[-38.096456,-12.501669],[-38.122631,-12.50849],[-38.140716,-12.497576],[-38.176885,-12.488481],[-38.172126,-12.468018],[-38.194018,-12.453011],[-38.212102,-12.458923],[-38.224952,-12.476658],[-38.244464,-12.471656],[-38.247795,-12.497576],[-38.223524,-12.52486],[-38.214958,-12.566696],[-38.199253,-12.566242],[-38.178313,-12.541231],[-38.162132,-12.563968],[-38.138336,-12.576701],[-38.131674,-12.602621],[-38.175933,-12.597164],[-38.181644,-12.615808],[-38.203536,-12.624903],[-38.219241,-12.642638],[-38.259217,-12.633089],[-38.287772,-12.634907],[-38.313947,-12.622629],[-38.350116,-12.638545],[-38.375815,-12.677198]]]},"properties":{"cod_ibge":"290570","name":"Camaçari","uf":"BA"}},
{"type":"Feature","geometry":{"type":"Polygon","coordinates":[[[-40.230908,-11.605375],[-40.177131,-11.642664],[-40.13763,-11.642664],[-40.070051,-11.663128],[-40.038641,-11.697233],[-40.009135,-11.700416],[-39.935845,-11.697233],[-39.919664,-11.687229],[-39.925375,-11.667675],[-39.947267,-11.658125],[-39.962496,-11.622656],[-39.958212,-11.614925],[-39.960592,-11.558083],[-39.968682,-11.490781],[-39.99343,-11.503059],[-40.029123,-11.510335],[-40.029123,-11.522613],[-40.07719,-11.52807],[-40.10622,-11.538529],[-40.120497,-11.522158],[-40.166661,-11.521703],[-40.226149,-11.564449],[-40.230908,-11.605375]]]},"properties":{"cod_ibge":"293305","name":"Várzea da Roça","uf":"BA"}},
{"type":"Feature","geometry":{"type":"Polygon","coordinates":[[[-43.958228,-12.238374],[-43.955848,-12.267023],[-43.98821,-12.29749],[-43.986783,-12.335234],[-44.004391,-12.347966],[-44.01962,-12.383436],[-44.020572,-12.407537],[-44.043416,-12.441643],[-44.070543,-12.471201],[-44.110995,-12.480296],[-44.101953,-12.503942],[-44.073874,-12.543959],[-44.072922,-12.565332],[-44.083392,-12.645367],[-44.068163,-12.697207],[-44.015337,-12.694933],[-43.978692,-12.675834],[-43.954897,-12.681746],[-43.945378,-12.704937],[-43.83116,-12.687203],[-43.536573,-12.636726],[-43.44377,-12.551235],[-43.553705,-12.506671],[-43.679345,-12.389348],[-43.70552,-12.384346],[-43.707424,-12.370703],[-43.685532,-12.318863],[-43.710755,-12.322046],[-43.736454,-12.284303],[-43.767388,-12.280665],[-43.781666,-12.257928],[-43.804985,-12.246105],[-43.82069,-12.251561],[-43.8521,-12.242467],[-43.913017,-12.256564],[-43.928722,-12.243376],[-43.958228,-12.238374]]]},"properties":{"cod_ibge":"290440","name":"Brejolândia","uf":"BA"}},
{"type":"Feature","geometry":{"type":"Polygon","coordinates":[[[-38.355351,-12.230189],[-38.377719,-12.21882],[-38.394375,-12.249288],[-38.433876,-12.268842],[-38.447201,-12.261566],[-38.469093,-12.285212],[-38.527154,-12.275208],[-38.532389,-12.342964],[-38.539052,-12.395714],[-38.525726,-12.415723],[-38.503359,-12.424363],[-38.459575,-12.417996],[-38.446249,-12.431639],[-38.409129,-12.422544],[-38.386761,-12.430729],[-38.375339,-12.408447],[-38.390092,-12.40299],[-38.354399,-12.378434],[-38.313947,-12.337507],[-38.283013,-12.342509],[-38.272543,-12.313861],[-38.273019,-12.278391],[-38.310139,-12.248833],[-38.355351,-12.230189]]]},"properties":{"cod_ibge":"290750","name":"Catu","uf":"BA"}},
{"type":"Feature","geometry":{"type":"Polygon","coordinates":[[[-39.631263,-13.471175],[-39.6246,-13.482089],[-39.598425,-13.47072],[-39.601281,-13.456623],[-39.589859,-13.426156],[-39.559877,-13.422063],[-39.550834,-13.381136],[-39.553214,-13.361582],[-39.54322,-13.337936],[-39.537509,-13.249262],[-39.525611,-13.180596],[-39.538937,-13.175594],[-39.566539,-13.188326],[-39.579389,-13.183779],[-39.607943,-13.190145],[-39.606992,-13.207425],[-39.592238,-13.250626],[-39.613178,-13.268815],[-39.606516,-13.296555],[-39.623173,-13.318382],[-39.638402,-13.359763],[-39.629835,-13.371132],[-39.630311,-13.405692],[-39.648872,-13.447983],[-39.631263,-13.471175]]]},"properties":{"cod_ibge":"291820","name":"Jiquiriçá","uf":"BA"}},
{"type":"Feature","geometry":{"type":"Polygon","coordinates":[[[-41.215564,-13.909999],[-41.17654,-13.95229],[-41.170829,-13.967296],[-41.147509,-13.96957],[-41.136087,-13.989579],[-41.121334,-14.035053],[-41.068032,-14.026413],[-41.02996,-14.049604],[-41.007592,-14.047331],[-40.978086,-14.02232],[-41.001405,-14.009133],[-40.983796,-13.989124],[-40.980941,-13.944559],[-40.959525,-13.935919],[-40.962856,-13.920913],[-40.949531,-13.906361],[-40.929067,-13.919094],[-40.911458,-13.914092],[-40.921452,-13.8909],[-40.945724,-13.879986],[-40.965712,-13.839969],[-40.982845,-13.835877],[-40.993315,-13.81223],[-40.990935,-13.792221],[-41.034719,-13.779489],[-41.042809,-13.766756],[-41.02758,-13.749476],[-41.028056,-13.676263],[-41.039954,-13.64534],[-41.039954,-13.616237],[-41.052803,-13.609416],[-41.08231,-13.613509],[-41.106105,-13.626241],[-41.157503,-13.677172],[-41.179395,-13.67217],[-41.191293,-13.695362],[-41.217468,-13.705366],[-41.232221,-13.714006],[-41.241739,-13.739472],[-41.234601,-13.790403],[-41.222227,-13.814049],[-41.215564,-13.909999]]]},"properties":{"cod_ibge":"290880","name":"Contendas do Sincorá","uf":"BA"}},
{"type":"Feature","geometry":{"type":"Polygon","coordinates":[[[-43.048766,-14.332453],[-43.070182,-14.321994],[-42.974524,-14.190574],[-42.970241,-14.161016],[-42.937403,-14.102809],[-42.945969,-14.014589],[-42.917891,-13.983212],[-42.95168,-13.956837],[-42.980235,-13.941376],[-42.992609,-13.943195],[-43.022591,-13.919549],[-43.051621,-13.91682],[-43.067802,-13.927734],[-43.104447,-13.931827],[-43.125387,-13.963659],[-43.128243,-13.980939],[-43.159177,-13.97912],[-43.213906,-13.982303],[-43.275299,-13.993217],[-43.374288,-13.977301],[-43.376667,-13.959566],[-43.407601,-13.939557],[-43.408077,-13.927279],[-43.443294,-13.893629],[-43.487554,-14.090531],[-43.456144,-14.166018],[-43.373812,-14.361556],[-43.420927,-14.496614],[-43.262925,-14.456597],[-43.248172,-14.46933],[-43.180593,-14.445683],[-43.176309,-14.435679],[-43.146327,-14.426584],[-43.120152,-14.401119],[-43.102068,-14.391569],[-43.093025,-14.371106],[-43.072085,-14.358373],[-43.048766,-14.332453]]]},"properties":{"cod_ibge":"292340","name":"Palmas de Monte Alto","uf":"BA"}},
{"type":"Feature","geometry":{"type":"Polygon","coordinates":[[[-42.053164,-14.691243],[-42.049833,-14.672599],[-42.03032,-14.66123],[-41.997959,-14.660321],[-42.004145,-14.683058],[-41.966549,-14.698974],[-41.926572,-14.70443],[-41.925145,-14.740355],[-41.900873,-14.738991],[-41.90706,-14.730805],[-41.894686,-14.704885],[-41.876126,-14.692152],[-41.868035,-14.648043],[-41.845192,-14.576194],[-41.860421,-14.581651],[-41.873746,-14.568918],[-41.854234,-14.534358],[-41.809023,-14.532993],[-41.799505,-14.503435],[-41.811402,-14.485246],[-41.793318,-14.467966],[-41.83615,-14.465237],[-41.931807,-14.419308],[-42.070773,-14.447047],[-42.15025,-14.488884],[-42.178328,-14.514349],[-42.154533,-14.526172],[-42.156912,-14.597112],[-42.117888,-14.645314],[-42.08743,-14.675327],[-42.058875,-14.679875],[-42.053164,-14.691243]]]},"properties":{"cod_ibge":"291165","name":"Guajeru","uf":"BA"}},
{"type":"Feature","geometry":{"type":"Polygon","coordinates":[[[-42.799865,-14.037326],[-42.556676,-13.945924],[-42.510989,-13.920458],[-42.516699,-13.904542],[-42.553344,-13.883624],[-42.558579,-13.85634],[-42.58761,-13.834512],[-42.593321,-13.807228],[-42.61902,-13.759935],[-42.656141,-13.730377],[-42.664231,-13.700819],[-42.688979,-13.679901],[-42.704684,-13.633062],[-42.728479,-13.642612],[-42.740853,-13.630334],[-42.762744,-13.640338],[-42.770835,-13.656254],[-42.767504,-13.684903],[-42.777974,-13.698545],[-42.772739,-13.746747],[-42.780353,-13.855885],[-42.789871,-13.871801],[-42.779877,-13.897721],[-42.789395,-13.935919],[-42.80748,-13.974118],[-42.845077,-13.965932],[-42.857926,-13.953654],[-42.894095,-13.945014],[-42.918367,-13.957292],[-42.95168,-13.956837],[-42.917891,-13.983212],[-42.89124,-13.991852],[-42.858878,-14.019137],[-42.812715,-14.018682],[-42.799865,-14.037326]]]},"properties":{"cod_ibge":"291340","name":"Igaporã","uf":"BA"}},
{"type":"Feature","geometry":{"type":"Polygon","coordinates":[[[-40.370826,-11.616289],[-40.383199,-11.641755],[-40.401284,-11.648121],[-40.436977,-11.691321],[-40.449827,-11.698597],[-40.433646,-11.7468],[-40.447447,-11.760442],[-40.484568,-11.82456],[-40.615443,-11.835019],[-40.624961,-11.846388],[-40.606876,-11.872763],[-40.577846,-11.898228],[-40.670648,-11.937791],[-40.724902,-11.988722],[-40.745366,-12.001],[-40.772017,-11.993724],[-40.793909,-11.963256],[-40.853397,-11.963711],[-40.897181,-11.990086],[-40.909079,-12.059661],[-40.873386,-12.125598],[-40.77868,-12.111047],[-40.724426,-12.107409],[-40.584985,-12.082853],[-40.559286,-12.084672],[-40.548816,-12.094221],[-40.525496,-12.091493],[-40.485996,-12.106954],[-40.455537,-12.110592],[-40.444116,-12.094676],[-40.463152,-12.068756],[-40.454586,-12.037834],[-40.385103,-12.028284],[-40.333705,-11.976898],[-40.302295,-11.960073],[-40.274692,-11.908233],[-40.293728,-11.894136],[-40.32609,-11.886405],[-40.349886,-11.857756],[-40.356548,-11.829562],[-40.363687,-11.827743],[-40.369398,-11.759078],[-40.358452,-11.743162],[-40.35988,-11.704964],[-40.354169,-11.67677],[-40.363211,-11.669949],[-40.370826,-11.616289]]]},"properties":{"cod_ibge":"292210","name":"Mundo Novo","uf":"BA"}},
{"type":"Feature","geometry":{"type":"Polygon","coordinates":[[[-41.809975,-12.153338],[-41.77095,-12.138331],[-41.604382,-12.144697],[-41.487308,-12.118323],[-41.468748,-12.107864],[-41.453995,-12.099223],[-41.630557,-12.012368],[-41.651497,-12.013732],[-41.681003,-11.990995],[-41.882313,-11.891407],[-42.021278,-11.815011],[-42.007001,-11.831836],[-42.026513,-11.870489],[-42.024134,-11.893226],[-41.997007,-11.906868],[-41.999862,-11.925058],[-41.9932,-11.965075],[-41.96179,-11.969622],[-41.95132,-11.985084],[-41.949416,-12.022372],[-41.979398,-12.021008],[-41.98273,-12.0442],[-41.951795,-12.066482],[-41.945133,-12.079215],[-41.96988,-12.092402],[-41.936566,-12.111501],[-41.916102,-12.106499],[-41.889451,-12.123325],[-41.809975,-12.153338]]]},"properties":{"cod_ibge":"293080","name":"Souto Soares","uf":"BA"}},
{"type":"Feature","geometry":{"type":"Polygon","coordinates":[[[-40.550719,-15.0373],[-40.501225,-14.977729],[-40.434122,-14.919523],[-40.408898,-14.852676],[-40.444592,-14.806747],[-40.525496,-14.756271],[-40.668745,-14.82812],[-40.703962,-14.863135],[-40.723474,-14.897695],[-40.71348,-14.917249],[-40.712528,-14.940441],[-40.722998,-14.974546],[-40.740131,-15.000921],[-40.705866,-15.015473],[-40.710625,-15.037755],[-40.702058,-15.076408],[-40.550719,-15.0373]]]},"properties":{"cod_ibge":"290290","name":"Barra do Choça","uf":"BA"}},
{"type":"Feature","geometry":{"type":"Polygon","coordinates":[[[-42.15834,-13.226525],[-42.170714,-13.184688],[-42.204027,-13.13012],[-42.247811,-13.107837],[-42.263516,-13.12148],[-42.277317,-13.116023],[-42.296354,-13.136031],[-42.322529,-13.119661],[-42.337282,-13.101471],[-42.340613,-13.075096],[-42.37012,-13.059635],[-42.391535,-13.0851],[-42.390108,-13.105564],[-42.40153,-13.136486],[-42.432464,-13.141488],[-42.43294,-13.167863],[-42.444361,-13.184688],[-42.443885,-13.232891],[-42.419614,-13.274727],[-42.434367,-13.286096],[-42.409144,-13.347485],[-42.405813,-13.402054],[-42.265895,-13.369768],[-42.270655,-13.337481],[-42.250666,-13.310652],[-42.228299,-13.299283],[-42.192605,-13.26927],[-42.194033,-13.247443],[-42.17928,-13.226525],[-42.15834,-13.226525]]]},"properties":{"cod_ibge":"290755","name":"Caturama","uf":"BA"}},
{"type":"Feature","geometry":{"type":"Polygon","coordinates":[[[-41.860897,-11.709511],[-41.823776,-11.738614],[-41.78951,-11.798185],[-41.78142,-11.829562],[-41.765239,-11.863213],[-41.750962,-11.877765],[-41.71051,-11.898228],[-41.680051,-11.92142],[-41.648641,-11.885496],[-41.622466,-11.832291],[-41.60581,-11.773629],[-41.604858,-11.740433],[-41.594388,-11.680408],[-41.589153,-11.669039],[-41.592484,-11.613561],[-41.623418,-11.611287],[-41.643882,-11.609468],[-41.670057,-11.617653],[-41.738588,-11.664946],[-41.775709,-11.682681],[-41.796173,-11.691321],[-41.81283,-11.682227],[-41.860897,-11.709511]]]},"properties":{"cod_ibge":"290620","name":"Canarana","uf":"BA"}},
{"type":"Feature","geometry":{"type":"Polygon","coordinates":[[[-41.80236,-15.100509],[-41.801884,-15.100509],[-41.760004,-15.137798],[-41.730498,-15.113242],[-41.705275,-15.11597],[-41.678624,-15.100964],[-41.651973,-15.0996],[-41.594388,-15.05458],[-41.585821,-15.035481],[-41.594388,-14.993645],[-41.608189,-14.979094],[-41.633412,-14.970908],[-41.632936,-14.952719],[-41.648165,-14.934984],[-41.63246,-14.901333],[-41.641503,-14.917249],[-41.686714,-14.912702],[-41.722407,-14.889965],[-41.743823,-14.866318],[-41.770474,-14.882689],[-41.806643,-14.870865],[-41.829963,-14.892693],[-41.817589,-14.915885],[-41.793794,-14.92498],[-41.782372,-14.95954],[-41.787607,-14.989553],[-41.835198,-15.006833],[-41.835198,-15.022294],[-41.81521,-15.035481],[-41.828059,-15.051852],[-41.809023,-15.080501],[-41.81045,-15.101419],[-41.80236,-15.100509]]]},"properties":{"cod_ibge":"292470","name":"Piripá","uf":"BA"}},
{"type":"Feature","geometry":{"type":"Polygon","coordinates":[[[-42.872204,-14.764911],[-42.872204,-14.77537],[-42.795582,-14.837215],[-42.75513,-14.846309],[-42.747039,-14.867682],[-42.723244,-14.885417],[-42.707063,-14.881324],[-42.692786,-14.902697],[-42.679936,-14.903152],[-42.648526,-14.929982],[-42.618544,-14.939531],[-42.60855,-14.889055],[-42.588086,-14.869956],[-42.573809,-14.873594],[-42.570001,-14.846764],[-42.559055,-14.824027],[-42.575236,-14.788103],[-42.581423,-14.760364],[-42.573333,-14.746267],[-42.573809,-14.70443],[-42.558579,-14.67078],[-42.552393,-14.616211],[-42.576188,-14.607116],[-42.582851,-14.5912],[-42.582375,-14.549819],[-42.564766,-14.543452],[-42.569525,-14.513894],[-42.586182,-14.537086],[-42.628538,-14.540724],[-42.640436,-14.571192],[-42.670894,-14.591655],[-42.718961,-14.595748],[-42.743708,-14.614847],[-42.764172,-14.612573],[-42.787968,-14.657137],[-42.8051,-14.656683],[-42.852215,-14.764001],[-42.872204,-14.764911]]]},"properties":{"cod_ibge":"293260","name":"Urandi","uf":"BA"}},
{"type":"Feature","geometry":{"type":"Polygon","coordinates":[[[-38.378194,-12.538503],[-38.367249,-12.515311],[-38.384857,-12.482569],[-38.337266,-12.451192],[-38.363441,-12.4471],[-38.386761,-12.430729],[-38.409129,-12.422544],[-38.446249,-12.431639],[-38.459575,-12.417996],[-38.503359,-12.424363],[-38.525726,-12.415723],[-38.562371,-12.422544],[-38.61139,-12.496666],[-38.638041,-12.476658],[-38.644228,-12.513037],[-38.651366,-12.553964],[-38.641372,-12.570334],[-38.620908,-12.554418],[-38.579504,-12.631724],[-38.560944,-12.63036],[-38.555709,-12.620811],[-38.503359,-12.59489],[-38.490033,-12.592617],[-38.463858,-12.608078],[-38.430069,-12.609897],[-38.400086,-12.598983],[-38.393424,-12.608987],[-38.367249,-12.590343],[-38.386761,-12.556692],[-38.378194,-12.538503]]]},"properties":{"cod_ibge":"292950","name":"São Sebastião do Passé","uf":"BA"}},
{"type":"Feature","geometry":{"type":"Polygon","coordinates":[[[-39.925851,-12.521677],[-39.939652,-12.483934],[-39.974869,-12.466654],[-39.986767,-12.42982],[-40.021508,-12.403445],[-40.027219,-12.381617],[-40.060533,-12.341145],[-40.073858,-12.342964],[-40.092895,-12.325229],[-40.112407,-12.329322],[-40.130016,-12.347512],[-40.168088,-12.352969],[-40.182842,-12.320227],[-40.205209,-12.303402],[-40.212348,-12.282484],[-40.305626,-12.258383],[-40.319427,-12.265204],[-40.35988,-12.257018],[-40.370826,-12.272934],[-40.396525,-12.265658],[-40.413182,-12.277936],[-40.434597,-12.277482],[-40.44126,-12.299309],[-40.461724,-12.315225],[-40.480761,-12.310678],[-40.497893,-12.330686],[-40.503604,-12.354333],[-40.524068,-12.392531],[-40.575467,-12.438005],[-40.564997,-12.464835],[-40.54596,-12.468927],[-40.494562,-12.509854],[-40.470767,-12.508944],[-40.459345,-12.558056],[-40.466007,-12.580793],[-40.451254,-12.616263],[-40.42032,-12.63991],[-40.426507,-12.666739],[-40.415085,-12.684019],[-40.358928,-12.792248],[-40.344175,-12.769056],[-40.308482,-12.747683],[-40.248517,-12.756778],[-40.216631,-12.765418],[-40.182842,-12.732677],[-40.180938,-12.698116],[-40.152859,-12.698571],[-40.120497,-12.687657],[-40.089563,-12.637636],[-40.054822,-12.611261],[-40.047683,-12.565332],[-40.00152,-12.557602],[-39.972966,-12.562604],[-39.939176,-12.549416],[-39.925851,-12.521677]]]},"properties":{"cod_ibge":"291470","name":"Itaberaba","uf":"BA"}},
{"type":"Feature","geometry":{"type":"Polygon","coordinates":[[[-43.857335,-13.261994],[-43.804509,-13.219703],[-43.772148,-13.219249],[-43.755491,-13.206061],[-43.736454,-13.207425],[-43.732171,-13.191964],[-43.705996,-13.187872],[-43.696954,-13.171956],[-43.677918,-13.168773],[-43.640321,-13.184688],[-43.63461,-13.171956],[-43.646508,-13.136941],[-43.681725,-13.116023],[-43.686484,-12.933217],[-43.706472,-12.943676],[-43.764533,-12.961411],[-43.78119,-12.972325],[-43.818311,-12.976872],[-43.830684,-12.986422],[-43.877799,-12.967323],[-43.895408,-12.933672],[-43.908258,-12.928215],[-43.913017,-12.906842],[-43.970126,-12.876829],[-44.002963,-12.852728],[-44.046747,-12.862278],[-44.065783,-12.87501],[-44.092434,-12.85773],[-44.123368,-12.846362],[-44.171435,-12.852273],[-44.181905,-12.876375],[-44.237587,-12.885469],[-44.236159,-12.910935],[-44.241394,-12.953226],[-44.255671,-12.959592],[-44.256147,-12.98142],[-44.235683,-12.981874],[-44.211412,-12.969596],[-44.201893,-12.988695],[-44.130983,-13.037807],[-44.111947,-13.040536],[-44.097669,-13.074641],[-44.106712,-13.229253],[-44.076253,-13.212428],[-44.042464,-13.222432],[-44.00915,-13.248807],[-43.992969,-13.253354],[-44.007247,-13.29519],[-44.000584,-13.314289],[-43.972981,-13.307014],[-43.956324,-13.318837],[-43.940143,-13.302921],[-43.911589,-13.293826],[-43.882083,-13.302921],[-43.875896,-13.277001],[-43.857335,-13.261994]]]},"properties":{"cod_ibge":"292820","name":"Santana","uf":"BA"}},
{"type":"Feature","geometry":{"type":"Polygon","coordinates":[[[-39.43852,-13.236984],[-39.416628,-13.24244],[-39.381411,-13.232891],[-39.366182,-13.247897],[-39.347145,-13.251081],[-39.334296,-13.217885],[-39.315259,-13.206061],[-39.270048,-13.262904],[-39.24768,-13.266087],[-39.231975,-13.292007],[-39.204373,-13.285186],[-39.21865,-13.262904],[-39.219126,-13.239712],[-39.202945,-13.222432],[-39.191047,-13.239257],[-39.171535,-13.233346],[-39.207228,-13.196966],[-39.231023,-13.20788],[-39.250536,-13.189236],[-39.282422,-13.181051],[-39.302886,-13.16377],[-39.295747,-13.142398],[-39.245301,-13.131029],[-39.213891,-13.108747],[-39.178198,-13.116477],[-39.122992,-13.108292],[-39.133938,-13.091467],[-39.179149,-13.106928],[-39.194854,-13.102835],[-39.201517,-13.077825],[-39.22912,-13.096469],[-39.246253,-13.095105],[-39.256247,-13.070094],[-39.275759,-13.070094],[-39.321922,-13.09374],[-39.34191,-13.093286],[-39.374748,-13.111021],[-39.430429,-13.117387],[-39.435188,-13.111021],[-39.46993,-13.123753],[-39.502768,-13.116477],[-39.538461,-13.123753],[-39.548931,-13.153311],[-39.538937,-13.175594],[-39.525611,-13.180596],[-39.489918,-13.175594],[-39.466598,-13.20015],[-39.447086,-13.186507],[-39.436616,-13.211518],[-39.43852,-13.236984]]]},"properties":{"cod_ibge":"291880","name":"Laje","uf":"BA"}},
{"type":"Feature","geometry":{"type":"Polygon","coordinates":[[[-39.533226,-14.742174],[-39.526087,-14.677146],[-39.514189,-14.662594],[-39.524183,-14.647588],[-39.521328,-14.600295],[-39.510858,-14.547545],[-39.550358,-14.561642],[-39.7293,-14.561187],[-39.715499,-14.578467],[-39.719306,-14.601659],[-39.69789,-14.605297],[-39.619841,-14.66214],[-39.569871,-14.721256],[-39.573678,-14.758545],[-39.583672,-14.784465],[-39.55369,-14.778553],[-39.533226,-14.742174]]]},"properties":{"cod_ibge":"290800","name":"Coaraci","uf":"BA"}},
{"type":"Feature","geometry":{"type":"Polygon","coordinates":[[[-38.219717,-10.47671],[-38.207343,-10.469889],[-38.186879,-10.481712],[-38.149758,-10.457156],[-38.171174,-10.44124],[-38.198777,-10.429417],[-38.21353,-10.409863],[-38.23209,-10.405771],[-38.2635,-10.348019],[-38.256838,-10.324827],[-38.275398,-10.300726],[-38.311091,-10.304364],[-38.310139,-10.280262],[-38.345357,-10.265711],[-38.383905,-10.278898],[-38.356303,-10.327101],[-38.344405,-10.370301],[-38.380098,-10.409863],[-38.403894,-10.423051],[-38.404845,-10.44988],[-38.414839,-10.463068],[-38.382002,-10.466251],[-38.366773,-10.476255],[-38.304904,-10.471253],[-38.295386,-10.476255],[-38.249223,-10.45943],[-38.219717,-10.47671]]]},"properties":{"cod_ibge":"290160","name":"Antas","uf":"BA"}},
{"type":"Feature","geometry":{"type":"Polygon","coordinates":[[[-39.619365,-11.504878],[-39.653631,-11.473046],[-39.665052,-11.44849],[-39.655534,-11.43121],[-39.672191,-11.411201],[-39.698842,-11.399378],[-39.717402,-11.394831],[-39.737391,-11.415749],[-39.757379,-11.421206],[-39.77118,-11.45804],[-39.791168,-11.478048],[-39.824482,-11.50033],[-39.883019,-11.481231],[-39.897772,-11.491236],[-39.903007,-11.503968],[-39.897772,-11.555809],[-39.864934,-11.581274],[-39.846374,-11.576272],[-39.817819,-11.591733],[-39.805922,-11.584912],[-39.765469,-11.590824],[-39.733583,-11.587641],[-39.674571,-11.55399],[-39.627932,-11.517156],[-39.619365,-11.504878]]]},"properties":{"cod_ibge":"291125","name":"Gavião","uf":"BA"}},
{"type":"Feature","geometry":{"type":"Polygon","coordinates":[[[-42.264944,-12.726765],[-42.204979,-12.727675],[-42.173093,-12.719034],[-42.096472,-12.714942],[-42.017947,-12.719944],[-42.027941,-12.657644],[-42.029845,-12.618992],[-41.983681,-12.600802],[-42.006525,-12.568515],[-42.005097,-12.553964],[-42.014615,-12.504852],[-42.069821,-12.431184],[-42.071725,-12.414813],[-42.10361,-12.395714],[-42.140255,-12.400716],[-42.194985,-12.377979],[-42.217353,-12.386619],[-42.249239,-12.389348],[-42.253998,-12.407992],[-42.305872,-12.403899],[-42.32586,-12.429365],[-42.321101,-12.445736],[-42.332999,-12.476203],[-42.352987,-12.457559],[-42.37012,-12.458014],[-42.37012,-12.481205],[-42.387252,-12.482115],[-42.413903,-12.497576],[-42.442934,-12.506671],[-42.468633,-12.522587],[-42.483386,-12.540322],[-42.518603,-12.539412],[-42.53288,-12.546688],[-42.563814,-12.528498],[-42.579519,-12.528953],[-42.589514,-12.509854],[-42.639484,-12.500759],[-42.655665,-12.519403],[-42.630442,-12.593981],[-42.627586,-12.626267],[-42.610929,-12.636272],[-42.604267,-12.658554],[-42.581899,-12.664011],[-42.573809,-12.687203],[-42.531929,-12.690841],[-42.517175,-12.711759],[-42.48291,-12.712213],[-42.44912,-12.687203],[-42.419138,-12.697662],[-42.395343,-12.697207],[-42.369168,-12.712668],[-42.326336,-12.714942],[-42.29683,-12.703573],[-42.280173,-12.708575],[-42.264944,-12.726765]]]},"properties":{"cod_ibge":"291300","name":"Ibitiara","uf":"BA"}},
{"type":"Feature","geometry":{"type":"Polygon","coordinates":[[[-40.067672,-17.849414],[-40.068147,-17.890796],[-40.063388,-17.951731],[-40.030075,-17.958552],[-40.03293,-17.97083],[-40.009611,-17.986746],[-39.740246,-17.989474],[-39.71074,-17.998114],[-39.636974,-18.000388],[-39.605564,-17.987201],[-39.589383,-17.990384],[-39.575582,-17.977651],[-39.513238,-17.984017],[-39.491346,-17.998114],[-39.459936,-17.96219],[-39.40711,-17.922173],[-39.363326,-17.906257],[-39.364278,-17.890796],[-39.318115,-17.89125],[-39.267668,-17.863056],[-39.257674,-17.828041],[-39.276711,-17.855326],[-39.307645,-17.853507],[-39.440423,-17.857145],[-39.448038,-17.841229],[-39.499436,-17.831679],[-39.49896,-17.823039],[-39.535605,-17.811216],[-39.568919,-17.81258],[-39.586528,-17.797119],[-39.629359,-17.788479],[-39.652679,-17.800757],[-39.683137,-17.793026],[-39.712643,-17.773927],[-39.735487,-17.777111],[-39.772608,-17.798029],[-39.776891,-17.808942],[-39.825434,-17.826677],[-39.858272,-17.825768],[-39.889206,-17.848505],[-39.925375,-17.841684],[-39.943935,-17.846686],[-39.953929,-17.833498],[-39.991526,-17.828951],[-40.03293,-17.851233],[-40.067672,-17.849414]]]},"properties":{"cod_ibge":"292300","name":"Nova Viçosa","uf":"BA"}},
{"type":"Feature","geometry":{"type":"Polygon","coordinates":[[[-38.081703,-11.610378],[-38.061715,-11.627203],[-38.048865,-11.649485],[-38.066474,-11.689048],[-38.046486,-11.679498],[-38.02507,-11.732248],[-38.027925,-11.750892],[-38.011269,-11.768627],[-37.988901,-11.73725],[-37.923225,-11.677224],[-37.911804,-11.680862],[-37.936551,-11.66813],[-37.947973,-11.644938],[-37.947021,-11.616289],[-37.979859,-11.594462],[-38.001274,-11.603102],[-38.033636,-11.604011],[-38.048389,-11.58855],[-38.081703,-11.610378]]]},"properties":{"cod_ibge":"290030","name":"Acajutiba","uf":"BA"}},
{"type":"Feature","geometry":{"type":"Polygon","coordinates":[[[-40.897181,-11.990086],[-40.853397,-11.963711],[-40.793909,-11.963256],[-40.772017,-11.993724],[-40.745366,-12.001],[-40.724902,-11.988722],[-40.670648,-11.937791],[-40.577846,-11.898228],[-40.606876,-11.872763],[-40.624961,-11.846388],[-40.649232,-11.836838],[-40.665889,-11.795002],[-40.698727,-11.797731],[-40.797716,-11.763625],[-40.801047,-11.742707],[-40.849114,-11.776358],[-40.884807,-11.757713],[-40.901464,-11.810918],[-40.941916,-11.818649],[-40.959525,-11.843205],[-40.960001,-11.860485],[-40.974278,-11.888679],[-40.937157,-11.929605],[-40.899561,-11.978263],[-40.897181,-11.990086]]]},"properties":{"cod_ibge":"293130","name":"Tapiramutá","uf":"BA"}},
{"type":"Feature","geometry":{"type":"Polygon","coordinates":[[[-39.632215,-17.313275],[-39.655058,-17.303726],[-39.673143,-17.27826],[-39.698842,-17.270985],[-39.72121,-17.280534],[-39.745957,-17.27826],[-39.762614,-17.265982],[-39.777367,-17.275077],[-39.796403,-17.26189],[-39.832097,-17.26962],[-39.829241,-17.30509],[-39.837807,-17.33101],[-39.853512,-17.335103],[-39.858747,-17.362842],[-39.913953,-17.353747],[-39.946791,-17.330556],[-39.948218,-17.281444],[-39.942507,-17.26962],[-39.973917,-17.25234],[-40.030551,-17.239153],[-40.048635,-17.266437],[-40.06434,-17.263254],[-40.04578,-17.309183],[-40.01437,-17.329191],[-40.008659,-17.351019],[-39.986767,-17.378303],[-39.972966,-17.380122],[-39.933465,-17.433782],[-39.936321,-17.464704],[-39.936797,-17.474254],[-39.767849,-17.627501],[-39.604612,-17.557926],[-39.607468,-17.411045],[-39.629359,-17.352838],[-39.632215,-17.313275]]]},"properties":{"cod_ibge":"293135","name":"Teixeira de Freitas","uf":"BA"}},
{"type":"Feature","geometry":{"type":"Polygon","coordinates":[[[-42.167858,-12.959592],[-42.169286,-12.982329],[-42.147394,-13.01507],[-42.125502,-13.018254],[-42.124075,-13.000519],[-42.095044,-13.002338],[-42.091713,-12.980055],[-42.075532,-12.978691],[-42.06649,-12.952316],[-42.050309,-12.943221],[-42.055068,-12.915482],[-42.013664,-12.909571],[-42.02461,-12.889562],[-42.018423,-12.855911],[-42.018423,-12.828172],[-42.031272,-12.764508],[-42.017947,-12.719944],[-42.096472,-12.714942],[-42.173093,-12.719034],[-42.204979,-12.727675],[-42.264944,-12.726765],[-42.243052,-12.80589],[-42.248287,-12.814075],[-42.224015,-12.862278],[-42.22354,-12.881377],[-42.210214,-12.915937],[-42.195937,-12.922303],[-42.167858,-12.959592]]]},"properties":{"cod_ibge":"292303","name":"Novo Horizonte","uf":"BA"}},
{"type":"Feature","geometry":{"type":"Polygon","coordinates":[[[-38.579028,-10.333467],[-38.542859,-10.3462],[-38.502883,-10.377122],[-38.506214,-10.408954],[-38.484798,-10.448516],[-38.470045,-10.453973],[-38.45196,-10.444878],[-38.429117,-10.450335],[-38.414839,-10.463068],[-38.404845,-10.44988],[-38.403894,-10.423051],[-38.380098,-10.409863],[-38.344405,-10.370301],[-38.356303,-10.327101],[-38.383905,-10.278898],[-38.407225,-10.294359],[-38.442442,-10.297542],[-38.478611,-10.31073],[-38.520967,-10.307547],[-38.532865,-10.289357],[-38.560468,-10.276624],[-38.582359,-10.282536],[-38.581408,-10.304818],[-38.579028,-10.333467]]]},"properties":{"cod_ibge":"292305","name":"Novo Triunfo","uf":"BA"}},
{"type":"Feature","geometry":{"type":"Polygon","coordinates":[[[-39.688848,-14.952719],[-39.695987,-14.965451],[-39.725493,-14.965906],[-39.728348,-14.933165],[-39.750716,-14.909064],[-39.797355,-14.883598],[-39.794976,-14.849947],[-39.801162,-14.830848],[-39.78403,-14.805383],[-39.787361,-14.780827],[-39.779271,-14.741719],[-39.822102,-14.747631],[-39.831145,-14.774915],[-39.862555,-14.786284],[-39.874928,-14.817661],[-39.881591,-14.866318],[-39.862555,-14.978184],[-39.884922,-15.013199],[-39.873025,-15.016382],[-39.849229,-14.998647],[-39.830669,-14.997738],[-39.811632,-14.970908],[-39.767373,-14.991372],[-39.744053,-14.97682],[-39.733107,-14.983641],[-39.687896,-14.971818],[-39.688848,-14.952719]]]},"properties":{"cod_ibge":"292780","name":"Santa Cruz da Vitória","uf":"BA"}},
{"type":"Feature","geometry":{"type":"Polygon","coordinates":[[[-41.256492,-13.470265],[-41.241263,-13.505735],[-41.223655,-13.518468],[-41.21604,-13.492093],[-41.220323,-13.470265],[-41.03805,-13.556211],[-40.955242,-13.545298],[-40.941916,-13.567125],[-40.902416,-13.571218],[-40.858632,-13.582586],[-40.837216,-13.635791],[-40.714908,-13.840879],[-40.693968,-13.83815],[-40.678739,-13.850428],[-40.655419,-13.839514],[-40.678263,-13.825418],[-40.701106,-13.801316],[-40.697299,-13.780398],[-40.713956,-13.76039],[-40.725378,-13.718554],[-40.724902,-13.691724],[-40.706817,-13.681265],[-40.704438,-13.635336],[-40.68445,-13.580767],[-40.686829,-13.548481],[-40.696347,-13.533474],[-40.696823,-13.508009],[-40.710625,-13.486636],[-40.7368,-13.465263],[-40.727281,-13.432067],[-40.753456,-13.413878],[-40.783439,-13.367494],[-40.812945,-13.33157],[-40.835313,-13.316108],[-40.86244,-13.318382],[-40.885759,-13.26927],[-40.918121,-13.229708],[-41.010447,-13.261085],[-41.088972,-13.255628],[-41.078502,-13.273363],[-41.106105,-13.293371],[-41.104677,-13.318837],[-41.131328,-13.364311],[-41.1556,-13.377044],[-41.160835,-13.403419],[-41.189389,-13.406602],[-41.21842,-13.429339],[-41.233173,-13.428884],[-41.23698,-13.461171],[-41.256492,-13.470265]]]},"properties":{"cod_ibge":"291430","name":"Iramaia","uf":"BA"}},
{"type":"Feature","geometry":{"type":"Polygon","coordinates":[[[-38.149758,-10.457156],[-38.130246,-10.579027],[-38.144999,-10.718177],[-38.09836,-10.712266],[-38.067902,-10.715449],[-38.042203,-10.700897],[-38.016504,-10.69544],[-37.978431,-10.651785],[-37.983666,-10.638143],[-37.91799,-10.584029],[-37.907996,-10.513089],[-37.911328,-10.486714],[-37.921322,-10.475346],[-37.908948,-10.448516],[-37.914659,-10.44215],[-37.937503,-10.447152],[-37.978907,-10.434419],[-38.013648,-10.441695],[-38.02507,-10.451245],[-38.058859,-10.435329],[-38.08789,-10.437602],[-38.110258,-10.45079],[-38.149758,-10.457156]]]},"properties":{"cod_ibge":"290035","name":"Adustina","uf":"BA"}},
{"type":"Feature","geometry":{"type":"Polygon","coordinates":[[[-40.481237,-12.941857],[-40.505032,-12.945495],[-40.522165,-12.959137],[-40.546436,-12.991424],[-40.575942,-13.003247],[-40.603545,-12.998245],[-40.653991,-13.000519],[-40.701106,-13.02371],[-40.715384,-13.017344],[-40.751077,-13.043719],[-40.841024,-13.13876],[-40.919549,-13.20879],[-40.918121,-13.229708],[-40.885759,-13.26927],[-40.86244,-13.318382],[-40.835313,-13.316108],[-40.812945,-13.33157],[-40.783439,-13.367494],[-40.746318,-13.312925],[-40.721095,-13.265178],[-40.719667,-13.239257],[-40.627341,-13.182415],[-40.584985,-13.215156],[-40.525496,-13.183324],[-40.511695,-13.176503],[-40.468863,-13.11284],[-40.416037,-13.087374],[-40.436501,-13.047357],[-40.450778,-13.036898],[-40.456489,-13.01598],[-40.471718,-13.000064],[-40.488375,-12.948678],[-40.481237,-12.941857]]]},"properties":{"cod_ibge":"292080","name":"Marcionílio Souza","uf":"BA"}},
{"type":"Feature","geometry":{"type":"Polygon","coordinates":[[[-42.835559,-14.561642],[-42.871252,-14.508892],[-42.890764,-14.500252],[-42.929313,-14.438862],[-42.929313,-14.422946],[-42.955012,-14.396117],[-42.974524,-14.377017],[-42.996892,-14.366104],[-43.008314,-14.348824],[-43.048766,-14.332453],[-43.072085,-14.358373],[-43.093025,-14.371106],[-43.102068,-14.391569],[-43.120152,-14.401119],[-43.146327,-14.426584],[-43.176309,-14.435679],[-43.180593,-14.445683],[-43.248172,-14.46933],[-43.262925,-14.456597],[-43.420927,-14.496614],[-43.530862,-14.815387],[-43.511349,-14.796743],[-43.487078,-14.790376],[-43.461379,-14.746267],[-43.424258,-14.719892],[-43.37286,-14.698974],[-43.354299,-14.698064],[-43.310992,-14.66987],[-43.298142,-14.676237],[-43.24484,-14.656683],[-43.207719,-14.658502],[-43.174882,-14.651226],[-43.151562,-14.666232],[-43.127291,-14.665778],[-43.091598,-14.683512],[-43.068278,-14.680784],[-43.057332,-14.690788],[-43.036868,-14.683058],[-43.011169,-14.701702],[-42.977379,-14.698519],[-42.952632,-14.708523],[-42.911228,-14.745812],[-42.905993,-14.761273],[-42.872204,-14.764911],[-42.852215,-14.764001],[-42.8051,-14.656683],[-42.793203,-14.62576],[-42.799389,-14.594838],[-42.81795,-14.570282],[-42.835559,-14.561642]]]},"properties":{"cod_ibge":"293000","name":"Sebastião Laranjeiras","uf":"BA"}},
{"type":"Feature","geometry":{"type":"Polygon","coordinates":[[[-40.226149,-11.564449],[-40.253752,-11.549442],[-40.271837,-11.52716],[-40.298012,-11.470318],[-40.295632,-11.453492],[-40.308957,-11.434848],[-40.368922,-11.481686],[-40.383675,-11.505333],[-40.382247,-11.538529],[-40.370826,-11.616289],[-40.329897,-11.598554],[-40.322759,-11.610378],[-40.296584,-11.605375],[-40.268981,-11.608559],[-40.248993,-11.599919],[-40.230908,-11.605375],[-40.226149,-11.564449]]]},"properties":{"cod_ibge":"293310","name":"Várzea do Poço","uf":"BA"}},
{"type":"Feature","geometry":{"type":"Polygon","coordinates":[[[-39.053033,-12.410266],[-39.03828,-12.418451],[-39.023527,-12.408902],[-38.9964,-12.311132],[-38.955948,-12.301128],[-38.907881,-12.386165],[-38.837923,-12.408902],[-38.827453,-12.396624],[-38.833639,-12.36843],[-38.831736,-12.352514],[-38.811272,-12.337507],[-38.819362,-12.321591],[-38.838874,-12.308859],[-38.850296,-12.268387],[-38.842206,-12.242467],[-38.857911,-12.220184],[-38.866001,-12.191081],[-38.88361,-12.156521],[-38.88123,-12.131965],[-38.8917,-12.116504],[-38.874568,-12.09695],[-38.878375,-12.073758],[-38.896935,-12.056023],[-38.90455,-12.027829],[-38.920731,-12.016006],[-38.941195,-12.02692],[-38.970701,-12.024646],[-38.980695,-12.054659],[-39.020196,-12.058752],[-39.041612,-12.05284],[-39.062552,-12.02601],[-39.060172,-12.058297],[-39.11157,-12.052385],[-39.143932,-12.033741],[-39.178673,-12.029648],[-39.174866,-11.981446],[-39.296699,-11.990995],[-39.287181,-12.021918],[-39.259578,-12.042381],[-39.214367,-12.09604],[-39.213415,-12.10468],[-39.177246,-12.117868],[-39.175818,-12.156975],[-39.186764,-12.181986],[-39.116805,-12.190626],[-39.076829,-12.232462],[-39.131083,-12.260656],[-39.151071,-12.263385],[-39.191999,-12.223368],[-39.224361,-12.217911],[-39.263861,-12.199721],[-39.286229,-12.177894],[-39.292892,-12.186988],[-39.284325,-12.216092],[-39.23721,-12.28976],[-39.199613,-12.295216],[-39.188668,-12.283848],[-39.149167,-12.270206],[-39.121088,-12.310678],[-39.110143,-12.345693],[-39.070642,-12.35979],[-39.08016,-12.378889],[-39.066835,-12.406173],[-39.053033,-12.410266]]]},"properties":{"cod_ibge":"291080","name":"Feira de Santana","uf":"BA"}},
{"type":"Feature","geometry":{"type":"Polygon","coordinates":[[[-39.346193,-14.148283],[-39.284801,-14.138279],[-39.19771,-14.104173],[-39.167728,-14.1019],[-39.143456,-14.091441],[-39.097293,-14.110994],[-39.052082,-14.108721],[-39.020672,-14.099626],[-38.982599,-14.07416],[-38.98593,-14.041874],[-39.004967,-14.032324],[-38.999732,-14.002766],[-38.986406,-13.972753],[-39.000683,-13.935919],[-38.98593,-13.892264],[-38.951665,-13.872256],[-38.967846,-13.848609],[-39.005918,-13.883624],[-39.01734,-13.904997],[-39.043039,-13.91773],[-39.070166,-13.915001],[-39.083968,-13.892264],[-39.144408,-13.888626],[-39.198186,-13.911363],[-39.216746,-13.929553],[-39.25815,-13.941831],[-39.297175,-13.9341],[-39.301934,-13.949107],[-39.329061,-13.942286],[-39.330013,-13.966387],[-39.346193,-13.9964],[-39.355236,-14.045967],[-39.346669,-14.052333],[-39.333344,-14.10099],[-39.346193,-14.148283]]]},"properties":{"cod_ibge":"290580","name":"Camamu","uf":"BA"}},
{"type":"Feature","geometry":{"type":"Polygon","coordinates":[[[-39.812108,-14.1019],[-39.776891,-14.106447],[-39.770228,-14.123272],[-39.725969,-14.146919],[-39.699794,-14.152831],[-39.6898,-14.176022],[-39.664101,-14.184662],[-39.667432,-14.161471],[-39.652679,-14.131912],[-39.665528,-14.117361],[-39.667432,-14.05688],[-39.677426,-14.032779],[-39.663625,-14.006404],[-39.701222,-13.966842],[-39.710264,-13.942286],[-39.689324,-13.917275],[-39.694559,-13.89181],[-39.705029,-13.909544],[-39.735011,-13.931827],[-39.761186,-13.991398],[-39.793548,-14.011406],[-39.790692,-14.037326],[-39.800211,-14.059609],[-39.808301,-14.076434],[-39.831145,-14.08371],[-39.812108,-14.1019]]]},"properties":{"cod_ibge":"291390","name":"Ipiaú","uf":"BA"}},
{"type":"Feature","geometry":{"type":"Polygon","coordinates":[[[-39.589383,-15.599814],[-39.618413,-15.552976],[-39.570823,-15.543881],[-39.579865,-15.500681],[-39.599853,-15.499316],[-39.613654,-15.470668],[-39.595094,-15.455661],[-39.576533,-15.426103],[-39.5851,-15.388815],[-39.601281,-15.37881],[-39.599377,-15.356528],[-39.625076,-15.350162],[-39.631739,-15.30105],[-39.640305,-15.293774],[-39.657914,-15.28377],[-39.663149,-15.306052],[-39.685041,-15.314692],[-39.685041,-15.336974],[-39.71883,-15.351526],[-39.746909,-15.370625],[-39.765945,-15.366987],[-39.790692,-15.42383],[-39.829717,-15.459299],[-39.842091,-15.482491],[-39.830193,-15.531603],[-39.791168,-15.542062],[-39.772608,-15.558433],[-39.733583,-15.555704],[-39.713119,-15.565709],[-39.714071,-15.590265],[-39.695035,-15.599814],[-39.675047,-15.621642],[-39.650775,-15.590719],[-39.634594,-15.618458],[-39.61651,-15.620277],[-39.589383,-15.599814]]]},"properties":{"cod_ibge":"292390","name":"Pau Brasil","uf":"BA"}},
{"type":"Feature","geometry":{"type":"Polygon","coordinates":[[[-40.781059,-12.451192],[-40.895277,-12.461651],[-40.950007,-12.468927],[-40.980941,-12.460287],[-40.963332,-12.493029],[-40.97761,-12.516675],[-40.982845,-12.557602],[-40.978561,-12.565787],[-41.007592,-12.621265],[-40.983321,-12.700845],[-40.982369,-12.736769],[-40.96714,-12.793157],[-40.957146,-12.772239],[-40.920976,-12.740862],[-40.89385,-12.737679],[-40.874813,-12.758142],[-40.850542,-12.749047],[-40.843879,-12.718125],[-40.777728,-12.684929],[-40.756312,-12.652642],[-40.767734,-12.635362],[-40.780107,-12.585341],[-40.763926,-12.575337],[-40.764402,-12.559875],[-40.782963,-12.548962],[-40.779631,-12.506671],[-40.790101,-12.498485],[-40.791053,-12.47302],[-40.781059,-12.451192]]]},"properties":{"cod_ibge":"291260","name":"Ibiquera","uf":"BA"}},
{"type":"Feature","geometry":{"type":"Polygon","coordinates":[[[-39.408062,-13.649433],[-39.424718,-13.65398],[-39.44661,-13.68945],[-39.439948,-13.724465],[-39.379983,-13.714461],[-39.363802,-13.734015],[-39.318591,-13.726284],[-39.287657,-13.736743],[-39.273379,-13.711732],[-39.260054,-13.712187],[-39.232451,-13.697181],[-39.230072,-13.683993],[-39.198662,-13.668987],[-39.179149,-13.668077],[-39.133462,-13.650797],[-39.087775,-13.674898],[-39.066359,-13.692179],[-39.021623,-13.710368],[-39.004015,-13.704911],[-38.98831,-13.716735],[-38.963087,-13.686722],[-38.968322,-13.67217],[-38.970225,-13.640338],[-38.998304,-13.5935],[-39.01972,-13.57531],[-39.057793,-13.581222],[-39.08016,-13.563487],[-39.086347,-13.601231],[-39.116329,-13.595774],[-39.152023,-13.605323],[-39.164396,-13.616692],[-39.2058,-13.638065],[-39.215318,-13.65489],[-39.243397,-13.643521],[-39.263385,-13.686722],[-39.293843,-13.674898],[-39.35476,-13.668077],[-39.391405,-13.645795],[-39.408062,-13.649433]]]},"properties":{"cod_ibge":"292260","name":"Nilo Peçanha","uf":"BA"}},
{"type":"Feature","geometry":{"type":"Polygon","coordinates":[[[-41.158455,-12.386165],[-41.193672,-12.365701],[-41.20795,-12.338872],[-41.222227,-12.284303],[-41.248878,-12.239283],[-41.275053,-12.14879],[-41.355006,-12.168344],[-41.400217,-12.200176],[-41.415446,-12.223368],[-41.411639,-12.247014],[-41.434482,-12.264294],[-41.442097,-12.283393],[-41.442097,-12.309768],[-41.433055,-12.336598],[-41.435434,-12.354333],[-41.424964,-12.378434],[-41.441621,-12.412994],[-41.442573,-12.436186],[-41.457802,-12.445281],[-41.443049,-12.469382],[-41.462085,-12.472565],[-41.484929,-12.488936],[-41.485881,-12.514856],[-41.468748,-12.536229],[-41.478742,-12.548962],[-41.470651,-12.584431],[-41.454946,-12.599438],[-41.444952,-12.622629],[-41.479218,-12.643548],[-41.452091,-12.674015],[-41.437814,-12.70994],[-41.377849,-12.701754],[-41.366903,-12.706756],[-41.336445,-12.694024],[-41.324071,-12.670832],[-41.345487,-12.566242],[-41.305987,-12.550326],[-41.277908,-12.558511],[-41.254589,-12.543959],[-41.21604,-12.529862],[-41.206998,-12.504397],[-41.204618,-12.477113],[-41.169877,-12.447554],[-41.160835,-12.418451],[-41.144654,-12.39344],[-41.158455,-12.386165]]]},"properties":{"cod_ibge":"291930","name":"Lençóis","uf":"BA"}},
{"type":"Feature","geometry":{"type":"Polygon","coordinates":[[[-46.212133,-14.010042],[-46.168826,-13.979574],[-46.121711,-13.977301],[-46.09268,-13.956837],[-46.047945,-13.951835],[-46.034619,-13.936829],[-46.009396,-13.935919],[-45.993691,-13.92546],[-45.975131,-13.899085],[-45.950383,-13.887717],[-45.90422,-13.874984],[-45.881376,-13.842698],[-45.861388,-13.827236],[-45.815701,-13.81314],[-45.783815,-13.785855],[-45.714808,-13.762663],[-45.702911,-13.749476],[-45.67388,-13.739472],[-45.61344,-13.753114],[-45.597735,-13.764028],[-45.533011,-13.767666],[-45.489703,-13.748566],[-45.480185,-13.738562],[-45.43545,-13.731286],[-45.364063,-13.736288],[-45.336936,-13.721282],[-45.301719,-13.734469],[-45.290773,-13.748112],[-45.274592,-13.739472],[-45.240803,-13.744928],[-45.177983,-13.70764],[-45.155139,-13.69809],[-45.128012,-13.671261],[-45.116115,-13.673989],[-44.892437,-13.671261],[-44.723966,-13.586224],[-44.667332,-13.536657],[-44.642585,-13.529836],[-44.619266,-13.54075],[-44.554542,-13.526198],[-44.511234,-13.511192],[-44.502668,-13.467082],[-44.48268,-13.422972],[-44.455077,-13.417061],[-44.430806,-13.432067],[-44.402727,-13.428884],[-44.378932,-13.410694],[-44.338479,-13.416151],[-44.331341,-13.397052],[-44.351329,-13.391141],[-44.368937,-13.397507],[-44.390829,-13.3825],[-44.40701,-13.387957],[-44.436992,-13.380682],[-44.48268,-13.382955],[-44.510758,-13.372951],[-44.523132,-13.355671],[-44.5455,-13.349759],[-44.558825,-13.33066],[-44.560253,-13.275182],[-44.584048,-13.229253],[-44.622597,-13.18287],[-44.644013,-13.167408],[-44.694459,-13.11284],[-44.706833,-13.083281],[-44.721586,-13.050085],[-44.747285,-13.034169],[-44.755376,-13.020527],[-44.778219,-13.010523],[-44.787262,-12.99006],[-44.824858,-12.994607],[-44.876732,-13.013706],[-44.940504,-13.025984],[-44.991902,-13.050995],[-45.034258,-13.060544],[-45.04568,-13.070549],[-45.081373,-13.07646],[-45.117542,-13.09374],[-45.128964,-13.092376],[-45.19464,-13.124663],[-45.239375,-13.132393],[-45.268882,-13.130574],[-45.316948,-13.141488],[-45.324087,-13.149673],[-45.368346,-13.151947],[-45.411178,-13.168318],[-45.444968,-13.153766],[-45.491131,-13.164225],[-45.555855,-13.191964],[-45.609156,-13.185143],[-45.668645,-13.20879],[-45.688157,-13.210154],[-45.730989,-13.23471],[-45.758592,-13.235619],[-45.783815,-13.246988],[-45.827123,-13.253354],[-45.878997,-13.27882],[-45.931347,-13.296555],[-46.201663,-13.46208],[-46.208802,-13.465718],[-46.233073,-13.481634],[-46.225459,-13.50528],[-46.247351,-13.521651],[-46.237356,-13.544388],[-46.241164,-13.571218],[-46.231646,-13.583041],[-46.19976,-13.572582],[-46.165494,-13.593045],[-46.162639,-13.603504],[-46.216416,-13.635791],[-46.256393,-13.683993],[-46.235929,-13.708095],[-46.254489,-13.734924],[-46.223079,-13.765392],[-46.229742,-13.774032],[-46.277333,-13.790857],[-46.264007,-13.807228],[-46.273525,-13.828601],[-46.251634,-13.829055],[-46.232597,-13.848609],[-46.256869,-13.887262],[-46.264007,-13.947288],[-46.254489,-13.967296],[-46.220224,-13.975482],[-46.212133,-14.010042]]]},"properties":{"cod_ibge":"290930","name":"Correntina","uf":"BA"}},
{"type":"Feature","geometry":{"type":"Polygon","coordinates":[[[-42.479103,-15.014109],[-42.473868,-14.96727],[-42.465777,-14.957721],[-42.410096,-14.955447],[-42.38059,-14.947717],[-42.353463,-14.900878],[-42.346324,-14.869046],[-42.178328,-14.819025],[-42.176425,-14.822208],[-42.128834,-14.812659],[-42.088857,-14.825391],[-42.060779,-14.850402],[-42.046501,-14.806747],[-42.056495,-14.780372],[-42.05126,-14.747176],[-42.068393,-14.716708],[-42.053164,-14.691243],[-42.058875,-14.679875],[-42.08743,-14.675327],[-42.117888,-14.645314],[-42.156912,-14.597112],[-42.194985,-14.607571],[-42.216401,-14.599385],[-42.247811,-14.608935],[-42.269227,-14.631217],[-42.285884,-14.625306],[-42.313486,-14.630763],[-42.337282,-14.619394],[-42.356318,-14.62667],[-42.377258,-14.661685],[-42.374879,-14.68806],[-42.382017,-14.706704],[-42.404385,-14.723984],[-42.41771,-14.723984],[-42.42247,-14.749905],[-42.442458,-14.75809],[-42.483862,-14.736717],[-42.491952,-14.750359],[-42.528597,-14.765366],[-42.53526,-14.788103],[-42.529549,-14.806292],[-42.559055,-14.824027],[-42.570001,-14.846764],[-42.573809,-14.873594],[-42.588086,-14.869956],[-42.60855,-14.889055],[-42.618544,-14.939531],[-42.602363,-14.924525],[-42.585706,-14.931801],[-42.560483,-14.962268],[-42.533356,-14.96818],[-42.515748,-14.982732],[-42.479103,-15.014109]]]},"properties":{"cod_ibge":"291740","name":"Jacaraci","uf":"BA"}},
{"type":"Feature","geometry":{"type":"Polygon","coordinates":[[[-38.585691,-13.012797],[-38.52763,-13.010068],[-38.468617,-13.01507],[-38.432448,-12.986422],[-38.384857,-12.955954],[-38.353447,-12.956864],[-38.334887,-12.94504],[-38.304429,-12.910935],[-38.326796,-12.898202],[-38.354875,-12.894564],[-38.353447,-12.839086],[-38.373911,-12.824079],[-38.387713,-12.834538],[-38.390092,-12.853638],[-38.415791,-12.866825],[-38.441014,-12.839541],[-38.463858,-12.829536],[-38.46243,-12.791338],[-38.491461,-12.790883],[-38.503834,-12.779515],[-38.508594,-12.748138],[-38.535244,-12.738588],[-38.58807,-12.734041],[-38.587594,-12.754049],[-38.623764,-12.755868],[-38.69515,-12.754049],[-38.698481,-12.800433],[-38.695626,-12.816349],[-38.674686,-12.845452],[-38.589022,-12.892745],[-38.567606,-12.915027],[-38.560944,-12.932762],[-38.565227,-12.965958],[-38.580456,-12.98915],[-38.585691,-13.012797]]]},"properties":{"cod_ibge":"292740","name":"Salvador","uf":"BA"}},
{"type":"Feature","geometry":{"type":"Polygon","coordinates":[[[-38.722753,-12.924577],[-38.668975,-12.930943],[-38.627571,-12.940493],[-38.617577,-12.932762],[-38.560944,-12.932762],[-38.567606,-12.915027],[-38.589022,-12.892745],[-38.674686,-12.845452],[-38.695626,-12.816349],[-38.698481,-12.800433],[-38.720849,-12.856366],[-38.705144,-12.871372],[-38.708475,-12.901385],[-38.722753,-12.924577]]]},"properties":{"cod_ibge":"291610","name":"Itaparica","uf":"BA"}},
{"type":"Feature","geometry":{"type":"Polygon","coordinates":[[[-39.486587,-11.601283],[-39.430905,-11.582638],[-39.419008,-11.564904],[-39.346669,-11.506242],[-39.285277,-11.374822],[-39.290512,-11.371639],[-39.399495,-11.45713],[-39.442803,-11.461223],[-39.489442,-11.476229],[-39.477068,-11.484869],[-39.536081,-11.569451],[-39.50943,-11.576727],[-39.486587,-11.601283]]]},"properties":{"cod_ibge":"292610","name":"Retirolândia","uf":"BA"}},
{"type":"Feature","geometry":{"type":"Polygon","coordinates":[[[-41.455898,-15.410187],[-41.364048,-15.49295],[-41.362144,-15.495224],[-41.336445,-15.497952],[-41.317885,-15.512504],[-41.304559,-15.508411],[-41.256492,-15.514778],[-41.224131,-15.509776],[-41.214136,-15.495224],[-41.17416,-15.53615],[-41.138467,-15.534786],[-41.13228,-15.524327],[-41.052327,-15.508866],[-41.031387,-15.483401],[-41.034243,-15.472942],[-41.056611,-15.459754],[-41.078502,-15.459299],[-41.097539,-15.422011],[-41.139895,-15.402002],[-41.133232,-15.371989],[-41.144654,-15.34516],[-41.144654,-15.304233],[-41.158455,-15.264671],[-41.147985,-15.231929],[-41.164166,-15.199643],[-41.190341,-15.210102],[-41.273149,-15.189184],[-41.286475,-15.169175],[-41.333114,-15.126884],[-41.339776,-15.120063],[-41.366903,-15.140526],[-41.378801,-15.163718],[-41.413066,-15.164628],[-41.394982,-15.253302],[-41.384988,-15.277858],[-41.405928,-15.282405],[-41.424012,-15.307416],[-41.415446,-15.327879],[-41.434482,-15.34425],[-41.45685,-15.379265],[-41.455898,-15.410187]]]},"properties":{"cod_ibge":"290670","name":"Cândido Sales","uf":"BA"}},
{"type":"Feature","geometry":{"type":"Polygon","coordinates":[[[-40.204257,-10.81822],[-40.190456,-10.835955],[-40.156667,-10.858237],[-40.101937,-10.852326],[-40.057677,-10.857782],[-40.04578,-10.800485],[-40.028171,-10.780022],[-40.036737,-10.765925],[-40.024364,-10.709537],[-40.0039,-10.672248],[-40.015797,-10.666337],[-39.995333,-10.631777],[-40.017701,-10.620863],[-40.142389,-10.638143],[-40.16095,-10.617225],[-40.180462,-10.635414],[-40.195691,-10.63496],[-40.220914,-10.610859],[-40.256132,-10.608585],[-40.280879,-10.621318],[-40.27612,-10.637233],[-40.282307,-10.673158],[-40.257559,-10.732274],[-40.218535,-10.758194],[-40.222818,-10.770472],[-40.204257,-10.81822]]]},"properties":{"cod_ibge":"291085","name":"Filadélfia","uf":"BA"}},
{"type":"Feature","geometry":{"type":"Polygon","coordinates":[[[-39.284325,-13.058725],[-39.262433,-13.058271],[-39.256247,-13.070094],[-39.246253,-13.095105],[-39.22912,-13.096469],[-39.201517,-13.077825],[-39.17439,-13.082372],[-39.152974,-13.040536],[-39.146312,-13.000973],[-39.132034,-12.986876],[-39.108715,-12.996426],[-39.112998,-12.968687],[-39.120137,-12.96323],[-39.154878,-12.966413],[-39.179625,-12.946859],[-39.195806,-12.949133],[-39.223885,-12.939583],[-39.249108,-12.938674],[-39.255295,-12.951407],[-39.27909,-12.951861],[-39.301934,-12.941857],[-39.317163,-12.947769],[-39.326205,-12.977327],[-39.31288,-12.995517],[-39.309548,-13.026894],[-39.319543,-13.04281],[-39.284325,-13.058725]]]},"properties":{"cod_ibge":"292870","name":"Santo Antônio de Jesus","uf":"BA"}},
{"type":"Feature","geometry":{"type":"Polygon","coordinates":[[[-42.244955,-11.94825],[-42.094568,-12.177894],[-42.0979,-12.196993],[-42.088381,-12.227915],[-42.088857,-12.291579],[-42.039839,-12.291124],[-42.058399,-12.245195],[-42.056495,-12.220639],[-42.029369,-12.234281],[-41.985109,-12.291579],[-41.967976,-12.266113],[-41.988916,-12.232008],[-41.9675,-12.223368],[-41.971308,-12.201995],[-41.968928,-12.14106],[-41.976543,-12.107409],[-41.96988,-12.092402],[-41.945133,-12.079215],[-41.951795,-12.066482],[-41.98273,-12.0442],[-41.979398,-12.021008],[-41.949416,-12.022372],[-41.95132,-11.985084],[-41.96179,-11.969622],[-41.9932,-11.965075],[-41.999862,-11.925058],[-41.997007,-11.906868],[-42.024134,-11.893226],[-42.026513,-11.870489],[-42.007001,-11.831836],[-42.021278,-11.815011],[-41.984633,-11.794547],[-41.970832,-11.801369],[-41.967025,-11.761806],[-41.988916,-11.742707],[-42.036507,-11.72861],[-42.068869,-11.72861],[-42.086002,-11.736795],[-42.136448,-11.741343],[-42.360125,-11.714058],[-42.33871,-11.729974],[-42.33633,-11.749073],[-42.310631,-11.769991],[-42.29207,-11.812282],[-42.291119,-11.854118],[-42.25495,-11.923239],[-42.244955,-11.94825]]]},"properties":{"cod_ibge":"290300","name":"Barra do Mendes","uf":"BA"}},
{"type":"Feature","geometry":{"type":"Polygon","coordinates":[[[-39.585576,-10.777293],[-39.591287,-10.795028],[-39.579389,-10.81822],[-39.536557,-10.860511],[-39.53037,-10.888705],[-39.534653,-10.91508],[-39.518473,-10.945093],[-39.479924,-10.950095],[-39.460888,-10.990567],[-39.414724,-11.007847],[-39.356663,-10.991021],[-39.343338,-10.971468],[-39.326205,-10.977834],[-39.327633,-10.965556],[-39.350477,-10.947821],[-39.372368,-10.95055],[-39.373796,-10.865513],[-39.363326,-10.813673],[-39.370465,-10.76547],[-39.444231,-10.769563],[-39.50134,-10.787298],[-39.527039,-10.777293],[-39.585576,-10.777293]]]},"properties":{"cod_ibge":"292265","name":"Nordestina","uf":"BA"}},
{"type":"Feature","geometry":{"type":"Polygon","coordinates":[[[-39.463743,-12.952771],[-39.45708,-12.976872],[-39.443279,-12.993243],[-39.401875,-12.996881],[-39.392833,-13.01507],[-39.34191,-13.056906],[-39.318115,-13.056452],[-39.299078,-13.065547],[-39.284325,-13.058725],[-39.319543,-13.04281],[-39.309548,-13.026894],[-39.31288,-12.995517],[-39.326205,-12.977327],[-39.356188,-12.91912],[-39.350953,-12.90184],[-39.3757,-12.887743],[-39.427098,-12.88365],[-39.445183,-12.853183],[-39.475641,-12.853638],[-39.475641,-12.854092],[-39.478496,-12.863642],[-39.458984,-12.932762],[-39.463743,-12.952771]]]},"properties":{"cod_ibge":"293317","name":"Varzedo","uf":"BA"}},
{"type":"Feature","geometry":{"type":"Polygon","coordinates":[[[-38.968322,-13.67217],[-38.936436,-13.658073],[-38.917399,-13.674444],[-38.898363,-13.665804],[-38.891224,-13.640338],[-38.905502,-13.622603],[-38.901218,-13.601685],[-38.927393,-13.577129],[-38.933104,-13.545752],[-38.916923,-13.483908],[-38.892176,-13.460716],[-38.905502,-13.427065],[-38.905026,-13.386138],[-38.917875,-13.377498],[-38.950713,-13.389776],[-38.967846,-13.387957],[-38.989262,-13.372041],[-39.014485,-13.37386],[-39.041612,-13.388412],[-39.07207,-13.462535],[-39.070642,-13.488],[-39.09301,-13.536657],[-39.08016,-13.563487],[-39.057793,-13.581222],[-39.01972,-13.57531],[-38.998304,-13.5935],[-38.970225,-13.640338],[-38.968322,-13.67217]]]},"properties":{"cod_ibge":"290540","name":"Cairu","uf":"BA"}},
{"type":"Feature","geometry":{"type":"Polygon","coordinates":[[[-41.233649,-10.956916],[-41.241263,-10.991476],[-41.276956,-10.987838],[-41.296945,-11.003754],[-41.313126,-11.041498],[-41.316933,-11.072875],[-41.294565,-11.115165],[-41.259824,-11.120622],[-41.240311,-11.146543],[-41.133708,-11.153364],[-40.9462,-11.285238],[-40.890994,-11.26523],[-40.827698,-11.260228],[-40.745842,-11.266594],[-40.725854,-11.246131],[-40.800571,-11.112892],[-40.916217,-11.023308],[-41.088496,-11.016942],[-41.102774,-11.024672],[-41.134184,-10.995569],[-41.233649,-10.956916]]]},"properties":{"cod_ibge":"293315","name":"Várzea Nova","uf":"BA"}},
{"type":"Feature","geometry":{"type":"Polygon","coordinates":[[[-43.945378,-12.704937],[-43.954897,-12.681746],[-43.978692,-12.675834],[-44.015337,-12.694933],[-44.068163,-12.697207],[-44.083392,-12.645367],[-44.072922,-12.565332],[-44.073874,-12.543959],[-44.101953,-12.503942],[-44.110995,-12.480296],[-44.070543,-12.471201],[-44.043416,-12.441643],[-44.020572,-12.407537],[-44.01962,-12.383436],[-44.004391,-12.347966],[-43.986783,-12.335234],[-43.98821,-12.29749],[-43.955848,-12.267023],[-43.958228,-12.238374],[-44.049603,-12.272479],[-44.061024,-12.257473],[-44.081013,-12.252926],[-44.244249,-12.264749],[-44.267093,-12.289305],[-44.29184,-12.304766],[-44.31278,-12.306585],[-44.320395,-12.362518],[-44.330389,-12.467108],[-44.314684,-12.523496],[-44.233303,-12.570789],[-44.265189,-12.634453],[-44.17905,-12.741317],[-44.129079,-12.758597],[-44.081488,-12.769965],[-44.052934,-12.758142],[-44.021524,-12.754959],[-44.012958,-12.7445],[-43.945378,-12.704937]]]},"properties":{"cod_ibge":"293090","name":"Tabocas do Brejo Velho","uf":"BA"}},
{"type":"Feature","geometry":{"type":"Polygon","coordinates":[[[-42.93312,-12.931853],[-42.882198,-12.930489],[-42.863637,-12.943221],[-42.841745,-12.936855],[-42.82604,-12.949588],[-42.782257,-12.911844],[-42.720389,-12.885469],[-42.680412,-12.900476],[-42.499567,-12.867735],[-42.497663,-12.855457],[-42.530025,-12.82317],[-42.510989,-12.775422],[-42.500994,-12.760871],[-42.501946,-12.739498],[-42.517175,-12.711759],[-42.531929,-12.690841],[-42.573809,-12.687203],[-42.581899,-12.664011],[-42.604267,-12.658554],[-42.610929,-12.636272],[-42.627586,-12.626267],[-42.630442,-12.593981],[-42.655665,-12.519403],[-42.639484,-12.500759],[-42.771787,-12.557602],[-42.825564,-12.56988],[-42.88886,-12.541686],[-42.87839,-12.724491],[-42.887433,-12.796795],[-42.886957,-12.847726],[-42.89124,-12.889107],[-42.93312,-12.931853]]]},"properties":{"cod_ibge":"290410","name":"Boquira","uf":"BA"}},
{"type":"Feature","geometry":{"type":"Polygon","coordinates":[[[-38.833639,-12.36843],[-38.795091,-12.369339],[-38.775103,-12.364337],[-38.656125,-12.372977],[-38.657077,-12.361154],[-38.689915,-12.303402],[-38.711331,-12.312042],[-38.723228,-12.285212],[-38.762729,-12.291579],[-38.789856,-12.329777],[-38.811272,-12.337507],[-38.831736,-12.352514],[-38.833639,-12.36843]]]},"properties":{"cod_ibge":"290850","name":"Conceição do Jacuípe","uf":"BA"}},
{"type":"Feature","geometry":{"type":"Polygon","coordinates":[[[-42.360125,-11.714058],[-42.341565,-11.689957],[-42.353463,-11.675406],[-42.353939,-11.63266],[-42.341089,-11.608104],[-42.342041,-11.593098],[-42.329667,-11.57127],[-42.361553,-11.481231],[-42.355842,-11.466225],[-42.335378,-11.455766],[-42.319673,-11.421206],[-42.300161,-11.403926],[-42.300161,-11.346174],[-42.313962,-11.305247],[-42.326336,-11.289786],[-42.345848,-11.278417],[-42.379162,-11.275689],[-42.426277,-11.285238],[-42.440554,-11.265685],[-42.451024,-11.217027],[-42.476247,-11.17792],[-42.486717,-11.149271],[-42.502422,-11.155637],[-42.516699,-11.129262],[-42.500043,-11.096066],[-42.511464,-11.058323],[-42.522886,-11.054685],[-42.525266,-11.027401],[-42.516224,-11.010575],[-42.538115,-11.005118],[-42.619972,-11.087426],[-42.624731,-11.056504],[-42.636629,-11.037405],[-42.650906,-11.035131],[-42.67137,-11.014668],[-42.722292,-11.003299],[-42.762744,-11.015577],[-42.757985,-11.043771],[-42.790823,-11.058323],[-42.770835,-11.076513],[-42.766076,-11.091519],[-42.785588,-11.116984],[-42.822233,-11.141086],[-42.83889,-11.159275],[-42.832703,-11.198383],[-42.843173,-11.22021],[-42.836034,-11.233853],[-42.837462,-11.271141],[-42.822233,-11.307521],[-42.912656,-11.277053],[-42.836986,-11.52716],[-42.861258,-11.541257],[-42.866969,-11.557173],[-42.864589,-11.599009],[-42.855071,-11.611742],[-42.813667,-11.64994],[-42.8051,-11.673132],[-42.771311,-11.699961],[-42.744184,-11.704964],[-42.747515,-11.730884],[-42.680412,-11.71997],[-42.661852,-11.709056],[-42.643291,-11.718151],[-42.581899,-11.714058],[-42.565242,-11.735886],[-42.538591,-11.739979],[-42.487669,-11.775448],[-42.471964,-11.725427],[-42.445789,-11.75544],[-42.418662,-11.764989],[-42.391535,-11.752711],[-42.363457,-11.756349],[-42.360125,-11.714058]]]},"properties":{"cod_ibge":"291130","name":"Gentio do Ouro","uf":"BA"}},
{"type":"Feature","geometry":{"type":"Polygon","coordinates":[[[-39.899676,-12.874556],[-39.903959,-12.900476],[-39.899676,-12.933672],[-39.87826,-12.936855],[-39.849705,-12.964139],[-39.832097,-12.966413],[-39.801162,-12.984148],[-39.755475,-12.999609],[-39.739294,-13.010068],[-39.71074,-12.975963],[-39.688848,-12.999609],[-39.665052,-12.973234],[-39.672191,-12.959592],[-39.660293,-12.942312],[-39.63745,-12.930034],[-39.666004,-12.915482],[-39.678854,-12.887288],[-39.712643,-12.862278],[-39.727397,-12.876829],[-39.771656,-12.854092],[-39.784982,-12.838176],[-39.799259,-12.84136],[-39.834,-12.820896],[-39.855892,-12.795431],[-39.893965,-12.753595],[-39.92823,-12.817258],[-39.899676,-12.874556]]]},"properties":{"cod_ibge":"292130","name":"Milagres","uf":"BA"}},
{"type":"Feature","geometry":{"type":"Polygon","coordinates":[[[-39.82353,-14.382474],[-39.871597,-14.386112],[-39.890633,-14.380655],[-39.907766,-14.364285],[-39.948218,-14.362921],[-39.982484,-14.321539],[-40.005327,-14.266061],[-40.013418,-14.287888],[-40.054346,-14.283341],[-40.067672,-14.245598],[-40.097654,-14.26697],[-40.098606,-14.302895],[-40.069575,-14.315173],[-40.067672,-14.377472],[-40.040545,-14.387931],[-40.038165,-14.436134],[-40.049111,-14.438407],[-40.059581,-14.486155],[-40.080045,-14.486155],[-40.093847,-14.520715],[-40.076714,-14.537996],[-40.030551,-14.535267],[-39.987719,-14.508437],[-39.982484,-14.492522],[-39.962972,-14.482972],[-39.922519,-14.46842],[-39.902531,-14.435679],[-39.874452,-14.432951],[-39.85732,-14.451595],[-39.837332,-14.44341],[-39.82353,-14.382474]]]},"properties":{"cod_ibge":"291000","name":"Dário Meira","uf":"BA"}},
{"type":"Feature","geometry":{"type":"Polygon","coordinates":[[[-40.235667,-15.803538],[-40.24233,-15.78262],[-40.232336,-15.756699],[-40.198547,-15.759428],[-40.195215,-15.727596],[-40.179034,-15.696674],[-40.184745,-15.68576],[-40.168564,-15.650745],[-40.169992,-15.619368],[-40.133823,-15.596631],[-40.139058,-15.536605],[-40.135727,-15.512504],[-40.165233,-15.52842],[-40.17142,-15.544336],[-40.201878,-15.543881],[-40.235192,-15.525237],[-40.251372,-15.482036],[-40.268505,-15.479308],[-40.269933,-15.514323],[-40.285162,-15.596631],[-40.315144,-15.609818],[-40.322759,-15.582989],[-40.349886,-15.574349],[-40.34703,-15.605271],[-40.332277,-15.629827],[-40.345602,-15.652564],[-40.345127,-15.675756],[-40.354645,-15.702131],[-40.37844,-15.712135],[-40.364163,-15.732598],[-40.374157,-15.758064],[-40.418892,-15.775799],[-40.435549,-15.75579],[-40.449827,-15.761702],[-40.432694,-15.778527],[-40.425079,-15.805811],[-40.377964,-15.818544],[-40.294204,-15.816725],[-40.283734,-15.80854],[-40.235667,-15.803538]]]},"properties":{"cod_ibge":"292000","name":"Maiquinique","uf":"BA"}},
{"type":"Feature","geometry":{"type":"Polygon","coordinates":[[[-42.044598,-11.552171],[-42.043646,-11.57127],[-41.978446,-11.625384],[-41.928952,-11.673132],[-41.923717,-11.738614],[-41.911343,-11.759532],[-41.88612,-11.745436],[-41.860897,-11.709511],[-41.81283,-11.682227],[-41.796173,-11.691321],[-41.775709,-11.682681],[-41.771426,-11.664492],[-41.787131,-11.624475],[-41.84186,-11.54444],[-41.872795,-11.4926],[-41.921813,-11.44849],[-41.941325,-11.415294],[-41.942753,-11.381189],[-41.978446,-11.427572],[-42.007953,-11.45713],[-42.036031,-11.517611],[-42.044598,-11.552171]]]},"properties":{"cod_ibge":"291310","name":"Ibititá","uf":"BA"}},
{"type":"Feature","geometry":{"type":"Polygon","coordinates":[[[-38.212102,-11.351176],[-38.247319,-11.332077],[-38.258265,-11.319799],[-38.30776,-11.310249],[-38.322989,-11.283874],[-38.344881,-11.263866],[-38.373435,-11.263866],[-38.391044,-11.297971],[-38.412936,-11.313887],[-38.410556,-11.328893],[-38.425309,-11.342081],[-38.437207,-11.373003],[-38.432924,-11.39574],[-38.449105,-11.421206],[-38.490033,-11.4494],[-38.488129,-11.46668],[-38.499075,-11.490781],[-38.463382,-11.513518],[-38.427213,-11.54444],[-38.404369,-11.5358],[-38.397707,-11.557628],[-38.356303,-11.589914],[-38.338218,-11.593098],[-38.301573,-11.626294],[-38.291579,-11.586731],[-38.277778,-11.490326],[-38.263976,-11.423934],[-38.241133,-11.386645],[-38.238753,-11.373003],[-38.212102,-11.351176]]]},"properties":{"cod_ibge":"292310","name":"Olindina","uf":"BA"}},
{"type":"Feature","geometry":{"type":"Polygon","coordinates":[[[-39.604612,-17.557926],[-39.532274,-17.578844],[-39.51181,-17.568839],[-39.489918,-17.570204],[-39.465171,-17.592486],[-39.461363,-17.635232],[-39.442803,-17.652512],[-39.39664,-17.650693],[-39.249584,-17.636596],[-39.154402,-17.672975],[-39.137269,-17.684798],[-39.184384,-17.614768],[-39.193903,-17.581117],[-39.187716,-17.570658],[-39.191047,-17.527458],[-39.191523,-17.44606],[-39.242921,-17.424687],[-39.254343,-17.401495],[-39.285277,-17.376484],[-39.28956,-17.365116],[-39.332868,-17.351928],[-39.339531,-17.331465],[-39.356663,-17.33101],[-39.401399,-17.29645],[-39.40711,-17.303726],[-39.46755,-17.268711],[-39.483255,-17.272349],[-39.558925,-17.258252],[-39.56178,-17.285536],[-39.617938,-17.283717],[-39.632215,-17.313275],[-39.629359,-17.352838],[-39.607468,-17.411045],[-39.604612,-17.557926]]]},"properties":{"cod_ibge":"290080","name":"Alcobaça","uf":"BA"}},
{"type":"Feature","geometry":{"type":"Polygon","coordinates":[[[-40.767258,-9.445359],[-40.764878,-9.415801],[-40.742986,-9.403068],[-40.746318,-9.371237],[-40.737276,-9.336676],[-40.756312,-9.314849],[-40.739655,-9.296659],[-40.720143,-9.305754],[-40.708721,-9.286655],[-40.687305,-9.27847],[-40.680166,-9.25937],[-40.693492,-9.231177],[-40.669696,-9.186157],[-40.667317,-9.158873],[-40.684926,-9.1375],[-40.709673,-9.140683],[-40.732516,-9.123858],[-40.75774,-9.118856],[-40.774872,-9.100666],[-40.803903,-9.098392],[-40.821036,-9.079748],[-40.826271,-9.037002],[-40.834361,-9.010627],[-40.85197,-8.980615],[-40.851018,-8.95424],[-40.866247,-8.923317],[-40.881,-8.915587],[-40.895277,-8.889212],[-40.896229,-8.871022],[-40.921452,-8.835552],[-40.959049,-8.841919],[-40.979037,-8.823274],[-41.021393,-8.843738],[-41.031387,-8.835098],[-41.024725,-8.808723],[-41.036146,-8.785986],[-41.10325,-8.780529],[-41.128949,-8.74324],[-41.123238,-8.718684],[-41.131328,-8.704133],[-41.17654,-8.711408],[-41.225082,-8.704587],[-41.237456,-8.718684],[-41.263155,-8.721867],[-41.278384,-8.73551],[-41.305035,-8.727324],[-41.334541,-8.727779],[-41.358337,-8.70777],[-41.381181,-8.707316],[-41.39403,-8.724141],[-41.411163,-8.774163],[-41.424488,-8.802356],[-41.434482,-8.799173],[-41.472079,-8.843283],[-41.487784,-8.843738],[-41.510628,-8.876024],[-41.507296,-8.892395],[-41.523001,-8.903764],[-41.541562,-8.933776],[-41.545845,-8.961516],[-41.570116,-8.955149],[-41.60581,-8.957423],[-41.633412,-8.986072],[-41.669581,-8.990164],[-41.673389,-9.007899],[-41.688618,-9.013811],[-41.723835,-9.013356],[-41.730974,-9.027908],[-41.732877,-9.087933],[-41.742871,-9.103849],[-41.780468,-9.12886],[-41.79998,-9.147959],[-41.79998,-9.165239],[-41.821872,-9.194343],[-41.838053,-9.24209],[-41.85471,-9.240726],[-41.875174,-9.436264],[-41.903253,-9.704561],[-41.839481,-9.7323],[-41.684335,-9.768225],[-41.63722,-9.715475],[-41.614376,-9.699559],[-41.55917,-9.676367],[-41.513007,-9.666363],[-41.476838,-9.671365],[-41.448284,-9.683188],[-41.400217,-9.695012],[-41.345487,-9.683643],[-41.315981,-9.670456],[-41.24745,-9.647264],[-41.212709,-9.622253],[-41.198907,-9.597242],[-41.188913,-9.559954],[-41.143702,-9.495835],[-41.125141,-9.416711],[-41.117527,-9.403523],[-41.067556,-9.403068],[-41.016634,-9.383969],[-40.978561,-9.387607],[-40.953814,-9.398066],[-40.862916,-9.393974],[-40.837692,-9.423077],[-40.794861,-9.445359],[-40.767258,-9.445359]]]},"properties":{"cod_ibge":"290720","name":"Casa Nova","uf":"BA"}},
{"type":"Feature","geometry":{"type":"Polygon","coordinates":[[[-38.527154,-12.275208],[-38.520967,-12.259292],[-38.549522,-12.24474],[-38.586643,-12.193809],[-38.63233,-12.170163],[-38.658029,-12.1929],[-38.678493,-12.220639],[-38.698481,-12.278846],[-38.689915,-12.303402],[-38.657077,-12.361154],[-38.639944,-12.348421],[-38.61948,-12.318863],[-38.601396,-12.32432],[-38.589498,-12.312951],[-38.563323,-12.331141],[-38.532389,-12.342964],[-38.527154,-12.275208]]]},"properties":{"cod_ibge":"293140","name":"Teodoro Sampaio","uf":"BA"}},
{"type":"Feature","geometry":{"type":"Polygon","coordinates":[[[-43.221997,-12.690841],[-43.253883,-12.703573],[-43.280058,-12.74359],[-43.305281,-12.761325],[-43.332884,-12.793157],[-43.347161,-12.821351],[-43.345733,-12.855002],[-43.360486,-12.868189],[-43.394752,-12.873191],[-43.40427,-12.895019],[-43.399987,-12.931853],[-43.409505,-12.980965],[-43.406174,-12.99779],[-43.420927,-13.01598],[-43.45424,-13.039626],[-43.460427,-13.063273],[-43.452813,-13.095105],[-43.463283,-13.133303],[-43.489933,-13.136941],[-43.516584,-13.128755],[-43.545615,-13.151038],[-43.591302,-13.14649],[-43.61129,-13.153766],[-43.618905,-13.175594],[-43.640321,-13.184688],[-43.677918,-13.168773],[-43.696954,-13.171956],[-43.705996,-13.187872],[-43.705044,-13.289733],[-43.629375,-13.268361],[-43.440439,-13.256083],[-43.440915,-13.267906],[-43.466614,-13.33066],[-43.462331,-13.357035],[-43.428065,-13.424791],[-43.450433,-13.542569],[-43.458523,-13.596683],[-43.468042,-13.607597],[-43.484223,-13.658528],[-43.48803,-13.691724],[-43.504687,-13.742655],[-43.538476,-13.773577],[-43.545139,-13.793586],[-43.515633,-13.79404],[-43.490409,-13.828146],[-43.482319,-13.850883],[-43.452337,-13.874984],[-43.439487,-13.876348],[-43.241509,-13.610325],[-43.187731,-13.518923],[-43.162984,-13.441617],[-43.129194,-13.42752],[-43.116345,-13.323839],[-42.960247,-13.333843],[-42.947397,-13.290643],[-42.912656,-13.29519],[-42.923126,-13.246533],[-42.912656,-13.180141],[-42.913608,-13.156949],[-42.971669,-13.095559],[-42.992609,-13.097833],[-43.010217,-13.086919],[-43.029254,-13.093286],[-43.073989,-13.064637],[-43.091598,-13.038262],[-43.1192,-13.025984],[-43.125863,-13.002792],[-43.15299,-12.976417],[-43.164888,-12.976417],[-43.190587,-12.923668],[-43.2239,-12.887743],[-43.245316,-12.889562],[-43.250551,-12.87592],[-43.287672,-12.840905],[-43.218189,-12.734496],[-43.20534,-12.699935],[-43.221997,-12.690841]]]},"properties":{"cod_ibge":"290390","name":"Bom Jesus da Lapa","uf":"BA"}},
{"type":"Feature","geometry":{"type":"Polygon","coordinates":[[[-40.333705,-11.976898],[-40.27612,-12.039652],[-40.266602,-12.060571],[-40.229957,-12.075122],[-40.223294,-12.09695],[-40.161902,-12.100133],[-40.080045,-12.108318],[-40.070051,-12.104226],[-40.050063,-12.125144],[-40.037689,-12.153338],[-40.025316,-12.07103],[-40.028647,-12.055114],[-39.971062,-12.054659],[-39.97249,-12.032377],[-39.96202,-12.022372],[-39.965827,-11.984174],[-39.960116,-11.974625],[-39.97011,-11.955071],[-39.995809,-11.937336],[-40.028171,-11.903685],[-40.047683,-11.871399],[-40.038165,-11.850026],[-40.054346,-11.840931],[-40.07481,-11.847297],[-40.161426,-11.849116],[-40.192836,-11.828198],[-40.29706,-11.810009],[-40.314668,-11.823651],[-40.334181,-11.820013],[-40.356548,-11.829562],[-40.349886,-11.857756],[-40.32609,-11.886405],[-40.293728,-11.894136],[-40.274692,-11.908233],[-40.302295,-11.960073],[-40.333705,-11.976898]]]},"properties":{"cod_ibge":"290260","name":"Baixa Grande","uf":"BA"}},
{"type":"Feature","geometry":{"type":"Polygon","coordinates":[[[-39.364278,-14.450231],[-39.372844,-14.479334],[-39.390453,-14.514349],[-39.384266,-14.526172],[-39.400447,-14.55573],[-39.372844,-14.562097],[-39.358091,-14.578922],[-39.364754,-14.608935],[-39.347145,-14.621668],[-39.271952,-14.638038],[-39.194378,-14.609845],[-39.182005,-14.594383],[-39.17677,-14.568918],[-39.141553,-14.542088],[-39.14536,-14.52981],[-39.073498,-14.520261],[-39.041612,-14.497978],[-39.034473,-14.515259],[-39.017816,-14.418399],[-39.042563,-14.419763],[-39.049702,-14.406121],[-39.074449,-14.427039],[-39.091106,-14.432041],[-39.131558,-14.488884],[-39.322874,-14.45978],[-39.364278,-14.450231]]]},"properties":{"cod_ibge":"293270","name":"Uruçuca","uf":"BA"}},
{"type":"Feature","geometry":{"type":"Polygon","coordinates":[[[-38.687059,-12.726765],[-38.609962,-12.72631],[-38.58807,-12.734041],[-38.535244,-12.738588],[-38.533341,-12.727675],[-38.557136,-12.699026],[-38.550474,-12.660828],[-38.560944,-12.63036],[-38.579504,-12.631724],[-38.620908,-12.554418],[-38.641372,-12.570334],[-38.651366,-12.553964],[-38.686108,-12.557147],[-38.696578,-12.591252],[-38.717993,-12.614899],[-38.718469,-12.641729],[-38.685156,-12.684474],[-38.687059,-12.726765]]]},"properties":{"cod_ibge":"292920","name":"São Francisco do Conde","uf":"BA"}},
{"type":"Feature","geometry":{"type":"Polygon","coordinates":[[[-38.375815,-12.677198],[-38.350116,-12.638545],[-38.313947,-12.622629],[-38.287772,-12.634907],[-38.259217,-12.633089],[-38.219241,-12.642638],[-38.203536,-12.624903],[-38.181644,-12.615808],[-38.175933,-12.597164],[-38.131674,-12.602621],[-38.138336,-12.576701],[-38.162132,-12.563968],[-38.178313,-12.541231],[-38.199253,-12.566242],[-38.214958,-12.566696],[-38.251603,-12.577155],[-38.25303,-12.600347],[-38.279205,-12.611261],[-38.304429,-12.596255],[-38.320609,-12.577155],[-38.346309,-12.574427],[-38.354875,-12.535774],[-38.378194,-12.538503],[-38.386761,-12.556692],[-38.367249,-12.590343],[-38.393424,-12.608987],[-38.399134,-12.660373],[-38.375815,-12.677198]]]},"properties":{"cod_ibge":"291005","name":"Dias d'Ávila","uf":"BA"}},
{"type":"Feature","geometry":{"type":"Polygon","coordinates":[[[-39.044467,-12.649004],[-39.073498,-12.653552],[-39.114426,-12.638091],[-39.124896,-12.645367],[-39.177246,-12.629905],[-39.211511,-12.64855],[-39.144884,-12.719489],[-39.144408,-12.741317],[-39.057793,-12.729948],[-39.048274,-12.711304],[-39.053033,-12.686293],[-39.044467,-12.649004]]]},"properties":{"cod_ibge":"290980","name":"Cruz das Almas","uf":"BA"}},
{"type":"Feature","geometry":{"type":"Polygon","coordinates":[[[-42.625683,-13.404783],[-42.676605,-13.377498],[-42.653285,-13.334753],[-42.679936,-13.325658],[-42.682316,-13.26927],[-42.608074,-13.246533],[-42.609978,-13.228798],[-42.522886,-13.220613],[-42.502422,-13.18287],[-42.444361,-13.184688],[-42.43294,-13.167863],[-42.432464,-13.141488],[-42.40153,-13.136486],[-42.390108,-13.105564],[-42.391535,-13.0851],[-42.37012,-13.059635],[-42.381065,-13.048266],[-42.413903,-13.025984],[-42.412951,-13.011887],[-42.426753,-12.965958],[-42.458163,-12.940493],[-42.462922,-12.913209],[-42.48053,-12.906387],[-42.499567,-12.867735],[-42.680412,-12.900476],[-42.720389,-12.885469],[-42.782257,-12.911844],[-42.82604,-12.949588],[-42.841745,-12.936855],[-42.863637,-12.943221],[-42.882198,-12.930489],[-42.93312,-12.931853],[-42.973096,-12.951861],[-42.980711,-12.970961],[-42.974524,-13.027348],[-42.954536,-13.06009],[-42.935499,-13.07737],[-42.925981,-13.12921],[-42.910276,-13.138305],[-42.903614,-13.160133],[-42.912656,-13.180141],[-42.923126,-13.246533],[-42.912656,-13.29519],[-42.799389,-13.352942],[-42.781781,-13.363856],[-42.768455,-13.404783],[-42.717533,-13.430248],[-42.686599,-13.46208],[-42.680412,-13.478451],[-42.625683,-13.404783]]]},"properties":{"cod_ibge":"291980","name":"Macaúbas","uf":"BA"}},
{"type":"Feature","geometry":{"type":"Polygon","coordinates":[[[-42.075532,-11.029674],[-42.048881,-11.062416],[-42.016043,-11.112437],[-41.986061,-11.143359],[-41.95703,-11.153818],[-41.926096,-11.181558],[-41.898494,-11.128353],[-41.856138,-11.116075],[-41.813306,-11.020125],[-41.752865,-10.94009],[-41.712889,-10.937817],[-41.644834,-10.912806],[-41.652925,-10.885522],[-41.671961,-10.869151],[-41.694329,-10.88916],[-41.697184,-10.863239],[-41.662919,-10.811399],[-41.69528,-10.793209],[-41.713841,-10.741369],[-41.731925,-10.714539],[-41.744299,-10.708173],[-41.769046,-10.72227],[-41.821872,-10.697714],[-42.088857,-10.932815],[-42.075532,-11.029674]]]},"properties":{"cod_ibge":"291850","name":"Jussara","uf":"BA"}},
{"type":"Feature","geometry":{"type":"Polygon","coordinates":[[[-38.546666,-10.56402],[-38.569986,-10.545376],[-38.5776,-10.529915],[-38.612818,-10.546285],[-38.628523,-10.513999],[-38.656125,-10.484895],[-38.679921,-10.487169],[-38.700861,-10.505814],[-38.705144,-10.56493],[-38.728939,-10.586757],[-38.740361,-10.606766],[-38.774627,-10.62541],[-38.777482,-10.645419],[-38.748928,-10.639052],[-38.740361,-10.647238],[-38.740361,-10.694076],[-38.733223,-10.717722],[-38.703716,-10.725908],[-38.677065,-10.726817],[-38.666119,-10.707718],[-38.63233,-10.717268],[-38.589498,-10.699533],[-38.571889,-10.674977],[-38.556184,-10.612677],[-38.559516,-10.599035],[-38.546666,-10.56402]]]},"properties":{"cod_ibge":"290265","name":"Banzaê","uf":"BA"}},
{"type":"Feature","geometry":{"type":"Polygon","coordinates":[[[-41.434958,-11.006483],[-41.427344,-10.994205],[-41.43829,-10.977379],[-41.461133,-10.976015],[-41.482073,-10.987838],[-41.508248,-10.969194],[-41.539658,-10.96783],[-41.56155,-10.941],[-41.567261,-10.903711],[-41.589153,-10.884612],[-41.640551,-10.856418],[-41.657208,-10.838229],[-41.662919,-10.811399],[-41.697184,-10.863239],[-41.694329,-10.88916],[-41.671961,-10.869151],[-41.652925,-10.885522],[-41.644834,-10.912806],[-41.712889,-10.937817],[-41.752865,-10.94009],[-41.813306,-11.020125],[-41.856138,-11.116075],[-41.898494,-11.128353],[-41.926096,-11.181558],[-41.941801,-11.228396],[-41.87803,-11.261137],[-41.830439,-11.250678],[-41.766667,-11.227486],[-41.740016,-11.223394],[-41.717172,-11.197473],[-41.648165,-11.16837],[-41.633412,-11.139721],[-41.606761,-11.145178],[-41.597719,-11.122441],[-41.565357,-11.096521],[-41.525381,-11.091974],[-41.497778,-11.058323],[-41.434958,-11.006483]]]},"properties":{"cod_ibge":"292925","name":"São Gabriel","uf":"BA"}},
{"type":"Feature","geometry":{"type":"Polygon","coordinates":[[[-40.660178,-14.462963],[-40.494086,-14.448866],[-40.448399,-14.463873],[-40.432218,-14.448412],[-40.405567,-14.450231],[-40.398428,-14.394298],[-40.426031,-14.383384],[-40.505032,-14.337455],[-40.540725,-14.317447],[-40.586412,-14.311535],[-40.634955,-14.298802],[-40.676835,-14.330179],[-40.677311,-14.309261],[-40.699679,-14.298802],[-40.706341,-14.328815],[-40.735372,-14.33791],[-40.706817,-14.362921],[-40.720143,-14.384293],[-40.721095,-14.426129],[-40.704914,-14.444319],[-40.660178,-14.462963]]]},"properties":{"cod_ibge":"290395","name":"Bom Jesus da Serra","uf":"BA"}},
{"type":"Feature","geometry":{"type":"Polygon","coordinates":[[[-39.976773,-14.959085],[-39.910146,-15.033662],[-39.897772,-15.033662],[-39.884922,-15.013199],[-39.862555,-14.978184],[-39.881591,-14.866318],[-39.874928,-14.817661],[-39.905862,-14.811294],[-39.921092,-14.846764],[-39.940604,-14.855404],[-39.937748,-14.877687],[-39.944411,-14.909518],[-39.976773,-14.959085]]]},"properties":{"cod_ibge":"291090","name":"Firmino Alves","uf":"BA"}},
{"type":"Feature","geometry":{"type":"Polygon","coordinates":[[[-39.50134,-15.817635],[-39.484207,-15.839007],[-39.468026,-15.834005],[-39.455653,-15.812178],[-39.435188,-15.792624],[-39.427098,-15.803538],[-39.399019,-15.793988],[-39.387122,-15.824911],[-39.368085,-15.826275],[-39.355712,-15.849921],[-39.317639,-15.824911],[-39.32335,-15.797626],[-39.339055,-15.773525],[-39.341434,-15.749878],[-39.368085,-15.73851],[-39.36285,-15.708952],[-39.332392,-15.678029],[-39.324778,-15.661659],[-39.298127,-15.64256],[-39.261958,-15.633465],[-39.308121,-15.611637],[-39.331916,-15.627099],[-39.344766,-15.617094],[-39.307645,-15.595721],[-39.278614,-15.557068],[-39.305265,-15.548428],[-39.303838,-15.532513],[-39.364278,-15.486129],[-39.364278,-15.472032],[-39.419483,-15.464301],[-39.435188,-15.487948],[-39.433761,-15.523418],[-39.404254,-15.557523],[-39.445658,-15.581624],[-39.464695,-15.579351],[-39.488966,-15.556614],[-39.510858,-15.600724],[-39.525135,-15.614366],[-39.537509,-15.62528],[-39.544172,-15.665751],[-39.535605,-15.681213],[-39.538937,-15.716228],[-39.530846,-15.730325],[-39.536557,-15.751697],[-39.567491,-15.77307],[-39.562732,-15.800809],[-39.524659,-15.818089],[-39.50134,-15.817635]]]},"properties":{"cod_ibge":"292090","name":"Mascote","uf":"BA"}},
{"type":"Feature","geometry":{"type":"Polygon","coordinates":[[[-40.270409,-10.500811],[-40.248517,-10.517182],[-40.16095,-10.617225],[-40.142389,-10.638143],[-40.017701,-10.620863],[-39.947742,-10.549469],[-39.972966,-10.510361],[-40.011514,-10.484895],[-40.005327,-10.472617],[-40.029123,-10.446697],[-40.021032,-10.392128],[-40.048635,-10.373484],[-40.057677,-10.323008],[-40.092419,-10.328465],[-40.124305,-10.343926],[-40.136202,-10.323917],[-40.17142,-10.358023],[-40.20045,-10.343016],[-40.209968,-10.323463],[-40.231384,-10.370756],[-40.248517,-10.377577],[-40.251372,-10.39804],[-40.242806,-10.445788],[-40.23424,-10.462613],[-40.245186,-10.483531],[-40.270409,-10.500811]]]},"properties":{"cod_ibge":"293010","name":"Senhor do Bonfim","uf":"BA"}},
{"type":"Feature","geometry":{"type":"Polygon","coordinates":[[[-39.419008,-15.011835],[-39.447086,-15.035027],[-39.5199,-15.075953],[-39.535129,-15.057309],[-39.555593,-15.076863],[-39.569871,-15.047305],[-39.568919,-15.083229],[-39.585576,-15.141436],[-39.567967,-15.147802],[-39.574154,-15.172813],[-39.567015,-15.192367],[-39.592714,-15.241933],[-39.593666,-15.273311],[-39.578913,-15.287408],[-39.572726,-15.282405],[-39.571298,-15.231474],[-39.557973,-15.221925],[-39.542744,-15.241933],[-39.489442,-15.246026],[-39.481828,-15.210102],[-39.459936,-15.205554],[-39.454225,-15.174632],[-39.459936,-15.155078],[-39.429953,-15.16008],[-39.406158,-15.133251],[-39.403303,-15.096417],[-39.391881,-15.079136],[-39.408538,-15.062311],[-39.412345,-15.033208],[-39.419008,-15.011835]]]},"properties":{"cod_ibge":"291855","name":"Jussari","uf":"BA"}},
{"type":"Feature","geometry":{"type":"Polygon","coordinates":[[[-39.740722,-13.775851],[-39.701697,-13.7854],[-39.688848,-13.807683],[-39.700746,-13.835422],[-39.695511,-13.863161],[-39.679806,-13.871346],[-39.660293,-13.848609],[-39.640305,-13.78631],[-39.620317,-13.771303],[-39.621745,-13.757661],[-39.597949,-13.719463],[-39.609371,-13.702638],[-39.643637,-13.691269],[-39.684089,-13.711278],[-39.713595,-13.734924],[-39.740722,-13.775851]]]},"properties":{"cod_ibge":"291570","name":"Itamari","uf":"BA"}},
{"type":"Feature","geometry":{"type":"Polygon","coordinates":[[[-41.806643,-14.870865],[-41.770474,-14.882689],[-41.743823,-14.866318],[-41.722407,-14.889965],[-41.686714,-14.912702],[-41.641503,-14.917249],[-41.63246,-14.901333],[-41.620563,-14.864044],[-41.609141,-14.874049],[-41.568213,-14.855404],[-41.567737,-14.834031],[-41.545845,-14.814478],[-41.552984,-14.789012],[-41.565357,-14.785829],[-41.58487,-14.728986],[-41.587249,-14.69579],[-41.610093,-14.609845],[-41.655304,-14.578013],[-41.664822,-14.544817],[-41.652449,-14.515259],[-41.637695,-14.509347],[-41.655304,-14.490248],[-41.693853,-14.475696],[-41.793318,-14.467966],[-41.811402,-14.485246],[-41.799505,-14.503435],[-41.809023,-14.532993],[-41.854234,-14.534358],[-41.873746,-14.568918],[-41.860421,-14.581651],[-41.845192,-14.576194],[-41.868035,-14.648043],[-41.876126,-14.692152],[-41.894686,-14.704885],[-41.90706,-14.730805],[-41.900873,-14.738991],[-41.876126,-14.761273],[-41.86756,-14.779463],[-41.829011,-14.794014],[-41.806643,-14.870865]]]},"properties":{"cod_ibge":"292570","name":"Presidente Jânio Quadros","uf":"BA"}},
{"type":"Feature","geometry":{"type":"Polygon","coordinates":[[[-41.809975,-12.153338],[-41.783324,-12.160613],[-41.769046,-12.195174],[-41.742871,-12.23701],[-41.765239,-12.272479],[-41.756673,-12.30613],[-41.728594,-12.369339],[-41.665774,-12.382527],[-41.618183,-12.380253],[-41.54061,-12.357061],[-41.524905,-12.357061],[-41.508248,-12.374796],[-41.479218,-12.370703],[-41.452567,-12.382527],[-41.441621,-12.412994],[-41.424964,-12.378434],[-41.435434,-12.354333],[-41.433055,-12.336598],[-41.442097,-12.309768],[-41.442097,-12.283393],[-41.434482,-12.264294],[-41.411639,-12.247014],[-41.415446,-12.223368],[-41.400217,-12.200176],[-41.355006,-12.168344],[-41.41735,-12.145152],[-41.468748,-12.107864],[-41.487308,-12.118323],[-41.604382,-12.144697],[-41.77095,-12.138331],[-41.809975,-12.153338]]]},"properties":{"cod_ibge":"291440","name":"Iraquara","uf":"BA"}},
{"type":"Feature","geometry":{"type":"Polygon","coordinates":[[[-43.384758,-10.23979],[-43.279106,-10.237062],[-42.941686,-10.40668],[-42.61902,-10.568568],[-42.587134,-10.544921],[-42.577616,-10.514908],[-42.579995,-10.49399],[-42.570001,-10.470344],[-42.505754,-10.414411],[-42.491952,-10.408499],[-42.46435,-10.382124],[-42.454355,-10.344381],[-42.458639,-10.31073],[-42.437223,-10.272077],[-42.404861,-10.252978],[-42.405337,-10.185222],[-42.41771,-10.150661],[-42.435319,-10.130198],[-42.414855,-10.079267],[-42.392963,-10.051983],[-42.35489,-10.032429],[-42.292546,-10.053347],[-42.257805,-10.054256],[-42.226395,-10.028791],[-42.31301,-9.944209],[-42.3468,-9.924655],[-42.355366,-9.910104],[-42.392963,-9.914196],[-42.404861,-9.895097],[-42.433891,-9.887367],[-42.452452,-9.872815],[-42.476247,-9.876908],[-42.506705,-9.858718],[-42.523362,-9.812335],[-42.590465,-9.745033],[-42.618544,-9.721387],[-42.663755,-9.735483],[-42.663755,-9.714565],[-42.685647,-9.659542],[-42.706587,-9.645445],[-42.718009,-9.652266],[-42.766552,-9.725024],[-42.837462,-9.746397],[-42.916939,-9.826886],[-43.058284,-9.766861],[-43.183448,-9.72457],[-43.377143,-9.7323],[-43.407601,-9.624527],[-43.470421,-9.529941],[-43.490885,-9.480829],[-43.492789,-9.457182],[-43.511349,-9.428989],[-43.545139,-9.409889],[-43.563223,-9.387152],[-43.606055,-9.351683],[-43.62176,-9.371691],[-43.689339,-9.419894],[-43.751208,-9.433991],[-43.782142,-9.452635],[-43.785949,-9.457637],[-43.799274,-9.479465],[-43.816407,-9.491743],[-43.837823,-9.525393],[-43.852576,-9.562227],[-43.84163,-9.585874],[-43.842106,-9.63726],[-43.828305,-9.647264],[-43.794515,-9.705016],[-43.797847,-9.727753],[-43.784997,-9.762313],[-43.763581,-9.77641],[-43.69743,-9.804149],[-43.665068,-9.823703],[-43.652694,-9.843712],[-43.665068,-9.85599],[-43.677442,-9.886457],[-43.69505,-9.892369],[-43.708852,-9.913287],[-43.692671,-9.925565],[-43.690291,-9.941481],[-43.702665,-9.961035],[-43.696954,-9.974222],[-43.665068,-9.991048],[-43.669351,-10.03061],[-43.690291,-10.044707],[-43.692671,-10.059259],[-43.698858,-10.077903],[-43.719798,-10.072446],[-43.759298,-10.07472],[-43.773099,-10.098821],[-43.765961,-10.120648],[-43.770244,-10.151116],[-43.784997,-10.191588],[-43.837347,-10.250249],[-43.836871,-10.30209],[-43.894932,-10.354385],[-43.915872,-10.393038],[-43.77072,-10.393038],[-43.725984,-10.356204],[-43.682201,-10.373939],[-43.661261,-10.373939],[-43.654122,-10.3462],[-43.664592,-10.326191],[-43.650791,-10.305728],[-43.632706,-10.303454],[-43.623188,-10.282991],[-43.596061,-10.267984],[-43.583688,-10.248431],[-43.553229,-10.252068],[-43.541808,-10.244793],[-43.50659,-10.248885],[-43.468042,-10.234788],[-43.384758,-10.23979]]]},"properties":{"cod_ibge":"292440","name":"Pilão Arcado","uf":"BA"}},
{"type":"Feature","geometry":{"type":"Polygon","coordinates":[[[-39.569395,-13.477541],[-39.539413,-13.513011],[-39.516569,-13.504826],[-39.495629,-13.531655],[-39.444231,-13.510283],[-39.407586,-13.524379],[-39.391881,-13.54075],[-39.370941,-13.543933],[-39.374272,-13.582586],[-39.349049,-13.573491],[-39.34191,-13.538022],[-39.302886,-13.485272],[-39.305741,-13.464808],[-39.324778,-13.439343],[-39.311928,-13.390686],[-39.295747,-13.376589],[-39.344766,-13.371587],[-39.361423,-13.354761],[-39.410917,-13.327022],[-39.446134,-13.367949],[-39.465171,-13.367494],[-39.484683,-13.380227],[-39.488014,-13.402054],[-39.546075,-13.450257],[-39.569395,-13.477541]]]},"properties":{"cod_ibge":"292575","name":"Presidente Tancredo Neves","uf":"BA"}},
{"type":"Feature","geometry":{"type":"Polygon","coordinates":[[[-40.725854,-11.246131],[-40.685877,-11.21157],[-40.612587,-11.275234],[-40.582129,-11.30843],[-40.54596,-11.304337],[-40.50646,-11.371639],[-40.482664,-11.386191],[-40.456013,-11.382553],[-40.442212,-11.358452],[-40.413657,-11.364363],[-40.394145,-11.384372],[-40.31562,-11.348447],[-40.318476,-11.333896],[-40.272788,-11.337079],[-40.209492,-11.330712],[-40.188077,-11.338898],[-40.124781,-11.314342],[-40.1086,-11.303428],[-40.083852,-11.252042],[-40.110027,-11.245676],[-40.144769,-11.182012],[-40.169992,-11.188379],[-40.208065,-11.184286],[-40.259463,-11.192471],[-40.278023,-11.20384],[-40.302295,-11.20293],[-40.318,-11.217937],[-40.345127,-11.228851],[-40.364639,-11.212025],[-40.411754,-11.217027],[-40.452206,-11.189743],[-40.481712,-11.049228],[-40.529303,-11.015577],[-40.54834,-11.019215],[-40.584509,-10.990112],[-40.687781,-10.941909],[-40.704438,-10.952823],[-40.722522,-10.943728],[-40.708245,-10.916899],[-40.759167,-10.87961],[-40.773921,-10.854599],[-40.795336,-10.849142],[-40.81009,-10.834136],[-40.820084,-10.804578],[-40.835789,-10.79139],[-40.889566,-10.802304],[-40.930019,-10.77502],[-40.925736,-10.797757],[-40.908127,-10.816401],[-40.901464,-10.859601],[-40.878145,-10.896435],[-40.88338,-10.919172],[-40.904796,-10.944183],[-40.898609,-10.964646],[-40.924308,-10.991931],[-40.916217,-11.023308],[-40.800571,-11.112892],[-40.725854,-11.246131]]]},"properties":{"cod_ibge":"291750","name":"Jacobina","uf":"BA"}},
{"type":"Feature","geometry":{"type":"Polygon","coordinates":[[[-38.898363,-11.978717],[-38.91502,-11.899592],[-38.928345,-11.872308],[-38.935484,-11.838203],[-38.97784,-11.815466],[-38.992117,-11.809099],[-39.065883,-11.829562],[-39.056365,-11.848207],[-39.026383,-11.86867],[-39.014485,-11.912325],[-39.043515,-11.934607],[-39.058744,-11.976898],[-39.054461,-12.005092],[-39.062552,-12.02601],[-39.041612,-12.05284],[-39.020196,-12.058752],[-38.980695,-12.054659],[-38.970701,-12.024646],[-38.941195,-12.02692],[-38.920731,-12.016006],[-38.90455,-12.027829],[-38.898363,-11.978717]]]},"properties":{"cod_ibge":"292750","name":"Santa Bárbara","uf":"BA"}},
{"type":"Feature","geometry":{"type":"Polygon","coordinates":[[[-39.419008,-15.011835],[-39.393308,-14.973182],[-39.378079,-14.935893],[-39.374272,-14.908154],[-39.359043,-14.876322],[-39.36523,-14.851312],[-39.401875,-14.852221],[-39.405206,-14.837215],[-39.477068,-14.851312],[-39.471358,-14.890874],[-39.495629,-14.908609],[-39.520852,-14.894057],[-39.527515,-14.90679],[-39.560828,-14.919068],[-39.565112,-14.907699],[-39.603184,-14.904061],[-39.638402,-14.917249],[-39.648872,-14.930436],[-39.678378,-14.938622],[-39.659817,-14.947717],[-39.644588,-14.970454],[-39.596522,-14.990917],[-39.594142,-15.006378],[-39.569871,-15.047305],[-39.555593,-15.076863],[-39.535129,-15.057309],[-39.5199,-15.075953],[-39.447086,-15.035027],[-39.419008,-15.011835]]]},"properties":{"cod_ibge":"291620","name":"Itapé","uf":"BA"}},
{"type":"Feature","geometry":{"type":"Polygon","coordinates":[[[-46.080782,-11.62402],[-46.053656,-11.618563],[-45.960853,-11.626748],[-45.923732,-11.633569],[-45.881376,-11.648576],[-45.856629,-11.645393],[-45.840924,-11.655852],[-45.82284,-11.686774],[-45.741459,-11.721789],[-45.728134,-11.732703],[-45.699103,-11.73725],[-45.679115,-11.749983],[-45.669121,-11.769991],[-45.591548,-11.789091],[-45.522065,-11.770901],[-45.473998,-11.766354],[-45.449727,-11.778177],[-45.407847,-11.776813],[-45.370726,-11.748619],[-45.322659,-11.731339],[-45.300292,-11.741798],[-45.279352,-11.742252],[-45.246514,-11.771356],[-45.177031,-11.815011],[-45.169417,-11.845024],[-45.146573,-11.854118],[-45.09803,-11.857302],[-45.067572,-11.871399],[-45.031879,-11.903685],[-44.97239,-11.982355],[-44.965727,-12.000545],[-44.930034,-12.006002],[-44.912902,-12.010549],[-44.880064,-11.983265],[-44.869594,-11.940974],[-44.854365,-11.93961],[-44.828666,-11.909142],[-44.819623,-11.881403],[-44.753472,-11.865942],[-44.729677,-11.846843],[-44.727773,-11.830017],[-44.696839,-11.80728],[-44.677802,-11.766354],[-44.662097,-11.748164],[-44.643061,-11.726336],[-44.642109,-11.708602],[-44.661622,-11.687229],[-44.674947,-11.661309],[-44.685417,-11.65949],[-44.685417,-11.408018],[-44.71302,-11.39665],[-44.771081,-11.422115],[-44.792497,-11.417113],[-44.819147,-11.384372],[-44.839136,-11.385281],[-44.856744,-11.358452],[-44.872449,-11.346628],[-44.909094,-11.353449],[-44.944312,-11.341171],[-44.982384,-11.383008],[-44.992854,-11.362089],[-45.029499,-11.362089],[-45.05853,-11.401197],[-45.078042,-11.394376],[-45.127061,-11.401652],[-45.184646,-11.402561],[-45.198447,-11.414839],[-45.229857,-11.42257],[-45.256984,-11.420751],[-45.275544,-11.398014],[-45.319328,-11.397104],[-45.333605,-11.389829],[-45.38072,-11.383917],[-45.447347,-11.417568],[-45.557282,-11.477139],[-45.632,-11.493509],[-45.648181,-11.442578],[-45.658651,-11.437122],[-45.700531,-11.448945],[-45.720043,-11.459859],[-45.772869,-11.462132],[-45.853774,-11.490781],[-45.873762,-11.523522],[-45.913262,-11.534436],[-45.965612,-11.531253],[-45.993215,-11.541257],[-46.004637,-11.563994],[-46.024149,-11.552171],[-46.109337,-11.559447],[-46.112668,-11.60583],[-46.080782,-11.62402]]]},"properties":{"cod_ibge":"292620","name":"Riachão das Neves","uf":"BA"}},
{"type":"Feature","geometry":{"type":"Polygon","coordinates":[[[-39.585576,-10.777293],[-39.527039,-10.777293],[-39.50134,-10.787298],[-39.444231,-10.769563],[-39.370465,-10.76547],[-39.363326,-10.813673],[-39.373796,-10.865513],[-39.372368,-10.95055],[-39.350477,-10.947821],[-39.327633,-10.965556],[-39.326205,-10.977834],[-39.307169,-10.989657],[-39.278138,-10.987383],[-39.231975,-11.000571],[-39.211035,-10.998297],[-39.213891,-10.970558],[-39.231499,-10.954187],[-39.241018,-10.925539],[-39.224361,-10.896435],[-39.237686,-10.818675],[-39.254819,-10.742278],[-39.271476,-10.696804],[-39.270524,-10.677705],[-39.350953,-10.655423],[-39.367609,-10.654514],[-39.432809,-10.619499],[-39.46755,-10.57357],[-39.482779,-10.568568],[-39.525611,-10.570841],[-39.554166,-10.581755],[-39.594142,-10.554016],[-39.645064,-10.543102],[-39.768325,-10.538555],[-39.755951,-10.599945],[-39.744053,-10.64269],[-39.724065,-10.659516],[-39.69789,-10.670884],[-39.69789,-10.703171],[-39.709312,-10.719541],[-39.683137,-10.76547],[-39.681709,-10.785934],[-39.585576,-10.777293]]]},"properties":{"cod_ibge":"290680","name":"Cansanção","uf":"BA"}},
{"type":"Feature","geometry":{"type":"Polygon","coordinates":[[[-43.450433,-13.542569],[-43.428065,-13.424791],[-43.462331,-13.357035],[-43.466614,-13.33066],[-43.440915,-13.267906],[-43.440439,-13.256083],[-43.629375,-13.268361],[-43.705044,-13.289733],[-43.705996,-13.187872],[-43.732171,-13.191964],[-43.736454,-13.207425],[-43.755491,-13.206061],[-43.772148,-13.219249],[-43.804509,-13.219703],[-43.857335,-13.261994],[-43.863522,-13.30383],[-43.893028,-13.364311],[-43.891601,-13.381591],[-43.907782,-13.430703],[-43.895408,-13.472994],[-43.821642,-13.489364],[-43.805937,-13.503461],[-43.814503,-13.524834],[-43.835443,-13.521651],[-43.858763,-13.564397],[-43.880655,-13.588043],[-43.878751,-13.604868],[-43.916824,-13.634427],[-43.933005,-13.656254],[-43.814503,-13.708549],[-43.586543,-13.806318],[-43.59273,-13.763118],[-43.558464,-13.736743],[-43.54847,-13.712187],[-43.560368,-13.658983],[-43.556561,-13.644431],[-43.509446,-13.575765],[-43.471373,-13.568944],[-43.450433,-13.542569]]]},"properties":{"cod_ibge":"293015","name":"Serra do Ramalho","uf":"BA"}},
{"type":"Feature","geometry":{"type":"Polygon","coordinates":[[[-41.437814,-12.70994],[-41.410687,-12.802252],[-41.380229,-12.880012],[-41.355957,-12.890472],[-41.349295,-12.909571],[-41.329782,-12.931398],[-41.319312,-12.960956],[-41.315029,-12.992333],[-41.2998,-13.055542],[-41.255541,-13.096924],[-41.252209,-13.121025],[-41.229841,-13.12921],[-41.179871,-13.127846],[-41.151316,-13.107383],[-41.16607,-13.075096],[-41.191769,-12.985967],[-41.204142,-12.959592],[-41.225558,-12.935946],[-41.232697,-12.912299],[-41.222703,-12.891836],[-41.233173,-12.858185],[-41.259824,-12.807254],[-41.224606,-12.80589],[-41.206998,-12.784062],[-41.185582,-12.785881],[-41.149413,-12.745409],[-41.148937,-12.710849],[-41.046616,-12.689022],[-41.007592,-12.621265],[-40.978561,-12.565787],[-40.982845,-12.557602],[-40.97761,-12.516675],[-40.963332,-12.493029],[-40.980941,-12.460287],[-41.051851,-12.475748],[-41.083737,-12.465289],[-41.100394,-12.47302],[-41.206998,-12.504397],[-41.21604,-12.529862],[-41.254589,-12.543959],[-41.277908,-12.558511],[-41.305987,-12.550326],[-41.345487,-12.566242],[-41.324071,-12.670832],[-41.336445,-12.694024],[-41.366903,-12.706756],[-41.377849,-12.701754],[-41.437814,-12.70994]]]},"properties":{"cod_ibge":"290130","name":"Andaraí","uf":"BA"}},
{"type":"Feature","geometry":{"type":"Polygon","coordinates":[[[-39.752144,-10.439421],[-39.731204,-10.410318],[-39.739294,-10.348928],[-39.714071,-10.318915],[-39.716451,-10.277989],[-39.744053,-10.242974],[-39.737391,-10.228877],[-39.728824,-10.115646],[-39.734059,-10.089271],[-39.758331,-10.07381],[-39.765469,-10.031974],[-39.759758,-9.991957],[-39.766897,-9.970129],[-39.783554,-9.941936],[-39.801162,-9.945119],[-39.799259,-9.966492],[-39.821627,-10.006963],[-39.827337,-10.035612],[-39.840663,-10.045616],[-39.838759,-10.07381],[-39.858272,-10.088817],[-39.868742,-10.132017],[-39.899676,-10.139748],[-39.936321,-10.140202],[-39.986291,-10.178855],[-39.999141,-10.219782],[-40.034358,-10.246157],[-40.057202,-10.274805],[-40.022936,-10.30209],[-40.027219,-10.318461],[-40.057677,-10.323008],[-40.048635,-10.373484],[-40.021032,-10.392128],[-40.029123,-10.446697],[-40.005327,-10.472617],[-40.011514,-10.484895],[-39.972966,-10.510361],[-39.947742,-10.549469],[-39.92823,-10.541283],[-39.922519,-10.495354],[-39.83638,-10.448061],[-39.814964,-10.462158],[-39.803542,-10.426689],[-39.752144,-10.439421]]]},"properties":{"cod_ibge":"290135","name":"Andorinha","uf":"BA"}},
{"type":"Feature","geometry":{"type":"Polygon","coordinates":[[[-39.545599,-13.960021],[-39.556069,-13.932281],[-39.569871,-13.93501],[-39.563684,-13.979574],[-39.571298,-14.001857],[-39.590811,-14.018227],[-39.588907,-14.034598],[-39.606516,-14.063247],[-39.585576,-14.078708],[-39.602233,-14.089622],[-39.609847,-14.114178],[-39.629835,-14.114632],[-39.652679,-14.131912],[-39.667432,-14.161471],[-39.664101,-14.184662],[-39.660769,-14.200578],[-39.625076,-14.207399],[-39.610323,-14.218768],[-39.596522,-14.209673],[-39.576058,-14.216494],[-39.573678,-14.191029],[-39.561304,-14.147374],[-39.540364,-14.130548],[-39.554166,-14.114178],[-39.54322,-14.05779],[-39.526563,-14.051878],[-39.523708,-14.011861],[-39.545599,-13.960021]]]},"properties":{"cod_ibge":"290310","name":"Barra do Rocha","uf":"BA"}},
{"type":"Feature","geometry":{"type":"Polygon","coordinates":[[[-39.908718,-11.720425],[-39.884922,-11.739979],[-39.840663,-11.75544],[-39.845422,-11.774539],[-39.80497,-11.82547],[-39.745481,-11.818649],[-39.713119,-11.823651],[-39.695511,-11.817739],[-39.691227,-11.788181],[-39.695987,-11.728155],[-39.717402,-11.626748],[-39.765469,-11.590824],[-39.805922,-11.584912],[-39.817819,-11.591733],[-39.846374,-11.576272],[-39.864934,-11.581274],[-39.897772,-11.555809],[-39.903007,-11.503968],[-39.897772,-11.491236],[-39.931086,-11.494874],[-39.934417,-11.479867],[-39.968682,-11.490781],[-39.960592,-11.558083],[-39.958212,-11.614925],[-39.962496,-11.622656],[-39.947267,-11.658125],[-39.925375,-11.667675],[-39.919664,-11.687229],[-39.908718,-11.720425]]]},"properties":{"cod_ibge":"290685","name":"Capela do Alto Alegre","uf":"BA"}},
{"type":"Feature","geometry":{"type":"Polygon","coordinates":[[[-38.560944,-12.932762],[-38.617577,-12.932762],[-38.627571,-12.940493],[-38.668975,-12.930943],[-38.722753,-12.924577],[-38.732271,-12.948224],[-38.751307,-12.966868],[-38.777482,-13.000064],[-38.788428,-13.042355],[-38.801278,-13.061454],[-38.805085,-13.12148],[-38.79747,-13.137395],[-38.762253,-13.118751],[-38.746072,-13.091467],[-38.735602,-13.089648],[-38.712758,-13.060999],[-38.655649,-13.031896],[-38.643276,-13.015525],[-38.585691,-13.012797],[-38.580456,-12.98915],[-38.565227,-12.965958],[-38.560944,-12.932762]]]},"properties":{"cod_ibge":"293320","name":"Vera Cruz","uf":"BA"}},
{"type":"Feature","geometry":{"type":"Polygon","coordinates":[[[-39.640781,-11.724972],[-39.557021,-11.67586],[-39.549407,-11.634479],[-39.554166,-11.591279],[-39.537033,-11.587641],[-39.537033,-11.562175],[-39.568443,-11.543986],[-39.619365,-11.504878],[-39.627932,-11.517156],[-39.674571,-11.55399],[-39.733583,-11.587641],[-39.765469,-11.590824],[-39.717402,-11.626748],[-39.695987,-11.728155],[-39.640781,-11.724972]]]},"properties":{"cod_ibge":"292273","name":"Nova Fátima","uf":"BA"}},
{"type":"Feature","geometry":{"type":"Polygon","coordinates":[[[-40.131443,-17.246429],[-40.09575,-17.259616],[-40.076714,-17.273713],[-40.06434,-17.263254],[-40.048635,-17.266437],[-40.030551,-17.239153],[-39.973917,-17.25234],[-39.942507,-17.26962],[-39.948218,-17.281444],[-39.946791,-17.330556],[-39.913953,-17.353747],[-39.858747,-17.362842],[-39.853512,-17.335103],[-39.837807,-17.33101],[-39.829241,-17.30509],[-39.832097,-17.26962],[-39.796403,-17.26189],[-39.777367,-17.275077],[-39.762614,-17.265982],[-39.745957,-17.27826],[-39.72121,-17.280534],[-39.698842,-17.270985],[-39.673143,-17.27826],[-39.655058,-17.303726],[-39.632215,-17.313275],[-39.636022,-17.269166],[-39.621269,-17.247793],[-39.619365,-17.22642],[-39.580341,-17.182765],[-39.597949,-17.175944],[-39.602708,-17.156845],[-39.622221,-17.159573],[-39.659817,-17.181856],[-39.695511,-17.176399],[-39.717878,-17.206866],[-39.747861,-17.207321],[-39.77118,-17.224146],[-39.800687,-17.230513],[-39.818295,-17.225511],[-39.835904,-17.241881],[-39.855892,-17.241881],[-39.901579,-17.229603],[-39.905862,-17.212778],[-39.936321,-17.200955],[-39.957261,-17.20823],[-39.983436,-17.186858],[-39.987719,-17.164575],[-40.012466,-17.148659],[-40.065292,-17.102276],[-40.07719,-17.082722],[-40.088136,-17.066806],[-40.123829,-17.077265],[-40.155715,-17.077265],[-40.180938,-17.04316],[-40.18189,-17.01724],[-40.229957,-16.972675],[-40.301343,-16.95494],[-40.371777,-16.941753],[-40.396525,-16.943572],[-40.404139,-16.929475],[-40.401284,-16.890367],[-40.407947,-16.898552],[-40.417465,-16.92811],[-40.397001,-16.9463],[-40.393669,-16.960397],[-40.368922,-16.96358],[-40.352741,-16.987681],[-40.292301,-17.007235],[-40.274692,-16.995412],[-40.248041,-17.017694],[-40.227577,-17.020423],[-40.225197,-17.035429],[-40.180938,-17.078629],[-40.143341,-17.097274],[-40.128112,-17.114099],[-40.150004,-17.135472],[-40.142389,-17.154116],[-40.152859,-17.169578],[-40.126208,-17.187312],[-40.139058,-17.231877],[-40.131443,-17.246429]]]},"properties":{"cod_ibge":"293325","name":"Vereda","uf":"BA"}},
{"type":"Feature","geometry":{"type":"Polygon","coordinates":[[[-41.81045,-15.101419],[-41.809023,-15.080501],[-41.828059,-15.051852],[-41.81521,-15.035481],[-41.835198,-15.022294],[-41.835198,-15.006833],[-41.787607,-14.989553],[-41.782372,-14.95954],[-41.793794,-14.92498],[-41.817589,-14.915885],[-41.829963,-14.892693],[-41.852806,-14.88951],[-41.890403,-14.895421],[-41.89897,-14.906335],[-41.927048,-14.913156],[-41.933711,-14.946807],[-41.964169,-14.971363],[-41.977495,-14.992281],[-41.974639,-15.022749],[-41.986061,-15.066858],[-42.010332,-15.091414],[-42.026513,-15.095962],[-42.070297,-15.140981],[-42.048405,-15.170539],[-41.994627,-15.158716],[-41.953223,-15.175541],[-41.897066,-15.151895],[-41.878505,-15.135524],[-41.872319,-15.116425],[-41.848523,-15.11688],[-41.81045,-15.101419]]]},"properties":{"cod_ibge":"290900","name":"Cordeiros","uf":"BA"}},
{"type":"Feature","geometry":{"type":"Polygon","coordinates":[[[-38.582359,-10.282536],[-38.576649,-10.252068],[-38.582835,-10.233879],[-38.600444,-10.218418],[-38.669927,-10.182948],[-38.694198,-10.189769],[-38.734174,-10.163849],[-38.713234,-10.12656],[-38.744168,-10.102914],[-38.764633,-10.066989],[-38.779862,-10.061078],[-38.800326,-10.031065],[-38.805085,-10.010601],[-38.855055,-9.996504],[-38.878851,-9.967401],[-38.898839,-9.97877],[-38.918351,-9.960125],[-38.931677,-9.874179],[-38.918827,-9.854625],[-38.869333,-9.832798],[-38.861242,-9.824613],[-38.865525,-9.781412],[-38.829356,-9.755037],[-38.786048,-9.746852],[-38.773675,-9.674094],[-38.784621,-9.646809],[-38.808892,-9.65454],[-38.834591,-9.637714],[-38.861242,-9.630893],[-38.965466,-9.639079],[-39.110143,-9.625891],[-39.117281,-9.6459],[-39.14298,-9.652721],[-39.170583,-9.639079],[-39.211511,-9.6459],[-39.234831,-9.703652],[-39.235307,-9.720477],[-39.213891,-9.765042],[-39.221505,-9.791871],[-39.207704,-9.809606],[-39.201041,-9.83871],[-39.205324,-9.862811],[-39.203897,-9.961944],[-39.221029,-10.025153],[-39.234831,-10.031519],[-39.254819,-10.079267],[-39.263385,-10.086998],[-39.255295,-10.147023],[-39.266717,-10.192497],[-39.235307,-10.194316],[-39.228168,-10.225694],[-39.202945,-10.237062],[-39.18486,-10.256161],[-39.077305,-10.380305],[-38.882182,-10.270258],[-38.581408,-10.304818],[-38.582359,-10.282536]]]},"properties":{"cod_ibge":"290682","name":"Canudos","uf":"BA"}},
{"type":"Feature","geometry":{"type":"Polygon","coordinates":[[[-39.444231,-14.241505],[-39.443755,-14.200124],[-39.392833,-14.176022],[-39.372368,-14.174658],[-39.346193,-14.148283],[-39.333344,-14.10099],[-39.346669,-14.052333],[-39.355236,-14.045967],[-39.382838,-14.027322],[-39.404254,-14.023684],[-39.40473,-13.990034],[-39.393308,-13.950926],[-39.382363,-13.941831],[-39.375224,-13.914547],[-39.398543,-13.908635],[-39.422339,-13.906361],[-39.448038,-13.89181],[-39.469454,-13.875894],[-39.488014,-13.880441],[-39.502768,-13.904997],[-39.529418,-13.915456],[-39.513713,-13.933191],[-39.488014,-13.934555],[-39.491346,-13.973663],[-39.479924,-13.980939],[-39.486111,-14.027322],[-39.504671,-14.04051],[-39.48849,-14.054607],[-39.499436,-14.08371],[-39.479448,-14.091441],[-39.470882,-14.106902],[-39.486587,-14.119634],[-39.515617,-14.220587],[-39.495629,-14.238322],[-39.461839,-14.229227],[-39.444231,-14.241505]]]},"properties":{"cod_ibge":"291270","name":"Ibirapitanga","uf":"BA"}},
{"type":"Feature","geometry":{"type":"Polygon","coordinates":[[[-40.044828,-14.949535],[-40.037689,-14.929982],[-40.036262,-14.896786],[-40.04578,-14.874503],[-40.02484,-14.81857],[-40.089087,-14.769004],[-40.112407,-14.786738],[-40.135727,-14.758999],[-40.151907,-14.764456],[-40.175227,-14.758999],[-40.208065,-14.742629],[-40.220914,-14.673508],[-40.246613,-14.663504],[-40.296108,-14.661685],[-40.302295,-14.693971],[-40.293252,-14.72262],[-40.299439,-14.744902],[-40.320379,-14.743993],[-40.315144,-14.787193],[-40.317524,-14.819025],[-40.304198,-14.841762],[-40.282307,-14.855859],[-40.274692,-14.88087],[-40.277547,-14.900424],[-40.293728,-14.933165],[-40.299915,-14.960449],[-40.138582,-15.008197],[-40.101937,-15.044576],[-40.082901,-15.02866],[-40.044828,-14.949535]]]},"properties":{"cod_ibge":"292270","name":"Nova Canaã","uf":"BA"}},
{"type":"Feature","geometry":{"type":"Polygon","coordinates":[[[-40.686353,-12.448464],[-40.764402,-12.379343],[-40.777728,-12.382527],[-40.807234,-12.334779],[-40.834837,-12.299309],[-40.875765,-12.265204],[-40.945248,-12.260656],[-40.983321,-12.262475],[-41.06137,-12.265204],[-41.062797,-12.284757],[-41.158455,-12.386165],[-41.144654,-12.39344],[-41.160835,-12.418451],[-41.169877,-12.447554],[-41.204618,-12.477113],[-41.206998,-12.504397],[-41.100394,-12.47302],[-41.083737,-12.465289],[-41.051851,-12.475748],[-40.980941,-12.460287],[-40.950007,-12.468927],[-40.895277,-12.461651],[-40.781059,-12.451192],[-40.713956,-12.444826],[-40.686353,-12.448464]]]},"properties":{"cod_ibge":"291900","name":"Lajedinho","uf":"BA"}},
{"type":"Feature","geometry":{"type":"Polygon","coordinates":[[[-38.91502,-11.899592],[-38.898363,-11.978717],[-38.90455,-12.027829],[-38.896935,-12.056023],[-38.878375,-12.073758],[-38.874568,-12.09695],[-38.84173,-12.103316],[-38.806513,-12.022827],[-38.807464,-11.975989],[-38.825073,-11.94825],[-38.836019,-11.920511],[-38.868857,-11.81592],[-38.876471,-11.822741],[-38.900743,-11.881858],[-38.91502,-11.899592]]]},"properties":{"cod_ibge":"292830","name":"Santanópolis","uf":"BA"}},
{"type":"Feature","geometry":{"type":"Polygon","coordinates":[[[-39.831621,-13.205607],[-39.837807,-13.189236],[-39.74215,-13.179232],[-39.743577,-13.160587],[-39.758807,-13.1474],[-39.757855,-13.131029],[-39.738342,-13.118751],[-39.71074,-13.132393],[-39.702649,-13.112385],[-39.710264,-13.096924],[-39.767373,-13.047812],[-39.801162,-12.984148],[-39.832097,-12.966413],[-39.849705,-12.964139],[-39.87826,-12.936855],[-39.899676,-12.933672],[-39.904911,-12.935036],[-39.953453,-12.995971],[-39.968207,-13.038717],[-39.956785,-13.06009],[-39.962496,-13.095559],[-39.922995,-13.161951],[-39.899676,-13.164225],[-39.868742,-13.179686],[-39.847326,-13.203333],[-39.831621,-13.205607]]]},"properties":{"cod_ibge":"290430","name":"Brejões","uf":"BA"}}
]}