{"type":"FeatureCollection", "features": [
{"type":"Feature","geometry":{"type":"Polygon","coordinates":[[[-59.233957,-3.239519],[-59.309626,-3.211779],[-59.383868,-3.180857],[-59.358645,-3.153118],[-59.391007,-3.163122],[-59.479526,-3.128562],[-59.545677,-3.121286],[-59.600406,-3.09673],[-59.700347,-3.060806],[-59.76983,-3.064444],[-59.819801,-3.078086],[-59.859777,-3.098094],[-59.906892,-3.137657],[-59.892615,-3.177219],[-59.89547,-3.226786],[-59.904036,-3.255435],[-59.919266,-3.27226],[-59.944965,-3.284083],[-60.018731,-3.294087],[-60.119147,-3.341835],[-60.182443,-3.354568],[-60.185299,-3.358661],[-60.052044,-3.361389],[-60.027773,-3.379579],[-59.952579,-3.305001],[-59.902133,-3.294997],[-59.878813,-3.29818],[-59.878337,-3.344109],[-59.861205,-3.353204],[-59.827891,-3.352749],[-59.75127,-3.335924],[-59.719384,-3.355932],[-59.70701,-3.345928],[-59.671793,-3.353204],[-59.656564,-3.372758],[-59.679407,-3.391402],[-59.697492,-3.441423],[-59.721287,-3.433238],[-59.747938,-3.457794],[-59.775065,-3.463706],[-59.73842,-3.471891],[-59.714625,-3.459613],[-59.703679,-3.468708],[-59.676076,-3.470072],[-59.668461,-3.485988],[-59.635148,-3.503268],[-59.626106,-3.500085],[-59.588033,-3.544649],[-59.550912,-3.542376],[-59.541394,-3.515091],[-59.509508,-3.492809],[-59.474291,-3.49963],[-59.451447,-3.492354],[-59.41385,-3.504632],[-59.396242,-3.496447],[-59.401477,-3.479622],[-59.390531,-3.462341],[-59.345795,-3.440514],[-59.326283,-3.406863],[-59.289162,-3.3864],[-59.276312,-3.387309],[-59.249186,-3.371848],[-59.233481,-3.350475],[-59.233957,-3.239519]]]},"properties":{"cod_ibge":"130115","name":"Careiro da Várzea","uf":"AM"}},
{"type":"Feature","geometry":{"type":"Polygon","coordinates":[[[-67.755108,-2.971677],[-68.044937,-2.974405],[-68.060642,-2.979407],[-68.08872,-2.970767],[-68.123937,-2.94803],[-68.143926,-2.964856],[-68.176287,-2.972131],[-68.194372,-2.969858],[-68.207697,-2.941664],[-68.236252,-2.94803],[-68.253385,-2.898918],[-68.278608,-2.894371],[-68.315729,-2.901192],[-68.349994,-2.882548],[-68.378549,-2.877091],[-68.378073,-2.857082],[-68.414718,-2.848897],[-68.471827,-2.852535],[-68.488484,-2.841621],[-68.517038,-2.847987],[-68.552256,-2.84344],[-68.578431,-2.850716],[-68.603178,-2.838892],[-68.637443,-2.788416],[-68.672661,-2.779776],[-68.689317,-2.768408],[-68.703119,-2.733847],[-68.736432,-2.751582],[-68.753089,-2.770681],[-68.775457,-2.78205],[-68.814482,-2.782959],[-68.840181,-2.805696],[-68.887772,-2.794328],[-68.934887,-2.802058],[-68.957254,-2.816155],[-68.972959,-2.811153],[-68.986761,-2.789781],[-69.01246,-2.785688],[-69.029592,-2.802968],[-69.037683,-2.825705],[-69.066713,-2.837983],[-69.094792,-2.786597],[-69.11716,-2.774319],[-69.12763,-2.74749],[-69.151425,-2.728391],[-69.173317,-2.735666],[-69.171889,-2.706108],[-69.182835,-2.681098],[-69.183311,-2.642899],[-69.204727,-2.606975],[-69.228998,-2.606065],[-69.238992,-2.593333],[-69.308951,-2.615615],[-69.317041,-2.588785],[-69.345596,-2.551497],[-69.375578,-2.531488],[-69.44173,-2.531033],[-69.431736,-2.491471],[-69.470284,-2.474191],[-69.506929,-2.449635],[-69.595924,-2.43963],[-69.613533,-2.440085],[-69.691106,-2.871634],[-69.743932,-3.16676],[-69.801041,-3.484169],[-69.837686,-3.686528],[-69.811987,-3.695168],[-69.796282,-3.710175],[-69.727751,-3.716996],[-69.693961,-3.725636],[-69.657316,-3.693349],[-69.63828,-3.689257],[-69.627334,-3.684709],[-69.626382,-3.65788],[-69.605442,-3.632869],[-69.5964,-3.600128],[-69.555472,-3.586031],[-69.522634,-3.599218],[-69.496935,-3.583302],[-69.506929,-3.553744],[-69.491224,-3.504632],[-69.472188,-3.513727],[-69.457911,-3.500085],[-69.411747,-3.485078],[-69.401277,-3.468253],[-69.362253,-3.454156],[-69.3475,-3.420051],[-69.330843,-3.396404],[-69.311331,-3.410956],[-69.246131,-3.40368],[-69.231854,-3.366391],[-69.206155,-3.357296],[-69.187594,-3.335924],[-69.182835,-3.29818],[-69.169986,-3.288176],[-69.140003,-3.287266],[-69.102882,-3.293633],[-69.087177,-3.309094],[-69.065286,-3.305001],[-69.030544,-3.274534],[-69.022454,-3.255889],[-68.999134,-3.22906],[-68.980574,-3.234062],[-68.934887,-3.223603],[-68.910139,-3.207232],[-68.872542,-3.217236],[-68.872067,-3.203139],[-68.853982,-3.187678],[-68.828283,-3.188588],[-68.798777,-3.173127],[-68.781644,-3.19359],[-68.740716,-3.167215],[-68.726438,-3.173127],[-68.705022,-3.203139],[-68.704547,-3.231788],[-68.632684,-3.229969],[-68.598895,-3.231788],[-68.613172,-3.201775],[-68.593184,-3.182676],[-68.565105,-3.179948],[-68.534647,-3.197683],[-68.511327,-3.1754],[-68.490863,-3.173127],[-68.460881,-3.181312],[-68.460405,-3.162668],[-68.428043,-3.153573],[-68.418525,-3.1322],[-68.419953,-3.094002],[-68.402344,-3.080814],[-68.391398,-3.089],[-68.348091,-3.096275],[-68.310494,-3.09673],[-68.290506,-3.07945],[-68.285271,-3.103097],[-68.248626,-3.127198],[-68.230065,-3.106734],[-68.241963,-3.087181],[-68.213884,-3.075357],[-68.1958,-3.078086],[-68.179619,-3.064898],[-68.177715,-3.112191],[-68.158679,-3.110372],[-68.141546,-3.131745],[-68.111088,-3.113101],[-68.095859,-3.140385],[-68.08063,-3.120377],[-68.066828,-3.118103],[-68.043033,-3.161303],[-67.9864,-3.136293],[-67.975454,-3.136293],[-67.95499,-3.160394],[-67.930718,-3.211325],[-67.920724,-3.24543],[-67.935002,-3.313641],[-67.942616,-3.329557],[-67.834109,-3.334559],[-67.831253,-3.256799],[-67.809838,-3.198137],[-67.805554,-3.172672],[-67.791753,-3.144933],[-67.789373,-3.111282],[-67.777476,-3.063989],[-67.766054,-2.997142],[-67.755108,-2.971677]]]},"properties":{"cod_ibge":"130370","name":"Santo Antônio do Içá","uf":"AM"}},
{"type":"Feature","geometry":{"type":"Polygon","coordinates":[[[-67.325838,-9.59224],[-67.306326,-9.564956],[-67.294428,-9.527212],[-67.283482,-9.512661],[-67.285862,-9.474463],[-67.294904,-9.443085],[-67.285386,-9.428989],[-67.276343,-9.389881],[-67.286813,-9.367144],[-67.273488,-9.358959],[-67.277295,-9.334857],[-67.293952,-9.333038],[-67.312513,-9.315758],[-67.296808,-9.288474],[-67.298711,-9.272558],[-67.285862,-9.251185],[-67.291097,-9.214351],[-67.281578,-9.186612],[-67.294904,-9.16433],[-67.285862,-9.132953],[-67.257783,-9.113854],[-67.239698,-9.062013],[-67.207813,-9.061558],[-67.197343,-9.029727],[-67.170692,-9.016994],[-67.194487,-9.000623],[-67.19877,-8.984253],[-67.170692,-8.97061],[-67.168788,-8.956059],[-67.139758,-8.971975],[-67.129288,-8.950147],[-67.09645,-8.938324],[-67.09407,-8.913313],[-67.082173,-8.883755],[-67.098353,-8.86693],[-67.105492,-8.837371],[-67.087408,-8.820091],[-67.08598,-8.804175],[-67.120721,-8.764613],[-67.142613,-8.732781],[-67.143089,-8.700949],[-67.122625,-8.676848],[-67.113107,-8.645471],[-67.087408,-8.637286],[-67.085504,-8.621825],[-67.097878,-8.583626],[-67.076938,-8.569529],[-67.060757,-8.547247],[-67.057901,-8.504956],[-67.413881,-8.507685],[-67.422448,-8.539517],[-67.457665,-8.545883],[-67.478605,-8.580443],[-67.494786,-8.561799],[-67.519533,-8.569984],[-67.538093,-8.546792],[-67.589016,-8.529058],[-67.615191,-8.481765],[-67.636607,-8.487676],[-67.656595,-8.480855],[-67.679914,-8.447659],[-67.715608,-8.441747],[-67.739879,-8.420375],[-67.749873,-8.430834],[-67.776048,-8.410825],[-67.789849,-8.387633],[-67.836488,-8.369898],[-67.869326,-8.373536],[-67.905019,-8.34898],[-67.935478,-8.281679],[-67.929767,-8.267127],[-67.976882,-8.234386],[-67.980213,-8.198007],[-68.00734,-8.179817],[-68.031611,-8.182091],[-68.03875,-8.164811],[-68.064925,-8.157535],[-68.068256,-8.142074],[-68.087292,-8.131615],[-68.123462,-8.123429],[-68.161058,-8.139345],[-68.177715,-8.114789],[-68.179143,-8.093416],[-68.201987,-8.081593],[-68.267662,-8.085686],[-68.296692,-8.092507],[-68.341428,-8.074317],[-68.368555,-8.083412],[-68.389495,-8.07841],[-68.409007,-8.061585],[-68.463261,-8.044759],[-68.479917,-8.063403],[-68.497526,-8.049761],[-68.512279,-8.063858],[-68.577955,-8.089778],[-68.610792,-8.083412],[-68.647913,-8.067041],[-68.69836,-8.071589],[-68.706926,-8.078865],[-68.754041,-8.094781],[-68.773553,-8.107968],[-68.788782,-8.106604],[-68.817337,-8.145711],[-68.840657,-8.146166],[-68.872542,-8.170722],[-68.861597,-8.195278],[-68.872067,-8.21847],[-68.873494,-8.242571],[-68.852554,-8.276677],[-68.8635,-8.329427],[-68.854934,-8.349435],[-68.903477,-8.382631],[-68.914898,-8.394909],[-68.919182,-8.425831],[-68.911567,-8.441293],[-68.93917,-8.482219],[-68.946784,-8.50723],[-68.971531,-8.52542],[-69.005321,-8.537698],[-69.021502,-8.557251],[-69.023881,-8.575441],[-69.057195,-8.56862],[-69.072424,-8.572713],[-69.081466,-8.55043],[-69.099075,-8.549521],[-69.128581,-8.570894],[-69.152377,-8.574077],[-69.16713,-8.584991],[-69.212817,-8.564527],[-68.921561,-8.81418],[-68.646962,-9.04928],[-68.503237,-9.114308],[-68.220071,-9.242545],[-67.977358,-9.352592],[-67.976882,-9.352592],[-67.765578,-9.448542],[-67.516678,-9.560863],[-67.325838,-9.59224]]]},"properties":{"cod_ibge":"130070","name":"Boca do Acre","uf":"AM"}},
{"type":"Feature","geometry":{"type":"Polygon","coordinates":[[[-68.703119,-2.733847],[-68.689317,-2.768408],[-68.672661,-2.779776],[-68.637443,-2.788416],[-68.603178,-2.838892],[-68.578431,-2.850716],[-68.552256,-2.84344],[-68.517038,-2.847987],[-68.488484,-2.841621],[-68.471827,-2.852535],[-68.414718,-2.848897],[-68.378073,-2.857082],[-68.378549,-2.877091],[-68.349994,-2.882548],[-68.315729,-2.901192],[-68.278608,-2.894371],[-68.253385,-2.898918],[-68.236252,-2.94803],[-68.207697,-2.941664],[-68.194372,-2.969858],[-68.176287,-2.972131],[-68.143926,-2.964856],[-68.123937,-2.94803],[-68.08872,-2.970767],[-68.060642,-2.979407],[-68.044937,-2.974405],[-67.755108,-2.971677],[-67.742734,-2.933478],[-67.710848,-2.90392],[-67.689433,-2.89528],[-67.662306,-2.89528],[-67.645173,-2.906194],[-67.606148,-2.942573],[-67.576642,-2.918472],[-67.577594,-2.903011],[-67.561413,-2.890733],[-67.538093,-2.890733],[-67.502876,-2.873907],[-67.461948,-2.868905],[-67.440056,-2.891642],[-67.423399,-2.892097],[-67.383423,-2.878455],[-67.351061,-2.879364],[-67.340591,-2.859356],[-67.30585,-2.883912],[-67.291097,-2.883457],[-67.291097,-2.542402],[-67.27206,-2.543766],[-67.255403,-2.557863],[-67.243506,-2.589695],[-67.236843,-2.639716],[-67.214951,-2.683371],[-67.179258,-2.687464],[-67.161649,-2.679733],[-67.146896,-2.65927],[-67.130715,-2.6238],[-67.173071,-2.605156],[-67.20115,-2.59788],[-67.213048,-2.565139],[-67.21162,-2.535581],[-67.217807,-2.514208],[-67.245885,-2.475555],[-67.21971,-2.447361],[-67.193059,-2.407799],[-67.170216,-2.392792],[-67.187348,-2.359141],[-67.21971,-2.316396],[-67.238747,-2.307756],[-67.273488,-2.303663],[-67.262066,-2.282745],[-67.242554,-2.26592],[-67.242554,-2.24],[-67.270157,-2.230905],[-67.309181,-2.173153],[-67.33488,-2.209077],[-67.346302,-2.233178],[-67.338212,-2.25728],[-67.380568,-2.28229],[-67.392941,-2.305027],[-67.411026,-2.305482],[-67.443388,-2.320943],[-67.465279,-2.337769],[-67.489551,-2.345499],[-67.520961,-2.3696],[-67.541901,-2.372329],[-67.559033,-2.392792],[-67.555226,-2.410072],[-67.564744,-2.428717],[-67.571883,-2.474645],[-67.591871,-2.476464],[-67.604721,-2.488288],[-67.631372,-2.493745],[-67.64089,-2.561046],[-67.668493,-2.586057],[-67.694668,-2.59015],[-67.697999,-2.605611],[-67.743686,-2.632895],[-67.735596,-2.657451],[-67.753204,-2.685645],[-67.757012,-2.709746],[-67.796512,-2.708382],[-67.823639,-2.732938],[-67.856477,-2.717022],[-67.868374,-2.702925],[-67.896929,-2.689738],[-67.927387,-2.687919],[-67.951183,-2.668365],[-67.969267,-2.689283],[-68.014954,-2.664272],[-68.023521,-2.647447],[-68.055882,-2.608794],[-68.051123,-2.571505],[-68.058738,-2.55377],[-68.089672,-2.561046],[-68.109184,-2.542857],[-68.173908,-2.554225],[-68.190089,-2.572415],[-68.213884,-2.571505],[-68.244818,-2.541947],[-68.289554,-2.529669],[-68.308114,-2.530124],[-68.325247,-2.55468],[-68.338097,-2.596061],[-68.357609,-2.61607],[-68.40282,-2.619708],[-68.467544,-2.59788],[-68.491815,-2.593333],[-68.508472,-2.602428],[-68.546069,-2.609249],[-68.562726,-2.656087],[-68.612696,-2.646537],[-68.635064,-2.675641],[-68.653148,-2.71202],[-68.67742,-2.727481],[-68.703119,-2.733847]]]},"properties":{"cod_ibge":"130423","name":"Tonantins","uf":"AM"}},
{"type":"Feature","geometry":{"type":"Polygon","coordinates":[[[-64.514643,-3.338652],[-64.515119,-3.335924],[-64.543674,-3.311822],[-64.620771,-3.288631],[-64.674549,-3.26362],[-64.679308,-3.279991],[-64.704055,-3.273169],[-64.72214,-3.293178],[-64.778297,-3.310003],[-64.798761,-3.337743],[-64.812562,-3.34138],[-64.8454,-3.378214],[-64.885852,-3.392766],[-64.892991,-3.424598],[-64.922497,-3.452792],[-64.949148,-3.490535],[-64.971516,-3.489171],[-64.981034,-3.506451],[-64.962474,-3.536919],[-64.982462,-3.556473],[-64.991028,-3.587395],[-64.971992,-3.622865],[-64.997691,-3.637871],[-65.014348,-3.656061],[-65.037667,-3.664246],[-65.027197,-3.681071],[-65.030053,-3.727455],[-65.020059,-3.785207],[-65.057656,-3.794302],[-65.072885,-3.787481],[-65.102867,-3.812491],[-65.128566,-3.856146],[-65.169494,-3.908442],[-65.196145,-3.913444],[-65.202332,-3.927086],[-65.249923,-3.94573],[-65.278001,-3.950278],[-65.312743,-3.973015],[-65.351767,-3.986202],[-65.40269,-4.023036],[-65.423154,-4.026674],[-65.481215,-4.052594],[-65.516908,-4.088064],[-65.547842,-4.093066],[-65.583535,-4.114439],[-65.595909,-4.110346],[-65.666343,-4.138995],[-65.667295,-4.152637],[-65.709651,-4.175829],[-65.767712,-4.215391],[-65.808164,-4.217665],[-65.845761,-4.249042],[-65.872888,-4.25268],[-65.909057,-4.292697],[-65.920955,-4.30452],[-65.949985,-4.294516],[-65.975208,-4.316344],[-66.026606,-4.371367],[-66.059444,-4.400925],[-66.100372,-4.395468],[-66.117505,-4.400016],[-66.150819,-4.425027],[-66.153198,-4.444126],[-66.187939,-4.481869],[-66.210307,-4.492328],[-66.214114,-4.509153],[-66.203644,-4.525979],[-66.2065,-4.570998],[-66.19603,-4.603285],[-66.199837,-4.638754],[-66.238386,-4.668313],[-66.245524,-4.683774],[-66.242669,-4.708784],[-66.254567,-4.768355],[-66.269796,-4.780179],[-66.304537,-4.784726],[-66.339754,-4.804735],[-66.363074,-4.827926],[-66.387345,-4.824289],[-66.417804,-4.862032],[-66.460635,-4.892045],[-66.472533,-4.914782],[-66.506323,-4.930243],[-66.529166,-4.950706],[-66.548203,-4.989359],[-66.580089,-5.028467],[-66.588655,-5.053023],[-66.604836,-5.073486],[-66.625776,-5.085764],[-66.657186,-5.068939],[-66.716674,-5.055751],[-66.769976,-5.0844],[-66.77997,-5.130329],[-66.790916,-5.152156],[-66.815664,-5.162161],[-66.838983,-5.193538],[-66.857544,-5.19763],[-66.88467,-5.219003],[-66.909418,-5.263568],[-66.933213,-5.261294],[-66.938448,-5.277665],[-66.933213,-5.319501],[-66.954153,-5.333143],[-66.957484,-5.356789],[-66.973665,-5.392714],[-66.95796,-5.419998],[-66.941304,-5.425],[-66.903231,-5.452285],[-66.903231,-5.496849],[-66.857544,-5.520041],[-66.809953,-5.5305],[-66.783302,-5.530955],[-66.785681,-5.547326],[-66.715247,-5.545961],[-66.705729,-5.559604],[-66.685264,-5.559604],[-66.669559,-5.529591],[-66.641481,-5.510946],[-66.630535,-5.4873],[-66.583896,-5.466837],[-66.564859,-5.393623],[-66.517744,-5.445009],[-66.494901,-5.43364],[-66.428749,-5.432276],[-66.389249,-5.414087],[-66.352128,-5.3818],[-66.336899,-5.385893],[-66.294543,-5.359973],[-66.268368,-5.356789],[-66.157957,-5.369977],[-66.144156,-5.39044],[-66.116077,-5.369977],[-66.084667,-5.379072],[-66.094185,-5.402718],[-66.074673,-5.418634],[-66.031365,-5.422272],[-65.998052,-5.416815],[-65.964738,-5.398171],[-65.940943,-5.406811],[-65.912864,-5.438188],[-65.90049,-5.436824],[-65.889069,-5.377707],[-65.87146,-5.345421],[-65.853375,-5.323593],[-65.830056,-5.307677],[-65.803881,-5.299492],[-65.770091,-5.306768],[-65.72726,-5.28585],[-65.690615,-5.310861],[-65.676813,-5.299492],[-65.678717,-5.261294],[-65.696325,-5.222186],[-65.700133,-5.189445],[-65.690615,-5.173074],[-65.650162,-5.134876],[-65.644927,-5.118505],[-65.660156,-5.106682],[-65.68538,-5.113049],[-65.697753,-5.105318],[-65.696801,-5.078034],[-65.686331,-5.044838],[-65.666819,-5.032105],[-65.623035,-5.023919],[-65.597336,-4.981174],[-65.576872,-4.960711],[-65.571161,-4.94434],[-65.579252,-4.900685],[-65.574493,-4.884314],[-65.542131,-4.855211],[-65.516432,-4.815648],[-65.47122,-4.77745],[-65.46313,-4.761989],[-65.446473,-4.680136],[-65.43172,-4.667858],[-65.405069,-4.666494],[-65.38175,-4.653761],[-65.364141,-4.610106],[-65.353671,-4.606013],[-65.31893,-4.622839],[-65.28752,-4.626022],[-65.257537,-4.62011],[-65.218513,-4.586459],[-65.184723,-4.565541],[-65.123331,-4.516884],[-65.108578,-4.473229],[-65.091921,-4.455039],[-65.047661,-4.444126],[-65.018155,-4.413658],[-65.0153,-4.361818],[-65.003402,-4.310432],[-64.979606,-4.283602],[-64.945341,-4.298154],[-64.917738,-4.294971],[-64.890136,-4.283148],[-64.863961,-4.289514],[-64.836358,-4.281783],[-64.814466,-4.267232],[-64.791146,-4.222667],[-64.776869,-4.206751],[-64.731658,-4.195837],[-64.72214,-4.179467],[-64.717856,-4.142633],[-64.695965,-4.116713],[-64.659796,-4.128536],[-64.646946,-4.119896],[-64.628386,-4.084881],[-64.611253,-4.065327],[-64.583174,-4.054413],[-64.566993,-4.03304],[-64.564614,-3.990295],[-64.542246,-3.964375],[-64.526065,-3.959372],[-64.484185,-3.967558],[-64.456582,-3.984838],[-64.43945,-3.987566],[-64.380437,-3.966648],[-64.352834,-3.976198],[-64.321424,-3.962556],[-64.317141,-3.951642],[-64.288586,-3.94664],[-64.269074,-3.92072],[-64.268598,-3.906623],[-64.25099,-3.887978],[-64.237188,-3.893435],[-64.190073,-3.872062],[-64.166754,-3.865696],[-64.158187,-3.829317],[-64.160091,-3.811582],[-64.111072,-3.759742],[-64.092988,-3.75292],[-64.076331,-3.767472],[-64.071572,-3.704263],[-64.129633,-3.687893],[-64.177224,-3.662427],[-64.215772,-3.624684],[-64.257176,-3.596944],[-64.26146,-3.593761],[-64.291442,-3.57057],[-64.354738,-3.536919],[-64.3871,-3.503268],[-64.424221,-3.484169],[-64.444209,-3.463706],[-64.462769,-3.414139],[-64.508932,-3.351385],[-64.514643,-3.338652]]]},"properties":{"cod_ibge":"130420","name":"Tefé","uf":"AM"}},
{"type":"Feature","geometry":{"type":"Polygon","coordinates":[[[-65.870032,-4.133083],[-65.85861,-4.098523],[-65.84243,-4.078514],[-65.84243,-4.053049],[-65.855755,-4.030767],[-65.86337,-3.997571],[-65.855279,-3.958008],[-65.834339,-3.922993],[-65.797218,-3.881612],[-65.797218,-3.860694],[-65.783893,-3.837957],[-65.723928,-3.807489],[-65.71679,-3.76247],[-65.707271,-3.737914],[-65.683,-3.711084],[-65.658729,-3.69244],[-65.655873,-3.638326],[-65.629698,-3.620136],[-65.604951,-3.625593],[-65.551173,-3.627412],[-65.534516,-3.619227],[-65.50263,-3.581029],[-65.474552,-3.600582],[-65.426009,-3.575572],[-65.404593,-3.537374],[-65.375563,-3.506906],[-65.332255,-3.489171],[-65.295134,-3.484624],[-65.249923,-3.465525],[-65.207567,-3.460977],[-65.166639,-3.426872],[-65.157596,-3.389583],[-65.131897,-3.387309],[-65.108102,-3.36048],[-65.06765,-3.302273],[-65.052421,-3.247704],[-65.047661,-3.194045],[-65.035764,-3.171308],[-65.007209,-3.139021],[-64.974847,-3.093547],[-64.974371,-3.057623],[-64.945341,-3.060351],[-64.914883,-3.077176],[-64.896798,-3.09764],[-64.86634,-3.09673],[-64.825888,-3.112191],[-64.80352,-3.14948],[-64.78496,-3.158575],[-64.78258,-3.138566],[-64.718808,-3.119467],[-64.714525,-3.106734],[-64.734989,-3.084452],[-64.757833,-3.075357],[-64.792098,-3.035795],[-64.803996,-3.014422],[-64.810659,-2.947121],[-64.816846,-2.936662],[-64.857298,-2.907558],[-64.892515,-2.874817],[-64.891563,-2.842985],[-64.877286,-2.812518],[-64.86634,-2.735212],[-64.888232,-2.71202],[-64.916786,-2.710656],[-64.98151,-2.722934],[-65.003402,-2.70338],[-64.993884,-2.640171],[-64.980558,-2.595606],[-64.998167,-2.560137],[-65.055752,-2.506932],[-65.098108,-2.421896],[-65.116192,-2.395066],[-65.139036,-2.337314],[-65.15141,-2.325945],[-65.175681,-2.325491],[-65.18853,-2.315941],[-65.19329,-2.283655],[-65.219465,-2.290476],[-65.212326,-2.359596],[-65.216133,-2.380514],[-65.229459,-2.38779],[-65.255158,-2.382788],[-65.276098,-2.38006],[-65.319881,-2.361415],[-65.353195,-2.363234],[-65.385081,-2.382788],[-65.38746,-2.400523],[-65.349864,-2.394156],[-65.309411,-2.410072],[-65.309411,-2.431445],[-65.338442,-2.460549],[-65.340345,-2.473736],[-65.314646,-2.476464],[-65.28514,-2.525122],[-65.256585,-2.563775],[-65.254682,-2.59015],[-65.26182,-2.60652],[-65.313219,-2.638352],[-65.359858,-2.648356],[-65.37937,-2.666546],[-65.386033,-2.687464],[-65.37699,-2.717932],[-65.353195,-2.758403],[-65.338442,-2.773865],[-65.346056,-2.819793],[-65.381274,-2.853899],[-65.426961,-2.873453],[-65.449329,-2.855263],[-65.468841,-2.867541],[-65.497395,-2.858901],[-65.531661,-2.883912],[-65.55974,-2.888459],[-65.589246,-2.871634],[-65.604475,-2.890278],[-65.604475,-2.914834],[-65.614945,-2.928931],[-65.64112,-2.937116],[-65.657301,-2.953942],[-65.678241,-3.000325],[-65.707271,-3.051711],[-65.732019,-3.076267],[-65.73297,-3.094456],[-65.752483,-3.156301],[-65.763905,-3.170853],[-65.802453,-3.183586],[-65.83196,-3.240883],[-65.839574,-3.267258],[-65.86908,-3.304092],[-65.870508,-3.340471],[-65.887165,-3.362299],[-65.918575,-3.389128],[-65.92143,-3.417777],[-65.94237,-3.461887],[-65.978064,-3.487352],[-65.985678,-3.515546],[-65.984726,-3.566477],[-65.992341,-3.634233],[-65.985202,-3.684709],[-65.991389,-3.72791],[-65.961407,-3.731093],[-65.949509,-3.752011],[-65.979967,-3.785662],[-65.98663,-3.85842],[-65.980919,-3.90253],[-65.96331,-3.924357],[-65.948081,-3.958008],[-65.95522,-3.998935],[-65.943798,-4.017579],[-65.920955,-4.034405],[-65.906201,-4.06942],[-65.870032,-4.133083]]]},"properties":{"cod_ibge":"130426","name":"Uarini","uf":"AM"}},
{"type":"Feature","geometry":{"type":"Polygon","coordinates":[[[-72.900161,-7.437681],[-72.584633,-7.551821],[-72.16964,-7.600478],[-72.18249,-7.584562],[-72.173923,-7.560915],[-72.174875,-7.512258],[-72.142513,-7.485429],[-72.145369,-7.432679],[-72.157267,-7.414489],[-72.145845,-7.401302],[-72.153935,-7.344914],[-72.170592,-7.318539],[-72.150604,-7.29853],[-72.132519,-7.296711],[-72.128236,-7.275793],[-72.103489,-7.278522],[-72.076362,-7.26397],[-72.057802,-7.224408],[-72.050663,-7.198487],[-72.052091,-7.102992],[-72.090163,-7.126639],[-72.124429,-7.131186],[-72.183442,-7.133005],[-72.215328,-7.180753],[-72.240075,-7.191212],[-72.290521,-7.179843],[-72.306702,-7.200306],[-72.323359,-7.207582],[-72.358576,-7.203035],[-72.37904,-7.215768],[-72.387131,-7.204399],[-72.37095,-7.183026],[-72.393793,-7.167565],[-72.432818,-7.112542],[-72.475174,-7.117544],[-72.487072,-7.127093],[-72.533235,-7.132095],[-72.569404,-7.113906],[-72.599386,-7.107539],[-72.615091,-7.111632],[-72.632224,-7.097535],[-72.644598,-7.074798],[-72.667917,-7.050242],[-72.684098,-7.01841],[-72.698375,-7.00977],[-72.696948,-6.961113],[-72.663634,-6.950654],[-72.672676,-6.916094],[-72.68505,-6.904271],[-72.717888,-6.90518],[-72.762147,-6.937921],[-72.784991,-6.972482],[-72.820208,-6.979757],[-72.851142,-7.000221],[-72.876841,-6.994764],[-72.907775,-6.997492],[-72.933474,-7.011134],[-72.975354,-7.025231],[-73.010096,-7.028415],[-73.048168,-7.008861],[-73.12241,-6.977484],[-73.140495,-6.946107],[-73.193321,-6.918367],[-73.220923,-6.924279],[-73.259948,-6.920641],[-73.298497,-6.942923],[-73.317533,-6.94065],[-73.359413,-6.94929],[-73.411763,-6.944288],[-73.427944,-6.952018],[-73.444601,-6.945652],[-73.453643,-6.928827],[-73.48886,-6.933829],[-73.506469,-6.926553],[-73.535499,-6.942014],[-73.568337,-6.930191],[-73.611645,-6.938831],[-73.627826,-6.936557],[-73.655904,-6.950199],[-73.680652,-6.953837],[-73.683507,-6.980667],[-73.666374,-7.000675],[-73.70873,-7.041147],[-73.738236,-7.134824],[-73.567861,-7.196214],[-73.292786,-7.295802],[-72.900161,-7.437681]]]},"properties":{"cod_ibge":"130165","name":"Guajará","uf":"AM"}},
{"type":"Feature","geometry":{"type":"Polygon","coordinates":[[[-58.917001,-3.547378],[-58.891302,-3.497811],[-58.862272,-3.467344],[-58.832765,-3.448699],[-58.800403,-3.444607],[-58.784222,-3.379579],[-58.825627,-3.400951],[-58.849898,-3.400951],[-58.906531,-3.358661],[-58.939845,-3.311368],[-58.940797,-3.295452],[-58.975538,-3.257708],[-59.010279,-3.244066],[-59.033599,-3.249068],[-59.122118,-3.283174],[-59.1521,-3.279991],[-59.233957,-3.239519],[-59.233481,-3.350475],[-59.249186,-3.371848],[-59.276312,-3.387309],[-59.289162,-3.3864],[-59.326283,-3.406863],[-59.345795,-3.440514],[-59.390531,-3.462341],[-59.401477,-3.479622],[-59.396242,-3.496447],[-59.41385,-3.504632],[-59.451447,-3.492354],[-59.474291,-3.49963],[-59.509508,-3.492809],[-59.541394,-3.515091],[-59.550912,-3.542376],[-59.588033,-3.544649],[-59.626106,-3.500085],[-59.635148,-3.503268],[-59.668461,-3.485988],[-59.676076,-3.470072],[-59.703679,-3.468708],[-59.714625,-3.459613],[-59.73842,-3.471891],[-59.775065,-3.463706],[-59.787439,-3.50054],[-59.811234,-3.695623],[-59.821704,-3.703808],[-59.833602,-3.752011],[-59.83503,-3.807035],[-59.827891,-3.838412],[-59.855018,-3.865696],[-59.869295,-3.905713],[-59.888331,-3.910261],[-59.892615,-3.932543],[-59.908796,-3.94664],[-59.903561,-3.975288],[-59.920693,-3.988476],[-59.941633,-3.978472],[-59.952579,-3.962556],[-59.984465,-3.962556],[-59.997791,-3.950278],[-60.012544,-3.959827],[-60.064418,-3.961646],[-60.078219,-3.978017],[-60.084882,-4.002118],[-60.104394,-3.998935],[-60.119147,-4.061234],[-60.116768,-4.098978],[-60.100111,-4.127172],[-60.100111,-4.151728],[-60.131045,-4.192654],[-60.14913,-4.179922],[-60.172925,-4.137176],[-60.200052,-4.149909],[-60.287143,-4.16446],[-60.267155,-4.20948],[-60.276197,-4.234945],[-60.229082,-4.275872],[-60.205287,-4.273598],[-60.184347,-4.294516],[-60.170546,-4.332714],[-60.150081,-4.343628],[-60.125334,-4.336807],[-60.121527,-4.354997],[-60.135328,-4.370003],[-60.130093,-4.386828],[-60.08393,-4.405927],[-60.069653,-4.379098],[-60.046809,-4.386374],[-60.050616,-4.414113],[-60.023014,-4.41093],[-59.996839,-4.396833],[-59.954007,-4.388647],[-59.948772,-4.361818],[-59.967808,-4.339535],[-59.969712,-4.310432],[-59.988748,-4.263594],[-59.939254,-4.246314],[-59.947344,-4.225396],[-59.928784,-4.212663],[-59.694636,-4.212208],[-59.6756,-4.188562],[-59.64419,-4.201749],[-59.619919,-4.198566],[-59.586129,-4.140814],[-59.579942,-4.117167],[-59.587557,-4.076695],[-59.581846,-4.057596],[-59.558526,-4.021672],[-59.557575,-3.982564],[-59.528068,-3.955735],[-59.526165,-3.925722],[-59.500466,-3.919355],[-59.208257,-3.920265],[-59.17304,-3.889797],[-59.104985,-3.8757],[-59.090232,-3.865241],[-59.053111,-3.80658],[-59.051683,-3.776112],[-59.06025,-3.755649],[-59.09975,-3.70199],[-59.093087,-3.682436],[-59.004568,-3.609677],[-58.985532,-3.607404],[-58.917001,-3.547378]]]},"properties":{"cod_ibge":"130030","name":"Autazes","uf":"AM"}},
{"type":"Feature","geometry":{"type":"Polygon","coordinates":[[[-67.649456,-1.51196],[-67.711324,-1.527876],[-67.744638,-1.521965],[-67.800319,-1.486495],[-67.831729,-1.481947],[-67.854097,-1.489678],[-67.877893,-1.508777],[-67.904543,-1.517417],[-67.93405,-1.512415],[-67.962604,-1.490133],[-67.993063,-1.479674],[-68.035418,-1.474672],[-68.08872,-1.498773],[-68.127269,-1.499682],[-68.160582,-1.483312],[-68.160582,-1.288683],[-68.161058,-0.999013],[-68.164866,-0.671146],[-68.224354,-0.661141],[-68.28765,-0.679786],[-68.289554,-0.690245],[-68.332386,-0.708889],[-68.357609,-0.728898],[-68.382356,-0.736628],[-68.404724,-0.734809],[-68.425664,-0.757091],[-68.493719,-0.752544],[-68.503713,-0.757546],[-68.547021,-0.744813],[-68.563677,-0.733445],[-68.595563,-0.723895],[-68.620787,-0.697975],[-68.623166,-0.668872],[-68.645534,-0.636131],[-68.668377,-0.61885],[-68.697408,-0.571103],[-68.780216,-0.54973],[-68.820668,-0.527902],[-68.849699,-0.525629],[-68.862548,-0.511532],[-68.903001,-0.49789],[-68.920133,-0.484702],[-68.962013,-0.477426],[-68.983429,-0.48834],[-69.013887,-0.485157],[-69.032448,-0.502892],[-69.063382,-0.499708],[-69.104786,-0.515624],[-69.117636,-0.533814],[-69.158564,-0.538361],[-69.180931,-0.52381],[-69.219004,-0.511532],[-69.269926,-0.521536],[-69.29515,-0.510168],[-69.309427,-0.489249],[-69.354162,-0.476971],[-69.374151,-0.438773],[-69.396518,-0.424222],[-69.408892,-0.406941],[-69.485989,-0.40103],[-69.487893,-0.371472],[-69.543098,-0.338276],[-69.574984,-0.334183],[-69.604015,-0.310537],[-69.607346,-0.27825],[-69.604015,-0.220953],[-69.647322,-0.194578],[-69.660172,-0.175479],[-69.676829,-0.167748],[-69.706335,-0.172295],[-69.734414,-0.167748],[-69.756306,-0.148649],[-69.757733,-0.098628],[-69.77439,-0.07771],[-69.798186,-0.081347],[-69.812463,-0.118181],[-69.848156,-0.123184],[-69.866716,-0.143192],[-69.883373,-0.143192],[-69.906217,-0.108632],[-69.94191,-0.08544],[-69.951904,-0.020412],[-69.984742,-0.005861],[-69.989025,0.006417],[-69.987597,0.04598],[-69.998067,0.059167],[-70.047086,0.068262],[-70.047562,-0.109541],[-70.04899,-0.142283],[-70.06517,-0.16411],[-70.0547,-0.188211],[-69.999971,-0.222317],[-69.97094,-0.267336],[-69.951428,-0.278705],[-69.920018,-0.325543],[-69.887181,-0.33964],[-69.844825,-0.336911],[-69.827692,-0.373745],[-69.811987,-0.372381],[-69.790571,-0.391935],[-69.773914,-0.391026],[-69.741076,-0.421948],[-69.738697,-0.436954],[-69.718709,-0.448778],[-69.654937,-0.471515],[-69.640184,-0.492887],[-69.612105,-0.499708],[-69.614009,-0.528357],[-69.592117,-0.55746],[-69.598304,-0.596113],[-69.573556,-0.617941],[-69.568797,-0.641587],[-69.575936,-0.666598],[-69.618292,-0.731171],[-69.622099,-0.746632],[-69.612105,-0.764367],[-69.574508,-0.809387],[-69.559755,-0.814843],[-69.573081,-0.83849],[-69.534056,-0.863046],[-69.522158,-0.885783],[-69.526917,-0.9258],[-69.484561,-0.948537],[-69.464573,-0.971729],[-69.464097,-0.987645],[-69.436971,-0.991737],[-69.431736,-1.020386],[-69.440778,-1.034483],[-69.422217,-1.048125],[-69.426976,-1.074955],[-69.400326,-1.110425],[-69.396994,-1.139983],[-69.412223,-1.151806],[-69.416506,-1.186366],[-69.430784,-1.226838],[-69.426501,-1.246847],[-69.41032,-1.278224],[-69.407464,-1.333247],[-69.398422,-1.365079],[-69.423169,-1.379631],[-69.436019,-1.403277],[-69.433163,-1.452844],[-69.456959,-1.491497],[-69.451724,-1.53879],[-69.534532,-2.000351],[-69.613533,-2.440085],[-69.595924,-2.43963],[-69.506929,-2.449635],[-69.470284,-2.474191],[-69.431736,-2.491471],[-69.44173,-2.531033],[-69.375578,-2.531488],[-69.345596,-2.551497],[-69.317041,-2.588785],[-69.308951,-2.615615],[-69.238992,-2.593333],[-69.228998,-2.606065],[-69.204727,-2.606975],[-69.183311,-2.642899],[-69.182835,-2.681098],[-69.171889,-2.706108],[-69.173317,-2.735666],[-69.151425,-2.728391],[-69.12763,-2.74749],[-69.11716,-2.774319],[-69.094792,-2.786597],[-69.066713,-2.837983],[-69.037683,-2.825705],[-69.029592,-2.802968],[-69.01246,-2.785688],[-68.986761,-2.789781],[-68.972959,-2.811153],[-68.957254,-2.816155],[-68.934887,-2.802058],[-68.887772,-2.794328],[-68.840181,-2.805696],[-68.814482,-2.782959],[-68.775457,-2.78205],[-68.753089,-2.770681],[-68.736432,-2.751582],[-68.703119,-2.733847],[-68.67742,-2.727481],[-68.653148,-2.71202],[-68.635064,-2.675641],[-68.612696,-2.646537],[-68.562726,-2.656087],[-68.546069,-2.609249],[-68.508472,-2.602428],[-68.491815,-2.593333],[-68.467544,-2.59788],[-68.40282,-2.619708],[-68.357609,-2.61607],[-68.338097,-2.596061],[-68.325247,-2.55468],[-68.308114,-2.530124],[-68.289554,-2.529669],[-68.244818,-2.541947],[-68.213884,-2.571505],[-68.190089,-2.572415],[-68.173908,-2.554225],[-68.109184,-2.542857],[-68.089672,-2.561046],[-68.058738,-2.55377],[-68.051123,-2.571505],[-68.055882,-2.608794],[-68.023521,-2.647447],[-68.014954,-2.664272],[-67.969267,-2.689283],[-67.951183,-2.668365],[-67.927387,-2.687919],[-67.896929,-2.689738],[-67.868374,-2.702925],[-67.856477,-2.717022],[-67.823639,-2.732938],[-67.796512,-2.708382],[-67.757012,-2.709746],[-67.753204,-2.685645],[-67.735596,-2.657451],[-67.743686,-2.632895],[-67.697999,-2.605611],[-67.694668,-2.59015],[-67.668493,-2.586057],[-67.64089,-2.561046],[-67.631372,-2.493745],[-67.604721,-2.488288],[-67.591871,-2.476464],[-67.571883,-2.474645],[-67.564744,-2.428717],[-67.555226,-2.410072],[-67.559033,-2.392792],[-67.541901,-2.372329],[-67.520961,-2.3696],[-67.489551,-2.345499],[-67.465279,-2.337769],[-67.443388,-2.320943],[-67.411026,-2.305482],[-67.392941,-2.305027],[-67.380568,-2.28229],[-67.338212,-2.25728],[-67.346302,-2.233178],[-67.33488,-2.209077],[-67.309181,-2.173153],[-67.283958,-2.176336],[-67.263494,-2.19589],[-67.231608,-2.204985],[-67.20924,-2.22181],[-67.204005,-2.245911],[-67.176403,-2.252732],[-67.132619,-2.247275],[-67.105016,-2.268193],[-67.078365,-2.274105],[-67.041244,-2.256825],[-67.015069,-2.251368],[-66.968906,-2.251368],[-66.946063,-2.245456],[-66.921791,-2.22954],[-66.89514,-2.228631],[-66.857544,-2.219991],[-66.825658,-2.200437],[-66.785681,-2.19589],[-66.779019,-2.153599],[-66.762362,-2.149506],[-66.714295,-2.165877],[-66.672415,-2.15087],[-66.621017,-2.15087],[-66.599601,-2.117674],[-66.558673,-2.10767],[-66.529166,-2.06447],[-66.538684,-2.024453],[-66.533925,-1.999897],[-66.518696,-1.979433],[-66.460159,-1.934414],[-66.443979,-1.930776],[-66.42637,-1.940326],[-66.410189,-1.971703],[-66.404954,-1.995804],[-66.357363,-2.044006],[-66.323098,-2.056284],[-66.305013,-2.02991],[-66.279314,-2.023543],[-66.256946,-2.026272],[-66.243621,-2.016267],[-66.176518,-1.986254],[-66.161764,-2.001261],[-66.159861,-2.033093],[-66.180325,-2.043097],[-66.169379,-2.064015],[-66.134638,-2.073565],[-66.090378,-2.078112],[-66.056589,-2.074019],[-66.039456,-2.087207],[-66.035649,-2.113127],[-66.01804,-2.141776],[-66.001383,-2.144959],[-66.001383,-1.702951],[-66.001383,-1.413736],[-66.097517,-1.423286],[-66.148439,-1.44193],[-66.192699,-1.472398],[-66.241717,-1.491952],[-66.268844,-1.519236],[-66.288356,-1.54834],[-66.316911,-1.569258],[-66.345941,-1.563346],[-66.372116,-1.533333],[-66.364026,-1.485131],[-66.386869,-1.469215],[-66.417804,-1.479219],[-66.453021,-1.478764],[-66.478244,-1.506503],[-66.522504,-1.530605],[-66.55201,-1.536516],[-66.630059,-1.571531],[-66.657662,-1.601544],[-66.705253,-1.623826],[-66.73809,-1.624281],[-66.775211,-1.601544],[-66.818519,-1.598816],[-66.852784,-1.607911],[-66.882291,-1.605182],[-66.91846,-1.610184],[-66.973189,-1.591085],[-67.006027,-1.594723],[-67.049811,-1.581536],[-67.110251,-1.58199],[-67.151655,-1.604273],[-67.214951,-1.60882],[-67.254452,-1.620189],[-67.286338,-1.609729],[-67.343923,-1.61837],[-67.369146,-1.632012],[-67.385803,-1.664298],[-67.393893,-1.665208],[-67.439104,-1.640652],[-67.489075,-1.65202],[-67.526672,-1.651111],[-67.608528,-1.612003],[-67.618998,-1.596087],[-67.616618,-1.566529],[-67.649456,-1.51196]]]},"properties":{"cod_ibge":"130210","name":"Japurá","uf":"AM"}},
{"type":"Feature","geometry":{"type":"Polygon","coordinates":[[[-57.428834,-2.589695],[-57.416936,-2.593333],[-57.411225,-2.621981],[-57.38267,-2.640171],[-57.303194,-2.632895],[-57.297483,-2.645628],[-57.264169,-2.67655],[-57.223717,-2.693376],[-57.197542,-2.681552],[-57.178029,-2.697013],[-57.178029,-2.721115],[-57.139481,-2.716113],[-57.095697,-2.728391],[-57.031449,-2.707473],[-57.023359,-2.692011],[-56.984334,-2.688373],[-56.979575,-2.677914],[-56.941503,-2.666091],[-56.932936,-2.681552],[-56.911996,-2.67746],[-56.944358,-2.751582],[-56.90105,-2.774319],[-56.89058,-2.772955],[-56.850604,-2.743852],[-56.824429,-2.764315],[-56.800634,-2.737485],[-56.753994,-2.724298],[-56.750663,-2.748854],[-56.788736,-2.753856],[-56.811104,-2.783414],[-56.835851,-2.853899],[-56.833471,-2.878],[-56.854887,-2.915744],[-56.917707,-2.894371],[-56.940075,-2.906649],[-56.967678,-2.906194],[-56.983383,-2.919836],[-57.01622,-2.932569],[-57.020028,-2.981681],[-57.030498,-3.013967],[-56.998612,-3.032612],[-56.996232,-3.072629],[-57.020504,-3.120377],[-57.020979,-3.139021],[-57.04763,-3.178583],[-57.045727,-3.209051],[-57.026214,-3.216782],[-56.982431,-3.216782],[-56.972437,-3.206323],[-56.943406,-3.230424],[-56.937695,-3.269077],[-56.929129,-3.279991],[-56.887249,-3.301363],[-56.852032,-3.300909],[-56.83823,-3.322281],[-56.810152,-3.333195],[-56.767796,-3.242702],[-56.656433,-3.000325],[-56.609794,-2.89619],[-56.500335,-2.660634],[-56.426093,-2.501475],[-56.402298,-2.456456],[-56.464642,-2.431445],[-56.465594,-2.42326],[-56.425617,-2.369146],[-56.412768,-2.321853],[-56.389448,-2.278652],[-56.410388,-2.275015],[-56.450365,-2.278652],[-56.467021,-2.260918],[-56.481775,-2.267284],[-56.494624,-2.250459],[-56.515088,-2.242273],[-56.540311,-2.261827],[-56.534125,-2.285474],[-56.590758,-2.325036],[-56.617885,-2.318215],[-56.643108,-2.356868],[-56.689271,-2.37915],[-56.717349,-2.371874],[-56.73591,-2.37915],[-56.77779,-2.383697],[-56.771127,-2.419167],[-56.821574,-2.406889],[-56.841562,-2.410072],[-56.881538,-2.403706],[-56.889153,-2.425988],[-56.927701,-2.412346],[-56.935792,-2.387335],[-56.9534,-2.367327],[-56.969581,-2.380969],[-57.004323,-2.376876],[-57.036209,-2.37915],[-57.050486,-2.36187],[-57.103312,-2.334131],[-57.150903,-2.33595],[-57.171843,-2.331857],[-57.190879,-2.364598],[-57.218006,-2.391428],[-57.238946,-2.38006],[-57.263217,-2.349592],[-57.40599,-2.380514],[-57.353164,-2.416439],[-57.333652,-2.440995],[-57.33032,-2.45782],[-57.289392,-2.489197],[-57.316995,-2.508751],[-57.428834,-2.589695]]]},"properties":{"cod_ibge":"130340","name":"Parintins","uf":"AM"}},
{"type":"Feature","geometry":{"type":"Polygon","coordinates":[[[-63.621362,-7.976548],[-63.32725,-7.976548],[-63.118326,-7.977003],[-62.86657,-7.976093],[-62.832781,-7.994283],[-62.809937,-8.025205],[-62.786142,-8.02657],[-62.743786,-8.045214],[-62.724749,-8.069315],[-62.692388,-8.092962],[-62.672875,-8.145257],[-62.686677,-8.173905],[-62.660026,-8.199826],[-62.654791,-8.228929],[-62.600061,-8.272129],[-62.585308,-8.271675],[-62.555802,-8.30669],[-62.561037,-8.313965],[-62.539621,-8.358075],[-62.518681,-8.384905],[-62.478704,-8.345797],[-62.465379,-8.339886],[-62.43968,-8.368079],[-62.424451,-8.374901],[-62.383998,-8.377629],[-62.360679,-8.398547],[-62.369245,-8.446295],[-62.365914,-8.493588],[-62.354016,-8.511777],[-62.337359,-8.51678],[-62.325938,-8.563618],[-62.339263,-8.58681],[-62.335932,-8.609547],[-62.289293,-8.639105],[-62.279299,-8.6291],[-62.294528,-8.605454],[-62.289293,-8.589083],[-62.268829,-8.575896],[-62.228376,-8.590447],[-62.183641,-8.599088],[-62.174599,-8.628191],[-62.200298,-8.644107],[-62.16508,-8.679577],[-62.171743,-8.695038],[-62.148899,-8.718229],[-62.155086,-8.739602],[-62.125104,-8.801447],[-62.097977,-8.808723],[-62.074182,-8.798719],[-62.030874,-8.799628],[-62.021356,-8.823729],[-62.003747,-8.830096],[-61.979,-8.873296],[-61.938072,-8.881481],[-61.90571,-8.87466],[-61.902854,-8.862837],[-61.917132,-8.862837],[-61.946638,-8.814634],[-61.969482,-8.799628],[-61.995657,-8.747333],[-61.998512,-8.688217],[-61.978524,-8.670482],[-61.961867,-8.642288],[-61.977572,-8.620006],[-61.988518,-8.581353],[-61.987566,-8.555432],[-61.97662,-8.5427],[-61.980428,-8.522236],[-61.969482,-8.47176],[-61.980904,-8.454935],[-61.953777,-8.420829],[-61.943307,-8.394454],[-61.908565,-8.344888],[-61.922843,-8.274403],[-61.933789,-8.259397],[-61.919035,-8.242116],[-61.921415,-8.218015],[-61.914276,-8.194369],[-61.940451,-8.143438],[-61.944259,-8.108423],[-61.971861,-8.074772],[-61.979,-8.054763],[-61.99756,-8.047033],[-62.009934,-8.027024],[-62.058953,-8.003378],[-62.031826,-7.908792],[-62.017549,-7.905609],[-61.998512,-7.881962],[-61.975193,-7.881962],[-61.962343,-7.843764],[-61.929029,-7.838307],[-61.920939,-7.810568],[-61.869541,-7.754635],[-61.851456,-7.759637],[-61.838607,-7.705068],[-61.820522,-7.715982],[-61.818143,-7.652318],[-61.846697,-7.640495],[-61.854788,-7.585926],[-61.875252,-7.563189],[-61.879535,-7.543181],[-61.841938,-7.48361],[-61.827661,-7.453597],[-61.823378,-7.426767],[-61.856215,-7.392662],[-61.836703,-7.346733],[-61.847649,-7.322177],[-61.887625,-7.315356],[-61.899999,-7.288981],[-61.960439,-7.292619],[-61.986139,-7.267153],[-61.994705,-7.242597],[-62.027067,-7.222134],[-62.004699,-7.213949],[-62.004699,-7.200306],[-61.97662,-7.199852],[-61.979476,-7.1853],[-61.956156,-7.162563],[-61.961867,-7.148466],[-61.938548,-7.13346],[-61.920939,-7.142554],[-61.927126,-7.104356],[-61.914752,-7.091624],[-61.918559,-7.06343],[-61.878107,-7.039783],[-61.870969,-7.061156],[-61.852408,-7.065703],[-61.843366,-7.030688],[-61.813384,-7.018865],[-61.816239,-7.007951],[-61.844318,-7.007042],[-61.85336,-6.982031],[-61.850504,-6.966115],[-61.830516,-6.967025],[-61.80101,-6.945197],[-61.815287,-6.936557],[-61.795299,-6.917913],[-61.776739,-6.913365],[-61.775787,-6.876077],[-61.759606,-6.866072],[-61.732479,-6.874712],[-61.713919,-6.851975],[-61.718202,-6.835605],[-61.705352,-6.821963],[-61.712491,-6.802863],[-61.674418,-6.772396],[-61.685364,-6.753751],[-61.681557,-6.737381],[-61.637297,-6.716918],[-61.650147,-6.705094],[-61.676798,-6.701911],[-61.691551,-6.666441],[-61.681557,-6.651435],[-61.688219,-6.624605],[-61.674894,-6.613691],[-61.661569,-6.585952],[-61.681081,-6.558668],[-61.68584,-6.540933],[-61.711063,-6.524562],[-61.688219,-6.513194],[-61.692503,-6.498642],[-61.748184,-6.474541],[-61.726292,-6.453623],[-61.699165,-6.417244],[-61.730575,-6.405875],[-61.765793,-6.429976],[-61.783401,-6.427248],[-61.805769,-6.372679],[-61.782449,-6.359037],[-61.781498,-6.344485],[-61.805293,-6.340847],[-61.820046,-6.311289],[-61.843366,-6.287188],[-61.837179,-6.268998],[-61.814335,-6.25763],[-61.796727,-6.263087],[-61.741521,-6.254447],[-61.744853,-6.224434],[-61.771979,-6.19624],[-61.773883,-6.176231],[-61.807197,-6.1444],[-61.82195,-6.154404],[-61.827661,-6.17805],[-61.825757,-6.214884],[-61.840034,-6.248535],[-61.854788,-6.258539],[-61.90571,-6.253082],[-61.928554,-6.262632],[-61.965199,-6.260358],[-62.085128,-6.224889],[-62.122249,-6.193966],[-62.151279,-6.189874],[-62.185544,-6.199878],[-62.225521,-6.221705],[-62.265021,-6.251263],[-62.275491,-6.288552],[-62.27216,-6.307651],[-62.288341,-6.334936],[-62.313564,-6.333117],[-62.346402,-6.323112],[-62.383047,-6.325841],[-62.401131,-6.347668],[-62.425878,-6.359492],[-62.443011,-6.355854],[-62.485843,-6.381319],[-62.504879,-6.414515],[-62.537717,-6.411787],[-62.557705,-6.381774],[-62.58626,-6.387686],[-62.580549,-6.407694],[-62.605772,-6.435888],[-62.635754,-6.456351],[-62.671448,-6.443164],[-62.686677,-6.450894],[-62.714279,-6.434524],[-62.723322,-6.418608],[-62.773292,-6.417244],[-62.792804,-6.425429],[-62.804226,-6.41497],[-62.834684,-6.43225],[-62.863715,-6.429976],[-62.881323,-6.453623],[-62.895125,-6.486364],[-62.926535,-6.520015],[-62.944143,-6.553211],[-62.970318,-6.688269],[-63.010295,-6.78331],[-63.049795,-6.8447],[-63.164965,-6.846064],[-63.153543,-6.86971],[-63.147833,-6.918822],[-63.154495,-6.938376],[-63.131176,-6.961113],[-63.168297,-7.012044],[-63.187809,-7.011134],[-63.214936,-7.02705],[-63.207797,-7.054335],[-63.218743,-7.067068],[-63.261099,-7.081619],[-63.262527,-7.090259],[-63.297268,-7.095716],[-63.307738,-7.103902],[-63.303931,-7.126184],[-63.314401,-7.140281],[-63.312973,-7.163472],[-63.320587,-7.205309],[-63.300123,-7.206673],[-63.301551,-7.2285],[-63.280611,-7.247145],[-63.302979,-7.28216],[-63.288702,-7.331272],[-63.301551,-7.344914],[-63.251581,-7.359011],[-63.247773,-7.392662],[-63.265858,-7.406759],[-63.288226,-7.401302],[-63.336292,-7.403121],[-63.329154,-7.435407],[-63.308214,-7.441319],[-63.317732,-7.476334],[-63.344859,-7.520444],[-63.374365,-7.528629],[-63.378172,-7.55273],[-63.395305,-7.558187],[-63.40292,-7.588655],[-63.422432,-7.59684],[-63.419101,-7.629581],[-63.395781,-7.635948],[-63.394829,-7.656866],[-63.3796,-7.662323],[-63.397685,-7.701885],[-63.396733,-7.720984],[-63.410058,-7.738264],[-63.443372,-7.747814],[-63.470023,-7.748268],[-63.526656,-7.794197],[-63.532367,-7.810113],[-63.55759,-7.840126],[-63.604229,-7.848766],[-63.634687,-7.873777],[-63.62041,-7.89424],[-63.624217,-7.943807],[-63.621362,-7.976548]]]},"properties":{"cod_ibge":"130170","name":"Humaitá","uf":"AM"}},
{"type":"Feature","geometry":{"type":"Polygon","coordinates":[[[-61.840034,-1.401004],[-61.869541,-1.401913],[-61.896668,-1.395547],[-61.906662,-1.355984],[-61.927602,-1.320515],[-61.949969,-1.296868],[-61.967102,-1.242754],[-61.988042,-1.216834],[-61.98947,-1.201827],[-62.017549,-1.141802],[-62.062284,-1.099966],[-62.099881,-1.096782],[-62.118441,-1.076319],[-62.111303,-1.060403],[-62.12558,-1.037211],[-62.143189,-1.037211],[-62.171743,-1.005834],[-62.199822,-1.000378],[-62.203629,-0.982643],[-62.227424,-0.973548],[-62.25931,-0.975822],[-62.27216,-0.952175],[-62.312612,-0.930348],[-62.364962,-0.877143],[-62.375908,-0.836671],[-62.395896,-0.8203],[-62.433493,-0.80393],[-62.461572,-0.801656],[-62.501072,-0.781647],[-62.510114,-0.75891],[-62.494885,-0.750725],[-62.508211,-0.714346],[-62.486795,-0.681605],[-62.472042,-0.690245],[-62.445391,-0.686152],[-62.413029,-0.702977],[-62.411125,-0.712982],[-62.375432,-0.708434],[-62.367342,-0.694337],[-62.368293,-0.667053],[-62.351637,-0.673419],[-62.330221,-0.657958],[-62.307853,-0.657958],[-62.286913,-0.632493],[-62.29072,-0.598387],[-62.312136,-0.576105],[-62.315944,-0.551549],[-62.307377,-0.507894],[-62.285485,-0.492887],[-62.28025,-0.450597],[-62.232659,-0.424676],[-62.21743,-0.404213],[-62.207912,-0.36647],[-62.196966,-0.362832],[-62.1884,-0.32236],[-62.219334,-0.305534],[-62.240274,-0.301442],[-62.253599,-0.270065],[-62.250268,-0.219134],[-62.241702,-0.170477],[-62.277871,-0.150013],[-62.297383,-0.116817],[-62.319751,-0.096354],[-62.325462,-0.065886],[-62.319275,-0.056791],[-62.325938,-0.003132],[-62.336408,0.021424],[-62.369721,0.057803],[-62.409222,0.075083],[-62.421595,0.09782],[-62.428258,0.128288],[-62.423975,0.153299],[-62.438728,0.19468],[-62.452529,0.207413],[-62.454433,0.243337],[-62.466807,0.267893],[-62.458716,0.313367],[-62.466807,0.332921],[-62.446343,0.379304],[-62.455861,0.392492],[-62.458716,0.417503],[-62.485367,0.453882],[-62.518681,0.443878],[-62.522964,0.485714],[-62.532958,0.508905],[-62.518681,0.593942],[-62.538193,0.67534],[-62.533434,0.701261],[-62.500596,0.748099],[-62.462999,0.776747],[-62.458716,0.799484],[-62.465855,0.829043],[-62.481084,0.842685],[-62.484891,0.875881],[-62.467283,0.923629],[-62.453481,0.934542],[-62.442535,0.958644],[-62.445867,0.976833],[-62.474897,1.016396],[-62.47918,1.047773],[-62.471566,1.086426],[-62.52106,1.083697],[-62.545332,1.120986],[-62.559133,1.187833],[-62.576742,1.227395],[-62.597682,1.290149],[-62.601965,1.325619],[-62.620525,1.362908],[-62.620049,1.403834],[-62.640038,1.438395],[-62.676683,1.454765],[-62.730936,1.499785],[-62.736171,1.529797],[-62.805178,1.591187],[-62.792804,1.635297],[-62.755683,1.676224],[-62.728557,1.69987],[-62.72237,1.722607],[-62.730936,1.818103],[-62.704285,1.874036],[-62.698574,1.911779],[-62.703333,1.933607],[-62.729508,1.960436],[-62.813268,1.991813],[-62.838492,2.016369],[-62.932722,2.027283],[-62.948427,2.030921],[-62.980313,2.017734],[-63.02362,2.014551],[-63.077398,2.045928],[-63.085488,2.061389],[-63.119754,2.096404],[-63.13879,2.142787],[-63.146405,2.173255],[-63.193996,2.18144],[-63.276328,2.154611],[-63.310593,2.16507],[-63.359612,2.196901],[-63.37151,2.211453],[-63.385311,2.202358],[-63.395781,2.157339],[-63.420052,2.131419],[-63.442896,2.124598],[-63.47383,2.141423],[-63.474782,2.124143],[-63.510951,2.111865],[-63.534747,2.131873],[-63.559018,2.133238],[-63.583765,2.117322],[-63.594235,2.122324],[-63.618982,2.10368],[-63.637543,2.069574],[-63.663718,2.059115],[-63.660862,2.022736],[-63.691321,2.021826],[-63.697507,2.045018],[-63.719399,2.036833],[-63.739863,2.005001],[-63.774605,1.998635],[-63.780792,1.982719],[-63.814105,1.98863],[-63.83219,1.967712],[-63.847895,1.964074],[-63.9031,1.993178],[-63.922612,1.982264],[-63.972107,1.991359],[-64.027788,1.943156],[-64.057771,1.929059],[-64.06253,1.915417],[-64.058247,1.879038],[-64.069668,1.852663],[-64.050156,1.826743],[-64.059674,1.780814],[-64.076331,1.751256],[-64.073476,1.723517],[-64.061102,1.701234],[-64.075379,1.650304],[-64.086801,1.644392],[-64.100602,1.608467],[-64.131537,1.576181],[-64.168182,1.579364],[-64.191977,1.546623],[-64.197212,1.519793],[-64.216248,1.506606],[-64.233857,1.50797],[-64.263363,1.495692],[-64.301436,1.464315],[-64.327611,1.42066],[-64.325707,1.394285],[-64.355214,1.379733],[-64.390907,1.388373],[-64.401853,1.41111],[-64.377581,1.46386],[-64.348075,1.495237],[-64.346647,1.517519],[-64.394238,1.528433],[-64.435642,1.470681],[-64.466576,1.474774],[-64.484661,1.454765],[-64.526541,1.42839],[-64.537011,1.415203],[-64.555096,1.414748],[-64.567469,1.396558],[-64.589361,1.336078],[-64.607921,1.338352],[-64.645042,1.300608],[-64.675976,1.285147],[-64.700724,1.27969],[-64.718808,1.241037],[-64.743556,1.226486],[-64.756881,1.22785],[-64.790195,1.273324],[-64.783532,1.28833],[-64.799713,1.313341],[-64.819701,1.294697],[-64.823032,1.278326],[-64.852539,1.229669],[-64.863961,1.19329],[-64.820177,1.162367],[-64.799713,1.131445],[-64.777345,1.116893],[-64.754977,1.088245],[-64.73023,1.07824],[-64.700248,1.036859],[-64.664555,1.039133],[-64.645518,1.028219],[-64.623626,1.030947],[-64.60697,0.993659],[-64.587457,0.985019],[-64.569373,0.933178],[-64.55224,0.93045],[-64.543198,0.904529],[-64.509884,0.896344],[-64.475619,0.864058],[-64.448016,0.853144],[-64.440877,0.805396],[-64.424696,0.808125],[-64.396618,0.793573],[-64.375678,0.759013],[-64.354738,0.735821],[-64.33475,0.738549],[-64.312858,0.723088],[-64.285255,0.71945],[-64.267171,0.707172],[-64.242899,0.714448],[-64.24052,0.681252],[-64.227194,0.679433],[-64.202447,0.653513],[-64.180079,0.665336],[-64.164374,0.663972],[-64.148669,0.643963],[-64.146766,0.627593],[-64.127729,0.620772],[-64.083946,0.581664],[-64.067765,0.547558],[-64.074427,0.533461],[-64.055391,0.493899],[-64.049204,0.40477],[-64.034451,0.393401],[-64.03921,0.3693],[-64.014463,0.351565],[-64.008276,0.323371],[-64.023029,0.316096],[-64.012083,0.289266],[-64.014939,0.260617],[-63.987812,0.222419],[-63.994951,0.195589],[-63.966396,0.165122],[-63.961161,0.133745],[-63.96592,0.117374],[-63.984957,0.109189],[-63.987812,0.051891],[-63.985908,-0.000858],[-64.000662,-0.009953],[-64.011607,-0.039057],[-64.014939,-0.066796],[-64.025885,-0.074981],[-64.033023,-0.099537],[-64.050632,-0.102265],[-64.065385,-0.134097],[-64.087277,-0.147285],[-64.111072,-0.135916],[-64.119639,-0.15547],[-64.085373,-0.188211],[-64.081566,-0.252785],[-64.096319,-0.283252],[-64.161519,-0.303715],[-64.192929,-0.327362],[-64.233381,-0.338276],[-64.313334,-0.332364],[-64.437546,-0.349644],[-64.48133,-0.387842],[-64.536059,-0.393754],[-64.556047,-0.407851],[-64.593644,-0.416036],[-64.610301,-0.425131],[-64.660747,-0.42695],[-64.672645,-0.438773],[-64.708338,-0.454689],[-64.761164,-0.457872],[-64.772586,-0.470605],[-64.819225,-0.494252],[-64.830171,-0.51426],[-64.808279,-0.56792],[-64.823508,-0.597023],[-64.806851,-0.609301],[-64.817321,-0.627036],[-64.821129,-0.653865],[-64.796857,-0.704342],[-64.793526,-0.752089],[-64.800189,-0.767551],[-64.791622,-0.800292],[-64.814942,-0.807113],[-64.811135,-0.824393],[-64.842069,-0.831669],[-64.849207,-0.862136],[-64.83493,-0.881236],[-64.840165,-0.905792],[-64.862057,-0.936259],[-64.860629,-0.967181],[-64.871575,-0.974912],[-64.869196,-0.999923],[-64.878714,-1.022205],[-64.897274,-1.029936],[-64.916786,-1.014929],[-64.954859,-1.019022],[-64.953431,-1.043578],[-64.966281,-1.052218],[-64.984841,-1.045397],[-64.966757,-1.103604],[-64.973896,-1.120429],[-64.969612,-1.145894],[-65.003402,-1.169086],[-65.031481,-1.166358],[-65.045758,-1.190004],[-65.038143,-1.204556],[-65.053848,-1.237297],[-65.0548,-1.260034],[-65.040523,-1.266855],[-65.049565,-1.287773],[-65.074312,-1.302325],[-65.077644,-1.340978],[-65.074788,-1.365079],[-65.04433,-1.383724],[-65.058607,-1.420103],[-65.079547,-1.440111],[-65.08621,-1.458301],[-65.118572,-1.451935],[-65.197573,-1.463758],[-65.202808,-1.47831],[-65.229459,-1.479219],[-65.253254,-1.492407],[-65.260393,-1.480583],[-65.293706,-1.489678],[-65.299417,-1.528331],[-65.325116,-1.564255],[-65.330827,-1.590176],[-65.346056,-1.600635],[-65.35605,-1.621553],[-65.353671,-1.638378],[-65.37937,-1.671574],[-65.353195,-1.733874],[-65.340345,-1.746606],[-65.324165,-1.73933],[-65.310839,-1.750244],[-65.311315,-1.778438],[-65.290851,-1.785714],[-65.228983,-1.776164],[-65.20947,-1.781621],[-65.193765,-1.797992],[-65.179488,-1.833007],[-65.177109,-1.87166],[-65.183296,-1.937142],[-65.171398,-1.95988],[-65.136181,-1.974886],[-65.084782,-1.961698],[-65.058131,-1.969884],[-65.041475,-1.953513],[-65.020059,-1.913041],[-64.97342,-1.887121],[-64.943913,-1.887121],[-64.934395,-1.899854],[-64.949624,-2.000351],[-64.928208,-2.026272],[-64.924877,-2.044916],[-64.935823,-2.094028],[-64.930588,-2.109944],[-64.886804,-2.100394],[-64.866816,-2.080386],[-64.803044,-2.07311],[-64.786863,-2.046735],[-64.750694,-2.036276],[-64.72214,-2.018541],[-64.704531,-2.01945],[-64.687874,-2.057649],[-64.695013,-2.08948],[-64.708338,-2.119948],[-64.71167,-2.142685],[-64.7012,-2.163148],[-64.665982,-2.194525],[-64.663127,-2.214079],[-64.606018,-2.225448],[-64.590313,-2.223629],[-64.570801,-2.236816],[-64.53368,-2.245456],[-64.511788,-2.235452],[-64.504173,-2.191797],[-64.496559,-2.180429],[-64.462769,-2.185431],[-64.407564,-2.207713],[-64.367587,-2.253642],[-64.367111,-2.26501],[-64.337605,-2.277743],[-64.31381,-2.267284],[-64.286207,-2.216808],[-64.260032,-2.204985],[-64.258128,-2.146778],[-64.253845,-2.124041],[-64.233381,-2.106761],[-64.201495,-2.103577],[-64.169133,-2.131317],[-64.155808,-2.171788],[-64.085849,-2.191797],[-64.074903,-2.190888],[-64.02874,-2.160875],[-64.011132,-2.161784],[-64.012559,-2.187704],[-63.993047,-2.215898],[-64.002565,-2.242273],[-63.99971,-2.272286],[-64.006848,-2.328674],[-63.977342,-2.373693],[-63.974487,-2.422805],[-63.957354,-2.444633],[-63.906432,-2.43963],[-63.875497,-2.445087],[-63.822672,-2.430536],[-63.802683,-2.43963],[-63.750333,-2.438721],[-63.726062,-2.42326],[-63.712737,-2.389154],[-63.694652,-2.378695],[-63.657531,-2.391883],[-63.633736,-2.390519],[-63.593283,-2.356413],[-63.565205,-2.362779],[-63.537126,-2.387335],[-63.519517,-2.391883],[-63.47621,-2.381878],[-63.448607,-2.413256],[-63.441468,-2.447816],[-63.42386,-2.470098],[-63.389594,-2.488288],[-63.36913,-2.490107],[-63.332485,-2.462822],[-63.304882,-2.43099],[-63.279183,-2.435993],[-63.256816,-2.46737],[-63.234448,-2.483286],[-63.198279,-2.48465],[-63.176863,-2.492835],[-63.141646,-2.491016],[-63.125941,-2.482831],[-63.075018,-2.476919],[-63.040753,-2.483286],[-63.032663,-2.451454],[-63.014578,-2.455092],[-62.997921,-2.441449],[-62.95033,-2.425079],[-62.907498,-2.415529],[-62.885131,-2.398704],[-62.883227,-2.384152],[-62.853721,-2.336404],[-62.828498,-2.323217],[-62.790425,-2.319124],[-62.786142,-2.30912],[-62.739978,-2.292749],[-62.718087,-2.276379],[-62.658598,-2.28229],[-62.641941,-2.288202],[-62.621001,-2.280926],[-62.591495,-2.281381],[-62.543904,-2.272286],[-62.513922,-2.244547],[-62.498217,-2.244547],[-62.46062,-2.222719],[-62.402083,-2.207713],[-62.392565,-2.211806],[-62.35354,-2.193616],[-62.335456,-2.165877],[-62.302142,-2.148597],[-62.292148,-2.16042],[-62.237894,-2.132681],[-62.223617,-2.147232],[-62.208864,-2.120403],[-62.16746,-2.124041],[-62.14652,-2.101758],[-62.122724,-2.090845],[-62.101784,-2.053101],[-62.080369,-2.06447],[-62.072754,-2.049009],[-62.084176,-2.037185],[-62.072754,-2.000806],[-62.047055,-1.974886],[-62.021832,-1.999442],[-62.025163,-2.018541],[-61.995181,-2.025362],[-61.961391,-1.986709],[-61.957108,-1.972612],[-61.928554,-1.95897],[-61.914276,-1.936688],[-61.920463,-1.926229],[-61.884294,-1.911222],[-61.88239,-1.934869],[-61.85336,-1.936688],[-61.845269,-1.922136],[-61.827185,-1.926229],[-61.806721,-1.945328],[-61.778642,-1.922136],[-61.763413,-1.919862],[-61.733431,-1.886212],[-61.716298,-1.896671],[-61.704876,-1.887121],[-61.682984,-1.892123],[-61.666328,-1.869386],[-61.647291,-1.856199],[-61.653002,-1.835735],[-61.611122,-1.832552],[-61.595417,-1.840283],[-61.598273,-1.867567],[-61.538784,-1.867567],[-61.530218,-1.877117],[-61.527362,-1.916224],[-61.499759,-1.967155],[-61.452169,-1.948966],[-61.447885,-1.931686],[-61.462163,-1.90622],[-61.38221,-1.895306],[-61.386493,-1.86302],[-61.419331,-1.79299],[-61.42409,-1.756611],[-61.412668,-1.703406],[-61.417427,-1.666117],[-61.41362,-1.637014],[-61.423138,-1.620189],[-61.462639,-1.607001],[-61.474536,-1.578807],[-61.482627,-1.580626],[-61.544495,-1.525603],[-61.559724,-1.495135],[-61.585423,-1.464213],[-61.604935,-1.448297],[-61.635394,-1.433745],[-61.658237,-1.430107],[-61.718202,-1.409644],[-61.740569,-1.391909],[-61.798154,-1.38054],[-61.817191,-1.399639],[-61.840034,-1.401004]]]},"properties":{"cod_ibge":"130040","name":"Barcelos","uf":"AM"}},
{"type":"Feature","geometry":{"type":"Polygon","coordinates":[[[-66.932261,-4.295426],[-66.57295,-4.296335],[-66.358791,-4.296335],[-66.000431,-4.297245],[-65.949985,-4.294516],[-65.920955,-4.30452],[-65.909057,-4.292697],[-65.925238,-4.260865],[-65.916195,-4.21721],[-65.90287,-4.195837],[-65.865749,-4.169917],[-65.862894,-4.146271],[-65.870032,-4.133083],[-65.906201,-4.06942],[-65.920955,-4.034405],[-65.943798,-4.017579],[-65.95522,-3.998935],[-65.948081,-3.958008],[-65.96331,-3.924357],[-65.980919,-3.90253],[-65.98663,-3.85842],[-65.979967,-3.785662],[-65.949509,-3.752011],[-65.961407,-3.731093],[-65.991389,-3.72791],[-65.985202,-3.684709],[-65.992341,-3.634233],[-65.984726,-3.566477],[-65.985678,-3.515546],[-65.978064,-3.487352],[-65.94237,-3.461887],[-65.92143,-3.417777],[-65.918575,-3.389128],[-65.887165,-3.362299],[-65.870508,-3.340471],[-65.86908,-3.304092],[-65.839574,-3.267258],[-65.83196,-3.240883],[-65.802453,-3.183586],[-65.763905,-3.170853],[-65.752483,-3.156301],[-65.73297,-3.094456],[-65.732019,-3.076267],[-65.707271,-3.051711],[-65.678241,-3.000325],[-65.657301,-2.953942],[-65.64112,-2.937116],[-65.614945,-2.928931],[-65.604475,-2.914834],[-65.604475,-2.890278],[-65.589246,-2.871634],[-65.55974,-2.888459],[-65.531661,-2.883912],[-65.497395,-2.858901],[-65.468841,-2.867541],[-65.449329,-2.855263],[-65.426961,-2.873453],[-65.381274,-2.853899],[-65.346056,-2.819793],[-65.338442,-2.773865],[-65.353195,-2.758403],[-65.37699,-2.717932],[-65.386033,-2.687464],[-65.37937,-2.666546],[-65.359858,-2.648356],[-65.313219,-2.638352],[-65.26182,-2.60652],[-65.254682,-2.59015],[-65.256585,-2.563775],[-65.28514,-2.525122],[-65.314646,-2.476464],[-65.340345,-2.473736],[-65.39793,-2.450544],[-65.399358,-2.470098],[-65.424581,-2.488288],[-65.450756,-2.516482],[-65.480739,-2.533762],[-65.510721,-2.57105],[-65.524046,-2.601973],[-65.558312,-2.635169],[-65.589246,-2.657451],[-65.614945,-2.662453],[-65.663964,-2.661998],[-65.706795,-2.627438],[-65.715838,-2.608794],[-65.714886,-2.559682],[-65.721549,-2.527395],[-65.772947,-2.481467],[-65.78532,-2.480102],[-65.818158,-2.502385],[-65.818634,-2.52012],[-65.80055,-2.564229],[-65.77485,-2.591059],[-65.753435,-2.630167],[-65.771995,-2.63335],[-65.794363,-2.616979],[-65.798646,-2.591968],[-65.813399,-2.591059],[-65.830056,-2.605611],[-65.843857,-2.594697],[-65.85861,-2.612432],[-65.878599,-2.599244],[-65.946654,-2.60743],[-65.96807,-2.627438],[-65.987582,-2.675641],[-66.022799,-2.713384],[-66.053257,-2.725207],[-66.065155,-2.753856],[-66.071342,-2.792509],[-66.08895,-2.811608],[-66.12512,-2.895735],[-66.147963,-2.906649],[-66.166524,-2.924838],[-66.175566,-2.954396],[-66.192699,-2.960763],[-66.202693,-2.99214],[-66.198885,-3.01033],[-66.212687,-3.020334],[-66.206976,-3.037159],[-66.219349,-3.053985],[-66.209355,-3.068082],[-66.241241,-3.093547],[-66.253139,-3.128107],[-66.265513,-3.124015],[-66.294543,-3.136293],[-66.307393,-3.151299],[-66.327381,-3.158575],[-66.358791,-3.143114],[-66.406382,-3.135383],[-66.425894,-3.141749],[-66.463015,-3.137657],[-66.483955,-3.147206],[-66.511558,-3.14084],[-66.536305,-3.149935],[-66.597697,-3.14084],[-66.633866,-3.138112],[-66.691927,-3.160849],[-66.735711,-3.152663],[-66.772356,-3.168124],[-66.802338,-3.141749],[-66.831369,-3.142659],[-66.85564,-3.135383],[-66.88467,-3.146297],[-66.907038,-3.165851],[-66.937972,-3.24543],[-66.934641,-3.278172],[-66.941779,-3.303637],[-66.967479,-3.327284],[-66.995557,-3.34138],[-66.992702,-3.373212],[-67.023636,-3.393676],[-67.035058,-3.415503],[-67.026967,-3.483714],[-67.03363,-3.511453],[-67.027919,-3.529188],[-66.998413,-3.548742],[-66.946539,-3.553744],[-66.915129,-3.571479],[-66.910845,-3.586485],[-66.923219,-3.625138],[-66.941304,-3.655606],[-66.967479,-3.67516],[-66.98937,-3.707901],[-66.976521,-3.747464],[-66.979852,-3.775657],[-66.972714,-3.791573],[-66.96843,-3.834774],[-66.97081,-3.861149],[-66.988419,-3.855237],[-67.008883,-3.8757],[-67.012214,-3.892071],[-66.988419,-3.922539],[-66.979376,-3.953461],[-66.986991,-3.978472],[-67.001268,-3.988021],[-67.043148,-3.964829],[-67.135474,-3.932998],[-67.175927,-3.882067],[-67.196867,-3.906623],[-67.165457,-3.99075],[-67.137378,-4.027129],[-67.106444,-4.034859],[-67.075986,-4.058506],[-67.059805,-4.127626],[-67.046004,-4.132629],[-67.006027,-4.174919],[-66.998889,-4.188562],[-66.975569,-4.189471],[-66.962719,-4.203568],[-66.936544,-4.208115],[-66.914653,-4.231307],[-66.932737,-4.26223],[-66.932261,-4.295426]]]},"properties":{"cod_ibge":"130220","name":"Juruá","uf":"AM"}},
{"type":"Feature","geometry":{"type":"Polygon","coordinates":[[[-67.057901,-8.504956],[-66.950346,-8.469487],[-66.926074,-8.454025],[-66.927026,-8.41992],[-66.909418,-8.396728],[-66.923219,-8.334883],[-66.93702,-8.319422],[-66.93702,-8.301687],[-66.925123,-8.272584],[-66.908466,-8.257578],[-66.907038,-8.234841],[-66.878008,-8.217106],[-66.858971,-8.190276],[-66.864206,-8.167539],[-66.885146,-8.152078],[-66.88705,-8.135252],[-66.877532,-8.107968],[-66.863254,-8.092962],[-66.867538,-8.045214],[-66.883719,-8.013837],[-66.8742,-7.969727],[-66.861351,-7.946535],[-66.848025,-7.906063],[-66.816615,-7.869229],[-66.812808,-7.837398],[-66.831844,-7.826484],[-66.790916,-7.792378],[-66.761886,-7.783738],[-66.737139,-7.760092],[-66.743801,-7.738719],[-66.716674,-7.736445],[-66.702397,-7.70143],[-66.673367,-7.695519],[-66.658614,-7.709616],[-66.64624,-7.683695],[-66.623396,-7.676874],[-66.63339,-7.654592],[-66.608167,-7.641405],[-66.575805,-7.644133],[-66.561528,-7.6314],[-66.555817,-7.603206],[-66.536305,-7.600933],[-66.525835,-7.630491],[-66.511558,-7.6314],[-66.502991,-7.599114],[-66.475864,-7.585471],[-66.468726,-7.566372],[-66.436364,-7.565463],[-66.400671,-7.571375],[-66.373068,-7.560915],[-66.365454,-7.538633],[-66.375448,-7.489067],[-66.420183,-7.484064],[-66.428274,-7.503163],[-66.451117,-7.50953],[-66.458732,-7.49998],[-66.484907,-7.517715],[-66.516793,-7.49998],[-66.537257,-7.49998],[-66.608643,-7.488157],[-66.616734,-7.471332],[-66.657186,-7.457235],[-66.675746,-7.445411],[-66.67527,-7.428586],[-66.718102,-7.392207],[-66.720958,-7.371289],[-66.739994,-7.377655],[-66.756651,-7.346733],[-66.786157,-7.34355],[-66.793772,-7.320358],[-66.817091,-7.321722],[-66.842314,-7.303532],[-66.880863,-7.267608],[-66.893713,-7.268063],[-66.927978,-7.249418],[-66.937972,-7.253056],[-66.958436,-7.213039],[-66.942731,-7.193485],[-66.946063,-7.176205],[-66.964623,-7.145738],[-66.963671,-7.133005],[-66.995557,-7.118908],[-67.005551,-7.087531],[-67.03125,-7.087076],[-67.034106,-7.045695],[-67.069799,-7.008861],[-67.127384,-7.024777],[-67.140233,-7.051152],[-67.154987,-7.046604],[-67.176878,-7.057973],[-67.20924,-7.059792],[-67.263494,-7.076162],[-67.278723,-7.102083],[-67.292524,-7.108904],[-67.326314,-7.155287],[-67.349633,-7.17666],[-67.341067,-7.20349],[-67.344398,-7.224862],[-67.337736,-7.253056],[-67.348206,-7.276248],[-67.383899,-7.287162],[-67.442436,-7.287162],[-67.469087,-7.260332],[-67.500497,-7.247145],[-67.497165,-7.268517],[-67.503352,-7.292164],[-67.522864,-7.32536],[-67.56522,-7.349461],[-67.598534,-7.401756],[-67.612335,-7.410851],[-67.641842,-7.399483],[-67.655167,-7.356737],[-67.697999,-7.331272],[-67.691812,-7.309444],[-67.72465,-7.263061],[-67.796036,-7.257149],[-67.809362,-7.248964],[-67.839344,-7.252147],[-67.884555,-7.271246],[-67.903592,-7.260332],[-67.876465,-7.240778],[-67.882176,-7.209401],[-67.901688,-7.165746],[-67.914538,-7.154832],[-67.936429,-7.163927],[-67.947375,-7.151649],[-67.985924,-7.145738],[-68.000677,-7.15074],[-68.041605,-7.117089],[-68.064449,-7.123001],[-68.077298,-7.143919],[-68.114895,-7.146647],[-68.1306,-7.163472],[-68.144877,-7.155742],[-68.17248,-7.168475],[-68.177715,-7.147102],[-68.202462,-7.1421],[-68.233397,-7.152559],[-68.273373,-7.177569],[-68.319536,-7.158925],[-68.345235,-7.174386],[-68.387115,-7.179388],[-68.457074,-7.157561],[-68.462309,-7.1421],[-68.487532,-7.161654],[-68.491339,-7.191666],[-68.476586,-7.220315],[-68.492767,-7.248509],[-68.519418,-7.241688],[-68.534171,-7.247145],[-68.542737,-7.223953],[-68.567009,-7.218951],[-68.566533,-7.200761],[-68.598895,-7.178934],[-68.593184,-7.161654],[-68.605557,-7.1421],[-68.65648,-7.103902],[-68.688366,-7.102083],[-68.72977,-7.122091],[-68.766891,-7.108449],[-68.806391,-7.099354],[-68.840657,-7.108449],[-68.863976,-7.103447],[-68.903001,-7.105266],[-68.923941,-7.091169],[-68.962965,-7.078436],[-68.975339,-7.062975],[-68.996279,-7.057973],[-69.017219,-7.075708],[-69.032924,-7.072979],[-69.01246,-7.034781],[-69.040062,-7.028869],[-69.052436,-7.049787],[-69.069569,-7.03569],[-69.087653,-7.048423],[-69.09384,-7.026141],[-69.109545,-7.029324],[-69.127154,-7.016137],[-69.133816,-6.99249],[-69.132865,-6.961568],[-69.165702,-6.960658],[-69.192829,-6.944742],[-69.217576,-6.977938],[-69.236137,-6.992945],[-69.286583,-7.012044],[-69.308951,-7.007951],[-69.32418,-7.015227],[-69.360825,-7.012499],[-69.389856,-7.026596],[-69.415079,-7.062065],[-69.413651,-7.074798],[-69.462194,-7.100264],[-69.486465,-7.10572],[-69.483134,-7.128912],[-69.454579,-7.146192],[-69.456483,-7.170748],[-69.485037,-7.180753],[-69.491224,-7.203035],[-69.478851,-7.223953],[-69.474567,-7.252147],[-69.492652,-7.279431],[-69.494556,-7.302168],[-69.485037,-7.314901],[-69.488845,-7.337638],[-69.511688,-7.360375],[-69.496459,-7.382203],[-69.491224,-7.40494],[-69.516447,-7.414489],[-69.524538,-7.436317],[-69.508833,-7.459054],[-69.53358,-7.489067],[-69.553092,-7.537269],[-69.565466,-7.557278],[-69.555472,-7.570465],[-69.584978,-7.608208],[-69.587358,-7.627308],[-69.555472,-7.658685],[-69.569749,-7.686424],[-69.598304,-7.690971],[-69.615436,-7.717801],[-69.611153,-7.734626],[-69.625431,-7.752361],[-69.656841,-7.767368],[-69.682064,-7.793288],[-69.704907,-7.787376],[-69.730606,-7.820117],[-69.743932,-7.821936],[-69.76392,-7.843309],[-69.767251,-7.863318],[-69.792475,-7.867865],[-69.798661,-7.891057],[-69.78486,-7.908337],[-69.789143,-7.940169],[-69.800565,-7.951992],[-69.798661,-7.977003],[-69.78724,-7.998376],[-69.802945,-8.048852],[-69.801517,-8.06113],[-69.621623,-8.215287],[-69.444109,-8.366261],[-69.212817,-8.564527],[-69.16713,-8.584991],[-69.152377,-8.574077],[-69.128581,-8.570894],[-69.099075,-8.549521],[-69.081466,-8.55043],[-69.072424,-8.572713],[-69.057195,-8.56862],[-69.023881,-8.575441],[-69.021502,-8.557251],[-69.005321,-8.537698],[-68.971531,-8.52542],[-68.946784,-8.50723],[-68.93917,-8.482219],[-68.911567,-8.441293],[-68.919182,-8.425831],[-68.914898,-8.394909],[-68.903477,-8.382631],[-68.854934,-8.349435],[-68.8635,-8.329427],[-68.852554,-8.276677],[-68.873494,-8.242571],[-68.872067,-8.21847],[-68.861597,-8.195278],[-68.872542,-8.170722],[-68.840657,-8.146166],[-68.817337,-8.145711],[-68.788782,-8.106604],[-68.773553,-8.107968],[-68.754041,-8.094781],[-68.706926,-8.078865],[-68.69836,-8.071589],[-68.647913,-8.067041],[-68.610792,-8.083412],[-68.577955,-8.089778],[-68.512279,-8.063858],[-68.497526,-8.049761],[-68.479917,-8.063403],[-68.463261,-8.044759],[-68.409007,-8.061585],[-68.389495,-8.07841],[-68.368555,-8.083412],[-68.341428,-8.074317],[-68.296692,-8.092507],[-68.267662,-8.085686],[-68.201987,-8.081593],[-68.179143,-8.093416],[-68.177715,-8.114789],[-68.161058,-8.139345],[-68.123462,-8.123429],[-68.087292,-8.131615],[-68.068256,-8.142074],[-68.064925,-8.157535],[-68.03875,-8.164811],[-68.031611,-8.182091],[-68.00734,-8.179817],[-67.980213,-8.198007],[-67.976882,-8.234386],[-67.929767,-8.267127],[-67.935478,-8.281679],[-67.905019,-8.34898],[-67.869326,-8.373536],[-67.836488,-8.369898],[-67.789849,-8.387633],[-67.776048,-8.410825],[-67.749873,-8.430834],[-67.739879,-8.420375],[-67.715608,-8.441747],[-67.679914,-8.447659],[-67.656595,-8.480855],[-67.636607,-8.487676],[-67.615191,-8.481765],[-67.589016,-8.529058],[-67.538093,-8.546792],[-67.519533,-8.569984],[-67.494786,-8.561799],[-67.478605,-8.580443],[-67.457665,-8.545883],[-67.422448,-8.539517],[-67.413881,-8.507685],[-67.057901,-8.504956]]]},"properties":{"cod_ibge":"130350","name":"Pauini","uf":"AM"}},
{"type":"Feature","geometry":{"type":"Polygon","coordinates":[[[-60.000646,-2.120403],[-59.955911,-2.11722],[-59.922597,-2.129498],[-59.884048,-2.130407],[-59.859301,-2.145414],[-59.83503,-2.147687],[-59.802668,-2.160875],[-59.778396,-2.192707],[-59.751746,-2.214989],[-59.712245,-2.185431],[-59.700823,-2.163603],[-59.704631,-2.124495],[-59.714625,-2.099485],[-59.70939,-2.051737],[-59.676552,-2.051737],[-59.672745,-2.076293],[-59.677028,-2.111763],[-59.657516,-2.115401],[-59.62325,-2.141321],[-59.631816,-2.155873],[-59.608497,-2.176336],[-59.571852,-2.182248],[-59.557099,-2.221355],[-59.53949,-2.227722],[-59.519978,-2.251823],[-59.522357,-2.269103],[-59.509508,-2.280017],[-59.506177,-2.305027],[-59.468104,-2.311394],[-59.450495,-2.323672],[-59.427652,-2.370965],[-59.388151,-2.36187],[-59.375302,-2.372329],[-59.347699,-2.370055],[-59.331042,-2.381878],[-59.328187,-2.399159],[-59.291066,-2.434174],[-59.287258,-2.451908],[-59.300584,-2.471917],[-59.276788,-2.480102],[-59.272029,-2.447816],[-59.17304,-2.385971],[-59.13354,-2.341407],[-59.109744,-2.297297],[-59.082617,-2.275924],[-59.105937,-2.244092],[-59.111172,-2.223629],[-59.129257,-2.223629],[-59.14401,-2.249549],[-59.163046,-2.232724],[-59.160667,-2.210441],[-59.178751,-2.210441],[-59.179703,-2.184976],[-59.161142,-2.16906],[-59.14401,-2.171788],[-59.132588,-2.149961],[-59.128305,-2.100849],[-59.1126,-2.077202],[-59.124022,-2.007172],[-59.162094,-1.985345],[-59.161142,-1.960334],[-59.201595,-1.940326],[-59.203974,-1.918043],[-59.22777,-1.873479],[-59.245854,-1.862565],[-59.251565,-1.833007],[-59.226818,-1.826641],[-59.214444,-1.807087],[-59.217776,-1.781167],[-59.195884,-1.710682],[-59.167805,-1.677941],[-59.167805,-1.659296],[-59.140202,-1.642926],[-59.142582,-1.620189],[-59.127353,-1.607456],[-59.14163,-1.565165],[-59.156383,-1.545156],[-59.151624,-1.516053],[-59.170661,-1.485585],[-59.186842,-1.472853],[-59.191601,-1.446478],[-59.223962,-1.446932],[-59.230149,-1.437838],[-59.270602,-1.431017],[-59.296301,-1.454208],[-59.305343,-1.483766],[-59.33009,-1.481947],[-59.334849,-1.457392],[-59.359597,-1.45921],[-59.410995,-1.445568],[-59.424796,-1.451025],[-59.437646,-1.434654],[-59.458586,-1.435109],[-59.486188,-1.454208],[-59.519502,-1.432836],[-59.520454,-1.420103],[-59.504273,-1.389635],[-59.468104,-1.335521],[-59.442405,-1.31915],[-59.440501,-1.2855],[-59.404808,-1.25867],[-59.361976,-1.250939],[-59.373398,-1.236842],[-59.372446,-1.193642],[-59.384344,-1.175907],[-59.379585,-1.147713],[-59.380537,-1.106787],[-59.605641,-1.109515],[-59.621822,-1.104968],[-59.630865,-1.080867],[-59.669413,-1.066315],[-59.678931,-1.089052],[-59.701299,-1.104968],[-59.720336,-1.097237],[-59.71748,-1.079957],[-59.786487,-1.045397],[-59.80124,-1.029936],[-59.818373,-0.998104],[-59.842644,-0.968091],[-59.839313,-0.949901],[-59.856446,-0.911703],[-59.894042,-0.895787],[-59.911651,-0.868503],[-59.930687,-0.851677],[-59.948296,-0.853496],[-59.976375,-0.833033],[-60.004929,-0.791652],[-60.013496,-0.790288],[-60.034911,-0.74254],[-60.030152,-0.728443],[-60.054424,-0.676148],[-60.045381,-0.651137],[-60.022538,-0.617031],[-60.038243,-0.596568],[-60.001122,-0.569738],[-59.967808,-0.568829],[-59.9502,-0.530631],[-59.954007,-0.515624],[-59.92926,-0.497435],[-59.925928,-0.484702],[-59.893091,-0.455599],[-59.870247,-0.469241],[-59.847879,-0.442411],[-59.831222,-0.411489],[-59.837409,-0.389207],[-59.853114,-0.391935],[-59.838837,-0.267791],[-59.807903,-0.248692],[-59.810282,-0.230047],[-59.847403,-0.181845],[-59.873102,-0.163201],[-59.913555,-0.150013],[-59.919266,-0.125912],[-59.880241,-0.096354],[-59.86406,-0.070888],[-59.864536,-0.046787],[-59.880717,-0.01541],[-59.893566,-0.005406],[-59.903085,0.022333],[-59.916886,0.033702],[-59.942585,0.015967],[-59.930687,-0.014955],[-59.935922,-0.039057],[-59.976375,-0.062703],[-60.02349,-0.043149],[-60.063466,-0.05088],[-60.082502,-0.048151],[-60.122479,-0.079528],[-60.153413,-0.089533],[-60.180064,-0.08544],[-60.227655,-0.121819],[-60.222896,-0.139099],[-60.268583,-0.176388],[-60.270486,-0.192759],[-60.291426,-0.212767],[-60.304752,-0.260515],[-60.301421,-0.281433],[-60.306656,-0.317358],[-60.326168,-0.339185],[-60.319029,-0.348735],[-60.326644,-0.381021],[-60.337114,-0.381931],[-60.349011,-0.411034],[-60.346632,-0.437864],[-60.384705,-0.46242],[-60.383753,-0.476062],[-60.399934,-0.517443],[-60.394223,-0.550639],[-60.382801,-0.553823],[-60.379946,-0.588838],[-60.360433,-0.598387],[-60.305228,-0.666598],[-60.303324,-0.687971],[-60.320457,-0.71662],[-60.346632,-0.739811],[-60.371379,-0.731626],[-60.405645,-0.751635],[-60.425157,-0.770734],[-60.474651,-0.761639],[-60.497971,-0.780738],[-60.493212,-0.811206],[-60.518435,-0.826667],[-60.50273,-0.840764],[-60.536044,-0.869412],[-60.558411,-0.850768],[-60.587918,-0.843492],[-60.595056,-0.864865],[-60.618852,-0.851677],[-60.663587,-0.881236],[-60.684051,-0.86532],[-60.740209,-0.858499],[-60.7621,-0.848494],[-60.773998,-0.866684],[-60.771143,-0.894423],[-60.788275,-0.993556],[-60.799221,-0.999468],[-60.794938,-1.023569],[-60.77733,-1.051308],[-60.758293,-1.067679],[-60.783516,-1.088142],[-60.827776,-1.091326],[-60.826824,-1.124976],[-60.836818,-1.144075],[-60.862517,-1.139983],[-60.846336,-1.170905],[-60.855855,-1.216834],[-60.842529,-1.237297],[-60.854903,-1.260034],[-60.886313,-1.264582],[-60.904397,-1.250939],[-60.947705,-1.277769],[-60.96341,-1.307327],[-60.922958,-1.315513],[-60.89012,-1.308691],[-60.882505,-1.333247],[-60.847764,-1.359168],[-60.836342,-1.406915],[-60.855379,-1.419193],[-60.854427,-1.4342],[-60.828728,-1.439657],[-60.832059,-1.461484],[-60.823017,-1.473762],[-60.80636,-1.447842],[-60.780661,-1.439657],[-60.750203,-1.445568],[-60.715937,-1.468305],[-60.67025,-1.488769],[-60.659304,-1.50423],[-60.615996,-1.524693],[-60.593153,-1.54743],[-60.582207,-1.571986],[-60.581255,-1.603818],[-60.613141,-1.645654],[-60.62599,-1.691128],[-60.615996,-1.723415],[-60.625515,-1.786169],[-60.62028,-1.81891],[-60.609334,-1.835281],[-60.616948,-1.861201],[-60.57364,-1.913496],[-60.541755,-1.918043],[-60.481314,-1.918043],[-60.444669,-1.94942],[-60.357578,-1.954423],[-60.339969,-1.952604],[-60.280956,-1.92441],[-60.297613,-1.957606],[-60.267155,-1.986709],[-60.23289,-2.00308],[-60.204811,-2.003989],[-60.148654,-2.042187],[-60.091069,-2.059922],[-60.083454,-2.076293],[-60.041098,-2.098121],[-60.014923,-2.101758],[-60.000646,-2.120403]]]},"properties":{"cod_ibge":"130353","name":"Presidente Figueiredo","uf":"AM"}},
{"type":"Feature","geometry":{"type":"Polygon","coordinates":[[[-71.945487,-7.626853],[-71.645664,-7.661868],[-71.381535,-7.692335],[-71.355836,-7.665506],[-71.326329,-7.659139],[-71.311576,-7.633674],[-71.288257,-7.612756],[-71.270172,-7.607299],[-71.266841,-7.5882],[-71.24828,-7.588655],[-71.222105,-7.553185],[-71.191171,-7.545909],[-71.184509,-7.519079],[-71.151195,-7.478153],[-71.137394,-7.478607],[-71.092182,-7.43859],[-71.089803,-7.424039],[-71.070766,-7.416308],[-71.055061,-7.391752],[-71.055061,-7.363558],[-71.02841,-7.347188],[-71.018416,-7.32536],[-70.99938,-7.314446],[-71.006043,-7.297166],[-70.989386,-7.269882],[-70.970825,-7.269427],[-70.953693,-7.25533],[-70.908005,-7.249418],[-70.895156,-7.222134],[-70.865174,-7.196669],[-70.837571,-7.193031],[-70.816155,-7.167565],[-70.7876,-7.153468],[-70.765709,-7.112542],[-70.72954,-7.064794],[-70.71907,-7.032507],[-70.720497,-7.007042],[-70.706696,-6.993854],[-70.698605,-6.94065],[-70.702889,-6.902906],[-70.669575,-6.873803],[-70.661485,-6.836969],[-70.641496,-6.813777],[-70.653394,-6.595047],[-70.687184,-6.61551],[-70.701937,-6.636429],[-70.730967,-6.654163],[-70.757142,-6.648252],[-70.772371,-6.655982],[-70.778558,-6.691452],[-70.790456,-6.707368],[-70.834715,-6.719191],[-70.854228,-6.715553],[-70.864222,-6.726467],[-70.900867,-6.705549],[-70.915144,-6.72101],[-70.929897,-6.696909],[-70.931325,-6.671898],[-70.949885,-6.677355],[-70.975584,-6.65098],[-70.993669,-6.646888],[-71.024127,-6.653254],[-71.090754,-6.66053],[-71.10408,-6.675536],[-71.103128,-6.702366],[-71.129303,-6.693726],[-71.14358,-6.706459],[-71.180701,-6.709187],[-71.189744,-6.726922],[-71.235431,-6.720555],[-71.247329,-6.731924],[-71.280642,-6.720555],[-71.300154,-6.690997],[-71.343462,-6.681448],[-71.378679,-6.735107],[-71.385342,-6.759208],[-71.401047,-6.767394],[-71.409138,-6.786038],[-71.445307,-6.80923],[-71.451018,-6.839243],[-71.46815,-6.860615],[-71.50194,-6.849247],[-71.519073,-6.868346],[-71.536205,-6.864253],[-71.546675,-6.921096],[-71.555242,-6.950654],[-71.587604,-6.926553],[-71.597122,-6.951109],[-71.630435,-6.972936],[-71.64614,-6.970663],[-71.648044,-6.951109],[-71.634243,-6.930191],[-71.634243,-6.913365],[-71.653755,-6.910637],[-71.683261,-6.885626],[-71.70087,-6.883807],[-71.715623,-6.91382],[-71.741322,-6.919277],[-71.75084,-6.904271],[-71.773684,-6.91382],[-71.785582,-6.908363],[-71.800335,-6.925643],[-71.794148,-6.979303],[-71.814136,-6.988852],[-71.856492,-6.998857],[-71.887426,-6.997038],[-71.909794,-6.987033],[-71.926927,-6.989307],[-71.942632,-7.012044],[-71.971662,-7.003859],[-71.985939,-7.011589],[-71.985939,-7.035236],[-71.977373,-7.060701],[-71.988319,-7.096171],[-72.019253,-7.105266],[-72.052091,-7.102992],[-72.050663,-7.198487],[-72.057802,-7.224408],[-72.076362,-7.26397],[-72.103489,-7.278522],[-72.128236,-7.275793],[-72.132519,-7.296711],[-72.150604,-7.29853],[-72.170592,-7.318539],[-72.153935,-7.344914],[-72.145845,-7.401302],[-72.157267,-7.414489],[-72.145369,-7.432679],[-72.142513,-7.485429],[-72.174875,-7.512258],[-72.173923,-7.560915],[-72.18249,-7.584562],[-72.16964,-7.600478],[-71.945487,-7.626853]]]},"properties":{"cod_ibge":"130180","name":"Ipixuna","uf":"AM"}},
{"type":"Feature","geometry":{"type":"Polygon","coordinates":[[[-60.000646,-2.120403],[-59.999218,-2.14314],[-60.027773,-2.242273],[-60.039671,-2.264555],[-60.046333,-2.328219],[-60.040622,-2.373238],[-60.024441,-2.448271],[-60.035863,-2.500566],[-60.033484,-2.549223],[-59.999694,-2.549223],[-59.941157,-2.578326],[-59.9502,-2.606975],[-59.942585,-2.622436],[-59.914506,-2.616979],[-59.904512,-2.657906],[-59.873578,-2.683826],[-59.875958,-2.715658],[-59.833602,-2.735666],[-59.832174,-2.770681],[-59.815517,-2.787962],[-59.819325,-2.803423],[-59.78268,-2.830707],[-59.759836,-2.822067],[-59.73842,-2.857992],[-59.715576,-2.881183],[-59.728426,-2.898918],[-59.706058,-2.93939],[-59.662751,-2.944392],[-59.637051,-2.961672],[-59.579466,-2.960763],[-59.532351,-2.951213],[-59.500466,-2.971677],[-59.430507,-2.927112],[-59.409567,-2.888459],[-59.378157,-2.867086],[-59.357693,-2.882548],[-59.352934,-2.844349],[-59.356265,-2.822977],[-59.307247,-2.762041],[-59.268222,-2.738395],[-59.261559,-2.721569],[-59.228722,-2.697468],[-59.228246,-2.649266],[-59.192552,-2.60652],[-59.191125,-2.586966],[-59.201119,-2.564229],[-59.166377,-2.539219],[-59.155907,-2.517391],[-59.169709,-2.508296],[-59.173992,-2.48465],[-59.196836,-2.471008],[-59.238716,-2.469643],[-59.249662,-2.482376],[-59.276788,-2.480102],[-59.300584,-2.471917],[-59.287258,-2.451908],[-59.291066,-2.434174],[-59.328187,-2.399159],[-59.331042,-2.381878],[-59.347699,-2.370055],[-59.375302,-2.372329],[-59.388151,-2.36187],[-59.427652,-2.370965],[-59.450495,-2.323672],[-59.468104,-2.311394],[-59.506177,-2.305027],[-59.509508,-2.280017],[-59.522357,-2.269103],[-59.519978,-2.251823],[-59.53949,-2.227722],[-59.557099,-2.221355],[-59.571852,-2.182248],[-59.608497,-2.176336],[-59.631816,-2.155873],[-59.62325,-2.141321],[-59.657516,-2.115401],[-59.677028,-2.111763],[-59.672745,-2.076293],[-59.676552,-2.051737],[-59.70939,-2.051737],[-59.714625,-2.099485],[-59.704631,-2.124495],[-59.700823,-2.163603],[-59.712245,-2.185431],[-59.751746,-2.214989],[-59.778396,-2.192707],[-59.802668,-2.160875],[-59.83503,-2.147687],[-59.859301,-2.145414],[-59.884048,-2.130407],[-59.922597,-2.129498],[-59.955911,-2.11722],[-60.000646,-2.120403]]]},"properties":{"cod_ibge":"130356","name":"Rio Preto da Eva","uf":"AM"}},
{"type":"Feature","geometry":{"type":"Polygon","coordinates":[[[-69.333698,-6.361311],[-69.345596,-6.363584],[-69.395091,-6.355854],[-69.413651,-6.357218],[-69.486941,-6.38905],[-69.51502,-6.412242],[-69.532628,-6.457261],[-69.548809,-6.468175],[-69.588786,-6.460899],[-69.607822,-6.438616],[-69.65113,-6.428612],[-69.686823,-6.434069],[-69.701576,-6.422701],[-69.768203,-6.439526],[-69.782956,-6.449985],[-69.796758,-6.474086],[-69.794378,-6.527746],[-69.808656,-6.565034],[-69.833403,-6.570036],[-69.856246,-6.550937],[-69.886705,-6.543661],[-69.9105,-6.548209],[-69.932868,-6.58095],[-69.953332,-6.569582],[-69.982362,-6.56367],[-70.014724,-6.589136],[-70.021863,-6.57231],[-70.039947,-6.56367],[-70.053273,-6.572765],[-70.051369,-6.591864],[-70.082303,-6.601414],[-70.092297,-6.631881],[-70.143695,-6.608235],[-70.194618,-6.612327],[-70.205564,-6.586862],[-70.230311,-6.591409],[-70.24554,-6.602323],[-70.261245,-6.63461],[-70.27695,-6.636883],[-70.287896,-6.609144],[-70.30836,-6.635519],[-70.367849,-6.645069],[-70.374987,-6.617329],[-70.416391,-6.609144],[-70.419723,-6.579586],[-70.441139,-6.566399],[-70.490157,-6.577767],[-70.53632,-6.562761],[-70.55155,-6.542752],[-70.572014,-6.534567],[-70.586767,-6.559577],[-70.595333,-6.595502],[-70.617225,-6.60687],[-70.653394,-6.595047],[-70.641496,-6.813777],[-70.661485,-6.836969],[-70.669575,-6.873803],[-70.702889,-6.902906],[-70.698605,-6.94065],[-70.706696,-6.993854],[-70.720497,-7.007042],[-70.71907,-7.032507],[-70.72954,-7.064794],[-70.765709,-7.112542],[-70.7876,-7.153468],[-70.816155,-7.167565],[-70.837571,-7.193031],[-70.865174,-7.196669],[-70.895156,-7.222134],[-70.908005,-7.249418],[-70.953693,-7.25533],[-70.970825,-7.269427],[-70.989386,-7.269882],[-71.006043,-7.297166],[-70.99938,-7.314446],[-71.018416,-7.32536],[-71.02841,-7.347188],[-71.055061,-7.363558],[-71.055061,-7.391752],[-71.070766,-7.416308],[-71.089803,-7.424039],[-71.092182,-7.43859],[-71.137394,-7.478607],[-71.151195,-7.478153],[-71.184509,-7.519079],[-71.191171,-7.545909],[-71.222105,-7.553185],[-71.24828,-7.588655],[-71.266841,-7.5882],[-71.270172,-7.607299],[-71.288257,-7.612756],[-71.311576,-7.633674],[-71.326329,-7.659139],[-71.355836,-7.665506],[-71.381535,-7.692335],[-71.088375,-7.726441],[-71.05982,-7.711889],[-71.043164,-7.6937],[-71.008422,-7.678693],[-70.984627,-7.677329],[-70.938464,-7.655956],[-70.893252,-7.66596],[-70.888493,-7.650499],[-70.866125,-7.628217],[-70.848517,-7.627308],[-70.832812,-7.644588],[-70.810444,-7.638221],[-70.796167,-7.609118],[-70.732395,-7.587745],[-70.710979,-7.599114],[-70.664816,-7.609573],[-70.626267,-7.573648],[-70.607707,-7.546364],[-70.580104,-7.555459],[-70.52585,-7.543635],[-70.501103,-7.514532],[-70.482543,-7.519534],[-70.455892,-7.514077],[-70.378795,-7.48361],[-70.355475,-7.485429],[-70.336915,-7.469967],[-70.270763,-7.400847],[-70.223172,-7.370834],[-70.193666,-7.362194],[-70.157497,-7.331272],[-70.127039,-7.280795],[-70.100388,-7.291255],[-70.084683,-7.273974],[-70.055652,-7.261242],[-70.03852,-7.205309],[-70.037568,-7.17666],[-70.007585,-7.180753],[-69.99664,-7.20258],[-69.992832,-7.22941],[-69.972368,-7.244416],[-69.972368,-7.268063],[-69.948573,-7.2908],[-69.896699,-7.28989],[-69.86862,-7.243052],[-69.890036,-7.238959],[-69.875283,-7.20258],[-69.86053,-7.189847],[-69.869572,-7.173477],[-69.521682,-7.178024],[-69.524062,-7.144373],[-69.515971,-7.114361],[-69.528345,-7.095261],[-69.533104,-7.047968],[-69.505026,-7.031143],[-69.47076,-7.022503],[-69.445061,-7.003859],[-69.440778,-6.98476],[-69.420314,-6.94929],[-69.380813,-6.91473],[-69.367964,-6.893357],[-69.369867,-6.837424],[-69.374626,-6.793314],[-69.358446,-6.763756],[-69.354162,-6.723739],[-69.335126,-6.68645],[-69.332746,-6.629607],[-69.321325,-6.613237],[-69.334174,-6.587317],[-69.333698,-6.361311]]]},"properties":{"cod_ibge":"130140","name":"Eirunepé","uf":"AM"}},
{"type":"Feature","geometry":{"type":"Polygon","coordinates":[[[-57.370297,-3.513727],[-57.358875,-3.544195],[-57.34317,-3.554199],[-57.326037,-3.58785],[-57.300338,-3.59558],[-57.294627,-3.611041],[-57.267024,-3.606949],[-57.253699,-3.625138],[-57.258458,-3.651059],[-57.245133,-3.673796],[-57.199921,-3.676524],[-57.181837,-3.659699],[-57.147095,-3.661518],[-57.132818,-3.637416],[-57.116637,-3.631505],[-57.121872,-3.601947],[-57.105691,-3.594671],[-57.088559,-3.601947],[-57.071902,-3.593307],[-57.022883,-3.602401],[-56.989569,-3.576481],[-56.97434,-3.583757],[-56.948165,-3.577845],[-56.92199,-3.558292],[-56.9139,-3.562384],[-56.887249,-3.499175],[-56.810152,-3.333195],[-56.83823,-3.322281],[-56.852032,-3.300909],[-56.887249,-3.301363],[-56.929129,-3.279991],[-56.937695,-3.269077],[-56.943406,-3.230424],[-56.972437,-3.206323],[-56.982431,-3.216782],[-57.026214,-3.216782],[-57.045727,-3.209051],[-57.04763,-3.178583],[-57.020979,-3.139021],[-57.020504,-3.120377],[-56.996232,-3.072629],[-56.998612,-3.032612],[-57.030498,-3.013967],[-57.020028,-2.981681],[-57.01622,-2.932569],[-56.983383,-2.919836],[-56.967678,-2.906194],[-56.940075,-2.906649],[-56.917707,-2.894371],[-56.854887,-2.915744],[-56.833471,-2.878],[-56.835851,-2.853899],[-56.811104,-2.783414],[-56.788736,-2.753856],[-56.750663,-2.748854],[-56.753994,-2.724298],[-56.800634,-2.737485],[-56.824429,-2.764315],[-56.850604,-2.743852],[-56.89058,-2.772955],[-56.90105,-2.774319],[-56.944358,-2.751582],[-56.911996,-2.67746],[-56.932936,-2.681552],[-56.941503,-2.666091],[-56.979575,-2.677914],[-56.984334,-2.688373],[-57.023359,-2.692011],[-57.031449,-2.707473],[-57.095697,-2.728391],[-57.139481,-2.716113],[-57.178029,-2.721115],[-57.178029,-2.697013],[-57.197542,-2.681552],[-57.223717,-2.693376],[-57.264169,-2.67655],[-57.297483,-2.645628],[-57.303194,-2.632895],[-57.38267,-2.640171],[-57.411225,-2.621981],[-57.416936,-2.593333],[-57.428834,-2.589695],[-57.438352,-2.614251],[-57.431689,-2.640626],[-57.45834,-2.67746],[-57.457388,-2.69474],[-57.4374,-2.697013],[-57.418839,-2.709746],[-57.418364,-2.737485],[-57.455484,-2.744306],[-57.489274,-2.776138],[-57.494033,-2.807061],[-57.481659,-2.808425],[-57.436448,-2.843895],[-57.470714,-2.857992],[-57.482135,-2.871179],[-57.467382,-2.94894],[-57.425026,-2.93939],[-57.41646,-2.944847],[-57.397899,-2.917108],[-57.354592,-2.911196],[-57.353164,-2.937571],[-57.388381,-2.981226],[-57.402659,-2.989411],[-57.412177,-3.018515],[-57.434544,-3.006692],[-57.459292,-3.034431],[-57.45596,-3.266348],[-57.422647,-3.288631],[-57.40361,-3.276353],[-57.394092,-3.295906],[-57.392189,-3.323646],[-57.374104,-3.33274],[-57.363158,-3.380033],[-57.366965,-3.404589],[-57.358399,-3.438695],[-57.371724,-3.478257],[-57.370297,-3.513727]]]},"properties":{"cod_ibge":"130050","name":"Barreirinha","uf":"AM"}},
{"type":"Feature","geometry":{"type":"Polygon","coordinates":[[[-59.051207,-2.586966],[-59.048352,-2.6238],[-59.026936,-2.638352],[-59.032171,-2.673822],[-59.011707,-2.70247],[-58.987436,-2.69383],[-58.988863,-2.773865],[-58.964592,-2.779321],[-58.958405,-2.761132],[-58.938417,-2.756584],[-58.915573,-2.76477],[-58.905103,-2.777957],[-58.915573,-2.800694],[-58.901772,-2.810244],[-58.864651,-2.872998],[-58.877501,-2.892552],[-58.870838,-2.908468],[-58.814681,-2.935297],[-58.797072,-2.950304],[-58.745198,-2.983955],[-58.65192,-3.031248],[-58.617178,-3.036704],[-58.574822,-3.016241],[-58.50296,-2.997597],[-58.474406,-2.977134],[-58.403971,-2.999871],[-58.389218,-3.022608],[-58.371609,-3.066717],[-58.386363,-3.086271],[-58.375893,-3.144478],[-58.317832,-3.108553],[-58.245493,-3.082633],[-58.176963,-3.03534],[-58.162209,-3.01897],[-58.141745,-2.968493],[-58.129848,-2.915289],[-58.101769,-2.878],[-58.110335,-2.859356],[-58.158878,-2.778867],[-58.160782,-2.761132],[-58.178866,-2.750218],[-58.187433,-2.72066],[-58.185053,-2.682007],[-58.215035,-2.648356],[-58.236451,-2.649721],[-58.254536,-2.626529],[-58.294512,-2.621527],[-58.304506,-2.611522],[-58.337344,-2.625165],[-58.380176,-2.622436],[-58.426815,-2.656996],[-58.455369,-2.652449],[-58.470123,-2.661544],[-58.503436,-2.702925],[-58.527232,-2.701561],[-58.588148,-2.679733],[-58.648112,-2.672003],[-58.663342,-2.658815],[-58.684757,-2.663363],[-58.716643,-2.63244],[-58.720451,-2.616524],[-58.750433,-2.608339],[-58.780415,-2.588331],[-58.802307,-2.59788],[-58.849898,-2.602428],[-58.87988,-2.572869],[-58.899392,-2.589695],[-58.918429,-2.586057],[-58.926043,-2.570141],[-58.944604,-2.574688],[-58.959357,-2.558318],[-58.988387,-2.560591],[-59.011707,-2.574688],[-59.022177,-2.60652],[-59.038358,-2.603337],[-59.051207,-2.586966]]]},"properties":{"cod_ibge":"130400","name":"Silves","uf":"AM"}},
{"type":"Feature","geometry":{"type":"Polygon","coordinates":[[[-61.293691,-4.711968],[-61.318914,-4.762899],[-61.419331,-4.854756],[-61.443602,-4.89159],[-61.489765,-4.916146],[-61.524507,-4.940247],[-61.58114,-4.98845],[-61.701069,-5.097587],[-61.783877,-5.167163],[-61.860974,-5.215365],[-61.941879,-5.29449],[-62.01041,-5.32132],[-62.08132,-5.415451],[-62.102736,-5.460015],[-62.12558,-5.505489],[-62.159845,-5.550509],[-62.195063,-5.604623],[-62.290244,-5.75787],[-62.332124,-5.817896],[-62.443011,-5.934764],[-62.492506,-5.972508],[-62.567699,-6.094833],[-62.644797,-6.188055],[-62.741406,-6.27491],[-62.791853,-6.355854],[-62.847058,-6.407239],[-62.863715,-6.429976],[-62.834684,-6.43225],[-62.804226,-6.41497],[-62.792804,-6.425429],[-62.773292,-6.417244],[-62.723322,-6.418608],[-62.714279,-6.434524],[-62.686677,-6.450894],[-62.671448,-6.443164],[-62.635754,-6.456351],[-62.605772,-6.435888],[-62.580549,-6.407694],[-62.58626,-6.387686],[-62.557705,-6.381774],[-62.537717,-6.411787],[-62.504879,-6.414515],[-62.485843,-6.381319],[-62.443011,-6.355854],[-62.425878,-6.359492],[-62.401131,-6.347668],[-62.383047,-6.325841],[-62.346402,-6.323112],[-62.313564,-6.333117],[-62.288341,-6.334936],[-62.27216,-6.307651],[-62.275491,-6.288552],[-62.265021,-6.251263],[-62.225521,-6.221705],[-62.185544,-6.199878],[-62.151279,-6.189874],[-62.122249,-6.193966],[-62.085128,-6.224889],[-61.965199,-6.260358],[-61.928554,-6.262632],[-61.90571,-6.253082],[-61.854788,-6.258539],[-61.840034,-6.248535],[-61.825757,-6.214884],[-61.827661,-6.17805],[-61.82195,-6.154404],[-61.807197,-6.1444],[-61.773883,-6.176231],[-61.771979,-6.19624],[-61.744853,-6.224434],[-61.741521,-6.254447],[-61.796727,-6.263087],[-61.814335,-6.25763],[-61.837179,-6.268998],[-61.843366,-6.287188],[-61.820046,-6.311289],[-61.805293,-6.340847],[-61.781498,-6.344485],[-61.782449,-6.359037],[-61.805769,-6.372679],[-61.783401,-6.427248],[-61.765793,-6.429976],[-61.730575,-6.405875],[-61.699165,-6.417244],[-61.726292,-6.453623],[-61.748184,-6.474541],[-61.692503,-6.498642],[-61.688219,-6.513194],[-61.711063,-6.524562],[-61.68584,-6.540933],[-61.681081,-6.558668],[-61.661569,-6.585952],[-61.674894,-6.613691],[-61.688219,-6.624605],[-61.681557,-6.651435],[-61.691551,-6.666441],[-61.676798,-6.701911],[-61.650147,-6.705094],[-61.637297,-6.716918],[-61.681557,-6.737381],[-61.685364,-6.753751],[-61.674418,-6.772396],[-61.712491,-6.802863],[-61.705352,-6.821963],[-61.718202,-6.835605],[-61.713919,-6.851975],[-61.732479,-6.874712],[-61.759606,-6.866072],[-61.775787,-6.876077],[-61.776739,-6.913365],[-61.795299,-6.917913],[-61.815287,-6.936557],[-61.80101,-6.945197],[-61.830516,-6.967025],[-61.850504,-6.966115],[-61.85336,-6.982031],[-61.844318,-7.007042],[-61.816239,-7.007951],[-61.813384,-7.018865],[-61.843366,-7.030688],[-61.852408,-7.065703],[-61.870969,-7.061156],[-61.878107,-7.039783],[-61.918559,-7.06343],[-61.914752,-7.091624],[-61.927126,-7.104356],[-61.920939,-7.142554],[-61.938548,-7.13346],[-61.961867,-7.148466],[-61.956156,-7.162563],[-61.979476,-7.1853],[-61.97662,-7.199852],[-62.004699,-7.200306],[-62.004699,-7.213949],[-62.027067,-7.222134],[-61.994705,-7.242597],[-61.986139,-7.267153],[-61.960439,-7.292619],[-61.899999,-7.288981],[-61.887625,-7.315356],[-61.847649,-7.322177],[-61.836703,-7.346733],[-61.856215,-7.392662],[-61.823378,-7.426767],[-61.827661,-7.453597],[-61.841938,-7.48361],[-61.879535,-7.543181],[-61.875252,-7.563189],[-61.854788,-7.585926],[-61.846697,-7.640495],[-61.818143,-7.652318],[-61.820522,-7.715982],[-61.838607,-7.705068],[-61.851456,-7.759637],[-61.869541,-7.754635],[-61.920939,-7.810568],[-61.929029,-7.838307],[-61.962343,-7.843764],[-61.975193,-7.881962],[-61.998512,-7.881962],[-62.017549,-7.905609],[-62.031826,-7.908792],[-62.058953,-8.003378],[-62.009934,-8.027024],[-61.99756,-8.047033],[-61.979,-8.054763],[-61.971861,-8.074772],[-61.944259,-8.108423],[-61.940451,-8.143438],[-61.914276,-8.194369],[-61.921415,-8.218015],[-61.919035,-8.242116],[-61.933789,-8.259397],[-61.922843,-8.274403],[-61.908565,-8.344888],[-61.943307,-8.394454],[-61.953777,-8.420829],[-61.980904,-8.454935],[-61.969482,-8.47176],[-61.980428,-8.522236],[-61.97662,-8.5427],[-61.987566,-8.555432],[-61.988518,-8.581353],[-61.977572,-8.620006],[-61.961867,-8.642288],[-61.978524,-8.670482],[-61.998512,-8.688217],[-61.995657,-8.747333],[-61.969482,-8.799628],[-61.946638,-8.814634],[-61.917132,-8.862837],[-61.902854,-8.862837],[-61.879535,-8.862382],[-61.859547,-8.852833],[-61.860974,-8.803721],[-61.843366,-8.779619],[-61.841462,-8.739602],[-61.828137,-8.732781],[-61.806245,-8.747788],[-61.774835,-8.748242],[-61.74866,-8.723686],[-61.741997,-8.695038],[-61.713443,-8.687762],[-61.692979,-8.672301],[-61.682984,-8.651383],[-61.620164,-8.646835],[-61.591134,-8.659568],[-61.574953,-8.675939],[-61.538784,-8.693219],[-61.495952,-8.670936],[-61.495476,-8.650928],[-61.50785,-8.639105],[-61.521651,-8.574077],[-61.498808,-8.550885],[-61.46359,-8.55043],[-61.461211,-8.531331],[-61.467398,-8.497226],[-61.463114,-8.469032],[-61.500711,-8.436291],[-61.455024,-8.388543],[-61.472157,-8.34125],[-61.451217,-8.298504],[-61.454072,-8.263034],[-61.449789,-8.204828],[-61.464066,-8.178453],[-61.479771,-8.169358],[-61.492145,-8.117972],[-61.484054,-8.083412],[-61.509754,-8.075227],[-61.500711,-8.055218],[-61.472157,-8.056582],[-61.452169,-8.027479],[-61.425518,-8.004287],[-61.409337,-8.017929],[-61.419807,-8.041121],[-61.410289,-8.057037],[-61.394108,-8.052035],[-61.376975,-8.071134],[-61.355083,-8.079319],[-61.355083,-8.094781],[-61.32986,-8.129341],[-61.288932,-8.167539],[-61.288456,-8.210285],[-61.27751,-8.225291],[-61.274655,-8.257578],[-61.251811,-8.272129],[-61.223256,-8.257578],[-61.195178,-8.252121],[-61.172334,-8.257578],[-61.160912,-8.272129],[-61.146159,-8.263944],[-61.109514,-8.260761],[-61.092381,-8.242571],[-61.082387,-8.218015],[-61.083815,-8.189821],[-61.133785,-8.154352],[-61.136641,-8.109787],[-61.124267,-8.084776],[-61.146159,-8.062039],[-61.142352,-8.00838],[-61.163292,-7.988371],[-61.200889,-7.997921],[-61.212786,-8.006561],[-61.252287,-7.983369],[-61.274655,-7.96427],[-61.31701,-7.940169],[-61.333191,-7.911975],[-61.354607,-7.906973],[-61.33795,-7.878324],[-61.339854,-7.854223],[-61.322721,-7.751906],[-61.306065,-7.74645],[-61.30654,-7.721894],[-61.292739,-7.705978],[-61.283697,-7.678238],[-61.288456,-7.652318],[-61.301781,-7.626853],[-61.29036,-7.580015],[-61.30083,-7.566827],[-61.296546,-7.529538],[-61.307016,-7.518625],[-61.301305,-7.489067],[-61.314155,-7.473151],[-61.318914,-7.425403],[-61.328432,-7.419491],[-61.338902,-7.384476],[-61.320342,-7.370834],[-61.315583,-7.339912],[-61.259425,-7.306261],[-61.241817,-7.29944],[-61.241817,-7.271246],[-61.207075,-7.25624],[-61.214214,-7.230319],[-61.199937,-7.205309],[-61.205172,-7.190302],[-61.227064,-7.16802],[-61.242769,-7.161654],[-61.24372,-7.144828],[-61.224684,-7.129822],[-61.155201,-7.099809],[-61.161864,-7.061611],[-61.178521,-7.050242],[-61.1809,-7.019775],[-61.148063,-7.023412],[-61.124267,-6.998402],[-61.105231,-6.995219],[-61.095237,-6.968389],[-61.073821,-6.935193],[-60.978639,-6.937921],[-60.543658,-6.935648],[-60.546038,-6.497733],[-60.547465,-6.319475],[-60.516055,-6.295828],[-60.525098,-6.268089],[-60.5527,-6.250354],[-60.548417,-6.220341],[-60.556984,-6.206699],[-60.547941,-6.168501],[-60.537947,-6.153494],[-60.537947,-6.130757],[-60.586966,-6.113022],[-60.584586,-6.073915],[-60.61552,-6.074824],[-60.632653,-6.057999],[-60.622183,-6.017527],[-60.59696,-6.00434],[-60.59934,-5.99388],[-60.574116,-5.948861],[-60.542706,-5.924305],[-60.541755,-5.907025],[-60.561743,-5.895657],[-60.583635,-5.867917],[-60.564122,-5.833357],[-60.538423,-5.8279],[-60.545086,-5.803799],[-60.534616,-5.786519],[-60.543658,-5.76651],[-60.56555,-5.765601],[-60.551749,-5.734679],[-60.580303,-5.721946],[-60.593629,-5.706939],[-60.629322,-5.716489],[-60.648834,-5.698754],[-60.649786,-5.669651],[-60.625515,-5.658737],[-60.63884,-5.637819],[-60.647406,-5.605532],[-60.633605,-5.558694],[-60.642647,-5.537776],[-60.628846,-5.50458],[-60.600767,-5.458651],[-60.575068,-5.447283],[-60.59934,-5.389985],[-60.59934,-5.358608],[-60.575068,-5.352697],[-60.565074,-5.308132],[-60.577448,-5.308132],[-60.575068,-5.268115],[-60.618376,-5.29358],[-60.652165,-5.300856],[-60.707847,-5.303585],[-60.729263,-5.315408],[-60.741636,-5.336326],[-60.787324,-5.387257],[-60.812547,-5.389985],[-60.820637,-5.402718],[-60.864421,-5.378162],[-60.895355,-5.3818],[-60.935807,-5.374979],[-60.94009,-5.36361],[-60.91106,-5.354061],[-60.901542,-5.340419],[-60.904873,-5.317227],[-60.860614,-5.300856],[-60.835866,-5.302675],[-60.817782,-5.266751],[-60.808264,-5.228098],[-60.781613,-5.197176],[-60.741636,-5.17171],[-60.745444,-5.146245],[-60.725931,-5.113049],[-60.91344,-5.113049],[-61.020043,-5.000273],[-61.293691,-4.711968]]]},"properties":{"cod_ibge":"130270","name":"Manicoré","uf":"AM"}},
{"type":"Feature","geometry":{"type":"Polygon","coordinates":[[[-69.946193,-4.272689],[-69.93144,-4.291788],[-69.916211,-4.291788],[-69.884325,-4.312251],[-69.851487,-4.339535],[-69.781053,-4.372277],[-69.709666,-4.350904],[-69.641136,-4.312251],[-69.570701,-4.309068],[-69.533104,-4.279055],[-69.497887,-4.249042],[-69.472188,-4.201294],[-69.457911,-4.189926],[-69.406512,-4.169463],[-69.39985,-4.158549],[-69.426025,-4.131719],[-69.458386,-4.12126],[-69.488845,-4.13081],[-69.516923,-4.1299],[-69.529773,-4.118532],[-69.535484,-4.076241],[-69.520731,-4.046683],[-69.448392,-4.011668],[-69.423169,-3.996661],[-69.412223,-3.975288],[-69.394139,-3.903894],[-69.392711,-3.835683],[-69.395566,-3.82295],[-69.418886,-3.804306],[-69.424121,-3.786116],[-69.414127,-3.762015],[-69.439826,-3.716996],[-69.464097,-3.718815],[-69.466001,-3.732912],[-69.495507,-3.740188],[-69.531201,-3.732002],[-69.559755,-3.759742],[-69.592117,-3.769291],[-69.618292,-3.769746],[-69.644943,-3.791573],[-69.675877,-3.799304],[-69.680636,-3.783843],[-69.665883,-3.754739],[-69.653033,-3.743826],[-69.649702,-3.715632],[-69.63828,-3.689257],[-69.657316,-3.693349],[-69.693961,-3.725636],[-69.727751,-3.716996],[-69.796282,-3.710175],[-69.811987,-3.695168],[-69.837686,-3.686528],[-69.883373,-3.942092],[-69.933344,-4.219029],[-69.948097,-4.22585],[-69.951428,-4.254499],[-69.946193,-4.272689]]]},"properties":{"cod_ibge":"130406","name":"Tabatinga","uf":"AM"}},
{"type":"Feature","geometry":{"type":"Polygon","coordinates":[[[-61.479295,-3.684709],[-61.555441,-3.6838],[-61.586851,-3.658334],[-61.622068,-3.660153],[-61.652526,-3.675615],[-61.667279,-3.670612],[-61.692979,-3.646056],[-61.739618,-3.645602],[-61.762937,-3.632869],[-61.782925,-3.632869],[-61.823378,-3.661972],[-61.823378,-3.888433],[-61.844794,-3.918446],[-61.861926,-3.933452],[-61.898095,-3.944366],[-61.889053,-3.962556],[-61.864306,-3.974379],[-61.847649,-3.992569],[-61.835751,-4.038043],[-61.85336,-4.04259],[-61.87192,-4.028038],[-61.892384,-4.046228],[-61.924746,-4.02531],[-61.936644,-4.063053],[-61.914276,-4.092611],[-61.876679,-4.101706],[-61.865734,-4.086245],[-61.812908,-4.091247],[-61.814811,-4.11262],[-61.838607,-4.143088],[-61.858119,-4.153092],[-61.85098,-4.11171],[-61.890481,-4.13081],[-61.946638,-4.121715],[-61.980904,-4.091702],[-62.034681,-4.079879],[-62.077513,-4.081698],[-62.120345,-4.093066],[-62.141285,-4.086245],[-62.158894,-4.093976],[-62.184117,-4.116713],[-62.226949,-4.097614],[-62.269304,-4.061689],[-62.302618,-4.084426],[-62.361631,-4.090338],[-62.355444,-4.108073],[-62.317847,-4.142633],[-62.285961,-4.163551],[-62.287865,-4.201749],[-62.263118,-4.224031],[-62.294052,-4.249952],[-62.335456,-4.254044],[-62.378763,-4.251316],[-62.405414,-4.23449],[-62.434921,-4.229033],[-62.451578,-4.256318],[-62.468234,-4.258592],[-62.471566,-4.29588],[-62.509638,-4.327712],[-62.516301,-4.351813],[-62.540097,-4.362727],[-62.551518,-4.383645],[-62.534386,-4.397287],[-62.555326,-4.417751],[-62.591971,-4.411839],[-62.592923,-4.434576],[-62.619098,-4.441852],[-62.649556,-4.420479],[-62.658122,-4.389102],[-62.695719,-4.395014],[-62.693339,-4.431848],[-62.715707,-4.447764],[-62.726653,-4.478686],[-62.751876,-4.46277],[-62.775196,-4.500968],[-62.788997,-4.480505],[-62.813744,-4.470046],[-62.86657,-4.477322],[-62.888462,-4.488235],[-62.895125,-4.515065],[-62.954138,-4.518703],[-63.031235,-4.705147],[-63.010771,-4.732886],[-62.990307,-4.744254],[-63.000301,-4.764263],[-62.999825,-4.792002],[-62.966987,-4.76017],[-62.954613,-4.734705],[-62.954138,-4.69878],[-62.945571,-4.661946],[-62.931294,-4.649213],[-62.90845,-4.647849],[-62.874661,-4.667858],[-62.830401,-4.678317],[-62.795184,-4.674224],[-62.775672,-4.659673],[-62.684773,-4.623293],[-62.657646,-4.625567],[-62.629092,-4.640119],[-62.597206,-4.635117],[-62.539145,-4.616017],[-62.511542,-4.615108],[-62.450626,-4.595554],[-62.395896,-4.587824],[-62.327365,-4.562813],[-62.307377,-4.534164],[-62.304998,-4.506425],[-62.285485,-4.476867],[-62.258834,-4.469136],[-62.222189,-4.493238],[-62.185069,-4.47232],[-62.17793,-4.45322],[-62.143189,-4.434121],[-62.119393,-4.407292],[-62.087031,-4.393195],[-62.079417,-4.399106],[-62.058477,-4.368639],[-62.063236,-4.340445],[-62.053242,-4.311341],[-62.038964,-4.309977],[-62.007554,-4.284512],[-61.965674,-4.283602],[-61.962343,-4.268596],[-61.932837,-4.257227],[-61.908089,-4.261775],[-61.900951,-4.248133],[-61.868113,-4.248133],[-61.853836,-4.271779],[-61.795299,-4.273143],[-61.751039,-4.242676],[-61.72534,-4.242676],[-61.682984,-4.253589],[-61.643484,-4.211753],[-61.583044,-4.125807],[-61.567814,-4.070784],[-61.503567,-4.003028],[-61.484054,-3.987566],[-61.431229,-3.918901],[-61.39268,-3.902075],[-61.375071,-3.888433],[-61.375071,-3.865696],[-61.401246,-3.836138],[-61.422662,-3.801123],[-61.434084,-3.758832],[-61.479295,-3.684709]]]},"properties":{"cod_ibge":"130010","name":"Anori","uf":"AM"}},
{"type":"Feature","geometry":{"type":"Polygon","coordinates":[[[-60.420398,-8.796445],[-60.000646,-8.800992],[-59.481429,-8.803266],[-59.127353,-8.803266],[-58.962688,-8.802811],[-58.55769,-8.800083],[-58.442044,-8.798719],[-58.415869,-8.792807],[-58.38779,-8.774617],[-58.328302,-8.712318],[-58.351145,-8.701404],[-58.375893,-8.703678],[-58.412062,-8.720503],[-58.437285,-8.703223],[-58.414441,-8.644107],[-58.403495,-8.631374],[-58.389694,-8.594995],[-58.410634,-8.570439],[-58.404923,-8.537698],[-58.415393,-8.523601],[-58.417773,-8.489495],[-58.39017,-8.439019],[-58.354477,-8.392635],[-58.344958,-8.340795],[-58.314976,-8.32306],[-58.328302,-8.285771],[-58.320687,-8.271675],[-58.322115,-8.232112],[-58.313073,-8.20892],[-58.322591,-8.169813],[-58.317356,-8.154352],[-58.290229,-8.135707],[-58.293084,-8.071134],[-58.321639,-8.025205],[-58.331633,-7.968818],[-58.354953,-7.943807],[-58.374941,-7.898788],[-58.374465,-7.864682],[-58.384935,-7.843764],[-58.378272,-7.827393],[-58.340675,-7.808294],[-58.300223,-7.777372],[-58.28309,-7.740993],[-58.275952,-7.699611],[-58.25168,-7.676874],[-58.239783,-7.653683],[-58.202186,-7.620941],[-58.204565,-7.588655],[-58.216463,-7.557732],[-58.22265,-7.524082],[-58.213132,-7.493159],[-58.213132,-7.458599],[-58.173155,-7.394481],[-58.136986,-7.356282],[-58.147456,-7.343095],[-58.500581,-7.349916],[-58.540557,-7.34264],[-58.573871,-7.287617],[-58.541985,-7.259877],[-58.529611,-7.237595],[-58.563877,-7.198942],[-58.529135,-7.186664],[-58.537702,-7.165291],[-58.525328,-7.130276],[-58.506292,-7.114361],[-58.492966,-7.067977],[-58.496773,-7.052061],[-58.531991,-7.052061],[-58.541985,-7.036145],[-58.567684,-7.032962],[-58.601473,-7.037509],[-58.617178,-7.005678],[-58.632883,-7.007951],[-58.650968,-6.977938],[-58.652396,-6.962023],[-58.675715,-6.928372],[-58.698083,-6.921096],[-58.74377,-6.88699],[-58.751385,-6.856978],[-58.768042,-6.858342],[-58.785174,-6.832422],[-58.794217,-6.776943],[-58.832765,-6.744657],[-58.838,-6.728741],[-58.85894,-6.705549],[-58.867982,-6.675536],[-58.864651,-6.628243],[-58.874645,-6.58959],[-58.867031,-6.543661],[-58.836097,-6.470903],[-58.837048,-6.422701],[-58.855133,-6.381319],[-59.000285,-6.38814],[-59.079286,-6.38905],[-59.294397,-6.52047],[-59.500466,-6.627788],[-59.872626,-6.811958],[-60.128666,-6.912911],[-60.696901,-7.146192],[-60.669298,-7.166201],[-60.649786,-7.202125],[-60.652165,-7.228955],[-60.632653,-7.289436],[-60.636936,-7.345823],[-60.65169,-7.408577],[-60.644551,-7.441319],[-60.647406,-7.481336],[-60.675485,-7.530903],[-60.668346,-7.565918],[-60.679292,-7.584107],[-60.677865,-7.606844],[-60.662635,-7.648226],[-60.674057,-7.678238],[-60.644551,-7.704613],[-60.619328,-7.70234],[-60.587918,-7.708706],[-60.588394,-7.72735],[-60.562695,-7.755999],[-60.564122,-7.790559],[-60.539375,-7.797835],[-60.548893,-7.830576],[-60.514628,-7.866046],[-60.525574,-7.890602],[-60.509393,-7.938805],[-60.516531,-7.953811],[-60.49226,-7.966544],[-60.482266,-7.998376],[-60.455615,-8.027479],[-60.477031,-8.031117],[-60.465609,-8.050671],[-60.451332,-8.052944],[-60.440862,-8.101147],[-60.430392,-8.10524],[-60.449904,-8.137981],[-60.450856,-8.173905],[-60.464181,-8.204828],[-60.459898,-8.239843],[-60.474175,-8.249392],[-60.487025,-8.292593],[-60.454663,-8.301233],[-60.451332,-8.313511],[-60.467989,-8.336702],[-60.457043,-8.347161],[-60.445145,-8.387179],[-60.466561,-8.386269],[-60.489405,-8.398092],[-60.495115,-8.420829],[-60.48417,-8.437655],[-60.528905,-8.494952],[-60.509869,-8.546338],[-60.522718,-8.559525],[-60.497971,-8.573622],[-60.499399,-8.585445],[-60.47132,-8.59454],[-60.456567,-8.627281],[-60.444193,-8.630919],[-60.428488,-8.652747],[-60.424681,-8.741876],[-60.429916,-8.759156],[-60.397554,-8.765977],[-60.420398,-8.796445]]]},"properties":{"cod_ibge":"130014","name":"Apuí","uf":"AM"}},
{"type":"Feature","geometry":{"type":"Polygon","coordinates":[[[-60.98435,-2.886185],[-60.983874,-2.865722],[-60.935807,-2.837073],[-60.91344,-2.812063],[-60.873463,-2.821158],[-60.862517,-2.837528],[-60.83777,-2.838892],[-60.812547,-2.828888],[-60.787324,-2.830252],[-60.75639,-2.821612],[-60.802553,-2.539219],[-60.791607,-2.48465],[-60.773522,-2.453727],[-60.749251,-2.447816],[-60.744016,-2.430536],[-60.768763,-2.399613],[-60.735925,-2.385062],[-60.733546,-2.368236],[-60.695473,-2.345954],[-60.711178,-2.320034],[-60.69928,-2.307756],[-60.704515,-2.283655],[-60.692142,-2.242728],[-60.700708,-2.2209],[-60.716413,-2.2209],[-60.738781,-2.189523],[-60.700232,-2.173153],[-60.664063,-2.130862],[-60.682148,-2.108125],[-60.668346,-2.074474],[-60.653117,-2.074019],[-60.622183,-2.04628],[-60.598864,-1.998987],[-60.542706,-2.002625],[-60.503682,-2.017632],[-60.479886,-2.016267],[-60.416591,-1.996713],[-60.412783,-1.988528],[-60.357578,-1.954423],[-60.444669,-1.94942],[-60.481314,-1.918043],[-60.541755,-1.918043],[-60.57364,-1.913496],[-60.616948,-1.861201],[-60.609334,-1.835281],[-60.62028,-1.81891],[-60.625515,-1.786169],[-60.615996,-1.723415],[-60.62599,-1.691128],[-60.613141,-1.645654],[-60.581255,-1.603818],[-60.582207,-1.571986],[-60.593153,-1.54743],[-60.615996,-1.524693],[-60.659304,-1.50423],[-60.67025,-1.488769],[-60.715937,-1.468305],[-60.750203,-1.445568],[-60.780661,-1.439657],[-60.80636,-1.447842],[-60.823017,-1.473762],[-60.832059,-1.461484],[-60.828728,-1.439657],[-60.854427,-1.4342],[-60.855379,-1.419193],[-60.836342,-1.406915],[-60.847764,-1.359168],[-60.882505,-1.333247],[-60.89012,-1.308691],[-60.922958,-1.315513],[-60.96341,-1.307327],[-60.947705,-1.277769],[-60.904397,-1.250939],[-60.886313,-1.264582],[-60.854903,-1.260034],[-60.842529,-1.237297],[-60.855855,-1.216834],[-60.846336,-1.170905],[-60.862517,-1.139983],[-60.836818,-1.144075],[-60.826824,-1.124976],[-60.827776,-1.091326],[-60.783516,-1.088142],[-60.758293,-1.067679],[-60.77733,-1.051308],[-60.794938,-1.023569],[-60.799221,-0.999468],[-60.788275,-0.993556],[-60.771143,-0.894423],[-60.773998,-0.866684],[-60.7621,-0.848494],[-60.769239,-0.824848],[-60.763052,-0.81257],[-60.786848,-0.784376],[-60.77257,-0.754363],[-60.80636,-0.740266],[-60.804456,-0.711617],[-60.815402,-0.690245],[-60.855379,-0.686152],[-60.857758,-0.655684],[-60.87156,-0.638404],[-60.891548,-0.645225],[-60.919626,-0.620215],[-60.927717,-0.605663],[-60.92153,-0.578833],[-60.933428,-0.547911],[-60.983874,-0.561553],[-61.056688,-0.543818],[-61.079056,-0.506075],[-61.097616,-0.498799],[-61.11808,-0.50653],[-61.13331,-0.49698],[-61.161864,-0.501527],[-61.169003,-0.516079],[-61.223256,-0.499708],[-61.220877,-0.528812],[-61.234202,-0.562008],[-61.27751,-0.57565],[-61.309396,-0.578833],[-61.328908,-0.597023],[-61.359366,-0.597023],[-61.392204,-0.614303],[-61.406957,-0.6284],[-61.433608,-0.632947],[-61.428849,-0.649773],[-61.458355,-0.654775],[-61.473584,-0.679786],[-61.48453,-0.717074],[-61.510705,-0.74163],[-61.535453,-0.754363],[-61.54735,-0.79529],[-61.548302,-0.833488],[-61.537832,-0.843947],[-61.556869,-0.864865],[-61.552109,-0.889421],[-61.576381,-0.911248],[-61.582568,-0.936714],[-61.575429,-0.954903],[-61.580664,-0.978095],[-61.551158,-0.983097],[-61.544019,-1.003561],[-61.558772,-1.01402],[-61.544019,-1.029481],[-61.543067,-1.062222],[-61.572574,-1.075864],[-61.567339,-1.094964],[-61.57876,-1.113608],[-61.565911,-1.129069],[-61.58114,-1.156808],[-61.572574,-1.17909],[-61.587327,-1.194552],[-61.608267,-1.252304],[-61.606839,-1.274586],[-61.626827,-1.29414],[-61.585423,-1.338704],[-61.582092,-1.353256],[-61.600176,-1.367353],[-61.619213,-1.394637],[-61.603032,-1.40737],[-61.582092,-1.409644],[-61.574001,-1.428743],[-61.547826,-1.429652],[-61.523555,-1.490588],[-61.509754,-1.506958],[-61.473109,-1.527876],[-61.474536,-1.578807],[-61.462639,-1.607001],[-61.423138,-1.620189],[-61.41362,-1.637014],[-61.417427,-1.666117],[-61.412668,-1.703406],[-61.42409,-1.756611],[-61.419331,-1.79299],[-61.386493,-1.86302],[-61.38221,-1.895306],[-61.462163,-1.90622],[-61.447885,-1.931686],[-61.452169,-1.948966],[-61.499759,-1.967155],[-61.527362,-1.916224],[-61.530218,-1.877117],[-61.538784,-1.867567],[-61.598273,-1.867567],[-61.595417,-1.840283],[-61.611122,-1.832552],[-61.653002,-1.835735],[-61.647291,-1.856199],[-61.666328,-1.869386],[-61.682984,-1.892123],[-61.704876,-1.887121],[-61.716298,-1.896671],[-61.733431,-1.886212],[-61.763413,-1.919862],[-61.778642,-1.922136],[-61.806721,-1.945328],[-61.827185,-1.926229],[-61.845269,-1.922136],[-61.85336,-1.936688],[-61.88239,-1.934869],[-61.884294,-1.911222],[-61.920463,-1.926229],[-61.914276,-1.936688],[-61.928554,-1.95897],[-61.957108,-1.972612],[-61.961391,-1.986709],[-61.995181,-2.025362],[-62.025163,-2.018541],[-62.021832,-1.999442],[-62.047055,-1.974886],[-62.072754,-2.000806],[-62.084176,-2.037185],[-62.072754,-2.049009],[-62.080369,-2.06447],[-62.101784,-2.053101],[-62.122724,-2.090845],[-62.14652,-2.101758],[-62.16746,-2.124041],[-62.208864,-2.120403],[-62.223617,-2.147232],[-62.237894,-2.132681],[-62.292148,-2.16042],[-62.302142,-2.148597],[-62.335456,-2.165877],[-62.35354,-2.193616],[-62.392565,-2.211806],[-62.402083,-2.207713],[-62.46062,-2.222719],[-62.498217,-2.244547],[-62.513922,-2.244547],[-62.543904,-2.272286],[-62.591495,-2.281381],[-62.621001,-2.280926],[-62.641941,-2.288202],[-62.658598,-2.28229],[-62.718087,-2.276379],[-62.739978,-2.292749],[-62.786142,-2.30912],[-62.790425,-2.319124],[-62.828498,-2.323217],[-62.853721,-2.336404],[-62.883227,-2.384152],[-62.885131,-2.398704],[-62.907498,-2.415529],[-62.95033,-2.425079],[-62.997921,-2.441449],[-63.014578,-2.455092],[-63.032663,-2.451454],[-63.040753,-2.483286],[-63.075018,-2.476919],[-63.125941,-2.482831],[-63.141646,-2.491016],[-63.176863,-2.492835],[-63.198279,-2.48465],[-63.234448,-2.483286],[-63.256816,-2.46737],[-63.279183,-2.435993],[-63.304882,-2.43099],[-63.332485,-2.462822],[-63.36913,-2.490107],[-63.389594,-2.488288],[-63.42386,-2.470098],[-63.441468,-2.447816],[-63.448607,-2.413256],[-63.47621,-2.381878],[-63.519517,-2.391883],[-63.537126,-2.387335],[-63.565205,-2.362779],[-63.593283,-2.356413],[-63.633736,-2.390519],[-63.657531,-2.391883],[-63.694652,-2.378695],[-63.712737,-2.389154],[-63.726062,-2.42326],[-63.750333,-2.438721],[-63.802683,-2.43963],[-63.822672,-2.430536],[-63.875497,-2.445087],[-63.906432,-2.43963],[-63.957354,-2.444633],[-63.956878,-2.46646],[-63.981149,-2.505568],[-63.988288,-2.52785],[-63.984481,-2.565594],[-63.964492,-2.575598],[-63.919757,-2.564229],[-63.875497,-2.565594],[-63.836473,-2.561046],[-63.818388,-2.547859],[-63.788406,-2.557408],[-63.767466,-2.593333],[-63.750333,-2.649721],[-63.729393,-2.693376],[-63.71464,-2.762496],[-63.728917,-2.802968],[-63.724634,-2.824341],[-63.711785,-2.835255],[-63.691321,-2.8348],[-63.66229,-2.817974],[-63.629452,-2.806606],[-63.608988,-2.786597],[-63.584241,-2.780231],[-63.563777,-2.762951],[-63.525228,-2.753856],[-63.504288,-2.739304],[-63.481445,-2.713384],[-63.462884,-2.70338],[-63.401016,-2.707018],[-63.374365,-2.702016],[-63.346287,-2.704289],[-63.304882,-2.700197],[-63.283467,-2.710656],[-63.259195,-2.751582],[-63.240635,-2.796147],[-63.218743,-2.819793],[-63.189237,-2.837073],[-63.169724,-2.840257],[-63.145453,-2.832526],[-63.095483,-2.831617],[-63.049795,-2.814791],[-63.009819,-2.840711],[-62.959373,-2.844804],[-62.928914,-2.853444],[-62.915113,-2.881183],[-62.910354,-2.925293],[-62.933673,-3.00078],[-62.920824,-3.00942],[-62.893697,-3.003508],[-62.828022,-3.003054],[-62.796136,-3.01897],[-62.779955,-3.020334],[-62.746641,-3.060806],[-62.720942,-3.083543],[-62.701906,-3.091273],[-62.626712,-3.093092],[-62.582928,-3.106734],[-62.550567,-3.091273],[-62.536289,-3.072629],[-62.505831,-3.00942],[-62.495837,-2.981681],[-62.484415,-2.882093],[-62.469186,-2.85208],[-62.449674,-2.829798],[-62.427782,-2.81661],[-62.385902,-2.806606],[-62.354492,-2.773865],[-62.301666,-2.765679],[-62.276919,-2.770227],[-62.235039,-2.762951],[-62.184593,-2.744761],[-62.158418,-2.7293],[-62.121773,-2.723388],[-62.093218,-2.71202],[-62.077037,-2.695195],[-62.060856,-2.662908],[-62.038964,-2.648356],[-62.006603,-2.640171],[-61.963771,-2.636078],[-61.92427,-2.609703],[-61.876204,-2.623346],[-61.860974,-2.6238],[-61.810528,-2.610158],[-61.779594,-2.619708],[-61.760082,-2.640171],[-61.74628,-2.692921],[-61.708684,-2.734302],[-61.699165,-2.751582],[-61.705352,-2.771591],[-61.728196,-2.80024],[-61.732955,-2.822522],[-61.716774,-2.843895],[-61.662044,-2.861175],[-61.655382,-2.837528],[-61.640629,-2.827979],[-61.608267,-2.834345],[-61.564483,-2.824341],[-61.539736,-2.826614],[-61.513085,-2.815246],[-61.496904,-2.789781],[-61.483579,-2.786597],[-61.46597,-2.767043],[-61.449313,-2.761132],[-61.404102,-2.761587],[-61.402674,-2.732483],[-61.368409,-2.745671],[-61.336999,-2.745671],[-61.313679,-2.739304],[-61.250859,-2.741123],[-61.244196,-2.769772],[-61.221829,-2.764315],[-61.165671,-2.785688],[-61.144255,-2.80797],[-61.114749,-2.815246],[-61.061447,-2.813882],[-61.040983,-2.826614],[-61.016236,-2.85208],[-61.000531,-2.883457],[-60.98435,-2.886185]]]},"properties":{"cod_ibge":"130320","name":"Novo Airão","uf":"AM"}},
{"type":"Feature","geometry":{"type":"Polygon","coordinates":[[[-70.51538,-7.792378],[-70.335487,-7.812842],[-70.055176,-7.845128],[-69.801517,-8.06113],[-69.802945,-8.048852],[-69.78724,-7.998376],[-69.798661,-7.977003],[-69.800565,-7.951992],[-69.789143,-7.940169],[-69.78486,-7.908337],[-69.798661,-7.891057],[-69.792475,-7.867865],[-69.767251,-7.863318],[-69.76392,-7.843309],[-69.743932,-7.821936],[-69.730606,-7.820117],[-69.704907,-7.787376],[-69.682064,-7.793288],[-69.656841,-7.767368],[-69.625431,-7.752361],[-69.611153,-7.734626],[-69.615436,-7.717801],[-69.598304,-7.690971],[-69.569749,-7.686424],[-69.555472,-7.658685],[-69.587358,-7.627308],[-69.584978,-7.608208],[-69.555472,-7.570465],[-69.565466,-7.557278],[-69.553092,-7.537269],[-69.53358,-7.489067],[-69.508833,-7.459054],[-69.524538,-7.436317],[-69.516447,-7.414489],[-69.491224,-7.40494],[-69.496459,-7.382203],[-69.511688,-7.360375],[-69.488845,-7.337638],[-69.485037,-7.314901],[-69.494556,-7.302168],[-69.492652,-7.279431],[-69.474567,-7.252147],[-69.478851,-7.223953],[-69.491224,-7.203035],[-69.521682,-7.178024],[-69.869572,-7.173477],[-69.86053,-7.189847],[-69.875283,-7.20258],[-69.890036,-7.238959],[-69.86862,-7.243052],[-69.896699,-7.28989],[-69.948573,-7.2908],[-69.972368,-7.268063],[-69.972368,-7.244416],[-69.992832,-7.22941],[-69.99664,-7.20258],[-70.007585,-7.180753],[-70.037568,-7.17666],[-70.03852,-7.205309],[-70.055652,-7.261242],[-70.084683,-7.273974],[-70.100388,-7.291255],[-70.127039,-7.280795],[-70.157497,-7.331272],[-70.193666,-7.362194],[-70.223172,-7.370834],[-70.270763,-7.400847],[-70.336915,-7.469967],[-70.355475,-7.485429],[-70.378795,-7.48361],[-70.455892,-7.514077],[-70.482543,-7.519534],[-70.501103,-7.514532],[-70.52585,-7.543635],[-70.580104,-7.555459],[-70.607707,-7.546364],[-70.626267,-7.573648],[-70.664816,-7.609573],[-70.710979,-7.599114],[-70.732395,-7.587745],[-70.796167,-7.609118],[-70.810444,-7.638221],[-70.832812,-7.644588],[-70.848517,-7.627308],[-70.866125,-7.628217],[-70.888493,-7.650499],[-70.893252,-7.66596],[-70.938464,-7.655956],[-70.984627,-7.677329],[-71.008422,-7.678693],[-71.043164,-7.6937],[-71.05982,-7.711889],[-71.088375,-7.726441],[-70.73525,-7.766913],[-70.51538,-7.792378]]]},"properties":{"cod_ibge":"130150","name":"Envira","uf":"AM"}},
{"type":"Feature","geometry":{"type":"Polygon","coordinates":[[[-70.13275,-4.281783],[-70.148455,-4.271324],[-70.171298,-4.299973],[-70.151786,-4.3218],[-70.177009,-4.336807],[-70.181292,-4.356361],[-70.199853,-4.358634],[-70.20366,-4.325893],[-70.259817,-4.308613],[-70.26886,-4.297245],[-70.245064,-4.280419],[-70.254106,-4.270415],[-70.284089,-4.272689],[-70.303601,-4.26223],[-70.303125,-4.242676],[-70.280281,-4.23449],[-70.28742,-4.202659],[-70.285992,-4.171736],[-70.323113,-4.142178],[-70.332631,-4.177193],[-70.35833,-4.162187],[-70.364993,-4.144907],[-70.38403,-4.133538],[-70.399735,-4.137631],[-70.433524,-4.131719],[-70.467314,-4.175374],[-70.486826,-4.162187],[-70.493013,-4.192654],[-70.513477,-4.188562],[-70.503959,-4.159003],[-70.521091,-4.13854],[-70.537272,-4.144907],[-70.558212,-4.167644],[-70.552501,-4.187197],[-70.563447,-4.209934],[-70.583911,-4.184469],[-70.616273,-4.193564],[-70.633406,-4.167644],[-70.617225,-4.133083],[-70.642924,-4.127172],[-70.651015,-4.143088],[-70.670527,-4.145816],[-70.666244,-4.163551],[-70.672906,-4.195837],[-70.726684,-4.184924],[-70.746672,-4.162187],[-70.763329,-4.159913],[-70.782841,-4.182195],[-70.802354,-4.184014],[-70.816155,-4.196747],[-70.817583,-4.230398],[-70.83186,-4.253135],[-70.864698,-4.256318],[-70.845661,-4.2786],[-70.87374,-4.289969],[-70.875168,-4.317708],[-70.902294,-4.328622],[-70.911337,-4.355906],[-70.929421,-4.354542],[-70.933229,-4.379553],[-70.971301,-4.376824],[-71.019368,-4.383645],[-71.039832,-4.40138],[-71.043639,-4.379098],[-71.076001,-4.396833],[-71.082188,-4.373186],[-71.107411,-4.377734],[-71.107411,-4.400016],[-71.151195,-4.38319],[-71.180701,-4.393649],[-71.186412,-4.415022],[-71.206876,-4.397287],[-71.201165,-4.379553],[-71.234003,-4.383645],[-71.261606,-4.396833],[-71.262558,-4.426846],[-71.287781,-4.441852],[-71.310149,-4.415477],[-71.316811,-4.431393],[-71.337751,-4.442307],[-71.349649,-4.4273],[-71.366306,-4.433212],[-71.383914,-4.424572],[-71.396764,-4.432302],[-71.421987,-4.468227],[-71.433409,-4.445945],[-71.450542,-4.447764],[-71.475289,-4.434121],[-71.477669,-4.452311],[-71.55429,-4.476867],[-71.568091,-4.50688],[-71.594742,-4.527343],[-71.61711,-4.528707],[-71.632815,-4.516884],[-71.626628,-4.490509],[-71.672791,-4.506425],[-71.690876,-4.498694],[-71.707057,-4.510972],[-71.74037,-4.491873],[-71.768925,-4.504606],[-71.781774,-4.484143],[-71.829365,-4.496421],[-71.858872,-4.513701],[-71.905035,-4.515065],[-71.919312,-4.529617],[-71.919788,-4.561449],[-71.955005,-4.610106],[-71.989747,-4.612834],[-71.982132,-4.626931],[-72.037338,-4.63739],[-72.081597,-4.669222],[-72.080645,-4.683774],[-72.125857,-4.718334],[-72.145845,-4.723336],[-72.191532,-4.744709],[-72.199623,-4.756987],[-72.230557,-4.775177],[-72.258159,-4.774267],[-72.337636,-4.805189],[-72.367143,-4.802461],[-72.379992,-4.827926],[-72.376661,-4.841569],[-72.416637,-4.90114],[-72.438529,-4.90887],[-72.467559,-4.896137],[-72.458517,-4.924786],[-72.503728,-4.940247],[-72.521813,-4.933426],[-72.565597,-4.972534],[-72.568452,-4.983902],[-72.599386,-4.984357],[-72.607477,-5.029831],[-72.617947,-5.045292],[-72.71408,-5.056206],[-72.755008,-5.076669],[-72.769286,-5.099861],[-72.801172,-5.11123],[-72.824491,-5.144426],[-72.860184,-5.139424],[-72.888263,-5.166253],[-72.869702,-5.177622],[-72.867323,-5.287214],[-72.876365,-5.296309],[-72.897781,-5.349968],[-72.920625,-5.375888],[-72.924432,-5.40772],[-72.955842,-5.462289],[-72.960601,-5.520496],[-72.942517,-5.545961],[-72.960125,-5.571427],[-72.958697,-5.590981],[-72.973927,-5.613263],[-72.958697,-5.655554],[-72.981065,-5.661465],[-72.983445,-5.6792],[-73.003433,-5.707849],[-73.018186,-5.739226],[-73.046741,-5.759235],[-73.046265,-5.77515],[-73.071488,-5.80289],[-73.115747,-5.842452],[-73.112416,-5.858823],[-73.129073,-5.870646],[-73.1562,-5.873829],[-73.166194,-5.914301],[-73.179995,-5.926579],[-73.18761,-6.005249],[-73.20855,-6.008432],[-73.232821,-6.035717],[-73.229966,-6.078462],[-73.249954,-6.122572],[-73.237104,-6.162589],[-73.217592,-6.183052],[-73.216164,-6.225343],[-73.195224,-6.241259],[-73.192369,-6.254447],[-73.161435,-6.276274],[-73.157152,-6.32675],[-73.144778,-6.339028],[-73.130501,-6.387231],[-73.105753,-6.404511],[-73.121458,-6.430886],[-73.110988,-6.451804],[-73.134784,-6.483181],[-73.138591,-6.514103],[-73.151441,-6.525017],[-73.179043,-6.523653],[-73.199983,-6.569582],[-73.231393,-6.585498],[-73.286123,-6.585498],[-73.319912,-6.595957],[-73.352274,-6.593228],[-73.382732,-6.621422],[-73.379401,-6.633245],[-73.439842,-6.651435],[-73.464589,-6.668715],[-73.500758,-6.671898],[-73.537403,-6.684631],[-73.56453,-6.72192],[-73.58547,-6.724193],[-73.639247,-6.75557],[-73.644007,-6.775579],[-73.684459,-6.816051],[-73.690646,-6.834241],[-73.71111,-6.840607],[-73.723007,-6.886081],[-73.746803,-6.907908],[-73.761556,-6.938831],[-73.744899,-6.967025],[-73.758701,-6.974301],[-73.755845,-7.015227],[-73.757749,-7.059792],[-73.787731,-7.092988],[-73.798201,-7.112996],[-73.738236,-7.134824],[-73.70873,-7.041147],[-73.666374,-7.000675],[-73.683507,-6.980667],[-73.680652,-6.953837],[-73.655904,-6.950199],[-73.627826,-6.936557],[-73.611645,-6.938831],[-73.568337,-6.930191],[-73.535499,-6.942014],[-73.506469,-6.926553],[-73.48886,-6.933829],[-73.453643,-6.928827],[-73.444601,-6.945652],[-73.427944,-6.952018],[-73.411763,-6.944288],[-73.359413,-6.94929],[-73.317533,-6.94065],[-73.298497,-6.942923],[-73.259948,-6.920641],[-73.220923,-6.924279],[-73.193321,-6.918367],[-73.140495,-6.946107],[-73.12241,-6.977484],[-73.048168,-7.008861],[-73.010096,-7.028415],[-72.975354,-7.025231],[-72.933474,-7.011134],[-72.907775,-6.997492],[-72.876841,-6.994764],[-72.851142,-7.000221],[-72.820208,-6.979757],[-72.784991,-6.972482],[-72.762147,-6.937921],[-72.717888,-6.90518],[-72.68505,-6.904271],[-72.672676,-6.916094],[-72.663634,-6.950654],[-72.696948,-6.961113],[-72.698375,-7.00977],[-72.684098,-7.01841],[-72.667917,-7.050242],[-72.644598,-7.074798],[-72.632224,-7.097535],[-72.615091,-7.111632],[-72.599386,-7.107539],[-72.569404,-7.113906],[-72.533235,-7.132095],[-72.487072,-7.127093],[-72.475174,-7.117544],[-72.432818,-7.112542],[-72.393793,-7.167565],[-72.37095,-7.183026],[-72.387131,-7.204399],[-72.37904,-7.215768],[-72.358576,-7.203035],[-72.323359,-7.207582],[-72.306702,-7.200306],[-72.290521,-7.179843],[-72.240075,-7.191212],[-72.215328,-7.180753],[-72.183442,-7.133005],[-72.124429,-7.131186],[-72.090163,-7.126639],[-72.052091,-7.102992],[-72.019253,-7.105266],[-71.988319,-7.096171],[-71.977373,-7.060701],[-71.985939,-7.035236],[-71.985939,-7.011589],[-71.971662,-7.003859],[-71.942632,-7.012044],[-71.926927,-6.989307],[-71.909794,-6.987033],[-71.887426,-6.997038],[-71.856492,-6.998857],[-71.814136,-6.988852],[-71.794148,-6.979303],[-71.800335,-6.925643],[-71.785582,-6.908363],[-71.773684,-6.91382],[-71.75084,-6.904271],[-71.741322,-6.919277],[-71.715623,-6.91382],[-71.70087,-6.883807],[-71.683261,-6.885626],[-71.653755,-6.910637],[-71.634243,-6.913365],[-71.634243,-6.930191],[-71.648044,-6.951109],[-71.64614,-6.970663],[-71.630435,-6.972936],[-71.597122,-6.951109],[-71.587604,-6.926553],[-71.555242,-6.950654],[-71.546675,-6.921096],[-71.536205,-6.864253],[-71.519073,-6.868346],[-71.50194,-6.849247],[-71.46815,-6.860615],[-71.451018,-6.839243],[-71.445307,-6.80923],[-71.409138,-6.786038],[-71.401047,-6.767394],[-71.385342,-6.759208],[-71.378679,-6.735107],[-71.343462,-6.681448],[-71.33442,-6.668715],[-71.302058,-6.678265],[-71.280166,-6.663713],[-71.267793,-6.645978],[-71.231624,-6.615965],[-71.167852,-6.619148],[-71.085995,-6.606416],[-71.063152,-6.573674],[-71.048399,-6.543661],[-71.012705,-6.532293],[-70.98891,-6.534112],[-70.960355,-6.516377],[-70.936084,-6.526836],[-70.908005,-6.509101],[-70.901819,-6.492276],[-70.853752,-6.49364],[-70.820438,-6.463172],[-70.798546,-6.417244],[-70.756666,-6.376317],[-70.739058,-6.374953],[-70.704792,-6.334936],[-70.697654,-6.312653],[-70.663864,-6.299466],[-70.65387,-6.286278],[-70.605327,-6.244442],[-70.594857,-6.188509],[-70.581056,-6.154404],[-70.596761,-6.138943],[-70.595809,-6.085738],[-70.608659,-6.079372],[-70.608183,-6.057089],[-70.632454,-6.019346],[-70.612942,-6.001611],[-70.623412,-5.980693],[-70.605803,-5.952499],[-70.574869,-5.927034],[-70.556309,-5.867463],[-70.540604,-5.86337],[-70.533941,-5.84609],[-70.51538,-5.841088],[-70.518712,-5.822443],[-70.480639,-5.756961],[-70.484446,-5.726948],[-70.467314,-5.70603],[-70.465886,-5.670105],[-70.449229,-5.632817],[-70.460175,-5.598711],[-70.458747,-5.579157],[-70.443994,-5.539595],[-70.451609,-5.527772],[-70.445898,-5.498214],[-70.412108,-5.485936],[-70.396879,-5.463199],[-70.386409,-5.427729],[-70.396879,-5.419089],[-70.364993,-5.395442],[-70.353095,-5.379526],[-70.346433,-5.339509],[-70.334059,-5.333598],[-70.340722,-5.307677],[-70.330728,-5.282212],[-70.303601,-5.247652],[-70.282185,-5.187171],[-70.255058,-5.17171],[-70.249823,-5.140333],[-70.227931,-5.116232],[-70.205564,-5.109865],[-70.171298,-5.07576],[-70.177485,-5.03165],[-70.167491,-5.028012],[-70.169395,-4.997999],[-70.155593,-4.986631],[-70.1594,-4.893409],[-70.127039,-4.867944],[-70.155593,-4.844297],[-70.142268,-4.837021],[-70.147027,-4.813829],[-70.162732,-4.789728],[-70.167491,-4.767446],[-70.199377,-4.761989],[-70.198901,-4.741526],[-70.218413,-4.718789],[-70.227931,-4.686502],[-70.242209,-4.67286],[-70.228407,-4.658308],[-70.259341,-4.650123],[-70.124183,-4.500968],[-70.133701,-4.487326],[-70.136557,-4.381371],[-70.145123,-4.364546],[-70.137033,-4.336807],[-70.140364,-4.299063],[-70.13275,-4.281783]]]},"properties":{"cod_ibge":"130020","name":"Atalaia do Norte","uf":"AM"}},
{"type":"Feature","geometry":{"type":"Polygon","coordinates":[[[-57.889038,-2.608794],[-57.8562,-2.588785],[-57.892369,-2.576962],[-57.917116,-2.580145],[-57.978984,-2.600154],[-57.972322,-2.631076],[-57.984695,-2.642899],[-58.015153,-2.648356],[-58.077973,-2.626529],[-58.114143,-2.604701],[-58.155071,-2.587421],[-58.179818,-2.569686],[-58.208373,-2.52012],[-58.225981,-2.515117],[-58.246921,-2.489197],[-58.282614,-2.466915],[-58.255963,-2.430081],[-58.260247,-2.395975],[-58.28309,-2.388245],[-58.296416,-2.406889],[-58.32497,-2.410527],[-58.336868,-2.399159],[-58.360663,-2.338223],[-58.391598,-2.33504],[-58.40064,-2.31776],[-58.443948,-2.310484],[-58.477261,-2.292749],[-58.511527,-2.304573],[-58.559593,-2.315486],[-58.603853,-2.289111],[-58.62051,-2.292295],[-58.665721,-2.316851],[-58.690944,-2.340497],[-58.724734,-2.345045],[-58.741867,-2.321853],[-58.723306,-2.297752],[-58.740915,-2.279107],[-58.76471,-2.289566],[-58.770421,-2.265465],[-58.818964,-2.267284],[-58.825627,-2.239545],[-58.849422,-2.254551],[-58.870838,-2.248185],[-58.881308,-2.22954],[-58.925567,-2.255461],[-58.930802,-2.27365],[-58.97649,-2.250913],[-59.011707,-2.254551],[-59.050256,-2.231814],[-59.074527,-2.244547],[-59.065485,-2.272741],[-59.082617,-2.275924],[-59.109744,-2.297297],[-59.13354,-2.341407],[-59.17304,-2.385971],[-59.272029,-2.447816],[-59.276788,-2.480102],[-59.249662,-2.482376],[-59.238716,-2.469643],[-59.196836,-2.471008],[-59.173992,-2.48465],[-59.169709,-2.508296],[-59.155907,-2.517391],[-59.13116,-2.520574],[-59.12307,-2.535581],[-59.096895,-2.556044],[-59.082617,-2.575143],[-59.051207,-2.586966],[-59.038358,-2.603337],[-59.022177,-2.60652],[-59.011707,-2.574688],[-58.988387,-2.560591],[-58.959357,-2.558318],[-58.944604,-2.574688],[-58.926043,-2.570141],[-58.918429,-2.586057],[-58.899392,-2.589695],[-58.87988,-2.572869],[-58.849898,-2.602428],[-58.802307,-2.59788],[-58.780415,-2.588331],[-58.750433,-2.608339],[-58.720451,-2.616524],[-58.716643,-2.63244],[-58.684757,-2.663363],[-58.663342,-2.658815],[-58.648112,-2.672003],[-58.588148,-2.679733],[-58.527232,-2.701561],[-58.503436,-2.702925],[-58.470123,-2.661544],[-58.455369,-2.652449],[-58.426815,-2.656996],[-58.380176,-2.622436],[-58.337344,-2.625165],[-58.304506,-2.611522],[-58.294512,-2.621527],[-58.254536,-2.626529],[-58.236451,-2.649721],[-58.215035,-2.648356],[-58.185053,-2.682007],[-58.187433,-2.72066],[-58.178866,-2.750218],[-58.160782,-2.761132],[-58.158878,-2.778867],[-58.110335,-2.859356],[-58.100817,-2.844349],[-58.070359,-2.821158],[-58.040377,-2.807515],[-57.991358,-2.805696],[-57.958044,-2.796602],[-57.917116,-2.757949],[-57.938532,-2.762496],[-57.957093,-2.745216],[-57.932821,-2.730664],[-57.942339,-2.703835],[-57.925207,-2.695195],[-57.93996,-2.661544],[-57.963755,-2.672458],[-57.935677,-2.617889],[-57.889038,-2.608794]]]},"properties":{"cod_ibge":"130200","name":"Itapiranga","uf":"AM"}},
{"type":"Feature","geometry":{"type":"Polygon","coordinates":[[[-60.725931,-5.113049],[-60.745444,-5.146245],[-60.741636,-5.17171],[-60.781613,-5.197176],[-60.808264,-5.228098],[-60.817782,-5.266751],[-60.835866,-5.302675],[-60.860614,-5.300856],[-60.904873,-5.317227],[-60.901542,-5.340419],[-60.91106,-5.354061],[-60.94009,-5.36361],[-60.935807,-5.374979],[-60.895355,-5.3818],[-60.864421,-5.378162],[-60.820637,-5.402718],[-60.812547,-5.389985],[-60.787324,-5.387257],[-60.741636,-5.336326],[-60.729263,-5.315408],[-60.707847,-5.303585],[-60.652165,-5.300856],[-60.618376,-5.29358],[-60.575068,-5.268115],[-60.577448,-5.308132],[-60.565074,-5.308132],[-60.575068,-5.352697],[-60.59934,-5.358608],[-60.59934,-5.389985],[-60.575068,-5.447283],[-60.600767,-5.458651],[-60.628846,-5.50458],[-60.642647,-5.537776],[-60.633605,-5.558694],[-60.647406,-5.605532],[-60.63884,-5.637819],[-60.625515,-5.658737],[-60.649786,-5.669651],[-60.648834,-5.698754],[-60.629322,-5.716489],[-60.593629,-5.706939],[-60.580303,-5.721946],[-60.551749,-5.734679],[-60.56555,-5.765601],[-60.543658,-5.76651],[-60.534616,-5.786519],[-60.545086,-5.803799],[-60.538423,-5.8279],[-60.564122,-5.833357],[-60.583635,-5.867917],[-60.561743,-5.895657],[-60.541755,-5.907025],[-60.542706,-5.924305],[-60.574116,-5.948861],[-60.59934,-5.99388],[-60.59696,-6.00434],[-60.622183,-6.017527],[-60.632653,-6.057999],[-60.61552,-6.074824],[-60.584586,-6.073915],[-60.586966,-6.113022],[-60.537947,-6.130757],[-60.537947,-6.153494],[-60.547941,-6.168501],[-60.556984,-6.206699],[-60.548417,-6.220341],[-60.5527,-6.250354],[-60.525098,-6.268089],[-60.516055,-6.295828],[-60.547465,-6.319475],[-60.546038,-6.497733],[-60.543658,-6.935648],[-60.978639,-6.937921],[-61.073821,-6.935193],[-61.095237,-6.968389],[-61.105231,-6.995219],[-61.124267,-6.998402],[-61.148063,-7.023412],[-61.1809,-7.019775],[-61.178521,-7.050242],[-61.161864,-7.061611],[-61.155201,-7.099809],[-61.224684,-7.129822],[-61.24372,-7.144828],[-61.242769,-7.161654],[-61.227064,-7.16802],[-61.205172,-7.190302],[-61.199937,-7.205309],[-61.214214,-7.230319],[-61.207075,-7.25624],[-61.241817,-7.271246],[-61.241817,-7.29944],[-61.259425,-7.306261],[-61.315583,-7.339912],[-61.320342,-7.370834],[-61.338902,-7.384476],[-61.328432,-7.419491],[-61.318914,-7.425403],[-61.314155,-7.473151],[-61.301305,-7.489067],[-61.307016,-7.518625],[-61.296546,-7.529538],[-61.30083,-7.566827],[-61.29036,-7.580015],[-61.301781,-7.626853],[-61.288456,-7.652318],[-61.283697,-7.678238],[-61.292739,-7.705978],[-61.30654,-7.721894],[-61.306065,-7.74645],[-61.322721,-7.751906],[-61.339854,-7.854223],[-61.33795,-7.878324],[-61.354607,-7.906973],[-61.333191,-7.911975],[-61.31701,-7.940169],[-61.274655,-7.96427],[-61.252287,-7.983369],[-61.212786,-8.006561],[-61.200889,-7.997921],[-61.163292,-7.988371],[-61.142352,-8.00838],[-61.146159,-8.062039],[-61.124267,-8.084776],[-61.136641,-8.109787],[-61.133785,-8.154352],[-61.083815,-8.189821],[-61.082387,-8.218015],[-61.092381,-8.242571],[-61.109514,-8.260761],[-61.146159,-8.263944],[-61.160912,-8.272129],[-61.172334,-8.257578],[-61.195178,-8.252121],[-61.223256,-8.257578],[-61.251811,-8.272129],[-61.274655,-8.257578],[-61.27751,-8.225291],[-61.288456,-8.210285],[-61.288932,-8.167539],[-61.32986,-8.129341],[-61.355083,-8.094781],[-61.355083,-8.079319],[-61.376975,-8.071134],[-61.394108,-8.052035],[-61.410289,-8.057037],[-61.419807,-8.041121],[-61.409337,-8.017929],[-61.425518,-8.004287],[-61.452169,-8.027479],[-61.472157,-8.056582],[-61.500711,-8.055218],[-61.509754,-8.075227],[-61.484054,-8.083412],[-61.492145,-8.117972],[-61.479771,-8.169358],[-61.464066,-8.178453],[-61.449789,-8.204828],[-61.454072,-8.263034],[-61.451217,-8.298504],[-61.472157,-8.34125],[-61.455024,-8.388543],[-61.500711,-8.436291],[-61.463114,-8.469032],[-61.467398,-8.497226],[-61.461211,-8.531331],[-61.46359,-8.55043],[-61.498808,-8.550885],[-61.521651,-8.574077],[-61.50785,-8.639105],[-61.495476,-8.650928],[-61.495952,-8.670936],[-61.538784,-8.693219],[-61.574953,-8.675939],[-61.591134,-8.659568],[-61.620164,-8.646835],[-61.682984,-8.651383],[-61.692979,-8.672301],[-61.713443,-8.687762],[-61.705352,-8.707316],[-61.673466,-8.705042],[-61.626351,-8.728689],[-61.629683,-8.75279],[-61.605887,-8.794626],[-61.583044,-8.798719],[-61.310348,-8.798264],[-61.014332,-8.798264],[-60.83539,-8.798264],[-60.420398,-8.796445],[-60.397554,-8.765977],[-60.429916,-8.759156],[-60.424681,-8.741876],[-60.428488,-8.652747],[-60.444193,-8.630919],[-60.456567,-8.627281],[-60.47132,-8.59454],[-60.499399,-8.585445],[-60.497971,-8.573622],[-60.522718,-8.559525],[-60.509869,-8.546338],[-60.528905,-8.494952],[-60.48417,-8.437655],[-60.495115,-8.420829],[-60.489405,-8.398092],[-60.466561,-8.386269],[-60.445145,-8.387179],[-60.457043,-8.347161],[-60.467989,-8.336702],[-60.451332,-8.313511],[-60.454663,-8.301233],[-60.487025,-8.292593],[-60.474175,-8.249392],[-60.459898,-8.239843],[-60.464181,-8.204828],[-60.450856,-8.173905],[-60.449904,-8.137981],[-60.430392,-8.10524],[-60.440862,-8.101147],[-60.451332,-8.052944],[-60.465609,-8.050671],[-60.477031,-8.031117],[-60.455615,-8.027479],[-60.482266,-7.998376],[-60.49226,-7.966544],[-60.516531,-7.953811],[-60.509393,-7.938805],[-60.525574,-7.890602],[-60.514628,-7.866046],[-60.548893,-7.830576],[-60.539375,-7.797835],[-60.564122,-7.790559],[-60.562695,-7.755999],[-60.588394,-7.72735],[-60.587918,-7.708706],[-60.619328,-7.70234],[-60.644551,-7.704613],[-60.674057,-7.678238],[-60.662635,-7.648226],[-60.677865,-7.606844],[-60.679292,-7.584107],[-60.668346,-7.565918],[-60.675485,-7.530903],[-60.647406,-7.481336],[-60.644551,-7.441319],[-60.65169,-7.408577],[-60.636936,-7.345823],[-60.632653,-7.289436],[-60.652165,-7.228955],[-60.649786,-7.202125],[-60.669298,-7.166201],[-60.696901,-7.146192],[-60.128666,-6.912911],[-59.872626,-6.811958],[-59.887856,-6.788766],[-59.902609,-6.794678],[-59.90594,-6.74693],[-59.932591,-6.727377],[-59.921645,-6.686905],[-59.943537,-6.680993],[-59.926404,-6.660984],[-59.929736,-6.637793],[-59.956386,-6.621877],[-59.928784,-6.571401],[-59.933543,-6.555485],[-59.904036,-6.541843],[-59.898326,-6.527746],[-59.85597,-6.524108],[-59.845024,-6.478179],[-59.817421,-6.429976],[-59.796481,-6.448166],[-59.796957,-6.45908],[-59.766975,-6.469994],[-59.74889,-6.448166],[-59.734613,-6.445892],[-59.714625,-6.45817],[-59.660847,-6.464082],[-59.631341,-6.476815],[-59.609925,-6.460444],[-59.315337,-6.460899],[-59.309626,-6.444073],[-59.326759,-6.389505],[-59.327711,-6.372679],[-59.355789,-6.341302],[-59.349602,-6.317656],[-59.380537,-6.30174],[-59.348175,-6.260813],[-59.348175,-6.243988],[-59.330566,-6.228526],[-59.33009,-6.203061],[-59.34056,-6.180324],[-59.359121,-6.167591],[-59.367211,-6.10893],[-59.378157,-6.085738],[-59.396717,-6.08301],[-59.39291,-6.062546],[-59.411947,-6.049359],[-59.409567,-6.008887],[-59.452399,-5.994335],[-59.449543,-5.962503],[-59.461917,-5.944314],[-59.499038,-5.927488],[-59.494279,-5.914756],[-59.512363,-5.888381],[-59.523309,-5.892928],[-59.547581,-5.846999],[-59.554719,-5.821079],[-59.566141,-5.815168],[-59.590412,-5.7847],[-59.605641,-5.776515],[-59.598503,-5.753323],[-59.612304,-5.745592],[-59.61516,-5.691478],[-59.599931,-5.668741],[-59.59184,-5.636455],[-59.574231,-5.624177],[-59.544249,-5.555966],[-59.551864,-5.532774],[-59.547105,-5.518222],[-59.57328,-5.500033],[-59.588509,-5.503216],[-59.601358,-5.479115],[-59.680359,-5.503216],[-59.702251,-5.500033],[-59.709866,-5.467746],[-59.72795,-5.448647],[-59.722715,-5.394533],[-59.699396,-5.354516],[-59.696064,-5.319046],[-59.670841,-5.282212],[-59.885,-4.960256],[-59.945441,-4.867944],[-59.975899,-4.874765],[-60.055376,-4.906596],[-60.083454,-4.922967],[-60.118196,-4.923877],[-60.171973,-4.902049],[-60.19101,-4.901594],[-60.220992,-4.916601],[-60.236697,-4.944795],[-60.258113,-4.998454],[-60.287619,-5.042564],[-60.703088,-5.042109],[-60.694045,-5.072577],[-60.725931,-5.113049]]]},"properties":{"cod_ibge":"130330","name":"Novo Aripuanã","uf":"AM"}},
{"type":"Feature","geometry":{"type":"Polygon","coordinates":[[[-66.597697,-3.14084],[-66.536305,-3.149935],[-66.511558,-3.14084],[-66.483955,-3.147206],[-66.463015,-3.137657],[-66.425894,-3.141749],[-66.406382,-3.135383],[-66.358791,-3.143114],[-66.327381,-3.158575],[-66.307393,-3.151299],[-66.294543,-3.136293],[-66.265513,-3.124015],[-66.253139,-3.128107],[-66.241241,-3.093547],[-66.209355,-3.068082],[-66.219349,-3.053985],[-66.206976,-3.037159],[-66.212687,-3.020334],[-66.198885,-3.01033],[-66.202693,-2.99214],[-66.192699,-2.960763],[-66.175566,-2.954396],[-66.166524,-2.924838],[-66.147963,-2.906649],[-66.12512,-2.895735],[-66.08895,-2.811608],[-66.071342,-2.792509],[-66.065155,-2.753856],[-66.053257,-2.725207],[-66.022799,-2.713384],[-65.987582,-2.675641],[-65.96807,-2.627438],[-65.946654,-2.60743],[-65.878599,-2.599244],[-65.85861,-2.612432],[-65.843857,-2.594697],[-65.830056,-2.605611],[-65.813399,-2.591059],[-65.798646,-2.591968],[-65.794363,-2.616979],[-65.771995,-2.63335],[-65.753435,-2.630167],[-65.77485,-2.591059],[-65.80055,-2.564229],[-65.818634,-2.52012],[-65.818158,-2.502385],[-65.78532,-2.480102],[-65.772947,-2.481467],[-65.721549,-2.527395],[-65.714886,-2.559682],[-65.715838,-2.608794],[-65.706795,-2.627438],[-65.663964,-2.661998],[-65.614945,-2.662453],[-65.589246,-2.657451],[-65.558312,-2.635169],[-65.524046,-2.601973],[-65.510721,-2.57105],[-65.480739,-2.533762],[-65.450756,-2.516482],[-65.424581,-2.488288],[-65.399358,-2.470098],[-65.39793,-2.450544],[-65.340345,-2.473736],[-65.338442,-2.460549],[-65.309411,-2.431445],[-65.309411,-2.410072],[-65.349864,-2.394156],[-65.38746,-2.400523],[-65.385081,-2.382788],[-65.353195,-2.363234],[-65.319881,-2.361415],[-65.276098,-2.38006],[-65.255158,-2.382788],[-65.27467,-2.365508],[-65.280381,-2.316851],[-65.302749,-2.311848],[-65.306556,-2.331402],[-65.327972,-2.351411],[-65.344629,-2.341861],[-65.37128,-2.339133],[-65.416015,-2.351411],[-65.430292,-2.365053],[-65.426961,-2.392338],[-65.457419,-2.405525],[-65.472172,-2.400978],[-65.475028,-2.365963],[-65.455515,-2.345499],[-65.457419,-2.330038],[-65.488829,-2.320034],[-65.514052,-2.320943],[-65.516432,-2.346863],[-65.490257,-2.345499],[-65.485022,-2.355049],[-65.504534,-2.3887],[-65.527378,-2.38006],[-65.53642,-2.362779],[-65.55498,-2.357777],[-65.587818,-2.384607],[-65.608758,-2.383243],[-65.615897,-2.359596],[-65.595433,-2.315941],[-65.620656,-2.305937],[-65.62827,-2.291385],[-65.600192,-2.279107],[-65.584963,-2.255006],[-65.615897,-2.237726],[-65.652542,-2.251368],[-65.663488,-2.275469],[-65.684904,-2.278198],[-65.698229,-2.260008],[-65.730115,-2.264101],[-65.800074,-2.252278],[-65.810544,-2.267284],[-65.830056,-2.250913],[-65.850044,-2.24773],[-65.862418,-2.288202],[-65.897159,-2.305027],[-65.903822,-2.289566],[-65.901442,-2.260008],[-65.933804,-2.257734],[-65.94713,-2.233633],[-65.9576,-2.163603],[-65.972353,-2.150416],[-66.001383,-2.144959],[-66.01804,-2.141776],[-66.035649,-2.113127],[-66.039456,-2.087207],[-66.056589,-2.074019],[-66.090378,-2.078112],[-66.134638,-2.073565],[-66.169379,-2.064015],[-66.180325,-2.043097],[-66.159861,-2.033093],[-66.161764,-2.001261],[-66.176518,-1.986254],[-66.243621,-2.016267],[-66.256946,-2.026272],[-66.279314,-2.023543],[-66.305013,-2.02991],[-66.323098,-2.056284],[-66.357363,-2.044006],[-66.404954,-1.995804],[-66.410189,-1.971703],[-66.42637,-1.940326],[-66.443979,-1.930776],[-66.460159,-1.934414],[-66.518696,-1.979433],[-66.533925,-1.999897],[-66.538684,-2.024453],[-66.529166,-2.06447],[-66.558673,-2.10767],[-66.599601,-2.117674],[-66.621017,-2.15087],[-66.672415,-2.15087],[-66.714295,-2.165877],[-66.762362,-2.149506],[-66.779019,-2.153599],[-66.785681,-2.19589],[-66.825658,-2.200437],[-66.857544,-2.219991],[-66.89514,-2.228631],[-66.921791,-2.22954],[-66.946063,-2.245456],[-66.968906,-2.251368],[-67.015069,-2.251368],[-67.041244,-2.256825],[-67.078365,-2.274105],[-67.105016,-2.268193],[-67.132619,-2.247275],[-67.176403,-2.252732],[-67.204005,-2.245911],[-67.20924,-2.22181],[-67.231608,-2.204985],[-67.263494,-2.19589],[-67.283958,-2.176336],[-67.309181,-2.173153],[-67.270157,-2.230905],[-67.242554,-2.24],[-67.242554,-2.26592],[-67.262066,-2.282745],[-67.273488,-2.303663],[-67.238747,-2.307756],[-67.21971,-2.316396],[-67.187348,-2.359141],[-67.170216,-2.392792],[-67.193059,-2.407799],[-67.21971,-2.447361],[-67.245885,-2.475555],[-67.217807,-2.514208],[-67.21162,-2.535581],[-67.213048,-2.565139],[-67.20115,-2.59788],[-67.173071,-2.605156],[-67.130715,-2.6238],[-67.095974,-2.608339],[-67.056949,-2.616524],[-67.04172,-2.645173],[-67.051714,-2.680643],[-67.047907,-2.697923],[-67.024112,-2.715203],[-66.975569,-2.728391],[-66.941304,-2.727481],[-66.921791,-2.715203],[-66.912273,-2.689283],[-66.890381,-2.665636],[-66.859923,-2.657451],[-66.829941,-2.67746],[-66.80329,-2.683371],[-66.762838,-2.717022],[-66.730476,-2.718386],[-66.663373,-2.682917],[-66.623872,-2.656996],[-66.609119,-2.64199],[-66.598173,-2.608339],[-66.598649,-2.588331],[-66.620541,-2.546949],[-66.617685,-2.502385],[-66.634818,-2.46737],[-66.648144,-2.421896],[-66.641005,-2.3887],[-66.62292,-2.377331],[-66.596745,-2.377786],[-66.561528,-2.398704],[-66.510606,-2.399159],[-66.446834,-2.389609],[-66.41352,-2.403251],[-66.402099,-2.4319],[-66.403526,-2.506477],[-66.396864,-2.526941],[-66.372116,-2.556044],[-66.333092,-2.56241],[-66.337375,-2.600609],[-66.374496,-2.634714],[-66.37402,-2.646992],[-66.328809,-2.679733],[-66.29026,-2.678369],[-66.29835,-2.70338],[-66.349749,-2.72066],[-66.368785,-2.705199],[-66.393056,-2.715658],[-66.412093,-2.690192],[-66.446834,-2.6861],[-66.463015,-2.691557],[-66.489666,-2.742033],[-66.543444,-2.769317],[-66.561528,-2.770227],[-66.59151,-2.785233],[-66.593414,-2.802513],[-66.562004,-2.83389],[-66.556769,-2.85208],[-66.570094,-2.88664],[-66.600077,-2.898463],[-66.621969,-2.943483],[-66.611499,-2.966674],[-66.596269,-2.978498],[-66.589607,-2.998052],[-66.609595,-3.028519],[-66.617685,-3.058532],[-66.610547,-3.083543],[-66.597697,-3.09764],[-66.597697,-3.14084]]]},"properties":{"cod_ibge":"130160","name":"Fonte Boa","uf":"AM"}},
{"type":"Feature","geometry":{"type":"Polygon","coordinates":[[[-56.9139,-3.562384],[-56.92199,-3.558292],[-56.948165,-3.577845],[-56.97434,-3.583757],[-56.989569,-3.576481],[-57.022883,-3.602401],[-57.071902,-3.593307],[-57.088559,-3.601947],[-57.105691,-3.594671],[-57.121872,-3.601947],[-57.116637,-3.631505],[-57.132818,-3.637416],[-57.147095,-3.661518],[-57.181837,-3.659699],[-57.199921,-3.676524],[-57.245133,-3.673796],[-57.258458,-3.651059],[-57.253699,-3.625138],[-57.267024,-3.606949],[-57.294627,-3.611041],[-57.300338,-3.59558],[-57.326037,-3.58785],[-57.34317,-3.554199],[-57.358875,-3.544195],[-57.370297,-3.513727],[-57.43502,-3.500085],[-57.465479,-3.460977],[-57.48737,-3.443242],[-57.49784,-3.417777],[-57.501172,-3.3864],[-57.509738,-3.370029],[-57.515925,-3.324555],[-57.528774,-3.316824],[-57.567323,-3.321372],[-57.589215,-3.340016],[-57.602064,-3.31546],[-57.622053,-3.306365],[-57.625384,-3.257254],[-57.636806,-3.248159],[-57.638233,-3.211779],[-57.633474,-3.179038],[-57.618721,-3.173581],[-57.616342,-3.133564],[-57.795759,-3.133564],[-57.794332,-3.16676],[-57.803374,-3.181767],[-57.809561,-3.224967],[-57.825742,-3.24543],[-57.834784,-3.277717],[-57.862387,-3.281809],[-57.878092,-3.293178],[-57.900459,-3.284538],[-57.950906,-3.344109],[-58.028955,-3.340926],[-58.04228,-3.349111],[-58.062268,-3.339107],[-58.070359,-3.306365],[-58.088443,-3.315006],[-58.107956,-3.348202],[-58.150788,-3.345018],[-58.176963,-3.367755],[-58.174107,-3.414594],[-58.181246,-3.453247],[-58.181246,-3.496447],[-58.370182,-3.50054],[-58.364947,-3.515546],[-58.378272,-3.531917],[-58.383983,-3.561929],[-58.363043,-3.582848],[-58.349718,-3.582848],[-58.337344,-3.581029],[-58.297843,-3.596944],[-58.258819,-3.602856],[-58.240734,-3.611041],[-58.228361,-3.651513],[-58.201234,-3.66652],[-58.201234,-3.684255],[-58.216939,-3.697442],[-58.25406,-3.687438],[-58.282138,-3.689257],[-58.298795,-3.699716],[-58.309265,-3.743371],[-58.289753,-3.792028],[-58.286422,-3.812946],[-58.3145,-3.839776],[-58.326398,-3.867515],[-58.346862,-3.886614],[-58.406827,-3.894799],[-58.419676,-3.913444],[-58.437761,-3.91117],[-58.464888,-3.924812],[-58.457273,-3.958463],[-58.433478,-3.964829],[-58.434905,-3.989385],[-58.401592,-4.009849],[-58.383031,-4.013032],[-58.373513,-4.038043],[-58.347814,-4.057142],[-58.334488,-4.090338],[-58.308313,-4.117622],[-58.321163,-4.141723],[-58.292133,-4.162187],[-58.281663,-4.161732],[-58.253584,-4.226305],[-58.219318,-4.231762],[-58.205517,-4.216755],[-58.183625,-4.217665],[-58.155547,-4.239947],[-58.119378,-4.370912],[-58.116998,-4.380007],[-58.132703,-4.41002],[-58.126992,-4.430938],[-58.183625,-4.456404],[-58.174107,-4.484598],[-58.197427,-4.48869],[-58.215035,-4.514156],[-58.202662,-4.548261],[-58.233596,-4.55099],[-58.23074,-4.602375],[-58.255963,-4.596464],[-58.255012,-4.623293],[-58.271193,-4.65558],[-58.265958,-4.673315],[-58.274048,-4.726519],[-58.300699,-4.749711],[-58.296416,-4.766536],[-58.305934,-4.800642],[-58.331157,-4.817922],[-58.325922,-4.83975],[-58.365423,-4.854756],[-58.341627,-4.89159],[-58.384459,-4.932062],[-58.374465,-4.948887],[-58.403495,-4.967077],[-58.408254,-5.01346],[-58.431574,-5.034833],[-58.450134,-5.039381],[-58.444423,-5.073941],[-58.46346,-5.068029],[-58.479641,-5.086219],[-58.476309,-5.107137],[-58.515334,-5.11896],[-58.543888,-5.142152],[-58.54722,-5.126236],[-58.580057,-5.133512],[-58.564352,-5.153066],[-58.581485,-5.160342],[-58.584817,-5.178531],[-58.606232,-5.186262],[-58.633835,-5.182169],[-58.653347,-5.203542],[-58.654299,-5.230826],[-58.686661,-5.231281],[-58.715692,-5.267206],[-58.71474,-5.281757],[-58.737107,-5.292671],[-58.726637,-5.315863],[-58.738059,-5.330869],[-58.776132,-5.32996],[-58.798976,-5.344966],[-58.811349,-5.341783],[-58.810397,-5.383164],[-58.818488,-5.410449],[-58.811825,-5.426365],[-58.837524,-5.451375],[-58.828006,-5.468655],[-58.848946,-5.507763],[-58.855133,-5.5305],[-58.849898,-5.558239],[-58.832765,-5.564151],[-58.824199,-5.585069],[-58.832765,-5.656463],[-58.846091,-5.672834],[-58.834193,-5.708304],[-58.820392,-5.717398],[-58.822295,-5.765146],[-58.814681,-5.791521],[-58.830386,-5.816532],[-58.814681,-5.83654],[-58.823723,-5.852002],[-58.825627,-5.882469],[-58.812777,-5.920213],[-58.824199,-5.947042],[-58.832765,-5.992516],[-58.831337,-6.013889],[-58.811825,-6.035262],[-58.802307,-6.075279],[-58.80897,-6.09938],[-58.830862,-6.132576],[-58.842759,-6.197149],[-58.849422,-6.212156],[-58.874645,-6.222615],[-58.883212,-6.236712],[-58.910814,-6.254447],[-58.919381,-6.28446],[-58.906531,-6.323112],[-58.887019,-6.344485],[-58.868458,-6.352671],[-58.855133,-6.381319],[-58.837048,-6.422701],[-58.836097,-6.470903],[-58.867031,-6.543661],[-58.874645,-6.58959],[-58.864651,-6.628243],[-58.867982,-6.675536],[-58.85894,-6.705549],[-58.838,-6.728741],[-58.832765,-6.744657],[-58.794217,-6.776943],[-58.785174,-6.832422],[-58.768042,-6.858342],[-58.751385,-6.856978],[-58.74377,-6.88699],[-58.698083,-6.921096],[-58.675715,-6.928372],[-58.652396,-6.962023],[-58.650968,-6.977938],[-58.632883,-7.007951],[-58.617178,-7.005678],[-58.601473,-7.037509],[-58.567684,-7.032962],[-58.541985,-7.036145],[-58.531991,-7.052061],[-58.496773,-7.052061],[-58.492966,-7.067977],[-58.506292,-7.114361],[-58.525328,-7.130276],[-58.537702,-7.165291],[-58.529135,-7.186664],[-58.563877,-7.198942],[-58.529611,-7.237595],[-58.541985,-7.259877],[-58.573871,-7.287617],[-58.540557,-7.34264],[-58.500581,-7.349916],[-58.147456,-7.343095],[-58.169824,-7.313082],[-58.174583,-7.271246],[-58.16792,-7.239414],[-58.18077,-7.181662],[-58.209324,-7.134369],[-58.22265,-7.124365],[-58.239783,-7.095716],[-58.288325,-7.061611],[-58.33544,-6.986579],[-58.355428,-6.971572],[-58.380176,-6.970663],[-58.434429,-6.908818],[-58.462984,-6.837424],[-58.470598,-6.803773],[-58.481544,-6.781491],[-58.478689,-6.699637],[-58.465363,-6.670079],[-58.447755,-6.651435],[-58.427291,-6.615965],[-58.380652,-6.580495],[-58.349718,-6.562306],[-58.332109,-6.533202],[-58.326874,-6.500461],[-58.293084,-6.494095],[-58.266909,-6.47545],[-58.255488,-6.454078],[-58.173631,-6.279003],[-58.033714,-5.977965],[-57.860483,-5.60053],[-57.771964,-5.407266],[-57.585408,-5.000728],[-57.475473,-4.767446],[-57.350309,-4.501878],[-57.213723,-4.211753],[-57.086179,-3.941183],[-57.000515,-3.759287],[-56.956256,-3.658789],[-56.9139,-3.562384]]]},"properties":{"cod_ibge":"130290","name":"Maués","uf":"AM"}},
{"type":"Feature","geometry":{"type":"Polygon","coordinates":[[[-62.361631,-4.090338],[-62.392089,-4.076695],[-62.442059,-4.080788],[-62.447294,-4.066691],[-62.477753,-4.058051],[-62.494409,-4.038043],[-62.527723,-4.033495],[-62.570555,-4.002118],[-62.561513,-3.948004],[-62.577693,-3.925267],[-62.580549,-3.857965],[-62.780431,-3.724727],[-63.003156,-3.576026],[-63.014578,-3.566932],[-63.04694,-3.568751],[-63.106904,-3.609222],[-63.150688,-3.618317],[-63.183526,-3.611041],[-63.198755,-3.599218],[-63.241587,-3.54283],[-63.276804,-3.517365],[-63.344383,-3.503723],[-63.374365,-3.488716],[-63.454318,-3.424598],[-63.477162,-3.39413],[-63.562349,-3.366391],[-63.589476,-3.343654],[-63.597567,-3.35957],[-63.623266,-3.354113],[-63.638019,-3.337288],[-63.652296,-3.338197],[-63.674664,-3.31546],[-63.674664,-3.294997],[-63.723207,-3.267713],[-63.718447,-3.243157],[-63.738912,-3.242247],[-63.751285,-3.224967],[-63.771749,-3.224967],[-63.781743,-3.209051],[-63.774605,-3.185859],[-63.795069,-3.18404],[-63.811726,-3.165851],[-63.823147,-3.134019],[-63.84266,-3.11492],[-63.856937,-3.088545],[-63.871214,-3.045345],[-63.8636,-3.019424],[-63.876449,-2.973496],[-63.899769,-2.955306],[-63.909287,-2.933478],[-63.905004,-2.90483],[-63.94736,-2.879364],[-63.936414,-2.852989],[-63.968776,-2.809789],[-63.958306,-2.792964],[-63.966872,-2.760677],[-63.954022,-2.697013],[-63.975438,-2.656542],[-64.006848,-2.664272],[-64.028264,-2.653358],[-64.045873,-2.608339],[-64.066337,-2.59788],[-64.065861,-2.577872],[-64.082994,-2.55468],[-64.085373,-2.506477],[-64.096795,-2.499201],[-64.102982,-2.461913],[-64.128681,-2.445542],[-64.142958,-2.446452],[-64.168657,-2.430536],[-64.19626,-2.426898],[-64.230526,-2.429626],[-64.263363,-2.41371],[-64.302388,-2.380969],[-64.332846,-2.375512],[-64.370919,-2.360506],[-64.386624,-2.343226],[-64.367111,-2.26501],[-64.402805,-2.271377],[-64.417082,-2.284564],[-64.450396,-2.283655],[-64.448016,-2.324126],[-64.497035,-2.320034],[-64.516547,-2.311394],[-64.529396,-2.336859],[-64.517975,-2.377331],[-64.4918,-2.430081],[-64.490372,-2.460094],[-64.461341,-2.471008],[-64.457534,-2.488288],[-64.465149,-2.522393],[-64.434691,-2.551951],[-64.437546,-2.572415],[-64.421365,-2.603337],[-64.425172,-2.639261],[-64.383292,-2.649266],[-64.359021,-2.65063],[-64.338557,-2.672003],[-64.337605,-2.692921],[-64.357593,-2.720205],[-64.416606,-2.717932],[-64.428028,-2.734302],[-64.478474,-2.741123],[-64.506077,-2.73885],[-64.497035,-2.793418],[-64.476095,-2.812972],[-64.448492,-2.863448],[-64.452299,-2.889369],[-64.443257,-2.913015],[-64.44754,-2.928931],[-64.436118,-2.94803],[-64.379009,-2.987138],[-64.361876,-3.012149],[-64.330466,-3.0267],[-64.339985,-3.040797],[-64.329039,-3.057623],[-64.321424,-3.096275],[-64.293346,-3.100368],[-64.270978,-3.081724],[-64.245279,-3.102642],[-64.269074,-3.107644],[-64.291442,-3.151754],[-64.254797,-3.170398],[-64.239568,-3.186769],[-64.237188,-3.203594],[-64.209586,-3.226331],[-64.193881,-3.251342],[-64.168657,-3.246794],[-64.150097,-3.270441],[-64.162947,-3.2809],[-64.149621,-3.29818],[-64.136296,-3.283628],[-64.120115,-3.286357],[-64.111072,-3.312277],[-64.087277,-3.330467],[-64.08347,-3.356842],[-64.106789,-3.366846],[-64.128681,-3.364572],[-64.130585,-3.389128],[-64.152001,-3.42096],[-64.152477,-3.437785],[-64.137723,-3.448699],[-64.158187,-3.477348],[-64.158187,-3.510999],[-64.128681,-3.516455],[-64.108693,-3.538738],[-64.087277,-3.529188],[-64.06253,-3.54374],[-64.070144,-3.575117],[-64.042542,-3.576026],[-64.025409,-3.594216],[-64.020174,-3.622865],[-63.986384,-3.602856],[-63.959257,-3.630595],[-63.942125,-3.635143],[-63.919757,-3.656515],[-63.939745,-3.676069],[-63.921661,-3.687893],[-63.918329,-3.715177],[-63.92642,-3.737005],[-63.917377,-3.756104],[-63.901672,-3.764289],[-63.881684,-3.792028],[-63.844563,-3.798394],[-63.827431,-3.77975],[-63.776032,-3.783843],[-63.786027,-3.799304],[-63.866931,-3.811127],[-63.942125,-3.812946],[-63.954974,-3.802487],[-63.977818,-3.764289],[-63.974011,-3.745645],[-63.987812,-3.706992],[-64.071572,-3.704263],[-64.076331,-3.767472],[-64.092988,-3.75292],[-64.111072,-3.759742],[-64.160091,-3.811582],[-64.158187,-3.829317],[-64.166754,-3.865696],[-64.190073,-3.872062],[-64.237188,-3.893435],[-64.25099,-3.887978],[-64.268598,-3.906623],[-64.269074,-3.92072],[-64.288586,-3.94664],[-64.317141,-3.951642],[-64.321424,-3.962556],[-64.352834,-3.976198],[-64.380437,-3.966648],[-64.43945,-3.987566],[-64.456582,-3.984838],[-64.484185,-3.967558],[-64.526065,-3.959372],[-64.542246,-3.964375],[-64.564614,-3.990295],[-64.566993,-4.03304],[-64.583174,-4.054413],[-64.611253,-4.065327],[-64.628386,-4.084881],[-64.646946,-4.119896],[-64.659796,-4.128536],[-64.695965,-4.116713],[-64.717856,-4.142633],[-64.72214,-4.179467],[-64.731658,-4.195837],[-64.776869,-4.206751],[-64.791146,-4.222667],[-64.814466,-4.267232],[-64.836358,-4.281783],[-64.863961,-4.289514],[-64.890136,-4.283148],[-64.917738,-4.294971],[-64.945341,-4.298154],[-64.979606,-4.283602],[-65.003402,-4.310432],[-65.0153,-4.361818],[-65.018155,-4.413658],[-65.047661,-4.444126],[-65.091921,-4.455039],[-65.108578,-4.473229],[-65.123331,-4.516884],[-65.184723,-4.565541],[-65.218513,-4.586459],[-65.257537,-4.62011],[-65.28752,-4.626022],[-65.31893,-4.622839],[-65.353671,-4.606013],[-65.364141,-4.610106],[-65.38175,-4.653761],[-65.405069,-4.666494],[-65.43172,-4.667858],[-65.446473,-4.680136],[-65.46313,-4.761989],[-65.47122,-4.77745],[-65.516432,-4.815648],[-65.542131,-4.855211],[-65.574493,-4.884314],[-65.579252,-4.900685],[-65.571161,-4.94434],[-65.576872,-4.960711],[-65.597336,-4.981174],[-65.623035,-5.023919],[-65.666819,-5.032105],[-65.686331,-5.044838],[-65.696801,-5.078034],[-65.697753,-5.105318],[-65.68538,-5.113049],[-65.660156,-5.106682],[-65.644927,-5.118505],[-65.650162,-5.134876],[-65.690615,-5.173074],[-65.700133,-5.189445],[-65.696325,-5.222186],[-65.678717,-5.261294],[-65.676813,-5.299492],[-65.690615,-5.310861],[-65.72726,-5.28585],[-65.770091,-5.306768],[-65.803881,-5.299492],[-65.830056,-5.307677],[-65.853375,-5.323593],[-65.87146,-5.345421],[-65.889069,-5.377707],[-65.90049,-5.436824],[-65.875743,-5.448192],[-65.844809,-5.492302],[-65.821014,-5.497759],[-65.78532,-5.491847],[-65.752959,-5.451375],[-65.730115,-5.445918],[-65.710127,-5.51413],[-65.689187,-5.546871],[-65.665391,-5.552782],[-65.625891,-5.52277],[-65.60971,-5.527317],[-65.600668,-5.572791],[-65.569258,-5.613263],[-65.529281,-5.642366],[-65.493588,-5.65419],[-65.45266,-5.673743],[-65.427437,-5.669196],[-65.398882,-5.645095],[-65.37128,-5.637364],[-65.356526,-5.646004],[-65.323689,-5.686931],[-65.289899,-5.691478],[-65.258489,-5.707394],[-65.24088,-5.74059],[-65.223272,-5.746047],[-65.196621,-5.734679],[-65.146651,-5.69648],[-65.117144,-5.704211],[-65.069077,-5.751959],[-65.050993,-5.754232],[-64.998167,-5.744683],[-64.961522,-5.745138],[-64.906792,-5.759235],[-64.85587,-5.784245],[-64.813038,-5.786974],[-64.763544,-5.804709],[-64.723567,-5.802435],[-64.705007,-5.785609],[-64.670266,-5.768784],[-64.629813,-5.728767],[-64.625054,-5.712851],[-64.603638,-5.698299],[-64.542246,-5.684202],[-64.524637,-5.699664],[-64.492751,-5.689659],[-64.476571,-5.67056],[-64.473715,-5.634636],[-64.452299,-5.600075],[-64.443257,-5.563241],[-64.405184,-5.549145],[-64.367111,-5.52186],[-64.298581,-5.480479],[-64.232429,-5.473658],[-64.196736,-5.443645],[-64.164374,-5.42591],[-64.111072,-5.423181],[-64.095367,-5.412268],[-64.086325,-5.374069],[-64.049204,-5.325412],[-64.037307,-5.280848],[-64.025885,-5.267206],[-63.94498,-5.236283],[-63.926896,-5.210363],[-63.883112,-5.193538],[-63.855033,-5.169891],[-63.825051,-5.152611],[-63.797924,-5.147154],[-63.766038,-5.128055],[-63.713212,-5.11123],[-63.692272,-5.112594],[-63.637067,-5.143061],[-63.603277,-5.13624],[-63.554259,-5.156249],[-63.52618,-5.157613],[-63.441468,-5.150792],[-63.406727,-5.133057],[-63.371986,-5.121689],[-63.355805,-5.100316],[-63.342003,-5.053932],[-63.341052,-5.000728],[-63.335817,-4.990269],[-63.302503,-4.962984],[-63.278232,-4.926605],[-63.248249,-4.906596],[-63.235876,-4.873855],[-63.221123,-4.816558],[-63.206845,-4.789728],[-63.177815,-4.768355],[-63.129272,-4.760625],[-63.093579,-4.734705],[-63.052175,-4.724246],[-63.031235,-4.705147],[-62.954138,-4.518703],[-62.895125,-4.515065],[-62.888462,-4.488235],[-62.86657,-4.477322],[-62.813744,-4.470046],[-62.788997,-4.480505],[-62.775196,-4.500968],[-62.751876,-4.46277],[-62.726653,-4.478686],[-62.715707,-4.447764],[-62.693339,-4.431848],[-62.695719,-4.395014],[-62.658122,-4.389102],[-62.649556,-4.420479],[-62.619098,-4.441852],[-62.592923,-4.434576],[-62.591971,-4.411839],[-62.555326,-4.417751],[-62.534386,-4.397287],[-62.551518,-4.383645],[-62.540097,-4.362727],[-62.516301,-4.351813],[-62.509638,-4.327712],[-62.471566,-4.29588],[-62.468234,-4.258592],[-62.451578,-4.256318],[-62.434921,-4.229033],[-62.405414,-4.23449],[-62.378763,-4.251316],[-62.335456,-4.254044],[-62.294052,-4.249952],[-62.263118,-4.224031],[-62.287865,-4.201749],[-62.285961,-4.163551],[-62.317847,-4.142633],[-62.355444,-4.108073],[-62.361631,-4.090338]]]},"properties":{"cod_ibge":"130120","name":"Coari","uf":"AM"}},
{"type":"Feature","geometry":{"type":"Polygon","coordinates":[[[-61.410289,-3.621955],[-61.33224,-3.696078],[-61.147111,-3.700625],[-61.147587,-3.732457],[-61.158057,-3.742916],[-61.13902,-3.763834],[-61.152346,-3.781114],[-61.113321,-3.796575],[-61.061923,-3.794757],[-61.04479,-3.821586],[-61.015284,-3.782479],[-61.000531,-3.782024],[-60.972928,-3.766563],[-60.938187,-3.76156],[-60.91915,-3.775203],[-60.896783,-3.767017],[-60.875367,-3.743371],[-60.806836,-3.73655],[-60.775902,-3.725181],[-60.707847,-3.715632],[-60.69357,-3.706537],[-60.685479,-3.675615],[-60.662635,-3.63196],[-60.666919,-3.616498],[-60.641695,-3.575117],[-60.627418,-3.539647],[-60.636936,-3.508725],[-60.62837,-3.488716],[-60.639792,-3.448244],[-60.497019,-3.365936],[-60.395175,-3.305456],[-60.354722,-3.305456],[-60.310463,-3.269532],[-60.319981,-3.234062],[-60.333306,-3.240883],[-60.354246,-3.197228],[-60.35615,-3.181312],[-60.374711,-3.16676],[-60.374711,-3.1322],[-60.458946,-3.117194],[-60.533664,-3.116284],[-60.547941,-3.124015],[-60.58649,-3.115829],[-60.614093,-3.130381],[-60.683575,-3.145842],[-60.717841,-3.104461],[-60.771619,-3.093092],[-60.810167,-3.099459],[-60.854427,-3.064898],[-60.860614,-3.049437],[-60.88774,-3.044435],[-60.902018,-3.053075],[-60.923434,-3.022153],[-60.947705,-3.003508],[-60.983874,-3.005782],[-60.99482,-2.988047],[-60.977211,-2.977588],[-60.978639,-2.9403],[-60.961506,-2.928022],[-60.98435,-2.886185],[-61.000531,-2.883457],[-61.016236,-2.85208],[-61.040983,-2.826614],[-61.061447,-2.813882],[-61.114749,-2.815246],[-61.144255,-2.80797],[-61.165671,-2.785688],[-61.221829,-2.764315],[-61.244196,-2.769772],[-61.250859,-2.741123],[-61.313679,-2.739304],[-61.336999,-2.745671],[-61.368409,-2.745671],[-61.402674,-2.732483],[-61.404102,-2.761587],[-61.449313,-2.761132],[-61.46597,-2.767043],[-61.483579,-2.786597],[-61.483103,-2.812972],[-61.436939,-2.845714],[-61.430277,-2.867541],[-61.408385,-2.881183],[-61.381734,-2.992595],[-61.360794,-3.003054],[-61.351276,-3.067172],[-61.354607,-3.092183],[-61.348896,-3.116284],[-61.320818,-3.148116],[-61.318914,-3.197683],[-61.30654,-3.207232],[-61.282745,-3.204504],[-61.22754,-3.236335],[-61.1809,-3.242702],[-61.150442,-3.253616],[-61.119032,-3.253161],[-61.09952,-3.267713],[-61.098568,-3.292269],[-61.114273,-3.318643],[-61.109514,-3.345928],[-61.088098,-3.357296],[-61.073345,-3.38549],[-61.072869,-3.438695],[-61.089526,-3.452337],[-61.103327,-3.433238],[-61.129978,-3.410956],[-61.150918,-3.409137],[-61.197081,-3.440514],[-61.20184,-3.4728],[-61.211359,-3.495083],[-61.302257,-3.50054],[-61.303209,-3.534645],[-61.290835,-3.541466],[-61.293691,-3.567841],[-61.288456,-3.600128],[-61.327005,-3.60422],[-61.366505,-3.599218],[-61.386493,-3.60422],[-61.410289,-3.621955]]]},"properties":{"cod_ibge":"130250","name":"Manacapuru","uf":"AM"}},
{"type":"Feature","geometry":{"type":"Polygon","coordinates":[[[-60.807312,-4.18174],[-60.79827,-4.168098],[-60.60505,-4.02531],[-60.606002,-3.9812],[-60.593153,-3.950732],[-60.59696,-3.926631],[-60.591725,-3.90162],[-60.575068,-3.872972],[-60.571737,-3.830226],[-60.547465,-3.823405],[-60.524146,-3.800668],[-60.475603,-3.765198],[-60.448476,-3.717451],[-60.424681,-3.711994],[-60.434199,-3.681981],[-60.45038,-3.677434],[-60.444669,-3.652423],[-60.454663,-3.630141],[-60.430392,-3.600582],[-60.409452,-3.590578],[-60.327596,-3.65788],[-60.308559,-3.643328],[-60.305228,-3.607858],[-60.31427,-3.588759],[-60.292378,-3.550561],[-60.293806,-3.522367],[-60.269535,-3.512363],[-60.263824,-3.498721],[-60.288095,-3.471891],[-60.302372,-3.443697],[-60.284764,-3.423234],[-60.270962,-3.423234],[-60.250974,-3.396859],[-60.224323,-3.382762],[-60.213853,-3.36821],[-60.193865,-3.370939],[-60.185299,-3.358661],[-60.182443,-3.354568],[-60.231938,-3.360025],[-60.315698,-3.312732],[-60.354722,-3.305456],[-60.395175,-3.305456],[-60.497019,-3.365936],[-60.639792,-3.448244],[-60.62837,-3.488716],[-60.636936,-3.508725],[-60.627418,-3.539647],[-60.641695,-3.575117],[-60.666919,-3.616498],[-60.662635,-3.63196],[-60.685479,-3.675615],[-60.69357,-3.706537],[-60.707847,-3.715632],[-60.775902,-3.725181],[-60.806836,-3.73655],[-60.875367,-3.743371],[-60.896783,-3.767017],[-60.91915,-3.775203],[-60.938187,-3.76156],[-60.972928,-3.766563],[-61.000531,-3.782024],[-61.015284,-3.782479],[-61.04479,-3.821586],[-61.050501,-3.865241],[-61.060971,-3.887069],[-61.087622,-3.917991],[-61.123315,-3.938454],[-61.136641,-3.958463],[-61.163768,-3.974834],[-61.163768,-4.140814],[-61.131882,-4.125353],[-61.097616,-4.134448],[-61.070965,-4.12126],[-61.048598,-4.12217],[-61.027658,-4.082607],[-61.008145,-4.082607],[-60.995772,-4.100797],[-60.966265,-4.106708],[-60.962458,-4.135357],[-60.924385,-4.13081],[-60.903921,-4.148999],[-60.893927,-4.170372],[-60.864421,-4.157185],[-60.848716,-4.171736],[-60.83777,-4.152637],[-60.810167,-4.169008],[-60.807312,-4.18174]]]},"properties":{"cod_ibge":"130255","name":"Manaquiri","uf":"AM"}},
{"type":"Feature","geometry":{"type":"Polygon","coordinates":[[[-70.047086,0.068262],[-69.998067,0.059167],[-69.987597,0.04598],[-69.989025,0.006417],[-69.984742,-0.005861],[-69.951904,-0.020412],[-69.94191,-0.08544],[-69.906217,-0.108632],[-69.883373,-0.143192],[-69.866716,-0.143192],[-69.848156,-0.123184],[-69.812463,-0.118181],[-69.798186,-0.081347],[-69.77439,-0.07771],[-69.757733,-0.098628],[-69.756306,-0.148649],[-69.734414,-0.167748],[-69.706335,-0.172295],[-69.676829,-0.167748],[-69.660172,-0.175479],[-69.647322,-0.194578],[-69.604015,-0.220953],[-69.607346,-0.27825],[-69.604015,-0.310537],[-69.574984,-0.334183],[-69.543098,-0.338276],[-69.487893,-0.371472],[-69.485989,-0.40103],[-69.408892,-0.406941],[-69.396518,-0.424222],[-69.374151,-0.438773],[-69.354162,-0.476971],[-69.309427,-0.489249],[-69.29515,-0.510168],[-69.269926,-0.521536],[-69.219004,-0.511532],[-69.180931,-0.52381],[-69.158564,-0.538361],[-69.117636,-0.533814],[-69.104786,-0.515624],[-69.063382,-0.499708],[-69.032448,-0.502892],[-69.013887,-0.485157],[-68.983429,-0.48834],[-68.962013,-0.477426],[-68.920133,-0.484702],[-68.903001,-0.49789],[-68.862548,-0.511532],[-68.849699,-0.525629],[-68.820668,-0.527902],[-68.780216,-0.54973],[-68.697408,-0.571103],[-68.668377,-0.61885],[-68.645534,-0.636131],[-68.623166,-0.668872],[-68.620787,-0.697975],[-68.595563,-0.723895],[-68.563677,-0.733445],[-68.547021,-0.744813],[-68.503713,-0.757546],[-68.493719,-0.752544],[-68.425664,-0.757091],[-68.404724,-0.734809],[-68.382356,-0.736628],[-68.357609,-0.728898],[-68.332386,-0.708889],[-68.289554,-0.690245],[-68.28765,-0.679786],[-68.224354,-0.661141],[-68.164866,-0.671146],[-68.161058,-0.999013],[-68.160582,-1.288683],[-68.160582,-1.483312],[-68.127269,-1.499682],[-68.08872,-1.498773],[-68.035418,-1.474672],[-67.993063,-1.479674],[-67.962604,-1.490133],[-67.93405,-1.512415],[-67.904543,-1.517417],[-67.877893,-1.508777],[-67.854097,-1.489678],[-67.831729,-1.481947],[-67.800319,-1.486495],[-67.744638,-1.521965],[-67.711324,-1.527876],[-67.649456,-1.51196],[-67.638034,-1.505594],[-67.616143,-1.473762],[-67.59901,-1.465122],[-67.556178,-1.461484],[-67.519533,-1.432836],[-67.509063,-1.407825],[-67.498593,-1.35462],[-67.369622,-1.279133],[-67.321079,-1.263672],[-67.269205,-1.235933],[-67.247313,-1.215015],[-67.209716,-1.190004],[-67.182113,-1.179545],[-67.12548,-1.134981],[-67.099781,-1.132707],[-67.075034,-1.139528],[-67.036009,-1.164084],[-67.016021,-1.166812],[-66.979852,-1.151806],[-66.947966,-1.148168],[-66.926074,-1.13589],[-66.911797,-1.115882],[-66.915604,-1.094509],[-66.930834,-1.069498],[-66.952249,-1.047671],[-66.954629,-1.035393],[-66.924647,-0.975367],[-66.895616,-0.977186],[-66.84279,-0.969],[-66.808049,-0.984916],[-66.763789,-0.989464],[-66.749512,-0.974003],[-66.740946,-0.949447],[-66.739518,-0.901699],[-66.716199,-0.853496],[-66.690975,-0.827576],[-66.694307,-0.810296],[-66.723813,-0.817572],[-66.725717,-0.799837],[-66.702397,-0.761639],[-66.700969,-0.732081],[-66.714771,-0.712982],[-66.710012,-0.691609],[-66.680981,-0.677512],[-66.644336,-0.647954],[-66.609119,-0.633857],[-66.567715,-0.603844],[-66.536305,-0.597478],[-66.508702,-0.5852],[-66.490618,-0.560189],[-66.459208,-0.555642],[-66.42399,-0.59384],[-66.406858,-0.60157],[-66.333568,-0.577924],[-66.283597,-0.537907],[-66.285025,-0.507894],[-66.253139,-0.481974],[-66.228392,-0.490159],[-66.202217,-0.481064],[-66.152722,-0.486066],[-66.134638,-0.480155],[-66.12036,-0.42695],[-66.097517,-0.412398],[-66.092758,-0.367379],[-66.067059,-0.354646],[-66.012329,-0.351463],[-65.989961,-0.328271],[-65.939515,-0.331],[-65.935708,-0.32236],[-65.890496,-0.310537],[-65.889069,-0.26097],[-65.902394,-0.212313],[-65.922858,-0.184573],[-65.945226,-0.194578],[-65.965214,-0.194578],[-65.975684,-0.182755],[-65.998052,-0.207765],[-66.000907,-0.235959],[-66.028034,-0.235504],[-66.04707,-0.244144],[-66.052305,-0.210948],[-66.081812,-0.169112],[-66.082764,-0.136371],[-66.105131,-0.132278],[-66.118457,-0.116817],[-66.092758,-0.101356],[-66.081812,-0.082257],[-66.134638,-0.060884],[-66.116077,-0.046787],[-66.10989,-0.017229],[-66.119409,-0.001768],[-66.115125,0.031883],[-66.136065,0.04598],[-66.158909,0.082359],[-66.188415,0.111008],[-66.206024,0.105551],[-66.246,0.105551],[-66.271699,0.125559],[-66.328809,0.144658],[-66.338803,0.164212],[-66.392104,0.176945],[-66.410189,0.221964],[-66.398291,0.241973],[-66.363074,0.271076],[-66.344989,0.268803],[-66.32167,0.291994],[-66.310724,0.340197],[-66.290736,0.343835],[-66.292164,0.367936],[-66.306917,0.424779],[-66.30882,0.451153],[-66.265989,0.495718],[-66.207928,0.531188],[-66.186512,0.532552],[-66.15177,0.558927],[-66.124168,0.573933],[-66.122264,0.599854],[-66.138921,0.628957],[-66.157957,0.634869],[-66.167475,0.649875],[-66.235054,0.68398],[-66.25647,0.712629],[-66.277886,0.713084],[-66.316435,0.736276],[-66.318339,0.752191],[-66.592938,0.995023],[-66.857068,1.22785],[-67.089311,1.16555],[-67.090263,1.22694],[-67.098353,1.25468],[-67.146896,1.303791],[-67.155938,1.326528],[-67.149752,1.345628],[-67.110251,1.336078],[-67.089787,1.348811],[-67.080269,1.395649],[-67.086932,1.414293],[-67.077414,1.469317],[-67.089787,1.476593],[-67.101209,1.508879],[-67.098353,1.55208],[-67.112631,1.590733],[-67.132619,1.598918],[-67.140709,1.618472],[-67.133095,1.632569],[-67.137854,1.668948],[-67.129763,1.687138],[-67.142137,1.70078],[-67.136902,1.731247],[-67.137854,1.763534],[-67.126432,1.776721],[-67.134523,1.794911],[-67.152607,1.804915],[-67.174499,1.841294],[-67.202102,1.857665],[-67.239698,1.865396],[-67.258735,1.854937],[-67.274916,1.876309],[-67.298711,1.888133],[-67.320603,1.914508],[-67.317748,1.930424],[-67.33488,1.979536],[-67.352489,1.999999],[-67.343923,2.036378],[-67.354393,2.055477],[-67.349158,2.083216],[-67.360103,2.101406],[-67.346302,2.135057],[-67.364863,2.136421],[-67.376284,2.158703],[-67.360579,2.179166],[-67.369622,2.188261],[-67.372001,2.218274],[-67.3977,2.2351],[-67.415309,2.224641],[-67.428158,2.231462],[-67.444339,2.21691],[-67.443388,2.195082],[-67.455761,2.168253],[-67.508111,2.166434],[-67.542853,2.152792],[-67.559509,2.133692],[-67.561889,2.110501],[-67.587588,2.086854],[-67.606148,2.039561],[-67.619474,2.036378],[-67.636607,2.007275],[-67.656119,1.991813],[-67.675155,2.007729],[-67.690384,2.000454],[-67.708469,2.015005],[-67.747969,2.035923],[-67.777,2.031376],[-67.776048,2.013641],[-67.807458,1.986357],[-67.834109,1.939973],[-67.85029,1.939518],[-67.874085,1.900411],[-67.885031,1.894044],[-67.922152,1.891316],[-67.908351,1.861758],[-67.923104,1.856301],[-67.915489,1.833109],[-67.917393,1.810827],[-67.937381,1.819012],[-67.985448,1.818557],[-67.997346,1.837657],[-68.010671,1.836747],[-68.021141,1.818557],[-68.046364,1.841749],[-68.051123,1.876764],[-68.064925,1.894044],[-68.093003,1.897228],[-68.129172,1.958617],[-68.146305,1.972714],[-68.168673,1.963165],[-68.183902,1.976352],[-68.192944,2.026828],[-68.204842,1.983628],[-68.245294,1.925421],[-68.246722,1.899501],[-68.285271,1.836292],[-68.274325,1.819467],[-68.246722,1.824924],[-68.238156,1.808553],[-68.244818,1.78718],[-68.212457,1.773083],[-68.191041,1.778995],[-68.18295,1.763079],[-68.19342,1.738523],[-68.168197,1.742161],[-68.163438,1.727609],[-68.696932,1.727155],[-69.000562,1.727155],[-69.393187,1.7267],[-69.407464,1.740797],[-69.474567,1.743525],[-69.516923,1.771264],[-69.54643,1.775812],[-69.570701,1.758077],[-69.594021,1.752165],[-69.603539,1.739887],[-69.643991,1.729883],[-69.692058,1.727609],[-69.705383,1.734885],[-69.744408,1.729428],[-69.781053,1.703053],[-69.821505,1.698961],[-69.845776,1.713512],[-69.846252,1.293787],[-69.846728,1.076421],[-69.831975,1.080059],[-69.820077,1.064598],[-69.796758,1.072783],[-69.791999,1.08779],[-69.772486,1.104615],[-69.74298,1.115529],[-69.725371,1.108253],[-69.702528,1.118257],[-69.705383,1.080059],[-69.673021,1.072329],[-69.668262,1.082333],[-69.624003,1.095975],[-69.597828,1.094611],[-69.574984,1.074148],[-69.524538,1.070964],[-69.486941,1.079604],[-69.440302,1.074602],[-69.431736,1.045499],[-69.416506,1.043225],[-69.372247,1.080514],[-69.340361,1.080059],[-69.321325,1.088245],[-69.287535,1.05323],[-69.246131,1.056867],[-69.246131,1.046408],[-69.212817,1.019124],[-69.198064,0.997297],[-69.216149,0.98229],[-69.203775,0.962282],[-69.172841,0.951822],[-69.189974,0.932723],[-69.191401,0.916807],[-69.15666,0.882247],[-69.13572,0.869514],[-69.143811,0.847232],[-69.166654,0.845413],[-69.166178,0.819948],[-69.154281,0.806306],[-69.147142,0.769472],[-69.171413,0.759922],[-69.19045,0.739914],[-69.180456,0.715812],[-69.153805,0.708536],[-69.115732,0.643963],[-69.142383,0.643963],[-69.181407,0.653513],[-69.196636,0.648965],[-69.211866,0.610767],[-69.238041,0.603037],[-69.268499,0.606675],[-69.284204,0.619407],[-69.298481,0.648511],[-69.317993,0.63214],[-69.337981,0.64169],[-69.349403,0.61486],[-69.403657,0.663972],[-69.414603,0.688073],[-69.436019,0.699442],[-69.463621,0.736276],[-69.480278,0.735821],[-69.532152,0.70308],[-69.535484,0.679433],[-69.565942,0.680797],[-69.580695,0.661698],[-69.586882,0.64078],[-69.618292,0.631685],[-69.642563,0.653058],[-69.671118,0.66761],[-69.687775,0.663972],[-69.714426,0.64078],[-69.723944,0.61486],[-69.749167,0.619407],[-69.777721,0.599399],[-69.79533,0.57939],[-69.809607,0.576662],[-69.822933,0.591213],[-69.887656,0.577116],[-69.916687,0.578935],[-69.935723,0.553015],[-69.978555,0.578026],[-69.995212,0.550742],[-70.04661,0.56302],[-70.04661,0.381578],[-70.047086,0.068262]]]},"properties":{"cod_ibge":"130380","name":"São Gabriel da Cachoeira","uf":"AM"}},
{"type":"Feature","geometry":{"type":"Polygon","coordinates":[[[-61.302257,-3.50054],[-61.211359,-3.495083],[-61.20184,-3.4728],[-61.197081,-3.440514],[-61.150918,-3.409137],[-61.129978,-3.410956],[-61.103327,-3.433238],[-61.089526,-3.452337],[-61.072869,-3.438695],[-61.073345,-3.38549],[-61.088098,-3.357296],[-61.109514,-3.345928],[-61.114273,-3.318643],[-61.098568,-3.292269],[-61.09952,-3.267713],[-61.119032,-3.253161],[-61.150442,-3.253616],[-61.1809,-3.242702],[-61.22754,-3.236335],[-61.282745,-3.204504],[-61.30654,-3.207232],[-61.318914,-3.197683],[-61.320818,-3.148116],[-61.348896,-3.116284],[-61.354607,-3.092183],[-61.351276,-3.067172],[-61.360794,-3.003054],[-61.381734,-2.992595],[-61.408385,-2.881183],[-61.430277,-2.867541],[-61.436939,-2.845714],[-61.483103,-2.812972],[-61.483579,-2.786597],[-61.496904,-2.789781],[-61.513085,-2.815246],[-61.539736,-2.826614],[-61.564483,-2.824341],[-61.608267,-2.834345],[-61.640629,-2.827979],[-61.655382,-2.837528],[-61.662044,-2.861175],[-61.716774,-2.843895],[-61.732955,-2.822522],[-61.728196,-2.80024],[-61.705352,-2.771591],[-61.699165,-2.751582],[-61.708684,-2.734302],[-61.74628,-2.692921],[-61.760082,-2.640171],[-61.779594,-2.619708],[-61.810528,-2.610158],[-61.860974,-2.6238],[-61.876204,-2.623346],[-61.92427,-2.609703],[-61.963771,-2.636078],[-62.006603,-2.640171],[-62.038964,-2.648356],[-62.060856,-2.662908],[-62.077037,-2.695195],[-62.093218,-2.71202],[-62.121773,-2.723388],[-62.158418,-2.7293],[-62.184593,-2.744761],[-62.235039,-2.762951],[-62.276919,-2.770227],[-62.301666,-2.765679],[-62.354492,-2.773865],[-62.385902,-2.806606],[-62.427782,-2.81661],[-62.449674,-2.829798],[-62.469186,-2.85208],[-62.484415,-2.882093],[-62.495837,-2.981681],[-62.505831,-3.00942],[-62.536289,-3.072629],[-62.550567,-3.091273],[-62.582928,-3.106734],[-62.560561,-3.133564],[-62.528675,-3.156756],[-62.497741,-3.199501],[-62.477277,-3.237245],[-62.457288,-3.293633],[-62.453957,-3.362753],[-62.444915,-3.42096],[-62.432541,-3.433238],[-62.404463,-3.440969],[-62.367818,-3.441878],[-62.311184,-3.437785],[-62.299287,-3.452337],[-62.27216,-3.443697],[-62.277871,-3.401861],[-62.270256,-3.375941],[-62.255979,-3.36821],[-62.194587,-3.352749],[-62.151755,-3.323191],[-62.12558,-3.282264],[-62.102736,-3.267713],[-62.087983,-3.278172],[-62.061808,-3.262256],[-62.045151,-3.272715],[-62.040868,-3.29818],[-62.047055,-3.328193],[-62.044199,-3.355477],[-62.021356,-3.369574],[-61.98709,-3.355477],[-61.958536,-3.317279],[-61.936168,-3.295452],[-61.907614,-3.284083],[-61.837655,-3.282264],[-61.792919,-3.310913],[-61.766744,-3.357296],[-61.725816,-3.381852],[-61.682984,-3.418686],[-61.665376,-3.426872],[-61.649195,-3.420505],[-61.638249,-3.39413],[-61.618261,-3.381852],[-61.582568,-3.405499],[-61.564483,-3.400497],[-61.534025,-3.416867],[-61.517844,-3.416867],[-61.495952,-3.442788],[-61.470253,-3.453701],[-61.320342,-3.453701],[-61.314155,-3.443697],[-61.28798,-3.440059],[-61.287028,-3.461887],[-61.306065,-3.471891],[-61.302257,-3.50054]]]},"properties":{"cod_ibge":"130083","name":"Caapiranga","uf":"AM"}},
{"type":"Feature","geometry":{"type":"Polygon","coordinates":[[[-60.725931,-5.113049],[-60.694045,-5.072577],[-60.703088,-5.042109],[-60.287619,-5.042564],[-60.258113,-4.998454],[-60.236697,-4.944795],[-60.220992,-4.916601],[-60.19101,-4.901594],[-60.171973,-4.902049],[-60.118196,-4.923877],[-60.083454,-4.922967],[-60.055376,-4.906596],[-59.975899,-4.874765],[-59.945441,-4.867944],[-59.885,-4.960256],[-59.670841,-5.282212],[-59.696064,-5.319046],[-59.699396,-5.354516],[-59.722715,-5.394533],[-59.72795,-5.448647],[-59.709866,-5.467746],[-59.702251,-5.500033],[-59.680359,-5.503216],[-59.601358,-5.479115],[-59.588509,-5.503216],[-59.57328,-5.500033],[-59.547105,-5.518222],[-59.551864,-5.532774],[-59.544249,-5.555966],[-59.574231,-5.624177],[-59.59184,-5.636455],[-59.599931,-5.668741],[-59.61516,-5.691478],[-59.612304,-5.745592],[-59.598503,-5.753323],[-59.605641,-5.776515],[-59.590412,-5.7847],[-59.566141,-5.815168],[-59.554719,-5.821079],[-59.547581,-5.846999],[-59.523309,-5.892928],[-59.512363,-5.888381],[-59.494279,-5.914756],[-59.499038,-5.927488],[-59.461917,-5.944314],[-59.449543,-5.962503],[-59.452399,-5.994335],[-59.409567,-6.008887],[-59.411947,-6.049359],[-59.39291,-6.062546],[-59.396717,-6.08301],[-59.378157,-6.085738],[-59.367211,-6.10893],[-59.359121,-6.167591],[-59.34056,-6.180324],[-59.33009,-6.203061],[-59.330566,-6.228526],[-59.348175,-6.243988],[-59.348175,-6.260813],[-59.380537,-6.30174],[-59.349602,-6.317656],[-59.355789,-6.341302],[-59.327711,-6.372679],[-59.326759,-6.389505],[-59.309626,-6.444073],[-59.315337,-6.460899],[-59.609925,-6.460444],[-59.631341,-6.476815],[-59.660847,-6.464082],[-59.714625,-6.45817],[-59.734613,-6.445892],[-59.74889,-6.448166],[-59.766975,-6.469994],[-59.796957,-6.45908],[-59.796481,-6.448166],[-59.817421,-6.429976],[-59.845024,-6.478179],[-59.85597,-6.524108],[-59.898326,-6.527746],[-59.904036,-6.541843],[-59.933543,-6.555485],[-59.928784,-6.571401],[-59.956386,-6.621877],[-59.929736,-6.637793],[-59.926404,-6.660984],[-59.943537,-6.680993],[-59.921645,-6.686905],[-59.932591,-6.727377],[-59.90594,-6.74693],[-59.902609,-6.794678],[-59.887856,-6.788766],[-59.872626,-6.811958],[-59.500466,-6.627788],[-59.294397,-6.52047],[-59.079286,-6.38905],[-59.000285,-6.38814],[-58.855133,-6.381319],[-58.868458,-6.352671],[-58.887019,-6.344485],[-58.906531,-6.323112],[-58.919381,-6.28446],[-58.910814,-6.254447],[-58.883212,-6.236712],[-58.874645,-6.222615],[-58.849422,-6.212156],[-58.842759,-6.197149],[-58.830862,-6.132576],[-58.80897,-6.09938],[-58.802307,-6.075279],[-58.811825,-6.035262],[-58.831337,-6.013889],[-58.832765,-5.992516],[-58.824199,-5.947042],[-58.812777,-5.920213],[-58.825627,-5.882469],[-58.823723,-5.852002],[-58.814681,-5.83654],[-58.830386,-5.816532],[-58.814681,-5.791521],[-58.822295,-5.765146],[-58.820392,-5.717398],[-58.834193,-5.708304],[-58.846091,-5.672834],[-58.832765,-5.656463],[-58.824199,-5.585069],[-58.832765,-5.564151],[-58.849898,-5.558239],[-58.855133,-5.5305],[-58.848946,-5.507763],[-58.828006,-5.468655],[-58.837524,-5.451375],[-58.811825,-5.426365],[-58.818488,-5.410449],[-58.810397,-5.383164],[-58.811349,-5.341783],[-58.798976,-5.344966],[-58.776132,-5.32996],[-58.738059,-5.330869],[-58.726637,-5.315863],[-58.737107,-5.292671],[-58.71474,-5.281757],[-58.715692,-5.267206],[-58.686661,-5.231281],[-58.654299,-5.230826],[-58.653347,-5.203542],[-58.633835,-5.182169],[-58.606232,-5.186262],[-58.584817,-5.178531],[-58.581485,-5.160342],[-58.564352,-5.153066],[-58.580057,-5.133512],[-58.54722,-5.126236],[-58.543888,-5.142152],[-58.515334,-5.11896],[-58.476309,-5.107137],[-58.479641,-5.086219],[-58.46346,-5.068029],[-58.444423,-5.073941],[-58.450134,-5.039381],[-58.431574,-5.034833],[-58.408254,-5.01346],[-58.403495,-4.967077],[-58.374465,-4.948887],[-58.384459,-4.932062],[-58.341627,-4.89159],[-58.365423,-4.854756],[-58.325922,-4.83975],[-58.331157,-4.817922],[-58.305934,-4.800642],[-58.296416,-4.766536],[-58.300699,-4.749711],[-58.274048,-4.726519],[-58.265958,-4.673315],[-58.271193,-4.65558],[-58.255012,-4.623293],[-58.255963,-4.596464],[-58.23074,-4.602375],[-58.233596,-4.55099],[-58.202662,-4.548261],[-58.215035,-4.514156],[-58.197427,-4.48869],[-58.174107,-4.484598],[-58.183625,-4.456404],[-58.126992,-4.430938],[-58.132703,-4.41002],[-58.116998,-4.380007],[-58.119378,-4.370912],[-58.16792,-4.360908],[-58.19124,-4.351359],[-58.221222,-4.359089],[-58.225981,-4.380462],[-58.255488,-4.379098],[-58.266433,-4.396378],[-58.282138,-4.396833],[-58.294036,-4.427755],[-58.324494,-4.442307],[-58.33782,-4.440942],[-58.356856,-4.464589],[-58.384459,-4.460951],[-58.395881,-4.503242],[-58.416821,-4.494602],[-58.440616,-4.50688],[-58.475833,-4.489145],[-58.489635,-4.491419],[-58.511527,-4.469136],[-58.557214,-4.492783],[-58.584341,-4.464589],[-58.606232,-4.459587],[-58.623841,-4.470955],[-58.63907,-4.466863],[-58.630504,-4.431393],[-58.652396,-4.390012],[-58.647161,-4.364091],[-58.652396,-4.346811],[-58.615751,-4.289514],[-58.623841,-4.259956],[-58.657155,-4.263594],[-58.661438,-4.237219],[-58.686185,-4.20857],[-58.689041,-4.183559],[-58.679047,-4.157185],[-58.68333,-4.141269],[-58.706173,-4.109437],[-58.740915,-4.0867],[-58.772801,-4.073967],[-58.78803,-4.036224],[-58.813729,-4.015306],[-58.81944,-3.987566],[-58.794217,-3.944366],[-58.786602,-3.918901],[-58.7985,-3.908442],[-58.81706,-3.873881],[-58.839428,-3.877065],[-58.864651,-3.857056],[-58.885115,-3.857511],[-58.907007,-3.902985],[-58.918905,-3.909351],[-58.966972,-3.887524],[-58.992195,-3.892071],[-58.994574,-3.925722],[-59.0079,-3.938],[-59.027888,-3.933452],[-59.055015,-3.96301],[-59.082142,-3.965739],[-59.092612,-3.990295],[-59.113552,-3.968013],[-59.15448,-3.97256],[-59.199691,-3.968013],[-59.201595,-3.95528],[-59.172564,-3.943911],[-59.148293,-3.922084],[-59.208257,-3.920265],[-59.500466,-3.919355],[-59.526165,-3.925722],[-59.528068,-3.955735],[-59.557575,-3.982564],[-59.558526,-4.021672],[-59.581846,-4.057596],[-59.587557,-4.076695],[-59.579942,-4.117167],[-59.586129,-4.140814],[-59.619919,-4.198566],[-59.64419,-4.201749],[-59.6756,-4.188562],[-59.694636,-4.212208],[-59.928784,-4.212663],[-59.947344,-4.225396],[-59.939254,-4.246314],[-59.988748,-4.263594],[-59.969712,-4.310432],[-59.967808,-4.339535],[-59.948772,-4.361818],[-59.954007,-4.388647],[-59.996839,-4.396833],[-60.023014,-4.41093],[-60.050616,-4.414113],[-60.046809,-4.386374],[-60.069653,-4.379098],[-60.08393,-4.405927],[-60.130093,-4.386828],[-60.135328,-4.370003],[-60.121527,-4.354997],[-60.125334,-4.336807],[-60.150081,-4.343628],[-60.170546,-4.332714],[-60.184347,-4.294516],[-60.205287,-4.273598],[-60.229082,-4.275872],[-60.276197,-4.234945],[-60.267155,-4.20948],[-60.287143,-4.16446],[-60.321409,-4.189016],[-60.361861,-4.178557],[-60.388036,-4.178103],[-60.394223,-4.161732],[-60.418494,-4.174919],[-60.472748,-4.144452],[-60.501778,-4.138995],[-60.545086,-4.164915],[-60.591725,-4.17401],[-60.618852,-4.174919],[-60.640268,-4.187652],[-60.639792,-4.201294],[-60.681196,-4.206296],[-60.689762,-4.222667],[-60.72498,-4.199475],[-60.759245,-4.202204],[-60.791607,-4.182195],[-60.807312,-4.18174],[-60.825872,-4.233581],[-60.849192,-4.282238],[-61.009573,-4.423662],[-61.168051,-4.544168],[-61.24848,-4.627841],[-61.271323,-4.662401],[-61.293691,-4.711968],[-61.020043,-5.000273],[-60.91344,-5.113049],[-60.725931,-5.113049]]]},"properties":{"cod_ibge":"130080","name":"Borba","uf":"AM"}},
{"type":"Feature","geometry":{"type":"Polygon","coordinates":[[[-57.40599,-2.380514],[-57.425026,-2.341407],[-57.477376,-2.331857],[-57.507834,-2.348228],[-57.527347,-2.320034],[-57.55257,-2.317305],[-57.549239,-2.30048],[-57.56066,-2.287293],[-57.586835,-2.282745],[-57.613962,-2.26592],[-57.62348,-2.276379],[-57.651559,-2.277288],[-57.658222,-2.246366],[-57.706288,-2.228176],[-57.73056,-2.205439],[-57.752928,-2.209987],[-57.771488,-2.194525],[-57.805753,-2.154054],[-57.822886,-2.12495],[-57.820507,-2.101304],[-57.830977,-2.086297],[-57.857152,-2.083114],[-57.874284,-2.049463],[-57.908074,-2.058558],[-57.923303,-2.035821],[-57.940436,-2.035821],[-57.961376,-2.000806],[-57.950906,-1.98489],[-57.950906,-1.962153],[-57.959948,-1.9235],[-57.978984,-1.912132],[-57.987075,-1.895306],[-57.975653,-1.836645],[-57.995165,-1.829824],[-57.995165,-1.796173],[-58.006111,-1.78344],[-58.007539,-1.747516],[-58.019913,-1.693402],[-58.05275,-1.675667],[-58.052274,-1.654749],[-58.088919,-1.64429],[-58.107004,-1.61746],[-58.140318,-1.618824],[-58.15983,-1.590176],[-58.195047,-1.555615],[-58.226933,-1.55698],[-58.270241,-1.496954],[-58.274524,-1.47831],[-58.265482,-1.457846],[-58.291181,-1.437838],[-58.295464,-1.413736],[-58.277379,-1.379176],[-58.283566,-1.364624],[-58.321639,-1.349163],[-58.334013,-1.319605],[-58.351621,-1.304599],[-58.375893,-1.270039],[-58.364947,-1.227748],[-58.368754,-1.192733],[-58.39826,-1.169086],[-58.434905,-1.185457],[-58.453942,-1.174543],[-58.502484,-1.166812],[-58.506292,-1.140892],[-58.522473,-1.112698],[-58.51581,-1.106332],[-58.524852,-1.07541],[-58.518665,-1.04858],[-58.534846,-1.008563],[-58.550551,-0.992192],[-58.575774,-1.006744],[-58.608136,-0.997649],[-58.612419,-0.981278],[-58.600522,-0.939442],[-58.623365,-0.928983],[-58.636215,-0.905792],[-58.667149,-0.904427],[-58.679047,-0.873505],[-58.695703,-0.861227],[-58.733776,-0.813479],[-58.74377,-0.792106],[-58.739011,-0.772098],[-58.760903,-0.704796],[-58.752812,-0.664324],[-58.784698,-0.631583],[-58.818012,-0.585654],[-58.821343,-0.563372],[-58.835145,-0.547911],[-58.847994,-0.481974],[-58.881308,-0.457418],[-58.907007,-0.455599],[-58.933658,-0.431952],[-58.946032,-0.389207],[-58.958405,-0.378748],[-58.9427,-0.355101],[-58.91129,-0.326452],[-58.916049,-0.318722],[-58.895585,-0.294166],[-58.94508,-0.264608],[-58.932706,-0.220498],[-58.927947,-0.155925],[-58.897489,-0.170477],[-58.888922,-0.160927],[-58.886067,-0.093171],[-58.912718,-0.055882],[-58.898917,-0.037692],[-58.901296,-0.00677],[-58.912718,0.000506],[-58.954122,0.005053],[-58.971731,0.015967],[-58.994574,0.017331],[-59.001237,0.042797],[-59.038834,0.047799],[-59.046448,0.08145],[-59.048828,0.126924],[-59.092136,0.126469],[-59.126877,0.192861],[-59.134492,0.222874],[-59.180179,0.225602],[-59.189697,0.232423],[-59.192077,0.263346],[-59.433362,0.263346],[-59.856446,0.263346],[-60.037767,0.263346],[-60.046809,0.231969],[-60.059183,0.162848],[-60.114864,0.121921],[-60.133425,0.103277],[-60.121527,0.087816],[-60.140087,0.045525],[-60.140087,0.026881],[-60.15722,0.015512],[-60.204335,-0.029962],[-60.210522,-0.063158],[-60.224323,-0.079528],[-60.236697,-0.109087],[-60.227655,-0.121819],[-60.180064,-0.08544],[-60.153413,-0.089533],[-60.122479,-0.079528],[-60.082502,-0.048151],[-60.063466,-0.05088],[-60.02349,-0.043149],[-59.976375,-0.062703],[-59.935922,-0.039057],[-59.930687,-0.014955],[-59.942585,0.015967],[-59.916886,0.033702],[-59.903085,0.022333],[-59.893566,-0.005406],[-59.880717,-0.01541],[-59.864536,-0.046787],[-59.86406,-0.070888],[-59.880241,-0.096354],[-59.919266,-0.125912],[-59.913555,-0.150013],[-59.873102,-0.163201],[-59.847403,-0.181845],[-59.810282,-0.230047],[-59.807903,-0.248692],[-59.838837,-0.267791],[-59.853114,-0.391935],[-59.837409,-0.389207],[-59.831222,-0.411489],[-59.847879,-0.442411],[-59.870247,-0.469241],[-59.893091,-0.455599],[-59.925928,-0.484702],[-59.92926,-0.497435],[-59.954007,-0.515624],[-59.9502,-0.530631],[-59.967808,-0.568829],[-60.001122,-0.569738],[-60.038243,-0.596568],[-60.022538,-0.617031],[-60.045381,-0.651137],[-60.054424,-0.676148],[-60.030152,-0.728443],[-60.034911,-0.74254],[-60.013496,-0.790288],[-60.004929,-0.791652],[-59.976375,-0.833033],[-59.948296,-0.853496],[-59.930687,-0.851677],[-59.911651,-0.868503],[-59.894042,-0.895787],[-59.856446,-0.911703],[-59.839313,-0.949901],[-59.842644,-0.968091],[-59.818373,-0.998104],[-59.80124,-1.029936],[-59.786487,-1.045397],[-59.71748,-1.079957],[-59.720336,-1.097237],[-59.701299,-1.104968],[-59.678931,-1.089052],[-59.669413,-1.066315],[-59.630865,-1.080867],[-59.621822,-1.104968],[-59.605641,-1.109515],[-59.380537,-1.106787],[-59.379585,-1.147713],[-59.362928,-1.15408],[-59.346747,-1.139528],[-59.305343,-1.156353],[-59.277264,-1.158627],[-59.275837,-1.175453],[-59.252041,-1.189095],[-59.237764,-1.213651],[-59.202071,-1.237752],[-59.202547,-1.251849],[-59.178275,-1.254577],[-59.159239,-1.277314],[-59.121642,-1.279133],[-59.094515,-1.307782],[-59.058822,-1.318696],[-59.052159,-1.333702],[-59.017894,-1.315513],[-58.970303,-1.383269],[-58.950315,-1.381905],[-58.946032,-1.403277],[-58.924616,-1.44193],[-58.898917,-1.45148],[-58.864175,-1.454208],[-58.857512,-1.483312],[-58.833241,-1.498773],[-58.739963,-1.497863],[-58.735204,-1.515598],[-58.716167,-1.5206],[-58.690944,-1.576079],[-58.663342,-1.57335],[-58.653347,-1.555161],[-58.625745,-1.587902],[-58.596714,-1.613822],[-58.596714,-1.632467],[-58.568636,-1.689309],[-58.578154,-1.712501],[-58.559118,-1.727962],[-58.587196,-1.755246],[-58.535322,-1.793445],[-58.489635,-1.798901],[-58.460128,-1.807996],[-58.455845,-1.824822],[-58.434905,-1.844375],[-58.424911,-1.870296],[-58.413013,-1.87166],[-58.397308,-1.903946],[-58.375417,-1.920772],[-58.344958,-1.922136],[-58.322591,-1.913951],[-58.28547,-1.94078],[-58.264054,-1.929867],[-58.250728,-1.943509],[-58.251204,-1.969884],[-58.237879,-1.98489],[-58.18886,-2.008537],[-58.174583,-2.070836],[-58.156498,-2.081295],[-58.180294,-2.097666],[-58.187908,-2.112672],[-58.160782,-2.131771],[-58.135083,-2.136773],[-58.139366,-2.165877],[-58.117474,-2.198618],[-58.113667,-2.219991],[-58.035142,-2.224993],[-57.995641,-2.269558],[-57.977081,-2.30912],[-57.97946,-2.355958],[-57.985647,-2.368691],[-57.981364,-2.40598],[-57.892369,-2.40598],[-57.870953,-2.436447],[-57.859055,-2.468734],[-57.842874,-2.478738],[-57.834308,-2.511934],[-57.810988,-2.530579],[-57.768157,-2.539673],[-57.789573,-2.555589],[-57.80385,-2.578326],[-57.826693,-2.596061],[-57.879519,-2.611068],[-57.889038,-2.608794],[-57.935677,-2.617889],[-57.963755,-2.672458],[-57.93996,-2.661544],[-57.925207,-2.695195],[-57.942339,-2.703835],[-57.932821,-2.730664],[-57.957093,-2.745216],[-57.938532,-2.762496],[-57.917116,-2.757949],[-57.876664,-2.751128],[-57.837163,-2.757494],[-57.790048,-2.734302],[-57.752452,-2.697013],[-57.719138,-2.672458],[-57.62348,-2.533307],[-57.612059,-2.496018],[-57.59207,-2.457365],[-57.50022,-2.45782],[-57.352212,-2.456001],[-57.316995,-2.508751],[-57.289392,-2.489197],[-57.33032,-2.45782],[-57.333652,-2.440995],[-57.353164,-2.416439],[-57.40599,-2.380514]]]},"properties":{"cod_ibge":"130430","name":"Urucará","uf":"AM"}},
{"type":"Feature","geometry":{"type":"Polygon","coordinates":[[[-59.500466,-2.971677],[-59.532351,-2.951213],[-59.579466,-2.960763],[-59.637051,-2.961672],[-59.662751,-2.944392],[-59.706058,-2.93939],[-59.728426,-2.898918],[-59.715576,-2.881183],[-59.73842,-2.857992],[-59.759836,-2.822067],[-59.78268,-2.830707],[-59.819325,-2.803423],[-59.815517,-2.787962],[-59.832174,-2.770681],[-59.833602,-2.735666],[-59.875958,-2.715658],[-59.873578,-2.683826],[-59.904512,-2.657906],[-59.914506,-2.616979],[-59.942585,-2.622436],[-59.9502,-2.606975],[-59.941157,-2.578326],[-59.999694,-2.549223],[-60.033484,-2.549223],[-60.035863,-2.500566],[-60.024441,-2.448271],[-60.040622,-2.373238],[-60.046333,-2.328219],[-60.039671,-2.264555],[-60.027773,-2.242273],[-59.999218,-2.14314],[-60.000646,-2.120403],[-60.014923,-2.101758],[-60.041098,-2.098121],[-60.083454,-2.076293],[-60.091069,-2.059922],[-60.148654,-2.042187],[-60.204811,-2.003989],[-60.23289,-2.00308],[-60.267155,-1.986709],[-60.297613,-1.957606],[-60.280956,-1.92441],[-60.339969,-1.952604],[-60.357578,-1.954423],[-60.412783,-1.988528],[-60.416591,-1.996713],[-60.479886,-2.016267],[-60.503682,-2.017632],[-60.542706,-2.002625],[-60.598864,-1.998987],[-60.622183,-2.04628],[-60.653117,-2.074019],[-60.668346,-2.074474],[-60.682148,-2.108125],[-60.664063,-2.130862],[-60.700232,-2.173153],[-60.738781,-2.189523],[-60.716413,-2.2209],[-60.700708,-2.2209],[-60.692142,-2.242728],[-60.704515,-2.283655],[-60.69928,-2.307756],[-60.711178,-2.320034],[-60.695473,-2.345954],[-60.733546,-2.368236],[-60.735925,-2.385062],[-60.768763,-2.399613],[-60.744016,-2.430536],[-60.749251,-2.447816],[-60.773522,-2.453727],[-60.791607,-2.48465],[-60.802553,-2.539219],[-60.75639,-2.821612],[-60.705467,-2.862084],[-60.70166,-2.879364],[-60.664539,-2.914379],[-60.652641,-2.935752],[-60.634081,-2.945302],[-60.599815,-2.98259],[-60.587442,-3.017151],[-60.568405,-3.033067],[-60.54461,-3.034886],[-60.517483,-3.051256],[-60.50035,-3.073538],[-60.50511,-3.092183],[-60.469416,-3.090364],[-60.454187,-3.078086],[-60.430868,-3.095366],[-60.382801,-3.098094],[-60.36662,-3.093092],[-60.329023,-3.100823],[-60.312366,-3.079905],[-60.293806,-3.083997],[-60.289999,-3.098549],[-60.262396,-3.082633],[-60.23051,-3.082633],[-60.201956,-3.095366],[-60.168642,-3.127653],[-60.144371,-3.130836],[-60.112485,-3.15039],[-60.078695,-3.134928],[-60.074412,-3.15903],[-60.053948,-3.168124],[-60.040622,-3.15903],[-59.986845,-3.217236],[-59.953531,-3.202685],[-59.944013,-3.174946],[-59.906892,-3.137657],[-59.859777,-3.098094],[-59.819801,-3.078086],[-59.76983,-3.064444],[-59.700347,-3.060806],[-59.600406,-3.09673],[-59.545677,-3.121286],[-59.479526,-3.128562],[-59.391007,-3.163122],[-59.358645,-3.153118],[-59.351982,-3.145387],[-59.278216,-3.154027],[-59.242047,-3.162213],[-59.20683,-3.179948],[-59.168281,-3.179038],[-59.159715,-3.168579],[-59.195408,-3.156756],[-59.262035,-3.129017],[-59.304391,-3.131745],[-59.341512,-3.106734],[-59.373874,-3.071719],[-59.405284,-3.054439],[-59.431459,-3.048528],[-59.455254,-3.029883],[-59.500466,-2.971677]]]},"properties":{"cod_ibge":"130260","name":"Manaus","uf":"AM"}},
{"type":"Feature","geometry":{"type":"Polygon","coordinates":[[[-62.361631,-4.090338],[-62.302618,-4.084426],[-62.269304,-4.061689],[-62.226949,-4.097614],[-62.184117,-4.116713],[-62.158894,-4.093976],[-62.141285,-4.086245],[-62.120345,-4.093066],[-62.077513,-4.081698],[-62.034681,-4.079879],[-61.980904,-4.091702],[-61.946638,-4.121715],[-61.890481,-4.13081],[-61.85098,-4.11171],[-61.858119,-4.153092],[-61.838607,-4.143088],[-61.814811,-4.11262],[-61.812908,-4.091247],[-61.865734,-4.086245],[-61.876679,-4.101706],[-61.914276,-4.092611],[-61.936644,-4.063053],[-61.924746,-4.02531],[-61.892384,-4.046228],[-61.87192,-4.028038],[-61.85336,-4.04259],[-61.835751,-4.038043],[-61.847649,-3.992569],[-61.864306,-3.974379],[-61.889053,-3.962556],[-61.898095,-3.944366],[-61.861926,-3.933452],[-61.844794,-3.918446],[-61.823378,-3.888433],[-61.823378,-3.661972],[-61.871444,-3.667429],[-61.896668,-3.660153],[-61.929029,-3.628322],[-61.961391,-3.610132],[-62.012314,-3.594216],[-62.033254,-3.571934],[-62.033729,-3.536919],[-62.026591,-3.504632],[-62.03944,-3.470527],[-62.038013,-3.451882],[-62.069899,-3.432783],[-62.087507,-3.390947],[-62.076561,-3.320462],[-62.078941,-3.291814],[-62.087983,-3.278172],[-62.102736,-3.267713],[-62.12558,-3.282264],[-62.151755,-3.323191],[-62.194587,-3.352749],[-62.255979,-3.36821],[-62.270256,-3.375941],[-62.277871,-3.401861],[-62.27216,-3.443697],[-62.299287,-3.452337],[-62.311184,-3.437785],[-62.367818,-3.441878],[-62.404463,-3.440969],[-62.432541,-3.433238],[-62.444915,-3.42096],[-62.453957,-3.362753],[-62.457288,-3.293633],[-62.477277,-3.237245],[-62.497741,-3.199501],[-62.528675,-3.156756],[-62.560561,-3.133564],[-62.582928,-3.106734],[-62.626712,-3.093092],[-62.701906,-3.091273],[-62.720942,-3.083543],[-62.746641,-3.060806],[-62.779955,-3.020334],[-62.796136,-3.01897],[-62.828022,-3.003054],[-62.893697,-3.003508],[-62.920824,-3.00942],[-62.933673,-3.00078],[-62.910354,-2.925293],[-62.915113,-2.881183],[-62.928914,-2.853444],[-62.959373,-2.844804],[-63.009819,-2.840711],[-63.049795,-2.814791],[-63.095483,-2.831617],[-63.145453,-2.832526],[-63.169724,-2.840257],[-63.189237,-2.837073],[-63.218743,-2.819793],[-63.240635,-2.796147],[-63.259195,-2.751582],[-63.283467,-2.710656],[-63.304882,-2.700197],[-63.346287,-2.704289],[-63.374365,-2.702016],[-63.401016,-2.707018],[-63.462884,-2.70338],[-63.481445,-2.713384],[-63.504288,-2.739304],[-63.525228,-2.753856],[-63.563777,-2.762951],[-63.584241,-2.780231],[-63.608988,-2.786597],[-63.629452,-2.806606],[-63.66229,-2.817974],[-63.691321,-2.8348],[-63.711785,-2.835255],[-63.724634,-2.824341],[-63.728917,-2.802968],[-63.71464,-2.762496],[-63.729393,-2.693376],[-63.750333,-2.649721],[-63.767466,-2.593333],[-63.788406,-2.557408],[-63.818388,-2.547859],[-63.836473,-2.561046],[-63.875497,-2.565594],[-63.919757,-2.564229],[-63.964492,-2.575598],[-63.984481,-2.565594],[-63.988288,-2.52785],[-63.981149,-2.505568],[-63.956878,-2.46646],[-63.957354,-2.444633],[-63.974487,-2.422805],[-63.977342,-2.373693],[-64.006848,-2.328674],[-63.99971,-2.272286],[-64.002565,-2.242273],[-63.993047,-2.215898],[-64.012559,-2.187704],[-64.011132,-2.161784],[-64.02874,-2.160875],[-64.074903,-2.190888],[-64.085849,-2.191797],[-64.155808,-2.171788],[-64.169133,-2.131317],[-64.201495,-2.103577],[-64.233381,-2.106761],[-64.253845,-2.124041],[-64.258128,-2.146778],[-64.260032,-2.204985],[-64.286207,-2.216808],[-64.31381,-2.267284],[-64.337605,-2.277743],[-64.367111,-2.26501],[-64.386624,-2.343226],[-64.370919,-2.360506],[-64.332846,-2.375512],[-64.302388,-2.380969],[-64.263363,-2.41371],[-64.230526,-2.429626],[-64.19626,-2.426898],[-64.168657,-2.430536],[-64.142958,-2.446452],[-64.128681,-2.445542],[-64.102982,-2.461913],[-64.096795,-2.499201],[-64.085373,-2.506477],[-64.082994,-2.55468],[-64.065861,-2.577872],[-64.066337,-2.59788],[-64.045873,-2.608339],[-64.028264,-2.653358],[-64.006848,-2.664272],[-63.975438,-2.656542],[-63.954022,-2.697013],[-63.966872,-2.760677],[-63.958306,-2.792964],[-63.968776,-2.809789],[-63.936414,-2.852989],[-63.94736,-2.879364],[-63.905004,-2.90483],[-63.909287,-2.933478],[-63.899769,-2.955306],[-63.876449,-2.973496],[-63.8636,-3.019424],[-63.871214,-3.045345],[-63.856937,-3.088545],[-63.84266,-3.11492],[-63.823147,-3.134019],[-63.811726,-3.165851],[-63.795069,-3.18404],[-63.774605,-3.185859],[-63.781743,-3.209051],[-63.771749,-3.224967],[-63.751285,-3.224967],[-63.738912,-3.242247],[-63.718447,-3.243157],[-63.723207,-3.267713],[-63.674664,-3.294997],[-63.674664,-3.31546],[-63.652296,-3.338197],[-63.638019,-3.337288],[-63.623266,-3.354113],[-63.597567,-3.35957],[-63.589476,-3.343654],[-63.562349,-3.366391],[-63.477162,-3.39413],[-63.454318,-3.424598],[-63.374365,-3.488716],[-63.344383,-3.503723],[-63.276804,-3.517365],[-63.241587,-3.54283],[-63.198755,-3.599218],[-63.183526,-3.611041],[-63.150688,-3.618317],[-63.106904,-3.609222],[-63.04694,-3.568751],[-63.014578,-3.566932],[-63.003156,-3.576026],[-62.780431,-3.724727],[-62.580549,-3.857965],[-62.577693,-3.925267],[-62.561513,-3.948004],[-62.570555,-4.002118],[-62.527723,-4.033495],[-62.494409,-4.038043],[-62.477753,-4.058051],[-62.447294,-4.066691],[-62.442059,-4.080788],[-62.392089,-4.076695],[-62.361631,-4.090338]]]},"properties":{"cod_ibge":"130130","name":"Codajás","uf":"AM"}},
{"type":"Feature","geometry":{"type":"Polygon","coordinates":[[[-68.624594,-3.691985],[-68.628401,-3.480531],[-68.632684,-3.229969],[-68.704547,-3.231788],[-68.705022,-3.203139],[-68.726438,-3.173127],[-68.740716,-3.167215],[-68.781644,-3.19359],[-68.798777,-3.173127],[-68.828283,-3.188588],[-68.853982,-3.187678],[-68.872067,-3.203139],[-68.872542,-3.217236],[-68.910139,-3.207232],[-68.934887,-3.223603],[-68.980574,-3.234062],[-68.999134,-3.22906],[-69.022454,-3.255889],[-69.030544,-3.274534],[-69.065286,-3.305001],[-69.087177,-3.309094],[-69.102882,-3.293633],[-69.140003,-3.287266],[-69.169986,-3.288176],[-69.182835,-3.29818],[-69.187594,-3.335924],[-69.206155,-3.357296],[-69.231854,-3.366391],[-69.246131,-3.40368],[-69.311331,-3.410956],[-69.330843,-3.396404],[-69.3475,-3.420051],[-69.362253,-3.454156],[-69.401277,-3.468253],[-69.411747,-3.485078],[-69.457911,-3.500085],[-69.472188,-3.513727],[-69.491224,-3.504632],[-69.506929,-3.553744],[-69.496935,-3.583302],[-69.522634,-3.599218],[-69.555472,-3.586031],[-69.5964,-3.600128],[-69.605442,-3.632869],[-69.626382,-3.65788],[-69.627334,-3.684709],[-69.63828,-3.689257],[-69.649702,-3.715632],[-69.653033,-3.743826],[-69.665883,-3.754739],[-69.680636,-3.783843],[-69.675877,-3.799304],[-69.644943,-3.791573],[-69.618292,-3.769746],[-69.592117,-3.769291],[-69.559755,-3.759742],[-69.531201,-3.732002],[-69.495507,-3.740188],[-69.466001,-3.732912],[-69.464097,-3.718815],[-69.439826,-3.716996],[-69.414127,-3.762015],[-69.424121,-3.786116],[-69.418886,-3.804306],[-69.395566,-3.82295],[-69.392711,-3.835683],[-69.394139,-3.903894],[-69.412223,-3.975288],[-69.423169,-3.996661],[-69.448392,-4.011668],[-69.520731,-4.046683],[-69.535484,-4.076241],[-69.529773,-4.118532],[-69.516923,-4.1299],[-69.488845,-4.13081],[-69.458386,-4.12126],[-69.426025,-4.131719],[-69.39985,-4.158549],[-69.406512,-4.169463],[-69.457911,-4.189926],[-69.472188,-4.201294],[-69.497887,-4.249042],[-69.533104,-4.279055],[-69.515971,-4.319527],[-69.490272,-4.3409],[-69.448868,-4.356361],[-69.436971,-4.384555],[-69.447916,-4.423662],[-69.470284,-4.418205],[-69.503598,-4.429574],[-69.531201,-4.455949],[-69.548333,-4.502787],[-69.579743,-4.504606],[-69.610201,-4.51461],[-69.61972,-4.533709],[-69.614485,-4.574181],[-69.623051,-4.581002],[-69.653509,-4.577365],[-69.694913,-4.580093],[-69.717281,-4.593735],[-69.76392,-4.653761],[-69.794854,-4.673769],[-69.831975,-4.707875],[-69.862433,-4.717879],[-69.885277,-4.733795],[-69.894795,-4.783362],[-69.93382,-4.85612],[-69.968561,-4.895683],[-69.974748,-4.91842],[-69.950476,-4.971624],[-69.948573,-5.000728],[-69.973796,-5.003911],[-69.999019,-5.016644],[-70.021387,-5.060299],[-70.043755,-5.09304],[-70.092297,-5.133512],[-70.11181,-5.184898],[-70.144171,-5.212182],[-70.156069,-5.245833],[-70.150358,-5.290397],[-70.176533,-5.32996],[-70.188907,-5.365884],[-70.181292,-5.398625],[-70.182244,-5.424546],[-70.194618,-5.469565],[-70.197949,-5.509582],[-70.210799,-5.542323],[-70.236974,-5.563241],[-70.235546,-5.580067],[-70.25363,-5.61872],[-70.273143,-5.616446],[-70.286468,-5.628269],[-70.281233,-5.666467],[-70.257914,-5.68011],[-70.264576,-5.711487],[-70.258865,-5.751959],[-70.274095,-5.795614],[-70.269335,-5.829719],[-70.298366,-5.855639],[-70.306932,-5.914756],[-70.323589,-5.93431],[-70.310264,-5.960684],[-70.307884,-6.011615],[-70.341198,-6.02162],[-70.364517,-6.039809],[-70.3945,-6.088012],[-70.425434,-6.120753],[-70.430193,-6.148037],[-70.445422,-6.177596],[-70.435904,-6.193966],[-70.398783,-6.18669],[-70.366897,-6.229891],[-70.372132,-6.247626],[-70.353095,-6.263541],[-70.348812,-6.290371],[-70.337866,-6.306742],[-70.30598,-6.294009],[-70.287896,-6.27491],[-70.261721,-6.267179],[-70.229359,-6.243988],[-70.213654,-6.244897],[-70.187479,-6.221705],[-70.167015,-6.215339],[-70.134177,-6.156678],[-70.123707,-6.150766],[-70.116569,-6.124846],[-70.127039,-6.101654],[-70.113713,-6.080736],[-70.112761,-6.061637],[-70.09658,-6.039809],[-70.079448,-6.034352],[-70.026622,-5.989788],[-69.999019,-5.941585],[-70.013772,-5.917939],[-70.014248,-5.883833],[-70.000923,-5.866098],[-69.98141,-5.788793],[-69.957139,-5.763782],[-69.922398,-5.756961],[-69.904313,-5.706485],[-69.904789,-5.666467],[-69.920018,-5.643276],[-69.916687,-5.624631],[-69.882897,-5.616901],[-69.880042,-5.603713],[-69.893843,-5.557785],[-69.894319,-5.541414],[-69.871476,-5.511401],[-69.85006,-5.493666],[-69.883849,-5.440007],[-69.901458,-5.403173],[-69.925729,-5.394988],[-69.930012,-5.369522],[-69.906693,-5.35588],[-69.88147,-5.354516],[-69.851011,-5.342238],[-69.793902,-5.349968],[-69.784384,-5.34633],[-69.788667,-5.311315],[-69.782956,-5.287214],[-69.75583,-5.278574],[-69.742504,-5.265387],[-69.700624,-5.258111],[-69.691106,-5.240831],[-69.646846,-5.237193],[-69.594021,-5.206725],[-69.566894,-5.218548],[-69.575936,-5.238557],[-69.547857,-5.244469],[-69.53358,-5.219003],[-69.531201,-5.177622],[-69.520255,-5.149883],[-69.478851,-5.129419],[-69.466953,-5.115777],[-69.457911,-5.083945],[-69.426976,-5.038926],[-69.423169,-5.000728],[-69.434115,-4.979355],[-69.416982,-4.963439],[-69.387476,-4.989359],[-69.359873,-4.981629],[-69.344168,-4.964803],[-69.31609,-4.906142],[-69.290391,-4.880222],[-69.282776,-4.852028],[-69.267071,-4.835657],[-69.222336,-4.80428],[-69.181407,-4.79473],[-69.165702,-4.771993],[-69.162371,-4.736524],[-69.149046,-4.719244],[-69.121919,-4.723336],[-69.091461,-4.666039],[-69.083846,-4.620565],[-69.065761,-4.596918],[-69.040062,-4.578274],[-69.027689,-4.524615],[-69.028641,-4.411839],[-69.023406,-4.367275],[-69.011984,-4.344538],[-68.942501,-4.326348],[-68.936314,-4.274508],[-68.951067,-4.233126],[-68.950592,-4.20857],[-68.935838,-4.169008],[-68.920609,-4.14718],[-68.910615,-4.106254],[-68.889675,-4.093521],[-68.880157,-4.070329],[-68.857789,-4.06078],[-68.837801,-4.02531],[-68.828283,-3.984383],[-68.815433,-3.95437],[-68.814957,-3.927995],[-68.835422,-3.91208],[-68.839229,-3.887524],[-68.820668,-3.85933],[-68.832566,-3.837047],[-68.819717,-3.786571],[-68.824952,-3.743826],[-68.808771,-3.73564],[-68.797349,-3.750192],[-68.771174,-3.747009],[-68.760228,-3.705627],[-68.744999,-3.699716],[-68.694552,-3.701535],[-68.667426,-3.707901],[-68.624594,-3.691985]]]},"properties":{"cod_ibge":"130390","name":"São Paulo de Olivença","uf":"AM"}},
{"type":"Feature","geometry":{"type":"Polygon","coordinates":[[[-64.78496,-3.158575],[-64.80352,-3.14948],[-64.825888,-3.112191],[-64.86634,-3.09673],[-64.896798,-3.09764],[-64.914883,-3.077176],[-64.945341,-3.060351],[-64.974371,-3.057623],[-64.974847,-3.093547],[-65.007209,-3.139021],[-65.035764,-3.171308],[-65.047661,-3.194045],[-65.052421,-3.247704],[-65.06765,-3.302273],[-65.108102,-3.36048],[-65.131897,-3.387309],[-65.157596,-3.389583],[-65.166639,-3.426872],[-65.207567,-3.460977],[-65.249923,-3.465525],[-65.295134,-3.484624],[-65.332255,-3.489171],[-65.375563,-3.506906],[-65.404593,-3.537374],[-65.426009,-3.575572],[-65.474552,-3.600582],[-65.50263,-3.581029],[-65.534516,-3.619227],[-65.551173,-3.627412],[-65.604951,-3.625593],[-65.629698,-3.620136],[-65.655873,-3.638326],[-65.658729,-3.69244],[-65.683,-3.711084],[-65.707271,-3.737914],[-65.71679,-3.76247],[-65.723928,-3.807489],[-65.783893,-3.837957],[-65.797218,-3.860694],[-65.797218,-3.881612],[-65.834339,-3.922993],[-65.855279,-3.958008],[-65.86337,-3.997571],[-65.855755,-4.030767],[-65.84243,-4.053049],[-65.84243,-4.078514],[-65.85861,-4.098523],[-65.870032,-4.133083],[-65.862894,-4.146271],[-65.865749,-4.169917],[-65.90287,-4.195837],[-65.916195,-4.21721],[-65.925238,-4.260865],[-65.909057,-4.292697],[-65.872888,-4.25268],[-65.845761,-4.249042],[-65.808164,-4.217665],[-65.767712,-4.215391],[-65.709651,-4.175829],[-65.667295,-4.152637],[-65.666343,-4.138995],[-65.595909,-4.110346],[-65.583535,-4.114439],[-65.547842,-4.093066],[-65.516908,-4.088064],[-65.481215,-4.052594],[-65.423154,-4.026674],[-65.40269,-4.023036],[-65.351767,-3.986202],[-65.312743,-3.973015],[-65.278001,-3.950278],[-65.249923,-3.94573],[-65.202332,-3.927086],[-65.196145,-3.913444],[-65.169494,-3.908442],[-65.128566,-3.856146],[-65.102867,-3.812491],[-65.072885,-3.787481],[-65.057656,-3.794302],[-65.020059,-3.785207],[-65.030053,-3.727455],[-65.027197,-3.681071],[-65.037667,-3.664246],[-65.014348,-3.656061],[-64.997691,-3.637871],[-64.971992,-3.622865],[-64.991028,-3.587395],[-64.982462,-3.556473],[-64.962474,-3.536919],[-64.981034,-3.506451],[-64.971516,-3.489171],[-64.949148,-3.490535],[-64.922497,-3.452792],[-64.892991,-3.424598],[-64.885852,-3.392766],[-64.8454,-3.378214],[-64.812562,-3.34138],[-64.798761,-3.337743],[-64.778297,-3.310003],[-64.72214,-3.293178],[-64.704055,-3.273169],[-64.679308,-3.279991],[-64.674549,-3.26362],[-64.703103,-3.221784],[-64.728326,-3.207687],[-64.78496,-3.158575]]]},"properties":{"cod_ibge":"130002","name":"Alvarães","uf":"AM"}},
{"type":"Feature","geometry":{"type":"Polygon","coordinates":[[[-64.578891,-8.988345],[-64.550336,-8.978341],[-64.496559,-8.97925],[-64.471336,-8.973794],[-64.446588,-8.976977],[-64.379961,-8.946509],[-64.323328,-8.928774],[-64.309526,-8.934686],[-64.326183,-8.979705],[-64.31143,-8.996531],[-64.256701,-8.988345],[-64.233381,-8.992438],[-64.174844,-8.960606],[-64.149621,-8.958787],[-64.141531,-8.945145],[-64.151049,-8.905128],[-64.148669,-8.873296],[-64.158187,-8.843283],[-64.129633,-8.805085],[-64.144862,-8.776436],[-64.142958,-8.74324],[-64.124398,-8.716865],[-64.094892,-8.728234],[-64.058722,-8.710044],[-64.027788,-8.715501],[-64.035403,-8.693674],[-64.016367,-8.667753],[-64.004945,-8.625917],[-63.991143,-8.617277],[-63.986384,-8.585445],[-63.945932,-8.609547],[-63.924516,-8.575441],[-63.923088,-8.55907],[-63.945456,-8.55043],[-63.943552,-8.526784],[-63.970679,-8.499499],[-63.973059,-8.478581],[-63.940697,-8.452206],[-63.953547,-8.428105],[-63.976866,-8.409916],[-63.945456,-8.387633],[-63.944028,-8.331246],[-63.910715,-8.328517],[-63.89501,-8.302142],[-63.870738,-8.288955],[-63.825527,-8.306235],[-63.791262,-8.333064],[-63.773653,-8.320786],[-63.746526,-8.27031],[-63.722731,-8.249392],[-63.74843,-8.208011],[-63.741767,-8.190276],[-63.693224,-8.158444],[-63.669905,-8.12161],[-63.66229,-8.101147],[-63.667049,-8.081593],[-63.621838,-8.029753],[-63.626597,-8.016111],[-63.621362,-7.976548],[-63.624217,-7.943807],[-63.62041,-7.89424],[-63.634687,-7.873777],[-63.604229,-7.848766],[-63.55759,-7.840126],[-63.532367,-7.810113],[-63.526656,-7.794197],[-63.470023,-7.748268],[-63.443372,-7.747814],[-63.410058,-7.738264],[-63.396733,-7.720984],[-63.397685,-7.701885],[-63.3796,-7.662323],[-63.394829,-7.656866],[-63.395781,-7.635948],[-63.419101,-7.629581],[-63.422432,-7.59684],[-63.40292,-7.588655],[-63.395305,-7.558187],[-63.378172,-7.55273],[-63.374365,-7.528629],[-63.344859,-7.520444],[-63.317732,-7.476334],[-63.308214,-7.441319],[-63.329154,-7.435407],[-63.336292,-7.403121],[-63.288226,-7.401302],[-63.265858,-7.406759],[-63.247773,-7.392662],[-63.251581,-7.359011],[-63.301551,-7.344914],[-63.288702,-7.331272],[-63.302979,-7.28216],[-63.280611,-7.247145],[-63.301551,-7.2285],[-63.300123,-7.206673],[-63.320587,-7.205309],[-63.312973,-7.163472],[-63.314401,-7.140281],[-63.303931,-7.126184],[-63.307738,-7.103902],[-63.297268,-7.095716],[-63.262527,-7.090259],[-63.261099,-7.081619],[-63.218743,-7.067068],[-63.207797,-7.054335],[-63.214936,-7.02705],[-63.187809,-7.011134],[-63.168297,-7.012044],[-63.131176,-6.961113],[-63.154495,-6.938376],[-63.147833,-6.918822],[-63.153543,-6.86971],[-63.164965,-6.846064],[-63.178767,-6.842426],[-63.594235,-6.499097],[-63.959733,-6.198059],[-64.273357,-5.938857],[-64.362828,-5.91521],[-64.388527,-5.926579],[-64.387576,-6.096652],[-64.430407,-6.10029],[-64.452299,-6.130757],[-64.456582,-6.159861],[-64.477998,-6.185781],[-64.515119,-6.207608],[-64.527017,-6.268998],[-64.539866,-6.304468],[-64.564138,-6.33539],[-64.624578,-6.378591],[-64.632669,-6.393142],[-64.637428,-6.461808],[-64.664555,-6.488638],[-64.675025,-6.521834],[-64.676928,-6.561396],[-64.690254,-6.586862],[-64.723091,-6.609144],[-64.734513,-6.626424],[-64.736417,-6.671444],[-64.759736,-6.694181],[-64.767827,-6.725558],[-64.785436,-6.734652],[-64.814466,-6.733288],[-64.8454,-6.742838],[-64.884901,-6.749204],[-64.913931,-6.747385],[-64.888708,-6.699183],[-64.898702,-6.6769],[-64.932491,-6.684176],[-64.945817,-6.702821],[-64.964853,-6.747385],[-65.006257,-6.797407],[-64.989125,-6.829693],[-64.99198,-6.87062],[-64.982462,-6.890174],[-64.99436,-6.919732],[-65.017203,-6.950199],[-64.997215,-6.976574],[-64.978655,-6.987033],[-64.974371,-7.013863],[-64.984366,-7.033872],[-65.001974,-7.03569],[-65.03386,-7.05479],[-65.039095,-7.073434],[-64.774966,-7.075253],[-64.571276,-7.075253],[-64.578891,-7.083893],[-64.571276,-7.107539],[-64.580319,-7.135279],[-64.580795,-7.170294],[-64.555571,-7.217132],[-64.547957,-7.298076],[-64.558903,-7.322177],[-64.549861,-7.338547],[-64.530824,-7.348552],[-64.54177,-7.387205],[-64.531776,-7.427222],[-64.512264,-7.432224],[-64.496559,-7.453142],[-64.492751,-7.489521],[-64.507505,-7.533176],[-64.501794,-7.559097],[-64.464197,-7.574103],[-64.421365,-7.604571],[-64.406136,-7.627762],[-64.415654,-7.657775],[-64.39757,-7.696428],[-64.412323,-7.723258],[-64.427076,-7.766003],[-64.412799,-7.799654],[-64.437546,-7.838762],[-64.444209,-7.896059],[-64.420889,-7.927891],[-64.418986,-7.969727],[-64.407564,-8.023841],[-64.399473,-8.04294],[-64.404232,-8.0775],[-64.393762,-8.096145],[-64.401377,-8.143893],[-64.393762,-8.163446],[-64.407088,-8.207101],[-64.442781,-8.23575],[-64.466101,-8.266218],[-64.484185,-8.313511],[-64.504173,-8.32397],[-64.509408,-8.343069],[-64.506077,-8.374446],[-64.514643,-8.423103],[-64.530824,-8.443566],[-64.541294,-8.478127],[-64.535583,-8.493588],[-64.492276,-8.526329],[-64.487992,-8.574986],[-64.502746,-8.59454],[-64.478474,-8.61182],[-64.442305,-8.652292],[-64.411371,-8.644562],[-64.39757,-8.652747],[-64.383768,-8.69049],[-64.359497,-8.722777],[-64.332846,-8.742785],[-64.332846,-8.757792],[-64.389479,-8.7778],[-64.410419,-8.823274],[-64.422317,-8.832824],[-64.481806,-8.806904],[-64.508932,-8.815544],[-64.519878,-8.854652],[-64.535583,-8.873296],[-64.526065,-8.910585],[-64.531776,-8.925591],[-64.581746,-8.950602],[-64.57318,-8.964699],[-64.578891,-8.988345]]]},"properties":{"cod_ibge":"130090","name":"Canutama","uf":"AM"}},
{"type":"Feature","geometry":{"type":"Polygon","coordinates":[[[-67.834109,-3.334559],[-67.942616,-3.329557],[-67.935002,-3.313641],[-67.920724,-3.24543],[-67.930718,-3.211325],[-67.95499,-3.160394],[-67.975454,-3.136293],[-67.9864,-3.136293],[-68.043033,-3.161303],[-68.066828,-3.118103],[-68.08063,-3.120377],[-68.095859,-3.140385],[-68.111088,-3.113101],[-68.141546,-3.131745],[-68.158679,-3.110372],[-68.177715,-3.112191],[-68.179619,-3.064898],[-68.1958,-3.078086],[-68.213884,-3.075357],[-68.241963,-3.087181],[-68.230065,-3.106734],[-68.248626,-3.127198],[-68.285271,-3.103097],[-68.290506,-3.07945],[-68.310494,-3.09673],[-68.348091,-3.096275],[-68.391398,-3.089],[-68.402344,-3.080814],[-68.419953,-3.094002],[-68.418525,-3.1322],[-68.428043,-3.153573],[-68.460405,-3.162668],[-68.460881,-3.181312],[-68.490863,-3.173127],[-68.511327,-3.1754],[-68.534647,-3.197683],[-68.565105,-3.179948],[-68.593184,-3.182676],[-68.613172,-3.201775],[-68.598895,-3.231788],[-68.632684,-3.229969],[-68.628401,-3.480531],[-68.624594,-3.691985],[-68.609841,-3.6838],[-68.601274,-3.661063],[-68.578431,-3.64924],[-68.556539,-3.67425],[-68.534647,-3.687893],[-68.508472,-3.722908],[-68.458502,-3.754739],[-68.44708,-3.775203],[-68.41567,-3.771565],[-68.403296,-3.76247],[-68.383784,-3.723362],[-68.335241,-3.726091],[-68.306687,-3.706992],[-68.284319,-3.706992],[-68.25624,-3.693804],[-68.21674,-3.715632],[-68.196276,-3.761106],[-68.181998,-3.770655],[-68.105853,-3.764744],[-68.090148,-3.75292],[-68.055882,-3.749282],[-68.035418,-3.734731],[-68.040653,-3.711084],[-68.034467,-3.685619],[-68.037322,-3.63969],[-68.024948,-3.597399],[-68.010195,-3.589214],[-68.012575,-3.558292],[-68.031611,-3.553289],[-68.047316,-3.532371],[-68.029707,-3.49099],[-68.029707,-3.46507],[-68.068256,-3.436421],[-68.063497,-3.414594],[-67.994014,-3.419596],[-67.964032,-3.431419],[-67.912158,-3.422324],[-67.891694,-3.406408],[-67.867423,-3.406408],[-67.845531,-3.381398],[-67.851242,-3.349566],[-67.834109,-3.334559]]]},"properties":{"cod_ibge":"130006","name":"Amaturá","uf":"AM"}},
{"type":"Feature","geometry":{"type":"Polygon","coordinates":[[[-59.082617,-2.275924],[-59.065485,-2.272741],[-59.074527,-2.244547],[-59.050256,-2.231814],[-59.011707,-2.254551],[-58.97649,-2.250913],[-58.930802,-2.27365],[-58.925567,-2.255461],[-58.881308,-2.22954],[-58.870838,-2.248185],[-58.849422,-2.254551],[-58.825627,-2.239545],[-58.818964,-2.267284],[-58.770421,-2.265465],[-58.76471,-2.289566],[-58.740915,-2.279107],[-58.723306,-2.297752],[-58.741867,-2.321853],[-58.724734,-2.345045],[-58.690944,-2.340497],[-58.665721,-2.316851],[-58.62051,-2.292295],[-58.603853,-2.289111],[-58.559593,-2.315486],[-58.511527,-2.304573],[-58.477261,-2.292749],[-58.443948,-2.310484],[-58.40064,-2.31776],[-58.391598,-2.33504],[-58.360663,-2.338223],[-58.336868,-2.399159],[-58.32497,-2.410527],[-58.296416,-2.406889],[-58.28309,-2.388245],[-58.260247,-2.395975],[-58.255963,-2.430081],[-58.282614,-2.466915],[-58.246921,-2.489197],[-58.225981,-2.515117],[-58.208373,-2.52012],[-58.179818,-2.569686],[-58.155071,-2.587421],[-58.114143,-2.604701],[-58.077973,-2.626529],[-58.015153,-2.648356],[-57.984695,-2.642899],[-57.972322,-2.631076],[-57.978984,-2.600154],[-57.917116,-2.580145],[-57.892369,-2.576962],[-57.8562,-2.588785],[-57.889038,-2.608794],[-57.879519,-2.611068],[-57.826693,-2.596061],[-57.80385,-2.578326],[-57.789573,-2.555589],[-57.768157,-2.539673],[-57.810988,-2.530579],[-57.834308,-2.511934],[-57.842874,-2.478738],[-57.859055,-2.468734],[-57.870953,-2.436447],[-57.892369,-2.40598],[-57.981364,-2.40598],[-57.985647,-2.368691],[-57.97946,-2.355958],[-57.977081,-2.30912],[-57.995641,-2.269558],[-58.035142,-2.224993],[-58.113667,-2.219991],[-58.117474,-2.198618],[-58.139366,-2.165877],[-58.135083,-2.136773],[-58.160782,-2.131771],[-58.187908,-2.112672],[-58.180294,-2.097666],[-58.156498,-2.081295],[-58.174583,-2.070836],[-58.18886,-2.008537],[-58.237879,-1.98489],[-58.251204,-1.969884],[-58.250728,-1.943509],[-58.264054,-1.929867],[-58.28547,-1.94078],[-58.322591,-1.913951],[-58.344958,-1.922136],[-58.375417,-1.920772],[-58.397308,-1.903946],[-58.413013,-1.87166],[-58.424911,-1.870296],[-58.434905,-1.844375],[-58.455845,-1.824822],[-58.460128,-1.807996],[-58.489635,-1.798901],[-58.535322,-1.793445],[-58.587196,-1.755246],[-58.559118,-1.727962],[-58.578154,-1.712501],[-58.568636,-1.689309],[-58.596714,-1.632467],[-58.596714,-1.613822],[-58.625745,-1.587902],[-58.653347,-1.555161],[-58.663342,-1.57335],[-58.690944,-1.576079],[-58.716167,-1.5206],[-58.735204,-1.515598],[-58.739963,-1.497863],[-58.833241,-1.498773],[-58.857512,-1.483312],[-58.864175,-1.454208],[-58.898917,-1.45148],[-58.924616,-1.44193],[-58.946032,-1.403277],[-58.950315,-1.381905],[-58.970303,-1.383269],[-59.017894,-1.315513],[-59.052159,-1.333702],[-59.058822,-1.318696],[-59.094515,-1.307782],[-59.121642,-1.279133],[-59.159239,-1.277314],[-59.178275,-1.254577],[-59.202547,-1.251849],[-59.202071,-1.237752],[-59.237764,-1.213651],[-59.252041,-1.189095],[-59.275837,-1.175453],[-59.277264,-1.158627],[-59.305343,-1.156353],[-59.346747,-1.139528],[-59.362928,-1.15408],[-59.379585,-1.147713],[-59.384344,-1.175907],[-59.372446,-1.193642],[-59.373398,-1.236842],[-59.361976,-1.250939],[-59.404808,-1.25867],[-59.440501,-1.2855],[-59.442405,-1.31915],[-59.468104,-1.335521],[-59.504273,-1.389635],[-59.520454,-1.420103],[-59.519502,-1.432836],[-59.486188,-1.454208],[-59.458586,-1.435109],[-59.437646,-1.434654],[-59.424796,-1.451025],[-59.410995,-1.445568],[-59.359597,-1.45921],[-59.334849,-1.457392],[-59.33009,-1.481947],[-59.305343,-1.483766],[-59.296301,-1.454208],[-59.270602,-1.431017],[-59.230149,-1.437838],[-59.223962,-1.446932],[-59.191601,-1.446478],[-59.186842,-1.472853],[-59.170661,-1.485585],[-59.151624,-1.516053],[-59.156383,-1.545156],[-59.14163,-1.565165],[-59.127353,-1.607456],[-59.142582,-1.620189],[-59.140202,-1.642926],[-59.167805,-1.659296],[-59.167805,-1.677941],[-59.195884,-1.710682],[-59.217776,-1.781167],[-59.214444,-1.807087],[-59.226818,-1.826641],[-59.251565,-1.833007],[-59.245854,-1.862565],[-59.22777,-1.873479],[-59.203974,-1.918043],[-59.201595,-1.940326],[-59.161142,-1.960334],[-59.162094,-1.985345],[-59.124022,-2.007172],[-59.1126,-2.077202],[-59.128305,-2.100849],[-59.132588,-2.149961],[-59.14401,-2.171788],[-59.161142,-2.16906],[-59.179703,-2.184976],[-59.178751,-2.210441],[-59.160667,-2.210441],[-59.163046,-2.232724],[-59.14401,-2.249549],[-59.129257,-2.223629],[-59.111172,-2.223629],[-59.105937,-2.244092],[-59.082617,-2.275924]]]},"properties":{"cod_ibge":"130395","name":"São Sebastião do Uatumã","uf":"AM"}},
{"type":"Feature","geometry":{"type":"Polygon","coordinates":[[[-59.208257,-3.920265],[-59.148293,-3.922084],[-59.172564,-3.943911],[-59.201595,-3.95528],[-59.199691,-3.968013],[-59.15448,-3.97256],[-59.113552,-3.968013],[-59.092612,-3.990295],[-59.082142,-3.965739],[-59.055015,-3.96301],[-59.027888,-3.933452],[-59.0079,-3.938],[-58.994574,-3.925722],[-58.992195,-3.892071],[-58.966972,-3.887524],[-58.918905,-3.909351],[-58.907007,-3.902985],[-58.885115,-3.857511],[-58.864651,-3.857056],[-58.839428,-3.877065],[-58.81706,-3.873881],[-58.7985,-3.908442],[-58.786602,-3.918901],[-58.794217,-3.944366],[-58.81944,-3.987566],[-58.813729,-4.015306],[-58.78803,-4.036224],[-58.772801,-4.073967],[-58.740915,-4.0867],[-58.706173,-4.109437],[-58.68333,-4.141269],[-58.679047,-4.157185],[-58.689041,-4.183559],[-58.686185,-4.20857],[-58.661438,-4.237219],[-58.657155,-4.263594],[-58.623841,-4.259956],[-58.615751,-4.289514],[-58.652396,-4.346811],[-58.647161,-4.364091],[-58.652396,-4.390012],[-58.630504,-4.431393],[-58.63907,-4.466863],[-58.623841,-4.470955],[-58.606232,-4.459587],[-58.584341,-4.464589],[-58.557214,-4.492783],[-58.511527,-4.469136],[-58.489635,-4.491419],[-58.475833,-4.489145],[-58.440616,-4.50688],[-58.416821,-4.494602],[-58.395881,-4.503242],[-58.384459,-4.460951],[-58.356856,-4.464589],[-58.33782,-4.440942],[-58.324494,-4.442307],[-58.294036,-4.427755],[-58.282138,-4.396833],[-58.266433,-4.396378],[-58.255488,-4.379098],[-58.225981,-4.380462],[-58.221222,-4.359089],[-58.19124,-4.351359],[-58.16792,-4.360908],[-58.119378,-4.370912],[-58.155547,-4.239947],[-58.183625,-4.217665],[-58.205517,-4.216755],[-58.219318,-4.231762],[-58.253584,-4.226305],[-58.281663,-4.161732],[-58.292133,-4.162187],[-58.321163,-4.141723],[-58.308313,-4.117622],[-58.334488,-4.090338],[-58.347814,-4.057142],[-58.373513,-4.038043],[-58.383031,-4.013032],[-58.401592,-4.009849],[-58.434905,-3.989385],[-58.433478,-3.964829],[-58.457273,-3.958463],[-58.464888,-3.924812],[-58.437761,-3.91117],[-58.419676,-3.913444],[-58.406827,-3.894799],[-58.346862,-3.886614],[-58.326398,-3.867515],[-58.3145,-3.839776],[-58.286422,-3.812946],[-58.289753,-3.792028],[-58.309265,-3.743371],[-58.298795,-3.699716],[-58.282138,-3.689257],[-58.25406,-3.687438],[-58.216939,-3.697442],[-58.201234,-3.684255],[-58.201234,-3.66652],[-58.228361,-3.651513],[-58.240734,-3.611041],[-58.258819,-3.602856],[-58.297843,-3.596944],[-58.337344,-3.581029],[-58.349718,-3.582848],[-58.355428,-3.599673],[-58.343055,-3.611041],[-58.364471,-3.625138],[-58.374465,-3.649694],[-58.373037,-3.673796],[-58.398736,-3.676069],[-58.426815,-3.72791],[-58.446327,-3.705627],[-58.468695,-3.734276],[-58.487255,-3.748373],[-58.510099,-3.753375],[-58.517713,-3.712449],[-58.552931,-3.686074],[-58.558642,-3.668793],[-58.583389,-3.645602],[-58.610516,-3.638326],[-58.622413,-3.623774],[-58.647161,-3.629231],[-58.654775,-3.657425],[-58.679522,-3.664701],[-58.700462,-3.645602],[-58.70427,-3.616044],[-58.724734,-3.59649],[-58.750909,-3.591033],[-58.789457,-3.614225],[-58.844663,-3.604675],[-58.874169,-3.60422],[-58.899868,-3.617863],[-58.919857,-3.612406],[-58.920808,-3.596035],[-58.906531,-3.583757],[-58.917001,-3.547378],[-58.985532,-3.607404],[-59.004568,-3.609677],[-59.093087,-3.682436],[-59.09975,-3.70199],[-59.06025,-3.755649],[-59.051683,-3.776112],[-59.053111,-3.80658],[-59.090232,-3.865241],[-59.104985,-3.8757],[-59.17304,-3.889797],[-59.208257,-3.920265]]]},"properties":{"cod_ibge":"130310","name":"Nova Olinda do Norte","uf":"AM"}},
{"type":"Feature","geometry":{"type":"Polygon","coordinates":[[[-58.176963,-3.03534],[-58.168872,-3.05353],[-58.173631,-3.124469],[-58.193143,-3.169489],[-58.192668,-3.188133],[-58.081781,-3.188133],[-58.066076,-3.214963],[-58.041804,-3.201775],[-58.020864,-3.1754],[-58.01325,-3.149025],[-57.992786,-3.134019],[-57.890465,-2.953032],[-57.878568,-2.963491],[-57.834308,-2.963037],[-57.817651,-2.955306],[-57.776723,-2.991685],[-57.761494,-2.985319],[-57.739126,-2.961672],[-57.716283,-2.961218],[-57.676782,-2.942573],[-57.645372,-2.941209],[-57.631571,-2.914379],[-57.601113,-2.889823],[-57.575889,-2.837073],[-57.555425,-2.824341],[-57.534009,-2.828888],[-57.522588,-2.814336],[-57.494033,-2.807061],[-57.489274,-2.776138],[-57.455484,-2.744306],[-57.418364,-2.737485],[-57.418839,-2.709746],[-57.4374,-2.697013],[-57.457388,-2.69474],[-57.45834,-2.67746],[-57.431689,-2.640626],[-57.438352,-2.614251],[-57.428834,-2.589695],[-57.316995,-2.508751],[-57.352212,-2.456001],[-57.50022,-2.45782],[-57.59207,-2.457365],[-57.612059,-2.496018],[-57.62348,-2.533307],[-57.719138,-2.672458],[-57.752452,-2.697013],[-57.790048,-2.734302],[-57.837163,-2.757494],[-57.876664,-2.751128],[-57.917116,-2.757949],[-57.958044,-2.796602],[-57.991358,-2.805696],[-58.040377,-2.807515],[-58.070359,-2.821158],[-58.100817,-2.844349],[-58.110335,-2.859356],[-58.101769,-2.878],[-58.129848,-2.915289],[-58.141745,-2.968493],[-58.162209,-3.01897],[-58.176963,-3.03534]]]},"properties":{"cod_ibge":"130440","name":"Urucurituba","uf":"AM"}},
{"type":"Feature","geometry":{"type":"Polygon","coordinates":[[[-59.906892,-3.137657],[-59.944013,-3.174946],[-59.953531,-3.202685],[-59.986845,-3.217236],[-60.040622,-3.15903],[-60.053948,-3.168124],[-60.074412,-3.15903],[-60.078695,-3.134928],[-60.112485,-3.15039],[-60.144371,-3.130836],[-60.168642,-3.127653],[-60.201956,-3.095366],[-60.23051,-3.082633],[-60.262396,-3.082633],[-60.289999,-3.098549],[-60.293806,-3.083997],[-60.312366,-3.079905],[-60.329023,-3.100823],[-60.36662,-3.093092],[-60.382801,-3.098094],[-60.430868,-3.095366],[-60.454187,-3.078086],[-60.469416,-3.090364],[-60.50511,-3.092183],[-60.50035,-3.073538],[-60.517483,-3.051256],[-60.54461,-3.034886],[-60.568405,-3.033067],[-60.587442,-3.017151],[-60.599815,-2.98259],[-60.634081,-2.945302],[-60.652641,-2.935752],[-60.664539,-2.914379],[-60.70166,-2.879364],[-60.705467,-2.862084],[-60.75639,-2.821612],[-60.787324,-2.830252],[-60.812547,-2.828888],[-60.83777,-2.838892],[-60.862517,-2.837528],[-60.873463,-2.821158],[-60.91344,-2.812063],[-60.935807,-2.837073],[-60.983874,-2.865722],[-60.98435,-2.886185],[-60.961506,-2.928022],[-60.978639,-2.9403],[-60.977211,-2.977588],[-60.99482,-2.988047],[-60.983874,-3.005782],[-60.947705,-3.003508],[-60.923434,-3.022153],[-60.902018,-3.053075],[-60.88774,-3.044435],[-60.860614,-3.049437],[-60.854427,-3.064898],[-60.810167,-3.099459],[-60.771619,-3.093092],[-60.717841,-3.104461],[-60.683575,-3.145842],[-60.614093,-3.130381],[-60.58649,-3.115829],[-60.547941,-3.124015],[-60.533664,-3.116284],[-60.458946,-3.117194],[-60.374711,-3.1322],[-60.374711,-3.16676],[-60.35615,-3.181312],[-60.354246,-3.197228],[-60.333306,-3.240883],[-60.319981,-3.234062],[-60.310463,-3.269532],[-60.354722,-3.305456],[-60.315698,-3.312732],[-60.231938,-3.360025],[-60.182443,-3.354568],[-60.119147,-3.341835],[-60.018731,-3.294087],[-59.944965,-3.284083],[-59.919266,-3.27226],[-59.904036,-3.255435],[-59.89547,-3.226786],[-59.892615,-3.177219],[-59.906892,-3.137657]]]},"properties":{"cod_ibge":"130185","name":"Iranduba","uf":"AM"}},
{"type":"Feature","geometry":{"type":"Polygon","coordinates":[[[-66.95796,-5.419998],[-66.973665,-5.392714],[-66.957484,-5.356789],[-66.954153,-5.333143],[-66.933213,-5.319501],[-66.938448,-5.277665],[-66.933213,-5.261294],[-66.909418,-5.263568],[-66.88467,-5.219003],[-66.857544,-5.19763],[-66.838983,-5.193538],[-66.815664,-5.162161],[-66.790916,-5.152156],[-66.77997,-5.130329],[-66.769976,-5.0844],[-66.716674,-5.055751],[-66.657186,-5.068939],[-66.625776,-5.085764],[-66.604836,-5.073486],[-66.588655,-5.053023],[-66.580089,-5.028467],[-66.548203,-4.989359],[-66.529166,-4.950706],[-66.506323,-4.930243],[-66.472533,-4.914782],[-66.460635,-4.892045],[-66.417804,-4.862032],[-66.387345,-4.824289],[-66.363074,-4.827926],[-66.339754,-4.804735],[-66.304537,-4.784726],[-66.269796,-4.780179],[-66.254567,-4.768355],[-66.242669,-4.708784],[-66.245524,-4.683774],[-66.238386,-4.668313],[-66.199837,-4.638754],[-66.19603,-4.603285],[-66.2065,-4.570998],[-66.203644,-4.525979],[-66.214114,-4.509153],[-66.210307,-4.492328],[-66.187939,-4.481869],[-66.153198,-4.444126],[-66.150819,-4.425027],[-66.117505,-4.400016],[-66.100372,-4.395468],[-66.059444,-4.400925],[-66.026606,-4.371367],[-65.975208,-4.316344],[-65.949985,-4.294516],[-66.000431,-4.297245],[-66.358791,-4.296335],[-66.57295,-4.296335],[-66.932261,-4.295426],[-66.919888,-4.330895],[-66.891333,-4.372277],[-66.894189,-4.390921],[-66.886098,-4.41093],[-66.899899,-4.465044],[-66.899424,-4.481869],[-67.036485,-4.511427],[-67.048383,-4.490054],[-67.12786,-4.481869],[-67.147372,-4.492783],[-67.189728,-4.484143],[-67.208288,-4.475503],[-67.233036,-4.475957],[-67.244458,-4.460496],[-67.268253,-4.453675],[-67.297283,-4.477322],[-67.301567,-4.504606],[-67.314892,-4.522341],[-67.331549,-4.515975],[-67.350109,-4.526888],[-67.3582,-4.554628],[-67.378188,-4.543714],[-67.401508,-4.517794],[-67.422448,-4.508244],[-67.450526,-4.505061],[-67.476701,-4.512791],[-67.497165,-4.539621],[-67.54428,-4.538257],[-67.569979,-4.542804],[-67.603769,-4.590097],[-67.611859,-4.591916],[-67.649456,-4.571453],[-67.681342,-4.580093],[-67.703234,-4.592826],[-67.767958,-4.656944],[-67.813645,-4.680136],[-67.852193,-4.729703],[-67.86076,-4.769265],[-67.872658,-4.780633],[-67.912634,-4.77745],[-67.94452,-4.781543],[-67.968791,-4.749711],[-67.9864,-4.761989],[-67.997822,-4.792457],[-67.993063,-4.842478],[-68.00734,-4.862941],[-67.99449,-4.881131],[-68.003533,-4.909325],[-67.997346,-4.947978],[-68.029232,-4.966167],[-68.04922,-4.992997],[-68.041605,-5.041654],[-68.048744,-5.059844],[-68.092052,-5.047111],[-68.097762,-5.081217],[-68.113467,-5.087128],[-68.134407,-5.116232],[-68.160582,-5.139424],[-68.172004,-5.163525],[-68.170101,-5.18126],[-68.189613,-5.198085],[-68.201035,-5.220822],[-68.195324,-5.282212],[-68.204366,-5.299947],[-68.222927,-5.367248],[-68.209601,-5.397716],[-68.218167,-5.448647],[-68.204842,-5.458651],[-68.220547,-5.478205],[-68.236252,-5.474112],[-68.274325,-5.503216],[-68.260523,-5.520951],[-68.273373,-5.575065],[-68.241011,-5.582341],[-68.238156,-5.595983],[-68.276228,-5.638274],[-68.281463,-5.653735],[-68.231969,-5.686476],[-68.226734,-5.710123],[-68.249577,-5.75787],[-68.218643,-5.806073],[-68.22483,-5.822898],[-68.209601,-5.869282],[-68.215312,-5.893838],[-68.214836,-5.925215],[-68.247198,-5.92476],[-68.266234,-5.90748],[-68.295741,-5.922486],[-68.312873,-5.958411],[-68.29812,-6.007977],[-68.305259,-6.050723],[-67.895025,-6.046176],[-67.669444,-6.043447],[-67.692288,-6.024803],[-67.702758,-5.997518],[-67.705138,-5.962049],[-67.699427,-5.945223],[-67.674679,-5.944314],[-67.65945,-5.935219],[-67.629468,-5.951135],[-67.614239,-5.971143],[-67.588064,-5.991152],[-67.572835,-5.992971],[-67.562365,-5.944314],[-67.545232,-5.912482],[-67.529051,-5.911573],[-67.500497,-5.892473],[-67.448147,-5.890654],[-67.445767,-5.91521],[-67.425303,-5.920213],[-67.401032,-5.908844],[-67.365814,-5.901113],[-67.357724,-5.877922],[-67.376284,-5.860187],[-67.388658,-5.824717],[-67.374381,-5.814258],[-67.332501,-5.797887],[-67.309657,-5.806073],[-67.300615,-5.848364],[-67.287289,-5.84609],[-67.265398,-5.818805],[-67.223518,-5.750594],[-67.18021,-5.716489],[-67.203053,-5.694207],[-67.205909,-5.661011],[-67.197343,-5.647368],[-67.165457,-5.632362],[-67.157842,-5.621448],[-67.121197,-5.625541],[-67.120245,-5.598711],[-67.111203,-5.5737],[-67.087408,-5.561877],[-67.038865,-5.522315],[-67.021732,-5.499123],[-66.991274,-5.499578],[-66.977473,-5.468655],[-66.976521,-5.444554],[-66.95796,-5.419998]]]},"properties":{"cod_ibge":"130100","name":"Carauari","uf":"AM"}},
{"type":"Feature","geometry":{"type":"Polygon","coordinates":[[[-66.597697,-3.14084],[-66.597697,-3.09764],[-66.610547,-3.083543],[-66.617685,-3.058532],[-66.609595,-3.028519],[-66.589607,-2.998052],[-66.596269,-2.978498],[-66.611499,-2.966674],[-66.621969,-2.943483],[-66.600077,-2.898463],[-66.570094,-2.88664],[-66.556769,-2.85208],[-66.562004,-2.83389],[-66.593414,-2.802513],[-66.59151,-2.785233],[-66.561528,-2.770227],[-66.543444,-2.769317],[-66.489666,-2.742033],[-66.463015,-2.691557],[-66.446834,-2.6861],[-66.412093,-2.690192],[-66.393056,-2.715658],[-66.368785,-2.705199],[-66.349749,-2.72066],[-66.29835,-2.70338],[-66.29026,-2.678369],[-66.328809,-2.679733],[-66.37402,-2.646992],[-66.374496,-2.634714],[-66.337375,-2.600609],[-66.333092,-2.56241],[-66.372116,-2.556044],[-66.396864,-2.526941],[-66.403526,-2.506477],[-66.402099,-2.4319],[-66.41352,-2.403251],[-66.446834,-2.389609],[-66.510606,-2.399159],[-66.561528,-2.398704],[-66.596745,-2.377786],[-66.62292,-2.377331],[-66.641005,-2.3887],[-66.648144,-2.421896],[-66.634818,-2.46737],[-66.617685,-2.502385],[-66.620541,-2.546949],[-66.598649,-2.588331],[-66.598173,-2.608339],[-66.609119,-2.64199],[-66.623872,-2.656996],[-66.663373,-2.682917],[-66.730476,-2.718386],[-66.762838,-2.717022],[-66.80329,-2.683371],[-66.829941,-2.67746],[-66.859923,-2.657451],[-66.890381,-2.665636],[-66.912273,-2.689283],[-66.921791,-2.715203],[-66.941304,-2.727481],[-66.975569,-2.728391],[-67.024112,-2.715203],[-67.047907,-2.697923],[-67.051714,-2.680643],[-67.04172,-2.645173],[-67.056949,-2.616524],[-67.095974,-2.608339],[-67.130715,-2.6238],[-67.146896,-2.65927],[-67.161649,-2.679733],[-67.179258,-2.687464],[-67.214951,-2.683371],[-67.236843,-2.639716],[-67.243506,-2.589695],[-67.255403,-2.557863],[-67.27206,-2.543766],[-67.291097,-2.542402],[-67.291097,-2.883457],[-67.30585,-2.883912],[-67.340591,-2.859356],[-67.351061,-2.879364],[-67.383423,-2.878455],[-67.423399,-2.892097],[-67.440056,-2.891642],[-67.461948,-2.868905],[-67.502876,-2.873907],[-67.538093,-2.890733],[-67.561413,-2.890733],[-67.577594,-2.903011],[-67.576642,-2.918472],[-67.606148,-2.942573],[-67.645173,-2.906194],[-67.662306,-2.89528],[-67.689433,-2.89528],[-67.710848,-2.90392],[-67.742734,-2.933478],[-67.755108,-2.971677],[-67.766054,-2.997142],[-67.777476,-3.063989],[-67.789373,-3.111282],[-67.791753,-3.144933],[-67.805554,-3.172672],[-67.809838,-3.198137],[-67.831253,-3.256799],[-67.834109,-3.334559],[-67.851242,-3.349566],[-67.845531,-3.381398],[-67.867423,-3.406408],[-67.891694,-3.406408],[-67.912158,-3.422324],[-67.964032,-3.431419],[-67.994014,-3.419596],[-68.063497,-3.414594],[-68.068256,-3.436421],[-68.029707,-3.46507],[-68.029707,-3.49099],[-68.047316,-3.532371],[-68.031611,-3.553289],[-68.012575,-3.558292],[-68.010195,-3.589214],[-68.024948,-3.597399],[-68.037322,-3.63969],[-68.034467,-3.685619],[-68.040653,-3.711084],[-68.035418,-3.734731],[-68.055882,-3.749282],[-68.090148,-3.75292],[-68.105853,-3.764744],[-68.181998,-3.770655],[-68.196276,-3.761106],[-68.21674,-3.715632],[-68.25624,-3.693804],[-68.284319,-3.706992],[-68.306687,-3.706992],[-68.335241,-3.726091],[-68.383784,-3.723362],[-68.403296,-3.76247],[-68.41567,-3.771565],[-68.44708,-3.775203],[-68.458502,-3.754739],[-68.508472,-3.722908],[-68.534647,-3.687893],[-68.556539,-3.67425],[-68.578431,-3.64924],[-68.601274,-3.661063],[-68.609841,-3.6838],[-68.624594,-3.691985],[-68.667426,-3.707901],[-68.694552,-3.701535],[-68.744999,-3.699716],[-68.760228,-3.705627],[-68.771174,-3.747009],[-68.797349,-3.750192],[-68.808771,-3.73564],[-68.824952,-3.743826],[-68.819717,-3.786571],[-68.832566,-3.837047],[-68.820668,-3.85933],[-68.839229,-3.887524],[-68.835422,-3.91208],[-68.814957,-3.927995],[-68.815433,-3.95437],[-68.828283,-3.984383],[-68.837801,-4.02531],[-68.857789,-4.06078],[-68.880157,-4.070329],[-68.889675,-4.093521],[-68.910615,-4.106254],[-68.920609,-4.14718],[-68.935838,-4.169008],[-68.950592,-4.20857],[-68.951067,-4.233126],[-68.936314,-4.274508],[-68.942501,-4.326348],[-69.011984,-4.344538],[-69.023406,-4.367275],[-69.028641,-4.411839],[-69.027689,-4.524615],[-69.040062,-4.578274],[-69.065761,-4.596918],[-69.083846,-4.620565],[-69.091461,-4.666039],[-69.121919,-4.723336],[-69.149046,-4.719244],[-69.162371,-4.736524],[-69.165702,-4.771993],[-69.181407,-4.79473],[-69.222336,-4.80428],[-69.267071,-4.835657],[-69.282776,-4.852028],[-69.290391,-4.880222],[-69.31609,-4.906142],[-69.344168,-4.964803],[-69.359873,-4.981629],[-69.387476,-4.989359],[-69.416982,-4.963439],[-69.434115,-4.979355],[-69.423169,-5.000728],[-69.426976,-5.038926],[-69.457911,-5.083945],[-69.466953,-5.115777],[-69.478851,-5.129419],[-69.520255,-5.149883],[-69.531201,-5.177622],[-69.53358,-5.219003],[-69.547857,-5.244469],[-69.575936,-5.238557],[-69.566894,-5.218548],[-69.594021,-5.206725],[-69.646846,-5.237193],[-69.691106,-5.240831],[-69.700624,-5.258111],[-69.742504,-5.265387],[-69.75583,-5.278574],[-69.782956,-5.287214],[-69.788667,-5.311315],[-69.784384,-5.34633],[-69.793902,-5.349968],[-69.851011,-5.342238],[-69.88147,-5.354516],[-69.906693,-5.35588],[-69.930012,-5.369522],[-69.925729,-5.394988],[-69.901458,-5.403173],[-69.883849,-5.440007],[-69.85006,-5.493666],[-69.871476,-5.511401],[-69.894319,-5.541414],[-69.893843,-5.557785],[-69.880042,-5.603713],[-69.882897,-5.616901],[-69.916687,-5.624631],[-69.920018,-5.643276],[-69.904789,-5.666467],[-69.904313,-5.706485],[-69.922398,-5.756961],[-69.957139,-5.763782],[-69.98141,-5.788793],[-70.000923,-5.866098],[-70.014248,-5.883833],[-70.013772,-5.917939],[-69.999019,-5.941585],[-70.026622,-5.989788],[-70.079448,-6.034352],[-70.09658,-6.039809],[-70.112761,-6.061637],[-70.113713,-6.080736],[-70.127039,-6.101654],[-70.116569,-6.124846],[-70.123707,-6.150766],[-70.134177,-6.156678],[-70.167015,-6.215339],[-70.187479,-6.221705],[-70.213654,-6.244897],[-70.229359,-6.243988],[-70.261721,-6.267179],[-70.287896,-6.27491],[-70.30598,-6.294009],[-70.337866,-6.306742],[-70.348812,-6.290371],[-70.380222,-6.304013],[-70.390216,-6.342666],[-70.404494,-6.375408],[-70.421626,-6.37177],[-70.462555,-6.385412],[-70.470169,-6.401328],[-70.508718,-6.415879],[-70.532513,-6.457261],[-70.564875,-6.484545],[-70.572014,-6.505009],[-70.572014,-6.534567],[-70.55155,-6.542752],[-70.53632,-6.562761],[-70.490157,-6.577767],[-70.441139,-6.566399],[-70.419723,-6.579586],[-70.416391,-6.609144],[-70.374987,-6.617329],[-70.367849,-6.645069],[-70.30836,-6.635519],[-70.287896,-6.609144],[-70.27695,-6.636883],[-70.261245,-6.63461],[-70.24554,-6.602323],[-70.230311,-6.591409],[-70.205564,-6.586862],[-70.194618,-6.612327],[-70.143695,-6.608235],[-70.092297,-6.631881],[-70.082303,-6.601414],[-70.051369,-6.591864],[-70.053273,-6.572765],[-70.039947,-6.56367],[-70.021863,-6.57231],[-70.014724,-6.589136],[-69.982362,-6.56367],[-69.953332,-6.569582],[-69.932868,-6.58095],[-69.9105,-6.548209],[-69.886705,-6.543661],[-69.856246,-6.550937],[-69.833403,-6.570036],[-69.808656,-6.565034],[-69.794378,-6.527746],[-69.796758,-6.474086],[-69.782956,-6.449985],[-69.768203,-6.439526],[-69.701576,-6.422701],[-69.686823,-6.434069],[-69.65113,-6.428612],[-69.607822,-6.438616],[-69.588786,-6.460899],[-69.548809,-6.468175],[-69.532628,-6.457261],[-69.51502,-6.412242],[-69.486941,-6.38905],[-69.413651,-6.357218],[-69.395091,-6.355854],[-69.345596,-6.363584],[-69.333698,-6.361311],[-69.323704,-6.348578],[-69.311806,-6.306742],[-69.283728,-6.28355],[-69.268023,-6.284005],[-69.215673,-6.33539],[-69.210438,-6.345395],[-69.216625,-6.38041],[-69.237089,-6.413151],[-69.217576,-6.43225],[-69.180931,-6.40542],[-69.157612,-6.418153],[-69.110973,-6.372224],[-69.091461,-6.370405],[-69.036731,-6.398599],[-69.018646,-6.389505],[-68.994851,-6.359492],[-68.94726,-6.375408],[-68.931555,-6.376772],[-68.902525,-6.36222],[-68.879205,-6.416789],[-68.823524,-6.42452],[-68.810674,-6.411787],[-68.809247,-6.38905],[-68.76927,-6.401328],[-68.740716,-6.425429],[-68.694077,-6.406785],[-68.663618,-6.404966],[-68.665998,-6.371315],[-68.682655,-6.354944],[-68.673612,-6.329024],[-68.681703,-6.307197],[-68.630781,-6.268998],[-68.609365,-6.263087],[-68.602226,-6.235802],[-68.586521,-6.229891],[-68.573196,-6.208518],[-68.554635,-6.208518],[-68.543689,-6.195785],[-68.510852,-6.193966],[-68.487532,-6.17896],[-68.432802,-6.164408],[-68.424712,-6.149856],[-68.389019,-6.117115],[-68.372838,-6.109385],[-68.368555,-6.084374],[-68.344283,-6.081645],[-68.305259,-6.050723],[-68.29812,-6.007977],[-68.312873,-5.958411],[-68.295741,-5.922486],[-68.266234,-5.90748],[-68.247198,-5.92476],[-68.214836,-5.925215],[-68.215312,-5.893838],[-68.209601,-5.869282],[-68.22483,-5.822898],[-68.218643,-5.806073],[-68.249577,-5.75787],[-68.226734,-5.710123],[-68.231969,-5.686476],[-68.281463,-5.653735],[-68.276228,-5.638274],[-68.238156,-5.595983],[-68.241011,-5.582341],[-68.273373,-5.575065],[-68.260523,-5.520951],[-68.274325,-5.503216],[-68.236252,-5.474112],[-68.220547,-5.478205],[-68.204842,-5.458651],[-68.218167,-5.448647],[-68.209601,-5.397716],[-68.222927,-5.367248],[-68.204366,-5.299947],[-68.195324,-5.282212],[-68.201035,-5.220822],[-68.189613,-5.198085],[-68.170101,-5.18126],[-68.172004,-5.163525],[-68.160582,-5.139424],[-68.134407,-5.116232],[-68.113467,-5.087128],[-68.097762,-5.081217],[-68.092052,-5.047111],[-68.048744,-5.059844],[-68.041605,-5.041654],[-68.04922,-4.992997],[-68.029232,-4.966167],[-67.997346,-4.947978],[-68.003533,-4.909325],[-67.99449,-4.881131],[-68.00734,-4.862941],[-67.993063,-4.842478],[-67.997822,-4.792457],[-67.9864,-4.761989],[-67.968791,-4.749711],[-67.94452,-4.781543],[-67.912634,-4.77745],[-67.872658,-4.780633],[-67.86076,-4.769265],[-67.852193,-4.729703],[-67.813645,-4.680136],[-67.767958,-4.656944],[-67.703234,-4.592826],[-67.681342,-4.580093],[-67.649456,-4.571453],[-67.611859,-4.591916],[-67.603769,-4.590097],[-67.569979,-4.542804],[-67.54428,-4.538257],[-67.497165,-4.539621],[-67.476701,-4.512791],[-67.450526,-4.505061],[-67.422448,-4.508244],[-67.401508,-4.517794],[-67.378188,-4.543714],[-67.3582,-4.554628],[-67.350109,-4.526888],[-67.331549,-4.515975],[-67.314892,-4.522341],[-67.301567,-4.504606],[-67.297283,-4.477322],[-67.268253,-4.453675],[-67.244458,-4.460496],[-67.233036,-4.475957],[-67.208288,-4.475503],[-67.189728,-4.484143],[-67.147372,-4.492783],[-67.12786,-4.481869],[-67.048383,-4.490054],[-67.036485,-4.511427],[-66.899424,-4.481869],[-66.899899,-4.465044],[-66.886098,-4.41093],[-66.894189,-4.390921],[-66.891333,-4.372277],[-66.919888,-4.330895],[-66.932261,-4.295426],[-66.932737,-4.26223],[-66.914653,-4.231307],[-66.936544,-4.208115],[-66.962719,-4.203568],[-66.975569,-4.189471],[-66.998889,-4.188562],[-67.006027,-4.174919],[-67.046004,-4.132629],[-67.059805,-4.127626],[-67.075986,-4.058506],[-67.106444,-4.034859],[-67.137378,-4.027129],[-67.165457,-3.99075],[-67.196867,-3.906623],[-67.175927,-3.882067],[-67.135474,-3.932998],[-67.043148,-3.964829],[-67.001268,-3.988021],[-66.986991,-3.978472],[-66.979376,-3.953461],[-66.988419,-3.922539],[-67.012214,-3.892071],[-67.008883,-3.8757],[-66.988419,-3.855237],[-66.97081,-3.861149],[-66.96843,-3.834774],[-66.972714,-3.791573],[-66.979852,-3.775657],[-66.976521,-3.747464],[-66.98937,-3.707901],[-66.967479,-3.67516],[-66.941304,-3.655606],[-66.923219,-3.625138],[-66.910845,-3.586485],[-66.915129,-3.571479],[-66.946539,-3.553744],[-66.998413,-3.548742],[-67.027919,-3.529188],[-67.03363,-3.511453],[-67.026967,-3.483714],[-67.035058,-3.415503],[-67.023636,-3.393676],[-66.992702,-3.373212],[-66.995557,-3.34138],[-66.967479,-3.327284],[-66.941779,-3.303637],[-66.934641,-3.278172],[-66.937972,-3.24543],[-66.907038,-3.165851],[-66.88467,-3.146297],[-66.85564,-3.135383],[-66.831369,-3.142659],[-66.802338,-3.141749],[-66.772356,-3.168124],[-66.735711,-3.152663],[-66.691927,-3.160849],[-66.633866,-3.138112],[-66.597697,-3.14084]]]},"properties":{"cod_ibge":"130230","name":"Jutaí","uf":"AM"}},
{"type":"Feature","geometry":{"type":"Polygon","coordinates":[[[-65.311315,-1.778438],[-65.310839,-1.750244],[-65.324165,-1.73933],[-65.340345,-1.746606],[-65.353195,-1.733874],[-65.37937,-1.671574],[-65.353671,-1.638378],[-65.35605,-1.621553],[-65.346056,-1.600635],[-65.330827,-1.590176],[-65.325116,-1.564255],[-65.299417,-1.528331],[-65.293706,-1.489678],[-65.260393,-1.480583],[-65.253254,-1.492407],[-65.229459,-1.479219],[-65.202808,-1.47831],[-65.197573,-1.463758],[-65.118572,-1.451935],[-65.08621,-1.458301],[-65.079547,-1.440111],[-65.058607,-1.420103],[-65.04433,-1.383724],[-65.074788,-1.365079],[-65.077644,-1.340978],[-65.074312,-1.302325],[-65.049565,-1.287773],[-65.040523,-1.266855],[-65.0548,-1.260034],[-65.053848,-1.237297],[-65.038143,-1.204556],[-65.045758,-1.190004],[-65.031481,-1.166358],[-65.003402,-1.169086],[-64.969612,-1.145894],[-64.973896,-1.120429],[-64.966757,-1.103604],[-64.984841,-1.045397],[-64.966281,-1.052218],[-64.953431,-1.043578],[-64.954859,-1.019022],[-64.916786,-1.014929],[-64.897274,-1.029936],[-64.878714,-1.022205],[-64.869196,-0.999923],[-64.871575,-0.974912],[-64.860629,-0.967181],[-64.862057,-0.936259],[-64.840165,-0.905792],[-64.83493,-0.881236],[-64.849207,-0.862136],[-64.842069,-0.831669],[-64.811135,-0.824393],[-64.814942,-0.807113],[-64.791622,-0.800292],[-64.800189,-0.767551],[-64.793526,-0.752089],[-64.796857,-0.704342],[-64.821129,-0.653865],[-64.817321,-0.627036],[-64.806851,-0.609301],[-64.823508,-0.597023],[-64.808279,-0.56792],[-64.830171,-0.51426],[-64.819225,-0.494252],[-64.772586,-0.470605],[-64.761164,-0.457872],[-64.708338,-0.454689],[-64.672645,-0.438773],[-64.660747,-0.42695],[-64.610301,-0.425131],[-64.593644,-0.416036],[-64.556047,-0.407851],[-64.536059,-0.393754],[-64.48133,-0.387842],[-64.437546,-0.349644],[-64.313334,-0.332364],[-64.233381,-0.338276],[-64.192929,-0.327362],[-64.161519,-0.303715],[-64.096319,-0.283252],[-64.081566,-0.252785],[-64.085373,-0.188211],[-64.119639,-0.15547],[-64.111072,-0.135916],[-64.087277,-0.147285],[-64.065385,-0.134097],[-64.050632,-0.102265],[-64.033023,-0.099537],[-64.025885,-0.074981],[-64.014939,-0.066796],[-64.011607,-0.039057],[-64.000662,-0.009953],[-63.985908,-0.000858],[-63.987812,0.051891],[-63.984957,0.109189],[-63.96592,0.117374],[-63.961161,0.133745],[-63.966396,0.165122],[-63.994951,0.195589],[-63.987812,0.222419],[-64.014939,0.260617],[-64.012083,0.289266],[-64.023029,0.316096],[-64.008276,0.323371],[-64.014463,0.351565],[-64.03921,0.3693],[-64.034451,0.393401],[-64.049204,0.40477],[-64.055391,0.493899],[-64.074427,0.533461],[-64.067765,0.547558],[-64.083946,0.581664],[-64.127729,0.620772],[-64.146766,0.627593],[-64.148669,0.643963],[-64.164374,0.663972],[-64.180079,0.665336],[-64.202447,0.653513],[-64.227194,0.679433],[-64.24052,0.681252],[-64.242899,0.714448],[-64.267171,0.707172],[-64.285255,0.71945],[-64.312858,0.723088],[-64.33475,0.738549],[-64.354738,0.735821],[-64.375678,0.759013],[-64.396618,0.793573],[-64.424696,0.808125],[-64.440877,0.805396],[-64.448016,0.853144],[-64.475619,0.864058],[-64.509884,0.896344],[-64.543198,0.904529],[-64.55224,0.93045],[-64.569373,0.933178],[-64.587457,0.985019],[-64.60697,0.993659],[-64.623626,1.030947],[-64.645518,1.028219],[-64.664555,1.039133],[-64.700248,1.036859],[-64.73023,1.07824],[-64.754977,1.088245],[-64.777345,1.116893],[-64.799713,1.131445],[-64.820177,1.162367],[-64.863961,1.19329],[-64.852539,1.229669],[-64.823032,1.278326],[-64.819701,1.294697],[-64.843496,1.278781],[-64.843972,1.263774],[-64.859201,1.250132],[-64.864436,1.228759],[-64.903937,1.251496],[-64.914883,1.221938],[-64.939154,1.212843],[-64.946769,1.221938],[-64.974371,1.191471],[-64.967709,1.178283],[-64.991504,1.138266],[-65.021962,1.106434],[-65.033384,1.117803],[-65.065746,1.116893],[-65.059559,1.13963],[-65.071933,1.152363],[-65.08859,1.141904],[-65.106674,1.155091],[-65.151886,1.108708],[-65.156169,1.060051],[-65.175205,1.016396],[-65.165687,1.007756],[-65.161404,0.981381],[-65.169494,0.972741],[-65.174729,0.941363],[-65.197573,0.913624],[-65.212326,0.925902],[-65.23279,0.928176],[-65.250399,0.917262],[-65.304176,0.941363],[-65.331779,0.923629],[-65.35605,0.864967],[-65.396027,0.840411],[-65.404593,0.804487],[-65.399834,0.751282],[-65.424105,0.730364],[-65.426961,0.708536],[-65.445521,0.688528],[-65.484546,0.685345],[-65.505962,0.66761],[-65.529757,0.668519],[-65.543559,0.646692],[-65.555932,0.653513],[-65.571161,0.680797],[-65.576396,0.71172],[-65.59115,0.721724],[-65.57592,0.744461],[-65.574969,0.763105],[-65.551649,0.774474],[-65.531661,0.803577],[-65.52595,0.827224],[-65.505486,0.834954],[-65.505486,0.86042],[-65.49692,0.873607],[-65.512149,0.89498],[-65.543083,0.970012],[-65.564023,0.970467],[-65.574969,0.985473],[-65.607806,1.001844],[-65.613517,1.011393],[-65.653494,1.010484],[-65.676813,1.00048],[-65.718693,0.996842],[-65.742965,1.000934],[-65.770091,0.961372],[-65.82149,0.95546],[-65.838146,0.942273],[-65.886689,0.934542],[-65.89002,0.906803],[-65.94237,0.887249],[-65.958075,0.84223],[-65.980919,0.822222],[-66.014233,0.804032],[-66.033745,0.81631],[-66.067059,0.805851],[-66.077053,0.761741],[-66.107987,0.765379],[-66.123692,0.747644],[-66.146059,0.747644],[-66.18556,0.78084],[-66.20412,0.780385],[-66.310724,0.744916],[-66.318339,0.752191],[-66.316435,0.736276],[-66.277886,0.713084],[-66.25647,0.712629],[-66.235054,0.68398],[-66.167475,0.649875],[-66.157957,0.634869],[-66.138921,0.628957],[-66.122264,0.599854],[-66.124168,0.573933],[-66.15177,0.558927],[-66.186512,0.532552],[-66.207928,0.531188],[-66.265989,0.495718],[-66.30882,0.451153],[-66.306917,0.424779],[-66.292164,0.367936],[-66.290736,0.343835],[-66.310724,0.340197],[-66.32167,0.291994],[-66.344989,0.268803],[-66.363074,0.271076],[-66.398291,0.241973],[-66.410189,0.221964],[-66.392104,0.176945],[-66.338803,0.164212],[-66.328809,0.144658],[-66.271699,0.125559],[-66.246,0.105551],[-66.206024,0.105551],[-66.188415,0.111008],[-66.158909,0.082359],[-66.136065,0.04598],[-66.115125,0.031883],[-66.119409,-0.001768],[-66.10989,-0.017229],[-66.116077,-0.046787],[-66.134638,-0.060884],[-66.081812,-0.082257],[-66.092758,-0.101356],[-66.118457,-0.116817],[-66.105131,-0.132278],[-66.082764,-0.136371],[-66.081812,-0.169112],[-66.052305,-0.210948],[-66.04707,-0.244144],[-66.028034,-0.235504],[-66.000907,-0.235959],[-65.998052,-0.207765],[-65.975684,-0.182755],[-65.965214,-0.194578],[-65.945226,-0.194578],[-65.922858,-0.184573],[-65.902394,-0.212313],[-65.889069,-0.26097],[-65.890496,-0.310537],[-65.935708,-0.32236],[-65.939515,-0.331],[-65.989961,-0.328271],[-66.012329,-0.351463],[-66.067059,-0.354646],[-66.092758,-0.367379],[-66.097517,-0.412398],[-66.12036,-0.42695],[-66.134638,-0.480155],[-66.152722,-0.486066],[-66.202217,-0.481064],[-66.228392,-0.490159],[-66.253139,-0.481974],[-66.285025,-0.507894],[-66.283597,-0.537907],[-66.333568,-0.577924],[-66.406858,-0.60157],[-66.42399,-0.59384],[-66.459208,-0.555642],[-66.490618,-0.560189],[-66.508702,-0.5852],[-66.536305,-0.597478],[-66.567715,-0.603844],[-66.609119,-0.633857],[-66.644336,-0.647954],[-66.680981,-0.677512],[-66.710012,-0.691609],[-66.714771,-0.712982],[-66.700969,-0.732081],[-66.702397,-0.761639],[-66.725717,-0.799837],[-66.723813,-0.817572],[-66.694307,-0.810296],[-66.690975,-0.827576],[-66.716199,-0.853496],[-66.739518,-0.901699],[-66.740946,-0.949447],[-66.749512,-0.974003],[-66.763789,-0.989464],[-66.808049,-0.984916],[-66.84279,-0.969],[-66.895616,-0.977186],[-66.924647,-0.975367],[-66.954629,-1.035393],[-66.952249,-1.047671],[-66.930834,-1.069498],[-66.915604,-1.094509],[-66.911797,-1.115882],[-66.926074,-1.13589],[-66.947966,-1.148168],[-66.979852,-1.151806],[-67.016021,-1.166812],[-67.036009,-1.164084],[-67.075034,-1.139528],[-67.099781,-1.132707],[-67.12548,-1.134981],[-67.182113,-1.179545],[-67.209716,-1.190004],[-67.247313,-1.215015],[-67.269205,-1.235933],[-67.321079,-1.263672],[-67.369622,-1.279133],[-67.498593,-1.35462],[-67.509063,-1.407825],[-67.519533,-1.432836],[-67.556178,-1.461484],[-67.59901,-1.465122],[-67.616143,-1.473762],[-67.638034,-1.505594],[-67.649456,-1.51196],[-67.616618,-1.566529],[-67.618998,-1.596087],[-67.608528,-1.612003],[-67.526672,-1.651111],[-67.489075,-1.65202],[-67.439104,-1.640652],[-67.393893,-1.665208],[-67.385803,-1.664298],[-67.369146,-1.632012],[-67.343923,-1.61837],[-67.286338,-1.609729],[-67.254452,-1.620189],[-67.214951,-1.60882],[-67.151655,-1.604273],[-67.110251,-1.58199],[-67.049811,-1.581536],[-67.006027,-1.594723],[-66.973189,-1.591085],[-66.91846,-1.610184],[-66.882291,-1.605182],[-66.852784,-1.607911],[-66.818519,-1.598816],[-66.775211,-1.601544],[-66.73809,-1.624281],[-66.705253,-1.623826],[-66.657662,-1.601544],[-66.630059,-1.571531],[-66.55201,-1.536516],[-66.522504,-1.530605],[-66.478244,-1.506503],[-66.453021,-1.478764],[-66.417804,-1.479219],[-66.386869,-1.469215],[-66.364026,-1.485131],[-66.372116,-1.533333],[-66.345941,-1.563346],[-66.316911,-1.569258],[-66.288356,-1.54834],[-66.268844,-1.519236],[-66.241717,-1.491952],[-66.192699,-1.472398],[-66.148439,-1.44193],[-66.097517,-1.423286],[-66.001383,-1.413736],[-65.981871,-1.41692],[-65.94237,-1.412372],[-65.893828,-1.432381],[-65.876695,-1.46012],[-65.860514,-1.471488],[-65.817682,-1.473307],[-65.783417,-1.494225],[-65.759145,-1.502866],[-65.721549,-1.497863],[-65.686807,-1.501956],[-65.662536,-1.515598],[-65.639692,-1.556525],[-65.647783,-1.605637],[-65.64112,-1.636104],[-65.604951,-1.662934],[-65.55974,-1.660206],[-65.542607,-1.667936],[-65.524998,-1.697494],[-65.52595,-1.76707],[-65.514052,-1.79299],[-65.495968,-1.798447],[-65.466937,-1.743878],[-65.438859,-1.733419],[-65.420298,-1.735693],[-65.390792,-1.754337],[-65.311315,-1.778438]]]},"properties":{"cod_ibge":"130360","name":"Santa Isabel do Rio Negro","uf":"AM"}},
{"type":"Feature","geometry":{"type":"Polygon","coordinates":[[[-61.410289,-3.621955],[-61.451217,-3.655606],[-61.479295,-3.684709],[-61.434084,-3.758832],[-61.422662,-3.801123],[-61.401246,-3.836138],[-61.375071,-3.865696],[-61.375071,-3.888433],[-61.39268,-3.902075],[-61.431229,-3.918901],[-61.484054,-3.987566],[-61.503567,-4.003028],[-61.567814,-4.070784],[-61.583044,-4.125807],[-61.643484,-4.211753],[-61.682984,-4.253589],[-61.72534,-4.242676],[-61.751039,-4.242676],[-61.795299,-4.273143],[-61.853836,-4.271779],[-61.868113,-4.248133],[-61.900951,-4.248133],[-61.908089,-4.261775],[-61.932837,-4.257227],[-61.962343,-4.268596],[-61.965674,-4.283602],[-62.007554,-4.284512],[-62.038964,-4.309977],[-62.053242,-4.311341],[-62.063236,-4.340445],[-62.058477,-4.368639],[-62.079417,-4.399106],[-62.087031,-4.393195],[-62.119393,-4.407292],[-62.143189,-4.434121],[-62.17793,-4.45322],[-62.185069,-4.47232],[-62.222189,-4.493238],[-62.258834,-4.469136],[-62.285485,-4.476867],[-62.304998,-4.506425],[-62.307377,-4.534164],[-62.327365,-4.562813],[-62.395896,-4.587824],[-62.450626,-4.595554],[-62.511542,-4.615108],[-62.539145,-4.616017],[-62.597206,-4.635117],[-62.629092,-4.640119],[-62.657646,-4.625567],[-62.684773,-4.623293],[-62.775672,-4.659673],[-62.795184,-4.674224],[-62.830401,-4.678317],[-62.874661,-4.667858],[-62.90845,-4.647849],[-62.931294,-4.649213],[-62.945571,-4.661946],[-62.954138,-4.69878],[-62.954613,-4.734705],[-62.966987,-4.76017],[-62.999825,-4.792002],[-62.943668,-4.821105],[-62.926535,-4.789274],[-62.901312,-4.787909],[-62.88751,-4.802006],[-62.855148,-4.793366],[-62.825642,-4.791547],[-62.804226,-4.797914],[-62.769961,-4.840659],[-62.756635,-4.844752],[-62.726653,-4.835657],[-62.706189,-4.850663],[-62.695243,-4.8925],[-62.696671,-4.909325],[-62.736647,-4.94434],[-62.733316,-4.968896],[-62.718087,-4.973898],[-62.693815,-4.96253],[-62.679062,-4.916601],[-62.650032,-4.900685],[-62.577218,-5.000728],[-62.356872,-5.214001],[-62.102736,-5.460015],[-62.08132,-5.415451],[-62.01041,-5.32132],[-61.941879,-5.29449],[-61.860974,-5.215365],[-61.783877,-5.167163],[-61.701069,-5.097587],[-61.58114,-4.98845],[-61.524507,-4.940247],[-61.489765,-4.916146],[-61.443602,-4.89159],[-61.419331,-4.854756],[-61.318914,-4.762899],[-61.293691,-4.711968],[-61.271323,-4.662401],[-61.24848,-4.627841],[-61.168051,-4.544168],[-61.009573,-4.423662],[-60.849192,-4.282238],[-60.825872,-4.233581],[-60.807312,-4.18174],[-60.810167,-4.169008],[-60.83777,-4.152637],[-60.848716,-4.171736],[-60.864421,-4.157185],[-60.893927,-4.170372],[-60.903921,-4.148999],[-60.924385,-4.13081],[-60.962458,-4.135357],[-60.966265,-4.106708],[-60.995772,-4.100797],[-61.008145,-4.082607],[-61.027658,-4.082607],[-61.048598,-4.12217],[-61.070965,-4.12126],[-61.097616,-4.134448],[-61.131882,-4.125353],[-61.163768,-4.140814],[-61.163768,-3.974834],[-61.136641,-3.958463],[-61.123315,-3.938454],[-61.087622,-3.917991],[-61.060971,-3.887069],[-61.050501,-3.865241],[-61.04479,-3.821586],[-61.061923,-3.794757],[-61.113321,-3.796575],[-61.152346,-3.781114],[-61.13902,-3.763834],[-61.158057,-3.742916],[-61.147587,-3.732457],[-61.147111,-3.700625],[-61.33224,-3.696078],[-61.410289,-3.621955]]]},"properties":{"cod_ibge":"130063","name":"Beruri","uf":"AM"}},
{"type":"Feature","geometry":{"type":"Polygon","coordinates":[[[-69.946193,-4.272689],[-69.938103,-4.294971],[-69.946669,-4.314979],[-69.977603,-4.341809],[-69.989025,-4.321346],[-70.009013,-4.329531],[-70.036616,-4.356361],[-70.050893,-4.325438],[-70.076592,-4.319982],[-70.077068,-4.285876],[-70.114189,-4.279055],[-70.13275,-4.281783],[-70.140364,-4.299063],[-70.137033,-4.336807],[-70.145123,-4.364546],[-70.136557,-4.381371],[-70.133701,-4.487326],[-70.124183,-4.500968],[-70.259341,-4.650123],[-70.228407,-4.658308],[-70.242209,-4.67286],[-70.227931,-4.686502],[-70.218413,-4.718789],[-70.198901,-4.741526],[-70.199377,-4.761989],[-70.167491,-4.767446],[-70.162732,-4.789728],[-70.147027,-4.813829],[-70.142268,-4.837021],[-70.155593,-4.844297],[-70.127039,-4.867944],[-70.1594,-4.893409],[-70.155593,-4.986631],[-70.169395,-4.997999],[-70.167491,-5.028012],[-70.177485,-5.03165],[-70.171298,-5.07576],[-70.205564,-5.109865],[-70.227931,-5.116232],[-70.249823,-5.140333],[-70.255058,-5.17171],[-70.282185,-5.187171],[-70.303601,-5.247652],[-70.330728,-5.282212],[-70.340722,-5.307677],[-70.334059,-5.333598],[-70.346433,-5.339509],[-70.353095,-5.379526],[-70.364993,-5.395442],[-70.396879,-5.419089],[-70.386409,-5.427729],[-70.396879,-5.463199],[-70.412108,-5.485936],[-70.445898,-5.498214],[-70.451609,-5.527772],[-70.443994,-5.539595],[-70.458747,-5.579157],[-70.460175,-5.598711],[-70.449229,-5.632817],[-70.465886,-5.670105],[-70.467314,-5.70603],[-70.484446,-5.726948],[-70.480639,-5.756961],[-70.518712,-5.822443],[-70.51538,-5.841088],[-70.533941,-5.84609],[-70.540604,-5.86337],[-70.556309,-5.867463],[-70.574869,-5.927034],[-70.605803,-5.952499],[-70.623412,-5.980693],[-70.612942,-6.001611],[-70.632454,-6.019346],[-70.608183,-6.057089],[-70.608659,-6.079372],[-70.595809,-6.085738],[-70.596761,-6.138943],[-70.581056,-6.154404],[-70.594857,-6.188509],[-70.605327,-6.244442],[-70.65387,-6.286278],[-70.663864,-6.299466],[-70.697654,-6.312653],[-70.704792,-6.334936],[-70.739058,-6.374953],[-70.756666,-6.376317],[-70.798546,-6.417244],[-70.820438,-6.463172],[-70.853752,-6.49364],[-70.901819,-6.492276],[-70.908005,-6.509101],[-70.936084,-6.526836],[-70.960355,-6.516377],[-70.98891,-6.534112],[-71.012705,-6.532293],[-71.048399,-6.543661],[-71.063152,-6.573674],[-71.085995,-6.606416],[-71.167852,-6.619148],[-71.231624,-6.615965],[-71.267793,-6.645978],[-71.280166,-6.663713],[-71.302058,-6.678265],[-71.33442,-6.668715],[-71.343462,-6.681448],[-71.300154,-6.690997],[-71.280642,-6.720555],[-71.247329,-6.731924],[-71.235431,-6.720555],[-71.189744,-6.726922],[-71.180701,-6.709187],[-71.14358,-6.706459],[-71.129303,-6.693726],[-71.103128,-6.702366],[-71.10408,-6.675536],[-71.090754,-6.66053],[-71.024127,-6.653254],[-70.993669,-6.646888],[-70.975584,-6.65098],[-70.949885,-6.677355],[-70.931325,-6.671898],[-70.929897,-6.696909],[-70.915144,-6.72101],[-70.900867,-6.705549],[-70.864222,-6.726467],[-70.854228,-6.715553],[-70.834715,-6.719191],[-70.790456,-6.707368],[-70.778558,-6.691452],[-70.772371,-6.655982],[-70.757142,-6.648252],[-70.730967,-6.654163],[-70.701937,-6.636429],[-70.687184,-6.61551],[-70.653394,-6.595047],[-70.617225,-6.60687],[-70.595333,-6.595502],[-70.586767,-6.559577],[-70.572014,-6.534567],[-70.572014,-6.505009],[-70.564875,-6.484545],[-70.532513,-6.457261],[-70.508718,-6.415879],[-70.470169,-6.401328],[-70.462555,-6.385412],[-70.421626,-6.37177],[-70.404494,-6.375408],[-70.390216,-6.342666],[-70.380222,-6.304013],[-70.348812,-6.290371],[-70.353095,-6.263541],[-70.372132,-6.247626],[-70.366897,-6.229891],[-70.398783,-6.18669],[-70.435904,-6.193966],[-70.445422,-6.177596],[-70.430193,-6.148037],[-70.425434,-6.120753],[-70.3945,-6.088012],[-70.364517,-6.039809],[-70.341198,-6.02162],[-70.307884,-6.011615],[-70.310264,-5.960684],[-70.323589,-5.93431],[-70.306932,-5.914756],[-70.298366,-5.855639],[-70.269335,-5.829719],[-70.274095,-5.795614],[-70.258865,-5.751959],[-70.264576,-5.711487],[-70.257914,-5.68011],[-70.281233,-5.666467],[-70.286468,-5.628269],[-70.273143,-5.616446],[-70.25363,-5.61872],[-70.235546,-5.580067],[-70.236974,-5.563241],[-70.210799,-5.542323],[-70.197949,-5.509582],[-70.194618,-5.469565],[-70.182244,-5.424546],[-70.181292,-5.398625],[-70.188907,-5.365884],[-70.176533,-5.32996],[-70.150358,-5.290397],[-70.156069,-5.245833],[-70.144171,-5.212182],[-70.11181,-5.184898],[-70.092297,-5.133512],[-70.043755,-5.09304],[-70.021387,-5.060299],[-69.999019,-5.016644],[-69.973796,-5.003911],[-69.948573,-5.000728],[-69.950476,-4.971624],[-69.974748,-4.91842],[-69.968561,-4.895683],[-69.93382,-4.85612],[-69.894795,-4.783362],[-69.885277,-4.733795],[-69.862433,-4.717879],[-69.831975,-4.707875],[-69.794854,-4.673769],[-69.76392,-4.653761],[-69.717281,-4.593735],[-69.694913,-4.580093],[-69.653509,-4.577365],[-69.623051,-4.581002],[-69.614485,-4.574181],[-69.61972,-4.533709],[-69.610201,-4.51461],[-69.579743,-4.504606],[-69.548333,-4.502787],[-69.531201,-4.455949],[-69.503598,-4.429574],[-69.470284,-4.418205],[-69.447916,-4.423662],[-69.436971,-4.384555],[-69.448868,-4.356361],[-69.490272,-4.3409],[-69.515971,-4.319527],[-69.533104,-4.279055],[-69.570701,-4.309068],[-69.641136,-4.312251],[-69.709666,-4.350904],[-69.781053,-4.372277],[-69.851487,-4.339535],[-69.884325,-4.312251],[-69.916211,-4.291788],[-69.93144,-4.291788],[-69.946193,-4.272689]]]},"properties":{"cod_ibge":"130060","name":"Benjamin Constant","uf":"AM"}},
{"type":"Feature","geometry":{"type":"Polygon","coordinates":[[[-69.491224,-7.203035],[-69.485037,-7.180753],[-69.456483,-7.170748],[-69.454579,-7.146192],[-69.483134,-7.128912],[-69.486465,-7.10572],[-69.462194,-7.100264],[-69.413651,-7.074798],[-69.415079,-7.062065],[-69.389856,-7.026596],[-69.360825,-7.012499],[-69.32418,-7.015227],[-69.308951,-7.007951],[-69.286583,-7.012044],[-69.236137,-6.992945],[-69.217576,-6.977938],[-69.192829,-6.944742],[-69.165702,-6.960658],[-69.132865,-6.961568],[-69.133816,-6.99249],[-69.127154,-7.016137],[-69.109545,-7.029324],[-69.09384,-7.026141],[-69.087653,-7.048423],[-69.069569,-7.03569],[-69.052436,-7.049787],[-69.040062,-7.028869],[-69.01246,-7.034781],[-69.032924,-7.072979],[-69.017219,-7.075708],[-68.996279,-7.057973],[-68.975339,-7.062975],[-68.962965,-7.078436],[-68.923941,-7.091169],[-68.903001,-7.105266],[-68.863976,-7.103447],[-68.840657,-7.108449],[-68.806391,-7.099354],[-68.766891,-7.108449],[-68.72977,-7.122091],[-68.688366,-7.102083],[-68.65648,-7.103902],[-68.605557,-7.1421],[-68.593184,-7.161654],[-68.598895,-7.178934],[-68.566533,-7.200761],[-68.567009,-7.218951],[-68.542737,-7.223953],[-68.534171,-7.247145],[-68.519418,-7.241688],[-68.492767,-7.248509],[-68.476586,-7.220315],[-68.491339,-7.191666],[-68.487532,-7.161654],[-68.462309,-7.1421],[-68.457074,-7.157561],[-68.387115,-7.179388],[-68.345235,-7.174386],[-68.319536,-7.158925],[-68.273373,-7.177569],[-68.233397,-7.152559],[-68.202462,-7.1421],[-68.177715,-7.147102],[-68.17248,-7.168475],[-68.144877,-7.155742],[-68.1306,-7.163472],[-68.114895,-7.146647],[-68.077298,-7.143919],[-68.064449,-7.123001],[-68.041605,-7.117089],[-68.000677,-7.15074],[-67.985924,-7.145738],[-67.947375,-7.151649],[-67.936429,-7.163927],[-67.914538,-7.154832],[-67.901688,-7.165746],[-67.882176,-7.209401],[-67.876465,-7.240778],[-67.903592,-7.260332],[-67.884555,-7.271246],[-67.839344,-7.252147],[-67.809362,-7.248964],[-67.796036,-7.257149],[-67.72465,-7.263061],[-67.691812,-7.309444],[-67.697999,-7.331272],[-67.655167,-7.356737],[-67.641842,-7.399483],[-67.612335,-7.410851],[-67.598534,-7.401756],[-67.56522,-7.349461],[-67.522864,-7.32536],[-67.503352,-7.292164],[-67.497165,-7.268517],[-67.500497,-7.247145],[-67.500497,-7.206673],[-67.490503,-7.171203],[-67.444815,-7.000221],[-67.435773,-6.979757],[-67.413405,-6.953382],[-67.421972,-6.915639],[-67.416261,-6.890174],[-67.394845,-6.86107],[-67.37914,-6.85334],[-67.377712,-6.812868],[-67.365338,-6.812413],[-67.355344,-6.83515],[-67.340591,-6.811958],[-67.322507,-6.826055],[-67.283006,-6.826055],[-67.268729,-6.813322],[-67.256355,-6.838333],[-67.175451,-6.820144],[-67.159746,-6.785583],[-67.143565,-6.797861],[-67.128812,-6.77467],[-67.097402,-6.792859],[-67.043624,-6.771941],[-67.021256,-6.745566],[-66.977473,-6.775124],[-66.932737,-6.790585],[-66.916556,-6.810594],[-66.890857,-6.800135],[-66.818519,-6.802863],[-66.797579,-6.812413],[-66.775687,-6.79104],[-66.753319,-6.79104],[-66.740946,-6.801954],[-66.700018,-6.784674],[-66.680029,-6.781491],[-66.624348,-6.758299],[-66.621969,-6.772396],[-66.571522,-6.730105],[-66.538209,-6.741928],[-66.516317,-6.731924],[-66.496329,-6.7392],[-66.447786,-6.729196],[-66.424466,-6.717372],[-66.406858,-6.664168],[-66.389725,-6.641885],[-66.362598,-6.645978],[-66.359267,-6.620058],[-66.382586,-6.622332],[-66.398291,-6.636429],[-66.428749,-6.605961],[-66.446358,-6.606416],[-66.455876,-6.588226],[-66.47872,-6.568217],[-66.523931,-6.577767],[-66.534877,-6.565489],[-66.573902,-6.561851],[-66.620065,-6.551847],[-66.670987,-6.519106],[-66.699066,-6.525472],[-66.703825,-6.514103],[-66.743325,-6.500006],[-66.779494,-6.496368],[-66.794724,-6.472267],[-66.810429,-6.469084],[-66.82423,-6.439071],[-66.862779,-6.409513],[-66.875152,-6.412242],[-66.911321,-6.39678],[-66.929882,-6.400418],[-66.946063,-6.387231],[-66.986991,-6.376772],[-67.044576,-6.387231],[-67.091691,-6.332662],[-67.146896,-6.342212],[-67.159746,-6.334481],[-67.183065,-6.338574],[-67.208288,-6.333117],[-67.23018,-6.356763],[-67.24303,-6.392233],[-67.241602,-6.409058],[-67.258735,-6.418608],[-67.285386,-6.41497],[-67.312037,-6.42452],[-67.350585,-6.451349],[-67.373429,-6.492731],[-67.411502,-6.50319],[-67.426255,-6.519106],[-67.453382,-6.50228],[-67.509539,-6.542752],[-67.531907,-6.536386],[-67.556654,-6.540478],[-67.576642,-6.553211],[-67.640414,-6.569127],[-67.652788,-6.549118],[-67.672776,-6.560942],[-67.710373,-6.548664],[-67.741307,-6.509556],[-67.796988,-6.51956],[-67.77462,-6.471358],[-67.781283,-6.456351],[-67.754156,-6.383138],[-67.733692,-6.352216],[-67.700854,-6.329934],[-67.697047,-6.301285],[-67.676107,-6.28446],[-67.666589,-6.254447],[-67.621378,-6.23944],[-67.645173,-6.17805],[-67.665637,-6.165318],[-67.678487,-6.141671],[-67.668968,-6.096197],[-67.676107,-6.072551],[-67.669444,-6.043447],[-67.895025,-6.046176],[-68.305259,-6.050723],[-68.344283,-6.081645],[-68.368555,-6.084374],[-68.372838,-6.109385],[-68.389019,-6.117115],[-68.424712,-6.149856],[-68.432802,-6.164408],[-68.487532,-6.17896],[-68.510852,-6.193966],[-68.543689,-6.195785],[-68.554635,-6.208518],[-68.573196,-6.208518],[-68.586521,-6.229891],[-68.602226,-6.235802],[-68.609365,-6.263087],[-68.630781,-6.268998],[-68.681703,-6.307197],[-68.673612,-6.329024],[-68.682655,-6.354944],[-68.665998,-6.371315],[-68.663618,-6.404966],[-68.694077,-6.406785],[-68.740716,-6.425429],[-68.76927,-6.401328],[-68.809247,-6.38905],[-68.810674,-6.411787],[-68.823524,-6.42452],[-68.879205,-6.416789],[-68.902525,-6.36222],[-68.931555,-6.376772],[-68.94726,-6.375408],[-68.994851,-6.359492],[-69.018646,-6.389505],[-69.036731,-6.398599],[-69.091461,-6.370405],[-69.110973,-6.372224],[-69.157612,-6.418153],[-69.180931,-6.40542],[-69.217576,-6.43225],[-69.237089,-6.413151],[-69.216625,-6.38041],[-69.210438,-6.345395],[-69.215673,-6.33539],[-69.268023,-6.284005],[-69.283728,-6.28355],[-69.311806,-6.306742],[-69.323704,-6.348578],[-69.333698,-6.361311],[-69.334174,-6.587317],[-69.321325,-6.613237],[-69.332746,-6.629607],[-69.335126,-6.68645],[-69.354162,-6.723739],[-69.358446,-6.763756],[-69.374626,-6.793314],[-69.369867,-6.837424],[-69.367964,-6.893357],[-69.380813,-6.91473],[-69.420314,-6.94929],[-69.440778,-6.98476],[-69.445061,-7.003859],[-69.47076,-7.022503],[-69.505026,-7.031143],[-69.533104,-7.047968],[-69.528345,-7.095261],[-69.515971,-7.114361],[-69.524062,-7.144373],[-69.521682,-7.178024],[-69.491224,-7.203035]]]},"properties":{"cod_ibge":"130195","name":"Itamarati","uf":"AM"}},
{"type":"Feature","geometry":{"type":"Polygon","coordinates":[[[-62.102736,-5.460015],[-62.356872,-5.214001],[-62.577218,-5.000728],[-62.650032,-4.900685],[-62.679062,-4.916601],[-62.693815,-4.96253],[-62.718087,-4.973898],[-62.733316,-4.968896],[-62.736647,-4.94434],[-62.696671,-4.909325],[-62.695243,-4.8925],[-62.706189,-4.850663],[-62.726653,-4.835657],[-62.756635,-4.844752],[-62.769961,-4.840659],[-62.804226,-4.797914],[-62.825642,-4.791547],[-62.855148,-4.793366],[-62.88751,-4.802006],[-62.901312,-4.787909],[-62.926535,-4.789274],[-62.943668,-4.821105],[-62.999825,-4.792002],[-63.000301,-4.764263],[-62.990307,-4.744254],[-63.010771,-4.732886],[-63.031235,-4.705147],[-63.052175,-4.724246],[-63.093579,-4.734705],[-63.129272,-4.760625],[-63.177815,-4.768355],[-63.206845,-4.789728],[-63.221123,-4.816558],[-63.235876,-4.873855],[-63.248249,-4.906596],[-63.278232,-4.926605],[-63.302503,-4.962984],[-63.335817,-4.990269],[-63.341052,-5.000728],[-63.342003,-5.053932],[-63.355805,-5.100316],[-63.371986,-5.121689],[-63.406727,-5.133057],[-63.441468,-5.150792],[-63.52618,-5.157613],[-63.554259,-5.156249],[-63.603277,-5.13624],[-63.637067,-5.143061],[-63.692272,-5.112594],[-63.713212,-5.11123],[-63.766038,-5.128055],[-63.797924,-5.147154],[-63.825051,-5.152611],[-63.855033,-5.169891],[-63.883112,-5.193538],[-63.926896,-5.210363],[-63.94498,-5.236283],[-64.025885,-5.267206],[-64.037307,-5.280848],[-64.049204,-5.325412],[-64.086325,-5.374069],[-64.095367,-5.412268],[-64.111072,-5.423181],[-64.164374,-5.42591],[-64.196736,-5.443645],[-64.232429,-5.473658],[-64.298581,-5.480479],[-64.367111,-5.52186],[-64.405184,-5.549145],[-64.443257,-5.563241],[-64.452299,-5.600075],[-64.473715,-5.634636],[-64.476571,-5.67056],[-64.492751,-5.689659],[-64.524637,-5.699664],[-64.542246,-5.684202],[-64.603638,-5.698299],[-64.625054,-5.712851],[-64.629813,-5.728767],[-64.670266,-5.768784],[-64.705007,-5.785609],[-64.723567,-5.802435],[-64.763544,-5.804709],[-64.813038,-5.786974],[-64.85587,-5.784245],[-64.906792,-5.759235],[-64.961522,-5.745138],[-64.998167,-5.744683],[-65.050993,-5.754232],[-65.069077,-5.751959],[-65.117144,-5.704211],[-65.146651,-5.69648],[-65.196621,-5.734679],[-65.223272,-5.746047],[-65.24088,-5.74059],[-65.258489,-5.707394],[-65.289899,-5.691478],[-65.323689,-5.686931],[-65.356526,-5.646004],[-65.37128,-5.637364],[-65.398882,-5.645095],[-65.427437,-5.669196],[-65.45266,-5.673743],[-65.493588,-5.65419],[-65.529281,-5.642366],[-65.569258,-5.613263],[-65.600668,-5.572791],[-65.60971,-5.527317],[-65.625891,-5.52277],[-65.665391,-5.552782],[-65.689187,-5.546871],[-65.710127,-5.51413],[-65.730115,-5.445918],[-65.752959,-5.451375],[-65.78532,-5.491847],[-65.821014,-5.497759],[-65.844809,-5.492302],[-65.875743,-5.448192],[-65.90049,-5.436824],[-65.912864,-5.438188],[-65.940943,-5.406811],[-65.964738,-5.398171],[-65.998052,-5.416815],[-66.031365,-5.422272],[-66.074673,-5.418634],[-66.094185,-5.402718],[-66.084667,-5.379072],[-66.116077,-5.369977],[-66.144156,-5.39044],[-66.157957,-5.369977],[-66.268368,-5.356789],[-66.294543,-5.359973],[-66.336899,-5.385893],[-66.352128,-5.3818],[-66.389249,-5.414087],[-66.428749,-5.432276],[-66.494901,-5.43364],[-66.517744,-5.445009],[-66.564859,-5.393623],[-66.583896,-5.466837],[-66.630535,-5.4873],[-66.641481,-5.510946],[-66.669559,-5.529591],[-66.685264,-5.559604],[-66.705729,-5.559604],[-66.715247,-5.545961],[-66.785681,-5.547326],[-66.783302,-5.530955],[-66.809953,-5.5305],[-66.857544,-5.520041],[-66.903231,-5.496849],[-66.903231,-5.452285],[-66.941304,-5.425],[-66.95796,-5.419998],[-66.976521,-5.444554],[-66.977473,-5.468655],[-66.991274,-5.499578],[-67.021732,-5.499123],[-67.038865,-5.522315],[-67.087408,-5.561877],[-67.111203,-5.5737],[-67.120245,-5.598711],[-67.121197,-5.625541],[-67.157842,-5.621448],[-67.165457,-5.632362],[-67.197343,-5.647368],[-67.205909,-5.661011],[-67.203053,-5.694207],[-67.18021,-5.716489],[-67.223518,-5.750594],[-67.265398,-5.818805],[-67.287289,-5.84609],[-67.300615,-5.848364],[-67.309657,-5.806073],[-67.332501,-5.797887],[-67.374381,-5.814258],[-67.388658,-5.824717],[-67.376284,-5.860187],[-67.357724,-5.877922],[-67.365814,-5.901113],[-67.401032,-5.908844],[-67.425303,-5.920213],[-67.445767,-5.91521],[-67.448147,-5.890654],[-67.500497,-5.892473],[-67.529051,-5.911573],[-67.545232,-5.912482],[-67.562365,-5.944314],[-67.572835,-5.992971],[-67.588064,-5.991152],[-67.614239,-5.971143],[-67.629468,-5.951135],[-67.65945,-5.935219],[-67.674679,-5.944314],[-67.699427,-5.945223],[-67.705138,-5.962049],[-67.702758,-5.997518],[-67.692288,-6.024803],[-67.669444,-6.043447],[-67.676107,-6.072551],[-67.668968,-6.096197],[-67.678487,-6.141671],[-67.665637,-6.165318],[-67.645173,-6.17805],[-67.621378,-6.23944],[-67.666589,-6.254447],[-67.676107,-6.28446],[-67.697047,-6.301285],[-67.700854,-6.329934],[-67.733692,-6.352216],[-67.754156,-6.383138],[-67.781283,-6.456351],[-67.77462,-6.471358],[-67.796988,-6.51956],[-67.741307,-6.509556],[-67.710373,-6.548664],[-67.672776,-6.560942],[-67.652788,-6.549118],[-67.640414,-6.569127],[-67.576642,-6.553211],[-67.556654,-6.540478],[-67.531907,-6.536386],[-67.509539,-6.542752],[-67.453382,-6.50228],[-67.426255,-6.519106],[-67.411502,-6.50319],[-67.373429,-6.492731],[-67.350585,-6.451349],[-67.312037,-6.42452],[-67.285386,-6.41497],[-67.258735,-6.418608],[-67.241602,-6.409058],[-67.24303,-6.392233],[-67.23018,-6.356763],[-67.208288,-6.333117],[-67.183065,-6.338574],[-67.159746,-6.334481],[-67.146896,-6.342212],[-67.091691,-6.332662],[-67.044576,-6.387231],[-66.986991,-6.376772],[-66.946063,-6.387231],[-66.929882,-6.400418],[-66.911321,-6.39678],[-66.875152,-6.412242],[-66.862779,-6.409513],[-66.82423,-6.439071],[-66.810429,-6.469084],[-66.794724,-6.472267],[-66.779494,-6.496368],[-66.743325,-6.500006],[-66.703825,-6.514103],[-66.699066,-6.525472],[-66.670987,-6.519106],[-66.620065,-6.551847],[-66.573902,-6.561851],[-66.534877,-6.565489],[-66.523931,-6.577767],[-66.47872,-6.568217],[-66.455876,-6.588226],[-66.446358,-6.606416],[-66.428749,-6.605961],[-66.398291,-6.636429],[-66.382586,-6.622332],[-66.359267,-6.620058],[-66.362598,-6.645978],[-66.389725,-6.641885],[-66.406858,-6.664168],[-66.424466,-6.717372],[-66.447786,-6.729196],[-66.496329,-6.7392],[-66.516317,-6.731924],[-66.538209,-6.741928],[-66.571522,-6.730105],[-66.621969,-6.772396],[-66.624348,-6.758299],[-66.680029,-6.781491],[-66.700018,-6.784674],[-66.740946,-6.801954],[-66.753319,-6.79104],[-66.775687,-6.79104],[-66.797579,-6.812413],[-66.818519,-6.802863],[-66.890857,-6.800135],[-66.916556,-6.810594],[-66.932737,-6.790585],[-66.977473,-6.775124],[-67.021256,-6.745566],[-67.043624,-6.771941],[-67.097402,-6.792859],[-67.128812,-6.77467],[-67.143565,-6.797861],[-67.159746,-6.785583],[-67.175451,-6.820144],[-67.256355,-6.838333],[-67.268729,-6.813322],[-67.283006,-6.826055],[-67.322507,-6.826055],[-67.340591,-6.811958],[-67.355344,-6.83515],[-67.365338,-6.812413],[-67.377712,-6.812868],[-67.37914,-6.85334],[-67.394845,-6.86107],[-67.416261,-6.890174],[-67.421972,-6.915639],[-67.413405,-6.953382],[-67.435773,-6.979757],[-67.444815,-7.000221],[-67.490503,-7.171203],[-67.468135,-7.163472],[-67.445291,-7.171658],[-67.405315,-7.138917],[-67.40817,-7.122546],[-67.394369,-7.103902],[-67.378188,-7.102083],[-67.342495,-7.073434],[-67.343447,-7.049787],[-67.305374,-7.019775],[-67.285862,-7.029779],[-67.270157,-7.003404],[-67.22209,-7.000221],[-67.213999,-6.960204],[-67.189252,-6.964296],[-67.141185,-6.962023],[-67.120721,-6.948835],[-67.0836,-6.960204],[-67.071227,-6.970663],[-67.034106,-6.967479],[-67.005075,-6.981576],[-66.986991,-6.997492],[-66.972238,-7.028869],[-66.936069,-7.045695],[-66.91608,-7.070705],[-66.922743,-7.093442],[-66.899899,-7.098445],[-66.901803,-7.112087],[-66.880863,-7.123001],[-66.873249,-7.146647],[-66.857544,-7.153468],[-66.830417,-7.135733],[-66.816615,-7.155287],[-66.781874,-7.177115],[-66.749036,-7.167565],[-66.710012,-7.176205],[-66.684789,-7.196214],[-66.680029,-7.210765],[-66.689548,-7.232593],[-66.683837,-7.24669],[-66.661469,-7.253056],[-66.605788,-7.249873],[-66.594366,-7.218496],[-66.575329,-7.206673],[-66.547251,-7.223043],[-66.515365,-7.260787],[-66.496329,-7.260332],[-66.47872,-7.233957],[-66.44493,-7.256694],[-66.379255,-7.256694],[-66.370213,-7.269882],[-66.339754,-7.268972],[-66.323574,-7.284888],[-66.309296,-7.28125],[-66.297874,-7.302623],[-66.281694,-7.306261],[-66.257898,-7.326724],[-66.223157,-7.30717],[-66.188891,-7.299895],[-66.147487,-7.339002],[-66.123216,-7.345823],[-66.091806,-7.321722],[-66.054209,-7.332636],[-66.039456,-7.330817],[-66.008522,-7.308535],[-65.977588,-7.308989],[-65.954268,-7.288071],[-65.91572,-7.275793],[-65.893352,-7.277158],[-65.872412,-7.265789],[-65.827676,-7.28125],[-65.809592,-7.280341],[-65.771995,-7.253511],[-65.770091,-7.234412],[-65.730591,-7.219406],[-65.693946,-7.235321],[-65.624463,-7.259423],[-65.577348,-7.240324],[-65.515956,-7.258968],[-65.49216,-7.247145],[-65.477883,-7.276248],[-65.441238,-7.283979],[-65.398882,-7.275793],[-65.366996,-7.250328],[-65.340345,-7.246235],[-65.30846,-7.226681],[-65.297514,-7.234412],[-65.252302,-7.193485],[-65.196145,-7.17666],[-65.10953,-7.135279],[-65.095252,-7.104811],[-65.039095,-7.073434],[-65.03386,-7.05479],[-65.001974,-7.03569],[-64.984366,-7.033872],[-64.974371,-7.013863],[-64.978655,-6.987033],[-64.997215,-6.976574],[-65.017203,-6.950199],[-64.99436,-6.919732],[-64.982462,-6.890174],[-64.99198,-6.87062],[-64.989125,-6.829693],[-65.006257,-6.797407],[-64.964853,-6.747385],[-64.945817,-6.702821],[-64.932491,-6.684176],[-64.898702,-6.6769],[-64.888708,-6.699183],[-64.913931,-6.747385],[-64.884901,-6.749204],[-64.8454,-6.742838],[-64.814466,-6.733288],[-64.785436,-6.734652],[-64.767827,-6.725558],[-64.759736,-6.694181],[-64.736417,-6.671444],[-64.734513,-6.626424],[-64.723091,-6.609144],[-64.690254,-6.586862],[-64.676928,-6.561396],[-64.675025,-6.521834],[-64.664555,-6.488638],[-64.637428,-6.461808],[-64.632669,-6.393142],[-64.624578,-6.378591],[-64.564138,-6.33539],[-64.539866,-6.304468],[-64.527017,-6.268998],[-64.515119,-6.207608],[-64.477998,-6.185781],[-64.456582,-6.159861],[-64.452299,-6.130757],[-64.430407,-6.10029],[-64.387576,-6.096652],[-64.388527,-5.926579],[-64.362828,-5.91521],[-64.273357,-5.938857],[-63.959733,-6.198059],[-63.594235,-6.499097],[-63.178767,-6.842426],[-63.164965,-6.846064],[-63.049795,-6.8447],[-63.010295,-6.78331],[-62.970318,-6.688269],[-62.944143,-6.553211],[-62.926535,-6.520015],[-62.895125,-6.486364],[-62.881323,-6.453623],[-62.863715,-6.429976],[-62.847058,-6.407239],[-62.791853,-6.355854],[-62.741406,-6.27491],[-62.644797,-6.188055],[-62.567699,-6.094833],[-62.492506,-5.972508],[-62.443011,-5.934764],[-62.332124,-5.817896],[-62.290244,-5.75787],[-62.195063,-5.604623],[-62.159845,-5.550509],[-62.12558,-5.505489],[-62.102736,-5.460015]]]},"properties":{"cod_ibge":"130410","name":"Tapauá","uf":"AM"}},
{"type":"Feature","geometry":{"type":"Polygon","coordinates":[[[-58.070359,-3.306365],[-58.062268,-3.339107],[-58.04228,-3.349111],[-58.028955,-3.340926],[-57.950906,-3.344109],[-57.900459,-3.284538],[-57.878092,-3.293178],[-57.862387,-3.281809],[-57.834784,-3.277717],[-57.825742,-3.24543],[-57.809561,-3.224967],[-57.803374,-3.181767],[-57.794332,-3.16676],[-57.795759,-3.133564],[-57.616342,-3.133564],[-57.618721,-3.173581],[-57.633474,-3.179038],[-57.638233,-3.211779],[-57.636806,-3.248159],[-57.625384,-3.257254],[-57.622053,-3.306365],[-57.602064,-3.31546],[-57.589215,-3.340016],[-57.567323,-3.321372],[-57.528774,-3.316824],[-57.515925,-3.324555],[-57.509738,-3.370029],[-57.501172,-3.3864],[-57.49784,-3.417777],[-57.48737,-3.443242],[-57.465479,-3.460977],[-57.43502,-3.500085],[-57.370297,-3.513727],[-57.371724,-3.478257],[-57.358399,-3.438695],[-57.366965,-3.404589],[-57.363158,-3.380033],[-57.374104,-3.33274],[-57.392189,-3.323646],[-57.394092,-3.295906],[-57.40361,-3.276353],[-57.422647,-3.288631],[-57.45596,-3.266348],[-57.459292,-3.034431],[-57.434544,-3.006692],[-57.412177,-3.018515],[-57.402659,-2.989411],[-57.388381,-2.981226],[-57.353164,-2.937571],[-57.354592,-2.911196],[-57.397899,-2.917108],[-57.41646,-2.944847],[-57.425026,-2.93939],[-57.467382,-2.94894],[-57.482135,-2.871179],[-57.470714,-2.857992],[-57.436448,-2.843895],[-57.481659,-2.808425],[-57.494033,-2.807061],[-57.522588,-2.814336],[-57.534009,-2.828888],[-57.555425,-2.824341],[-57.575889,-2.837073],[-57.601113,-2.889823],[-57.631571,-2.914379],[-57.645372,-2.941209],[-57.676782,-2.942573],[-57.716283,-2.961218],[-57.739126,-2.961672],[-57.761494,-2.985319],[-57.776723,-2.991685],[-57.817651,-2.955306],[-57.834308,-2.963037],[-57.878568,-2.963491],[-57.890465,-2.953032],[-57.992786,-3.134019],[-58.01325,-3.149025],[-58.020864,-3.1754],[-58.041804,-3.201775],[-58.066076,-3.214963],[-58.064648,-3.275898],[-58.070359,-3.306365]]]},"properties":{"cod_ibge":"130068","name":"Boa Vista do Ramos","uf":"AM"}},
{"type":"Feature","geometry":{"type":"Polygon","coordinates":[[[-65.039095,-7.073434],[-65.095252,-7.104811],[-65.10953,-7.135279],[-65.196145,-7.17666],[-65.252302,-7.193485],[-65.297514,-7.234412],[-65.30846,-7.226681],[-65.340345,-7.246235],[-65.366996,-7.250328],[-65.398882,-7.275793],[-65.441238,-7.283979],[-65.477883,-7.276248],[-65.49216,-7.247145],[-65.515956,-7.258968],[-65.577348,-7.240324],[-65.624463,-7.259423],[-65.693946,-7.235321],[-65.730591,-7.219406],[-65.770091,-7.234412],[-65.771995,-7.253511],[-65.809592,-7.280341],[-65.827676,-7.28125],[-65.872412,-7.265789],[-65.893352,-7.277158],[-65.91572,-7.275793],[-65.954268,-7.288071],[-65.977588,-7.308989],[-66.008522,-7.308535],[-66.039456,-7.330817],[-66.054209,-7.332636],[-66.091806,-7.321722],[-66.123216,-7.345823],[-66.147487,-7.339002],[-66.188891,-7.299895],[-66.223157,-7.30717],[-66.257898,-7.326724],[-66.281694,-7.306261],[-66.297874,-7.302623],[-66.309296,-7.28125],[-66.323574,-7.284888],[-66.339754,-7.268972],[-66.370213,-7.269882],[-66.379255,-7.256694],[-66.44493,-7.256694],[-66.47872,-7.233957],[-66.496329,-7.260332],[-66.515365,-7.260787],[-66.547251,-7.223043],[-66.575329,-7.206673],[-66.594366,-7.218496],[-66.605788,-7.249873],[-66.661469,-7.253056],[-66.683837,-7.24669],[-66.689548,-7.232593],[-66.680029,-7.210765],[-66.684789,-7.196214],[-66.710012,-7.176205],[-66.749036,-7.167565],[-66.781874,-7.177115],[-66.816615,-7.155287],[-66.830417,-7.135733],[-66.857544,-7.153468],[-66.873249,-7.146647],[-66.880863,-7.123001],[-66.901803,-7.112087],[-66.899899,-7.098445],[-66.922743,-7.093442],[-66.91608,-7.070705],[-66.936069,-7.045695],[-66.972238,-7.028869],[-66.986991,-6.997492],[-67.005075,-6.981576],[-67.034106,-6.967479],[-67.071227,-6.970663],[-67.0836,-6.960204],[-67.120721,-6.948835],[-67.141185,-6.962023],[-67.189252,-6.964296],[-67.213999,-6.960204],[-67.22209,-7.000221],[-67.270157,-7.003404],[-67.285862,-7.029779],[-67.305374,-7.019775],[-67.343447,-7.049787],[-67.342495,-7.073434],[-67.378188,-7.102083],[-67.394369,-7.103902],[-67.40817,-7.122546],[-67.405315,-7.138917],[-67.445291,-7.171658],[-67.468135,-7.163472],[-67.490503,-7.171203],[-67.500497,-7.206673],[-67.500497,-7.247145],[-67.469087,-7.260332],[-67.442436,-7.287162],[-67.383899,-7.287162],[-67.348206,-7.276248],[-67.337736,-7.253056],[-67.344398,-7.224862],[-67.341067,-7.20349],[-67.349633,-7.17666],[-67.326314,-7.155287],[-67.292524,-7.108904],[-67.278723,-7.102083],[-67.263494,-7.076162],[-67.20924,-7.059792],[-67.176878,-7.057973],[-67.154987,-7.046604],[-67.140233,-7.051152],[-67.127384,-7.024777],[-67.069799,-7.008861],[-67.034106,-7.045695],[-67.03125,-7.087076],[-67.005551,-7.087531],[-66.995557,-7.118908],[-66.963671,-7.133005],[-66.964623,-7.145738],[-66.946063,-7.176205],[-66.942731,-7.193485],[-66.958436,-7.213039],[-66.937972,-7.253056],[-66.927978,-7.249418],[-66.893713,-7.268063],[-66.880863,-7.267608],[-66.842314,-7.303532],[-66.817091,-7.321722],[-66.793772,-7.320358],[-66.786157,-7.34355],[-66.756651,-7.346733],[-66.739994,-7.377655],[-66.720958,-7.371289],[-66.718102,-7.392207],[-66.67527,-7.428586],[-66.675746,-7.445411],[-66.657186,-7.457235],[-66.616734,-7.471332],[-66.608643,-7.488157],[-66.537257,-7.49998],[-66.516793,-7.49998],[-66.484907,-7.517715],[-66.458732,-7.49998],[-66.451117,-7.50953],[-66.428274,-7.503163],[-66.420183,-7.484064],[-66.375448,-7.489067],[-66.365454,-7.538633],[-66.373068,-7.560915],[-66.400671,-7.571375],[-66.436364,-7.565463],[-66.468726,-7.566372],[-66.475864,-7.585471],[-66.502991,-7.599114],[-66.511558,-7.6314],[-66.525835,-7.630491],[-66.536305,-7.600933],[-66.555817,-7.603206],[-66.561528,-7.6314],[-66.575805,-7.644133],[-66.608167,-7.641405],[-66.63339,-7.654592],[-66.623396,-7.676874],[-66.64624,-7.683695],[-66.658614,-7.709616],[-66.673367,-7.695519],[-66.702397,-7.70143],[-66.716674,-7.736445],[-66.743801,-7.738719],[-66.737139,-7.760092],[-66.761886,-7.783738],[-66.790916,-7.792378],[-66.831844,-7.826484],[-66.812808,-7.837398],[-66.816615,-7.869229],[-66.848025,-7.906063],[-66.861351,-7.946535],[-66.8742,-7.969727],[-66.883719,-8.013837],[-66.867538,-8.045214],[-66.863254,-8.092962],[-66.877532,-8.107968],[-66.88705,-8.135252],[-66.885146,-8.152078],[-66.864206,-8.167539],[-66.858971,-8.190276],[-66.878008,-8.217106],[-66.907038,-8.234841],[-66.908466,-8.257578],[-66.925123,-8.272584],[-66.93702,-8.301687],[-66.93702,-8.319422],[-66.923219,-8.334883],[-66.909418,-8.396728],[-66.927026,-8.41992],[-66.926074,-8.454025],[-66.950346,-8.469487],[-67.057901,-8.504956],[-67.060757,-8.547247],[-67.076938,-8.569529],[-67.097878,-8.583626],[-67.085504,-8.621825],[-67.087408,-8.637286],[-67.113107,-8.645471],[-67.122625,-8.676848],[-67.143089,-8.700949],[-67.142613,-8.732781],[-67.120721,-8.764613],[-67.08598,-8.804175],[-67.087408,-8.820091],[-67.105492,-8.837371],[-67.098353,-8.86693],[-67.082173,-8.883755],[-67.09407,-8.913313],[-67.09645,-8.938324],[-67.129288,-8.950147],[-67.139758,-8.971975],[-67.168788,-8.956059],[-67.170692,-8.97061],[-67.19877,-8.984253],[-67.194487,-9.000623],[-67.170692,-9.016994],[-67.197343,-9.029727],[-67.207813,-9.061558],[-67.239698,-9.062013],[-67.257783,-9.113854],[-67.285862,-9.132953],[-67.294904,-9.16433],[-67.281578,-9.186612],[-67.291097,-9.214351],[-67.285862,-9.251185],[-67.298711,-9.272558],[-67.296808,-9.288474],[-67.312513,-9.315758],[-67.293952,-9.333038],[-67.277295,-9.334857],[-67.273488,-9.358959],[-67.286813,-9.367144],[-67.276343,-9.389881],[-67.285386,-9.428989],[-67.294904,-9.443085],[-67.285862,-9.474463],[-67.283482,-9.512661],[-67.294428,-9.527212],[-67.306326,-9.564956],[-67.325838,-9.59224],[-67.325362,-9.592695],[-67.134998,-9.675913],[-66.810429,-9.818246],[-66.780446,-9.791417],[-66.775211,-9.753218],[-66.758554,-9.760494],[-66.725241,-9.755947],[-66.691927,-9.733665],[-66.684789,-9.714565],[-66.624348,-9.680915],[-66.609595,-9.664999],[-66.586275,-9.673639],[-66.551534,-9.658178],[-66.536781,-9.643626],[-66.500612,-9.633622],[-66.494901,-9.60179],[-66.467298,-9.582236],[-66.438744,-9.554497],[-66.428749,-9.533124],[-66.39258,-9.500383],[-66.388773,-9.464458],[-66.395912,-9.437629],[-66.414948,-9.422167],[-66.408761,-9.407161],[-66.374972,-9.42626],[-66.35308,-9.416711],[-66.341658,-9.42717],[-66.318814,-9.419894],[-66.307393,-9.436719],[-66.284073,-9.432172],[-66.29026,-9.412618],[-66.259802,-9.410799],[-66.243621,-9.429443],[-66.204596,-9.425805],[-66.173662,-9.434445],[-66.123692,-9.40898],[-66.05992,-9.418075],[-66.042311,-9.402159],[-66.002811,-9.404433],[-65.970449,-9.413073],[-65.951413,-9.436264],[-65.9319,-9.447633],[-65.918099,-9.4781],[-65.905725,-9.488105],[-65.880978,-9.48765],[-65.84814,-9.532215],[-65.825297,-9.529941],[-65.818158,-9.562227],[-65.800074,-9.584964],[-65.756766,-9.569049],[-65.750103,-9.553587],[-65.730115,-9.563137],[-65.713934,-9.544947],[-65.69585,-9.507659],[-65.681096,-9.500383],[-65.679669,-9.451271],[-65.649686,-9.447178],[-65.641596,-9.433536],[-65.588294,-9.413982],[-65.548318,-9.42626],[-65.522619,-9.446723],[-65.506438,-9.447633],[-65.503106,-9.469915],[-65.456467,-9.47037],[-65.432196,-9.458547],[-65.443142,-9.420348],[-65.456467,-9.401249],[-65.447425,-9.379422],[-65.447901,-9.345771],[-65.440286,-9.311666],[-65.409828,-9.322579],[-65.393647,-9.339405],[-65.377466,-9.324398],[-65.351291,-9.323034],[-65.342725,-9.309392],[-65.307508,-9.291657],[-65.270387,-9.263463],[-65.246591,-9.257551],[-65.21185,-9.278924],[-65.208995,-9.309847],[-65.18853,-9.344862],[-65.196145,-9.375329],[-65.173777,-9.385333],[-65.185675,-9.42717],[-65.142843,-9.446723],[-65.089066,-9.424896],[-65.07812,-9.400795],[-65.053372,-9.402159],[-65.035764,-9.374874],[-65.039095,-9.359413],[-65.021962,-9.346226],[-65.000546,-9.30439],[-64.986269,-9.292112],[-64.96295,-9.292566],[-64.936299,-9.255732],[-64.919642,-9.220263],[-64.940106,-9.124767],[-64.915835,-9.074746],[-64.917262,-9.042914],[-64.893943,-9.043824],[-64.870623,-9.011992],[-64.839213,-8.994257],[-64.807803,-8.985617],[-64.777821,-8.994712],[-64.761164,-9.020632],[-64.730706,-9.012446],[-64.713573,-8.993802],[-64.683115,-8.993802],[-64.671217,-9.01472],[-64.641711,-9.006535],[-64.611253,-9.016539],[-64.587933,-9.009718],[-64.578891,-8.988345],[-64.57318,-8.964699],[-64.581746,-8.950602],[-64.531776,-8.925591],[-64.526065,-8.910585],[-64.535583,-8.873296],[-64.519878,-8.854652],[-64.508932,-8.815544],[-64.481806,-8.806904],[-64.422317,-8.832824],[-64.410419,-8.823274],[-64.389479,-8.7778],[-64.332846,-8.757792],[-64.332846,-8.742785],[-64.359497,-8.722777],[-64.383768,-8.69049],[-64.39757,-8.652747],[-64.411371,-8.644562],[-64.442305,-8.652292],[-64.478474,-8.61182],[-64.502746,-8.59454],[-64.487992,-8.574986],[-64.492276,-8.526329],[-64.535583,-8.493588],[-64.541294,-8.478127],[-64.530824,-8.443566],[-64.514643,-8.423103],[-64.506077,-8.374446],[-64.509408,-8.343069],[-64.504173,-8.32397],[-64.484185,-8.313511],[-64.466101,-8.266218],[-64.442781,-8.23575],[-64.407088,-8.207101],[-64.393762,-8.163446],[-64.401377,-8.143893],[-64.393762,-8.096145],[-64.404232,-8.0775],[-64.399473,-8.04294],[-64.407564,-8.023841],[-64.418986,-7.969727],[-64.420889,-7.927891],[-64.444209,-7.896059],[-64.437546,-7.838762],[-64.412799,-7.799654],[-64.427076,-7.766003],[-64.412323,-7.723258],[-64.39757,-7.696428],[-64.415654,-7.657775],[-64.406136,-7.627762],[-64.421365,-7.604571],[-64.464197,-7.574103],[-64.501794,-7.559097],[-64.507505,-7.533176],[-64.492751,-7.489521],[-64.496559,-7.453142],[-64.512264,-7.432224],[-64.531776,-7.427222],[-64.54177,-7.387205],[-64.530824,-7.348552],[-64.549861,-7.338547],[-64.558903,-7.322177],[-64.547957,-7.298076],[-64.555571,-7.217132],[-64.580795,-7.170294],[-64.580319,-7.135279],[-64.571276,-7.107539],[-64.578891,-7.083893],[-64.571276,-7.075253],[-64.774966,-7.075253],[-65.039095,-7.073434]]]},"properties":{"cod_ibge":"130240","name":"Lábrea","uf":"AM"}},
{"type":"Feature","geometry":{"type":"Polygon","coordinates":[[[-60.185299,-3.358661],[-60.193865,-3.370939],[-60.213853,-3.36821],[-60.224323,-3.382762],[-60.250974,-3.396859],[-60.270962,-3.423234],[-60.284764,-3.423234],[-60.302372,-3.443697],[-60.288095,-3.471891],[-60.263824,-3.498721],[-60.269535,-3.512363],[-60.293806,-3.522367],[-60.292378,-3.550561],[-60.31427,-3.588759],[-60.305228,-3.607858],[-60.308559,-3.643328],[-60.327596,-3.65788],[-60.409452,-3.590578],[-60.430392,-3.600582],[-60.454663,-3.630141],[-60.444669,-3.652423],[-60.45038,-3.677434],[-60.434199,-3.681981],[-60.424681,-3.711994],[-60.448476,-3.717451],[-60.475603,-3.765198],[-60.524146,-3.800668],[-60.547465,-3.823405],[-60.571737,-3.830226],[-60.575068,-3.872972],[-60.591725,-3.90162],[-60.59696,-3.926631],[-60.593153,-3.950732],[-60.606002,-3.9812],[-60.60505,-4.02531],[-60.79827,-4.168098],[-60.807312,-4.18174],[-60.791607,-4.182195],[-60.759245,-4.202204],[-60.72498,-4.199475],[-60.689762,-4.222667],[-60.681196,-4.206296],[-60.639792,-4.201294],[-60.640268,-4.187652],[-60.618852,-4.174919],[-60.591725,-4.17401],[-60.545086,-4.164915],[-60.501778,-4.138995],[-60.472748,-4.144452],[-60.418494,-4.174919],[-60.394223,-4.161732],[-60.388036,-4.178103],[-60.361861,-4.178557],[-60.321409,-4.189016],[-60.287143,-4.16446],[-60.200052,-4.149909],[-60.172925,-4.137176],[-60.14913,-4.179922],[-60.131045,-4.192654],[-60.100111,-4.151728],[-60.100111,-4.127172],[-60.116768,-4.098978],[-60.119147,-4.061234],[-60.104394,-3.998935],[-60.084882,-4.002118],[-60.078219,-3.978017],[-60.064418,-3.961646],[-60.012544,-3.959827],[-59.997791,-3.950278],[-59.984465,-3.962556],[-59.952579,-3.962556],[-59.941633,-3.978472],[-59.920693,-3.988476],[-59.903561,-3.975288],[-59.908796,-3.94664],[-59.892615,-3.932543],[-59.888331,-3.910261],[-59.869295,-3.905713],[-59.855018,-3.865696],[-59.827891,-3.838412],[-59.83503,-3.807035],[-59.833602,-3.752011],[-59.821704,-3.703808],[-59.811234,-3.695623],[-59.787439,-3.50054],[-59.775065,-3.463706],[-59.747938,-3.457794],[-59.721287,-3.433238],[-59.697492,-3.441423],[-59.679407,-3.391402],[-59.656564,-3.372758],[-59.671793,-3.353204],[-59.70701,-3.345928],[-59.719384,-3.355932],[-59.75127,-3.335924],[-59.827891,-3.352749],[-59.861205,-3.353204],[-59.878337,-3.344109],[-59.878813,-3.29818],[-59.902133,-3.294997],[-59.952579,-3.305001],[-60.027773,-3.379579],[-60.052044,-3.361389],[-60.185299,-3.358661]]]},"properties":{"cod_ibge":"130110","name":"Careiro","uf":"AM"}},
{"type":"Feature","geometry":{"type":"Polygon","coordinates":[[[-64.515119,-3.335924],[-64.514643,-3.338652],[-64.508932,-3.351385],[-64.462769,-3.414139],[-64.444209,-3.463706],[-64.424221,-3.484169],[-64.3871,-3.503268],[-64.354738,-3.536919],[-64.291442,-3.57057],[-64.26146,-3.593761],[-64.257176,-3.596944],[-64.215772,-3.624684],[-64.177224,-3.662427],[-64.129633,-3.687893],[-64.071572,-3.704263],[-63.987812,-3.706992],[-63.974011,-3.745645],[-63.977818,-3.764289],[-63.954974,-3.802487],[-63.942125,-3.812946],[-63.866931,-3.811127],[-63.786027,-3.799304],[-63.776032,-3.783843],[-63.827431,-3.77975],[-63.844563,-3.798394],[-63.881684,-3.792028],[-63.901672,-3.764289],[-63.917377,-3.756104],[-63.92642,-3.737005],[-63.918329,-3.715177],[-63.921661,-3.687893],[-63.939745,-3.676069],[-63.919757,-3.656515],[-63.942125,-3.635143],[-63.959257,-3.630595],[-63.986384,-3.602856],[-64.020174,-3.622865],[-64.025409,-3.594216],[-64.042542,-3.576026],[-64.070144,-3.575117],[-64.06253,-3.54374],[-64.087277,-3.529188],[-64.108693,-3.538738],[-64.128681,-3.516455],[-64.158187,-3.510999],[-64.158187,-3.477348],[-64.137723,-3.448699],[-64.152477,-3.437785],[-64.152001,-3.42096],[-64.130585,-3.389128],[-64.128681,-3.364572],[-64.106789,-3.366846],[-64.08347,-3.356842],[-64.087277,-3.330467],[-64.111072,-3.312277],[-64.120115,-3.286357],[-64.136296,-3.283628],[-64.149621,-3.29818],[-64.162947,-3.2809],[-64.150097,-3.270441],[-64.168657,-3.246794],[-64.193881,-3.251342],[-64.209586,-3.226331],[-64.237188,-3.203594],[-64.239568,-3.186769],[-64.254797,-3.170398],[-64.291442,-3.151754],[-64.269074,-3.107644],[-64.245279,-3.102642],[-64.270978,-3.081724],[-64.293346,-3.100368],[-64.321424,-3.096275],[-64.329039,-3.057623],[-64.339985,-3.040797],[-64.330466,-3.0267],[-64.361876,-3.012149],[-64.379009,-2.987138],[-64.436118,-2.94803],[-64.44754,-2.928931],[-64.443257,-2.913015],[-64.452299,-2.889369],[-64.448492,-2.863448],[-64.476095,-2.812972],[-64.497035,-2.793418],[-64.506077,-2.73885],[-64.478474,-2.741123],[-64.428028,-2.734302],[-64.416606,-2.717932],[-64.357593,-2.720205],[-64.337605,-2.692921],[-64.338557,-2.672003],[-64.359021,-2.65063],[-64.383292,-2.649266],[-64.425172,-2.639261],[-64.421365,-2.603337],[-64.437546,-2.572415],[-64.434691,-2.551951],[-64.465149,-2.522393],[-64.457534,-2.488288],[-64.461341,-2.471008],[-64.490372,-2.460094],[-64.4918,-2.430081],[-64.517975,-2.377331],[-64.529396,-2.336859],[-64.516547,-2.311394],[-64.497035,-2.320034],[-64.448016,-2.324126],[-64.450396,-2.283655],[-64.417082,-2.284564],[-64.402805,-2.271377],[-64.367111,-2.26501],[-64.367587,-2.253642],[-64.407564,-2.207713],[-64.462769,-2.185431],[-64.496559,-2.180429],[-64.504173,-2.191797],[-64.511788,-2.235452],[-64.53368,-2.245456],[-64.570801,-2.236816],[-64.590313,-2.223629],[-64.606018,-2.225448],[-64.663127,-2.214079],[-64.665982,-2.194525],[-64.7012,-2.163148],[-64.71167,-2.142685],[-64.708338,-2.119948],[-64.695013,-2.08948],[-64.687874,-2.057649],[-64.704531,-2.01945],[-64.72214,-2.018541],[-64.750694,-2.036276],[-64.786863,-2.046735],[-64.803044,-2.07311],[-64.866816,-2.080386],[-64.886804,-2.100394],[-64.930588,-2.109944],[-64.935823,-2.094028],[-64.924877,-2.044916],[-64.928208,-2.026272],[-64.949624,-2.000351],[-64.934395,-1.899854],[-64.943913,-1.887121],[-64.97342,-1.887121],[-65.020059,-1.913041],[-65.041475,-1.953513],[-65.058131,-1.969884],[-65.084782,-1.961698],[-65.136181,-1.974886],[-65.171398,-1.95988],[-65.183296,-1.937142],[-65.177109,-1.87166],[-65.179488,-1.833007],[-65.193765,-1.797992],[-65.20947,-1.781621],[-65.228983,-1.776164],[-65.290851,-1.785714],[-65.311315,-1.778438],[-65.390792,-1.754337],[-65.420298,-1.735693],[-65.438859,-1.733419],[-65.466937,-1.743878],[-65.495968,-1.798447],[-65.514052,-1.79299],[-65.52595,-1.76707],[-65.524998,-1.697494],[-65.542607,-1.667936],[-65.55974,-1.660206],[-65.604951,-1.662934],[-65.64112,-1.636104],[-65.647783,-1.605637],[-65.639692,-1.556525],[-65.662536,-1.515598],[-65.686807,-1.501956],[-65.721549,-1.497863],[-65.759145,-1.502866],[-65.783417,-1.494225],[-65.817682,-1.473307],[-65.860514,-1.471488],[-65.876695,-1.46012],[-65.893828,-1.432381],[-65.94237,-1.412372],[-65.981871,-1.41692],[-66.001383,-1.413736],[-66.001383,-1.702951],[-66.001383,-2.144959],[-65.972353,-2.150416],[-65.9576,-2.163603],[-65.94713,-2.233633],[-65.933804,-2.257734],[-65.901442,-2.260008],[-65.903822,-2.289566],[-65.897159,-2.305027],[-65.862418,-2.288202],[-65.850044,-2.24773],[-65.830056,-2.250913],[-65.810544,-2.267284],[-65.800074,-2.252278],[-65.730115,-2.264101],[-65.698229,-2.260008],[-65.684904,-2.278198],[-65.663488,-2.275469],[-65.652542,-2.251368],[-65.615897,-2.237726],[-65.584963,-2.255006],[-65.600192,-2.279107],[-65.62827,-2.291385],[-65.620656,-2.305937],[-65.595433,-2.315941],[-65.615897,-2.359596],[-65.608758,-2.383243],[-65.587818,-2.384607],[-65.55498,-2.357777],[-65.53642,-2.362779],[-65.527378,-2.38006],[-65.504534,-2.3887],[-65.485022,-2.355049],[-65.490257,-2.345499],[-65.516432,-2.346863],[-65.514052,-2.320943],[-65.488829,-2.320034],[-65.457419,-2.330038],[-65.455515,-2.345499],[-65.475028,-2.365963],[-65.472172,-2.400978],[-65.457419,-2.405525],[-65.426961,-2.392338],[-65.430292,-2.365053],[-65.416015,-2.351411],[-65.37128,-2.339133],[-65.344629,-2.341861],[-65.327972,-2.351411],[-65.306556,-2.331402],[-65.302749,-2.311848],[-65.280381,-2.316851],[-65.27467,-2.365508],[-65.255158,-2.382788],[-65.229459,-2.38779],[-65.216133,-2.380514],[-65.212326,-2.359596],[-65.219465,-2.290476],[-65.19329,-2.283655],[-65.18853,-2.315941],[-65.175681,-2.325491],[-65.15141,-2.325945],[-65.139036,-2.337314],[-65.116192,-2.395066],[-65.098108,-2.421896],[-65.055752,-2.506932],[-64.998167,-2.560137],[-64.980558,-2.595606],[-64.993884,-2.640171],[-65.003402,-2.70338],[-64.98151,-2.722934],[-64.916786,-2.710656],[-64.888232,-2.71202],[-64.86634,-2.735212],[-64.877286,-2.812518],[-64.891563,-2.842985],[-64.892515,-2.874817],[-64.857298,-2.907558],[-64.816846,-2.936662],[-64.810659,-2.947121],[-64.803996,-3.014422],[-64.792098,-3.035795],[-64.757833,-3.075357],[-64.734989,-3.084452],[-64.714525,-3.106734],[-64.718808,-3.119467],[-64.78258,-3.138566],[-64.78496,-3.158575],[-64.728326,-3.207687],[-64.703103,-3.221784],[-64.674549,-3.26362],[-64.620771,-3.288631],[-64.543674,-3.311822],[-64.515119,-3.335924]]]},"properties":{"cod_ibge":"130280","name":"Maraã","uf":"AM"}},
{"type":"Feature","geometry":{"type":"Polygon","coordinates":[[[-56.127698,-2.034002],[-56.186711,-2.042642],[-56.197181,-2.056739],[-56.228591,-2.056284],[-56.256194,-2.088116],[-56.297598,-2.100849],[-56.316634,-2.139957],[-56.351375,-2.149051],[-56.367556,-2.137228],[-56.41372,-2.175881],[-56.444178,-2.154054],[-56.477967,-2.170424],[-56.507474,-2.143595],[-56.526986,-2.139047],[-56.569818,-2.174972],[-56.585523,-2.176336],[-56.597896,-2.174972],[-56.613125,-2.209987],[-56.635493,-2.20362],[-56.679277,-2.212715],[-56.702596,-2.201801],[-56.707831,-2.184066],[-56.761133,-2.174062],[-56.769224,-2.140866],[-56.753043,-2.111763],[-56.732579,-2.091754],[-56.721157,-2.059013],[-56.726392,-2.030819],[-56.747808,-2.01172],[-56.766844,-2.008537],[-56.793019,-2.020815],[-56.841086,-2.021724],[-56.85917,-2.015813],[-56.876303,-1.992166],[-56.923894,-1.964427],[-56.944358,-1.963972],[-56.961015,-1.953058],[-56.96625,-1.934869],[-56.988142,-1.90713],[-57.028594,-1.918043],[-57.051438,-1.873024],[-57.067619,-1.85438],[-57.079516,-1.802539],[-57.091414,-1.777983],[-57.11045,-1.79208],[-57.125204,-1.767979],[-57.145668,-1.764796],[-57.170891,-1.750699],[-57.177554,-1.7316],[-57.202301,-1.712956],[-57.230855,-1.727507],[-57.258934,-1.714774],[-57.292248,-1.708408],[-57.308904,-1.732509],[-57.327941,-1.716139],[-57.353164,-1.736602],[-57.385526,-1.697494],[-57.417412,-1.674303],[-57.443587,-1.664753],[-57.473093,-1.67885],[-57.521636,-1.629283],[-57.544004,-1.611094],[-57.597781,-1.596087],[-57.600637,-1.571986],[-57.622053,-1.589266],[-57.68868,-1.586992],[-57.71771,-1.50332],[-57.758163,-1.502411],[-57.780054,-1.510141],[-57.776247,-1.484221],[-57.795283,-1.487404],[-57.82479,-1.437838],[-57.87714,-1.423286],[-57.890941,-1.431926],[-57.916164,-1.421012],[-57.911405,-1.404642],[-57.959948,-1.396911],[-57.956617,-1.378267],[-57.970894,-1.356894],[-57.991358,-1.351437],[-57.998497,-1.331428],[-57.987075,-1.300506],[-57.970894,-1.227748],[-57.95852,-1.222746],[-57.975653,-1.192733],[-57.96899,-1.16272],[-58.001352,-1.148168],[-58.014202,-1.130888],[-58.017533,-1.103604],[-58.058461,-1.106332],[-58.080829,-1.131343],[-58.092727,-1.16181],[-58.123661,-1.164084],[-58.11795,-1.185457],[-58.163161,-1.230021],[-58.189336,-1.203192],[-58.212656,-1.166358],[-58.219318,-1.168631],[-58.257391,-1.130888],[-58.274048,-1.141347],[-58.293084,-1.138619],[-58.31688,-1.147713],[-58.34829,-1.113153],[-58.365423,-1.084959],[-58.363519,-1.071317],[-58.428243,-1.024479],[-58.423959,-0.990828],[-58.410634,-0.982188],[-58.452038,-0.923981],[-58.445851,-0.898061],[-58.433953,-0.892149],[-58.460604,-0.863046],[-58.474406,-0.868958],[-58.49487,-0.849858],[-58.498677,-0.835762],[-58.535798,-0.822119],[-58.543888,-0.809387],[-58.573871,-0.790742],[-58.598618,-0.762094],[-58.609088,-0.761639],[-58.636691,-0.720258],[-58.663817,-0.717529],[-58.665721,-0.705706],[-58.6938,-0.682059],[-58.706649,-0.679786],[-58.712836,-0.644771],[-58.736156,-0.619305],[-58.726637,-0.590657],[-58.731397,-0.580652],[-58.709029,-0.545637],[-58.710932,-0.518353],[-58.736632,-0.471515],[-58.72521,-0.438319],[-58.746626,-0.414672],[-58.761855,-0.412853],[-58.783271,-0.388752],[-58.836097,-0.372836],[-58.86941,-0.34737],[-58.876073,-0.311446],[-58.865603,-0.265517],[-58.879404,-0.229138],[-58.880832,-0.196397],[-58.865127,-0.169112],[-58.863699,-0.078164],[-58.886543,-0.059065],[-58.886543,-0.034509],[-58.895109,-0.010863],[-58.895585,0.263346],[-59.192077,0.263346],[-59.189697,0.232423],[-59.180179,0.225602],[-59.134492,0.222874],[-59.126877,0.192861],[-59.092136,0.126469],[-59.048828,0.126924],[-59.046448,0.08145],[-59.038834,0.047799],[-59.001237,0.042797],[-58.994574,0.017331],[-58.971731,0.015967],[-58.954122,0.005053],[-58.912718,0.000506],[-58.901296,-0.00677],[-58.898917,-0.037692],[-58.912718,-0.055882],[-58.886067,-0.093171],[-58.888922,-0.160927],[-58.897489,-0.170477],[-58.927947,-0.155925],[-58.932706,-0.220498],[-58.94508,-0.264608],[-58.895585,-0.294166],[-58.916049,-0.318722],[-58.91129,-0.326452],[-58.9427,-0.355101],[-58.958405,-0.378748],[-58.946032,-0.389207],[-58.933658,-0.431952],[-58.907007,-0.455599],[-58.881308,-0.457418],[-58.847994,-0.481974],[-58.835145,-0.547911],[-58.821343,-0.563372],[-58.818012,-0.585654],[-58.784698,-0.631583],[-58.752812,-0.664324],[-58.760903,-0.704796],[-58.739011,-0.772098],[-58.74377,-0.792106],[-58.733776,-0.813479],[-58.695703,-0.861227],[-58.679047,-0.873505],[-58.667149,-0.904427],[-58.636215,-0.905792],[-58.623365,-0.928983],[-58.600522,-0.939442],[-58.612419,-0.981278],[-58.608136,-0.997649],[-58.575774,-1.006744],[-58.550551,-0.992192],[-58.534846,-1.008563],[-58.518665,-1.04858],[-58.524852,-1.07541],[-58.51581,-1.106332],[-58.522473,-1.112698],[-58.506292,-1.140892],[-58.502484,-1.166812],[-58.453942,-1.174543],[-58.434905,-1.185457],[-58.39826,-1.169086],[-58.368754,-1.192733],[-58.364947,-1.227748],[-58.375893,-1.270039],[-58.351621,-1.304599],[-58.334013,-1.319605],[-58.321639,-1.349163],[-58.283566,-1.364624],[-58.277379,-1.379176],[-58.295464,-1.413736],[-58.291181,-1.437838],[-58.265482,-1.457846],[-58.274524,-1.47831],[-58.270241,-1.496954],[-58.226933,-1.55698],[-58.195047,-1.555615],[-58.15983,-1.590176],[-58.140318,-1.618824],[-58.107004,-1.61746],[-58.088919,-1.64429],[-58.052274,-1.654749],[-58.05275,-1.675667],[-58.019913,-1.693402],[-58.007539,-1.747516],[-58.006111,-1.78344],[-57.995165,-1.796173],[-57.995165,-1.829824],[-57.975653,-1.836645],[-57.987075,-1.895306],[-57.978984,-1.912132],[-57.959948,-1.9235],[-57.950906,-1.962153],[-57.950906,-1.98489],[-57.961376,-2.000806],[-57.940436,-2.035821],[-57.923303,-2.035821],[-57.908074,-2.058558],[-57.874284,-2.049463],[-57.857152,-2.083114],[-57.830977,-2.086297],[-57.820507,-2.101304],[-57.822886,-2.12495],[-57.805753,-2.154054],[-57.771488,-2.194525],[-57.752928,-2.209987],[-57.73056,-2.205439],[-57.706288,-2.228176],[-57.658222,-2.246366],[-57.651559,-2.277288],[-57.62348,-2.276379],[-57.613962,-2.26592],[-57.586835,-2.282745],[-57.56066,-2.287293],[-57.549239,-2.30048],[-57.55257,-2.317305],[-57.527347,-2.320034],[-57.507834,-2.348228],[-57.477376,-2.331857],[-57.425026,-2.341407],[-57.40599,-2.380514],[-57.263217,-2.349592],[-57.238946,-2.38006],[-57.218006,-2.391428],[-57.190879,-2.364598],[-57.171843,-2.331857],[-57.150903,-2.33595],[-57.103312,-2.334131],[-57.050486,-2.36187],[-57.036209,-2.37915],[-57.004323,-2.376876],[-56.969581,-2.380969],[-56.9534,-2.367327],[-56.935792,-2.387335],[-56.927701,-2.412346],[-56.889153,-2.425988],[-56.881538,-2.403706],[-56.841562,-2.410072],[-56.821574,-2.406889],[-56.771127,-2.419167],[-56.77779,-2.383697],[-56.73591,-2.37915],[-56.717349,-2.371874],[-56.689271,-2.37915],[-56.643108,-2.356868],[-56.617885,-2.318215],[-56.590758,-2.325036],[-56.534125,-2.285474],[-56.540311,-2.261827],[-56.515088,-2.242273],[-56.494624,-2.250459],[-56.481775,-2.267284],[-56.467021,-2.260918],[-56.450365,-2.278652],[-56.410388,-2.275015],[-56.389448,-2.278652],[-56.364225,-2.259099],[-56.307116,-2.242273],[-56.263332,-2.2209],[-56.203844,-2.183157],[-56.169578,-2.145414],[-56.141975,-2.100394],[-56.117228,-2.069472],[-56.097716,-2.037185],[-56.095336,-1.999897],[-56.098668,-2.026726],[-56.121987,-2.032183],[-56.127698,-2.034002]]]},"properties":{"cod_ibge":"130300","name":"Nhamundá","uf":"AM"}},
{"type":"Feature","geometry":{"type":"Polygon","coordinates":[[[-61.823378,-3.661972],[-61.782925,-3.632869],[-61.762937,-3.632869],[-61.739618,-3.645602],[-61.692979,-3.646056],[-61.667279,-3.670612],[-61.652526,-3.675615],[-61.622068,-3.660153],[-61.586851,-3.658334],[-61.555441,-3.6838],[-61.479295,-3.684709],[-61.451217,-3.655606],[-61.410289,-3.621955],[-61.386493,-3.60422],[-61.366505,-3.599218],[-61.327005,-3.60422],[-61.288456,-3.600128],[-61.293691,-3.567841],[-61.290835,-3.541466],[-61.303209,-3.534645],[-61.302257,-3.50054],[-61.306065,-3.471891],[-61.287028,-3.461887],[-61.28798,-3.440059],[-61.314155,-3.443697],[-61.320342,-3.453701],[-61.470253,-3.453701],[-61.495952,-3.442788],[-61.517844,-3.416867],[-61.534025,-3.416867],[-61.564483,-3.400497],[-61.582568,-3.405499],[-61.618261,-3.381852],[-61.638249,-3.39413],[-61.649195,-3.420505],[-61.665376,-3.426872],[-61.682984,-3.418686],[-61.725816,-3.381852],[-61.766744,-3.357296],[-61.792919,-3.310913],[-61.837655,-3.282264],[-61.907614,-3.284083],[-61.936168,-3.295452],[-61.958536,-3.317279],[-61.98709,-3.355477],[-62.021356,-3.369574],[-62.044199,-3.355477],[-62.047055,-3.328193],[-62.040868,-3.29818],[-62.045151,-3.272715],[-62.061808,-3.262256],[-62.087983,-3.278172],[-62.078941,-3.291814],[-62.076561,-3.320462],[-62.087507,-3.390947],[-62.069899,-3.432783],[-62.038013,-3.451882],[-62.03944,-3.470527],[-62.026591,-3.504632],[-62.033729,-3.536919],[-62.033254,-3.571934],[-62.012314,-3.594216],[-61.961391,-3.610132],[-61.929029,-3.628322],[-61.896668,-3.660153],[-61.871444,-3.667429],[-61.823378,-3.661972]]]},"properties":{"cod_ibge":"130008","name":"Anamã","uf":"AM"}},
{"type":"Feature","geometry":{"type":"Polygon","coordinates":[[[-59.233957,-3.239519],[-59.1521,-3.279991],[-59.122118,-3.283174],[-59.033599,-3.249068],[-59.010279,-3.244066],[-58.975538,-3.257708],[-58.940797,-3.295452],[-58.939845,-3.311368],[-58.906531,-3.358661],[-58.849898,-3.400951],[-58.825627,-3.400951],[-58.784222,-3.379579],[-58.800403,-3.444607],[-58.832765,-3.448699],[-58.862272,-3.467344],[-58.891302,-3.497811],[-58.917001,-3.547378],[-58.906531,-3.583757],[-58.920808,-3.596035],[-58.919857,-3.612406],[-58.899868,-3.617863],[-58.874169,-3.60422],[-58.844663,-3.604675],[-58.789457,-3.614225],[-58.750909,-3.591033],[-58.724734,-3.59649],[-58.70427,-3.616044],[-58.700462,-3.645602],[-58.679522,-3.664701],[-58.654775,-3.657425],[-58.647161,-3.629231],[-58.622413,-3.623774],[-58.610516,-3.638326],[-58.583389,-3.645602],[-58.558642,-3.668793],[-58.552931,-3.686074],[-58.517713,-3.712449],[-58.510099,-3.753375],[-58.487255,-3.748373],[-58.468695,-3.734276],[-58.446327,-3.705627],[-58.426815,-3.72791],[-58.398736,-3.676069],[-58.373037,-3.673796],[-58.374465,-3.649694],[-58.364471,-3.625138],[-58.343055,-3.611041],[-58.355428,-3.599673],[-58.349718,-3.582848],[-58.363043,-3.582848],[-58.383983,-3.561929],[-58.378272,-3.531917],[-58.364947,-3.515546],[-58.370182,-3.50054],[-58.181246,-3.496447],[-58.181246,-3.453247],[-58.174107,-3.414594],[-58.176963,-3.367755],[-58.150788,-3.345018],[-58.107956,-3.348202],[-58.088443,-3.315006],[-58.070359,-3.306365],[-58.064648,-3.275898],[-58.066076,-3.214963],[-58.081781,-3.188133],[-58.192668,-3.188133],[-58.193143,-3.169489],[-58.173631,-3.124469],[-58.168872,-3.05353],[-58.176963,-3.03534],[-58.245493,-3.082633],[-58.317832,-3.108553],[-58.375893,-3.144478],[-58.386363,-3.086271],[-58.371609,-3.066717],[-58.389218,-3.022608],[-58.403971,-2.999871],[-58.474406,-2.977134],[-58.50296,-2.997597],[-58.574822,-3.016241],[-58.617178,-3.036704],[-58.65192,-3.031248],[-58.745198,-2.983955],[-58.797072,-2.950304],[-58.814681,-2.935297],[-58.870838,-2.908468],[-58.877501,-2.892552],[-58.864651,-2.872998],[-58.901772,-2.810244],[-58.915573,-2.800694],[-58.905103,-2.777957],[-58.915573,-2.76477],[-58.938417,-2.756584],[-58.958405,-2.761132],[-58.964592,-2.779321],[-58.988863,-2.773865],[-58.987436,-2.69383],[-59.011707,-2.70247],[-59.032171,-2.673822],[-59.026936,-2.638352],[-59.048352,-2.6238],[-59.051207,-2.586966],[-59.082617,-2.575143],[-59.096895,-2.556044],[-59.12307,-2.535581],[-59.13116,-2.520574],[-59.155907,-2.517391],[-59.166377,-2.539219],[-59.201119,-2.564229],[-59.191125,-2.586966],[-59.192552,-2.60652],[-59.228246,-2.649266],[-59.228722,-2.697468],[-59.261559,-2.721569],[-59.268222,-2.738395],[-59.307247,-2.762041],[-59.356265,-2.822977],[-59.352934,-2.844349],[-59.357693,-2.882548],[-59.378157,-2.867086],[-59.409567,-2.888459],[-59.430507,-2.927112],[-59.500466,-2.971677],[-59.455254,-3.029883],[-59.431459,-3.048528],[-59.405284,-3.054439],[-59.373874,-3.071719],[-59.341512,-3.106734],[-59.304391,-3.131745],[-59.262035,-3.129017],[-59.195408,-3.156756],[-59.159715,-3.168579],[-59.168281,-3.179038],[-59.20683,-3.179948],[-59.242047,-3.162213],[-59.278216,-3.154027],[-59.351982,-3.145387],[-59.358645,-3.153118],[-59.383868,-3.180857],[-59.309626,-3.211779],[-59.233957,-3.239519]]]},"properties":{"cod_ibge":"130190","name":"Itacoatiara","uf":"AM"}}
]}