COD_MUNICIPIO_6;COD_IBGE_7;NOME_MUNICIPIO;UF;STATUS_RESOLUCAO
110001;1100015;Alta Floresta D'Oeste;RO;OK_API_IBGE
110002;1100023;Ariquemes;RO;OK_API_IBGE
110003;1100031;Cabixi;RO;OK_API_IBGE
110004;1100049;Cacoal;RO;OK_API_IBGE
110005;1100056;Cerejeiras;RO;OK_API_IBGE
110006;1100064;Colorado do Oeste;RO;OK_API_IBGE
110007;1100072;Corumbiara;RO;OK_API_IBGE
110008;1100080;Costa Marques;RO;OK_API_IBGE
110009;1100098;Espigão D'Oeste;RO;OK_API_IBGE
110010;1100106;Guajará-Mirim;RO;OK_API_IBGE
110011;1100114;Jaru;RO;OK_API_IBGE
110012;1100122;Ji-Paraná;RO;OK_API_IBGE
110013;1100130;Machadinho D'Oeste;RO;OK_API_IBGE
110014;1100148;Nova Brasilândia D'Oeste;RO;OK_API_IBGE
110015;1100155;Ouro Preto do Oeste;RO;OK_API_IBGE
110018;1100189;Pimenta Bueno;RO;OK_API_IBGE
110020;1100205;Porto Velho;RO;OK_API_IBGE
110025;1100254;Presidente Médici;RO;OK_API_IBGE
110026;1100262;Rio Crespo;RO;OK_API_IBGE
110028;1100288;Rolim de Moura;RO;OK_API_IBGE
110029;1100296;Santa Luzia D'Oeste;RO;OK_API_IBGE
110030;1100304;Vilhena;RO;OK_API_IBGE
110032;1100320;São Miguel do Guaporé;RO;OK_API_IBGE
110033;1100338;Nova Mamoré;RO;OK_API_IBGE
110034;1100346;Alvorada D'Oeste;RO;OK_API_IBGE
110037;1100379;Alto Alegre dos Parecis;RO;OK_API_IBGE
110040;1100403;Alto Paraíso;RO;OK_API_IBGE
110045;1100452;Buritis;RO;OK_API_IBGE
110060;1100601;Cacaulândia;RO;OK_API_IBGE
110070;1100700;Campo Novo de Rondônia;RO;OK_API_IBGE
110080;1100809;Candeias do Jamari;RO;OK_API_IBGE
110092;1100924;Chupinguaia;RO;OK_API_IBGE
110094;1100940;Cujubim;RO;OK_API_IBGE
110110;1101104;Itapuã do Oeste;RO;OK_API_IBGE
110120;1101203;Ministro Andreazza;RO;OK_API_IBGE
110130;1101302;Mirante da Serra;RO;OK_API_IBGE
110140;1101401;Monte Negro;RO;OK_API_IBGE
110143;1101435;Nova União;RO;OK_API_IBGE
110146;1101468;Pimenteiras do Oeste;RO;OK_API_IBGE
110148;1101484;São Felipe D'Oeste;RO;OK_API_IBGE
110149;1101492;São Francisco do Guaporé;RO;OK_API_IBGE
110150;1101500;Seringueiras;RO;OK_API_IBGE
110160;1101609;Theobroma;RO;OK_API_IBGE
110170;1101708;Urupá;RO;OK_API_IBGE
110175;1101757;Vale do Anari;RO;OK_API_IBGE
110180;1101807;Vale do Paraíso;RO;OK_API_IBGE
120001;1200013;Acrelândia;AC;OK_API_IBGE
120005;1200054;Assis Brasil;AC;OK_API_IBGE
120010;1200104;Brasiléia;AC;OK_API_IBGE
120013;1200138;Bujari;AC;OK_API_IBGE
120017;1200179;Capixaba;AC;OK_API_IBGE
120020;1200203;Cruzeiro do Sul;AC;OK_API_IBGE
120025;1200252;Epitaciolândia;AC;OK_API_IBGE
120030;1200302;Feijó;AC;OK_API_IBGE
120033;1200336;Mâncio Lima;AC;OK_API_IBGE
120034;1200344;Manoel Urbano;AC;OK_API_IBGE
120035;1200351;Marechal Thaumaturgo;AC;OK_API_IBGE
120038;1200385;Plácido de Castro;AC;OK_API_IBGE
120039;1200393;Porto Walter;AC;OK_API_IBGE
120040;1200401;Rio Branco;AC;OK_API_IBGE
120042;1200427;Rodrigues Alves;AC;OK_API_IBGE
120043;1200435;Santa Rosa do Purus;AC;OK_API_IBGE
120045;1200450;Senador Guiomard;AC;OK_API_IBGE
120050;1200500;Sena Madureira;AC;OK_API_IBGE
120060;1200609;Tarauacá;AC;OK_API_IBGE
120070;1200708;Xapuri;AC;OK_API_IBGE
120080;1200807;Porto Acre;AC;OK_API_IBGE
130002;1300029;Alvarães;AM;OK_API_IBGE
130006;1300060;Amaturá;AM;OK_API_IBGE
130008;1300086;Anamã;AM;OK_API_IBGE
130010;1300102;Anori;AM;OK_API_IBGE
130014;1300144;Apuí;AM;OK_API_IBGE
130020;1300201;Atalaia do Norte;AM;OK_API_IBGE
130030;1300300;Autazes;AM;OK_API_IBGE
130040;1300409;Barcelos;AM;OK_API_IBGE
130050;1300508;Barreirinha;AM;OK_API_IBGE
130060;1300607;Benjamin Constant;AM;OK_API_IBGE
130063;1300631;Beruri;AM;OK_API_IBGE
130068;1300680;Boa Vista do Ramos;AM;OK_API_IBGE
130070;1300706;Boca do Acre;AM;OK_API_IBGE
130080;1300805;Borba;AM;OK_API_IBGE
130083;1300839;Caapiranga;AM;OK_API_IBGE
130090;1300904;Canutama;AM;OK_API_IBGE
130100;1301001;Carauari;AM;OK_API_IBGE
130110;1301100;Careiro;AM;OK_API_IBGE
130115;1301159;Careiro da Várzea;AM;OK_API_IBGE
130120;1301209;Coari;AM;OK_API_IBGE
130130;1301308;Codajás;AM;OK_API_IBGE
130140;1301407;Eirunepé;AM;OK_API_IBGE
130150;1301506;Envira;AM;OK_API_IBGE
130160;1301605;Fonte Boa;AM;OK_API_IBGE
130165;1301654;Guajará;AM;OK_API_IBGE
130170;1301704;Humaitá;AM;OK_API_IBGE
130180;1301803;Ipixuna;AM;OK_API_IBGE
130185;1301852;Iranduba;AM;OK_API_IBGE
130190;1301902;Itacoatiara;AM;OK_API_IBGE
130195;1301951;Itamarati;AM;OK_API_IBGE
130200;1302009;Itapiranga;AM;OK_API_IBGE
130210;1302108;Japurá;AM;OK_API_IBGE
130220;1302207;Juruá;AM;OK_API_IBGE
130230;1302306;Jutaí;AM;OK_API_IBGE
130240;1302405;Lábrea;AM;OK_API_IBGE
130250;1302504;Manacapuru;AM;OK_API_IBGE
130255;1302553;Manaquiri;AM;OK_API_IBGE
130260;1302603;Manaus;AM;OK_API_IBGE
130270;1302702;Manicoré;AM;OK_API_IBGE
130280;1302801;Maraã;AM;OK_API_IBGE
130290;1302900;Maués;AM;OK_API_IBGE
130300;1303007;Nhamundá;AM;OK_API_IBGE
130310;1303106;Nova Olinda do Norte;AM;OK_API_IBGE
130320;1303205;Novo Airão;AM;OK_API_IBGE
130330;1303304;Novo Aripuanã;AM;OK_API_IBGE
130340;1303403;Parintins;AM;OK_API_IBGE
130350;1303502;Pauini;AM;OK_API_IBGE
130353;1303536;Presidente Figueiredo;AM;OK_API_IBGE
130356;1303569;Rio Preto da Eva;AM;OK_API_IBGE
130360;1303601;Santa Isabel do Rio Negro;AM;OK_API_IBGE
130370;1303700;Santo Antônio do Içá;AM;OK_API_IBGE
130380;1303809;São Gabriel da Cachoeira;AM;OK_API_IBGE
130390;1303908;São Paulo de Olivença;AM;OK_API_IBGE
130395;1303957;São Sebastião do Uatumã;AM;OK_API_IBGE
130400;1304005;Silves;AM;OK_API_IBGE
130406;1304062;Tabatinga;AM;OK_API_IBGE
130410;1304104;Tapauá;AM;OK_API_IBGE
130420;1304203;Tefé;AM;OK_API_IBGE
130423;1304237;Tonantins;AM;OK_API_IBGE
130426;1304260;Uarini;AM;OK_API_IBGE
130430;1304302;Urucará;AM;OK_API_IBGE
130440;1304401;Urucurituba;AM;OK_API_IBGE
140002;1400027;Amajari;RR;OK_API_IBGE
140005;1400050;Alto Alegre;RR;OK_API_IBGE
140010;1400100;Boa Vista;RR;OK_API_IBGE
140015;1400159;Bonfim;RR;OK_API_IBGE
140017;1400175;Cantá;RR;OK_API_IBGE
140020;1400209;Caracaraí;RR;OK_API_IBGE
140023;1400233;Caroebe;RR;OK_API_IBGE
140028;1400282;Iracema;RR;OK_API_IBGE
140030;1400308;Mucajaí;RR;OK_API_IBGE
140040;1400407;Normandia;RR;OK_API_IBGE
140045;1400456;Pacaraima;RR;OK_API_IBGE
140047;1400472;Rorainópolis;RR;OK_API_IBGE
140050;1400506;São João da Baliza;RR;OK_API_IBGE
140060;1400605;São Luiz do Anauá;RR;OK_API_IBGE
140070;1400704;Uiramutã;RR;OK_API_IBGE
150010;1500107;Abaetetuba;PA;OK_API_IBGE
150013;1500131;Abel Figueiredo;PA;OK_API_IBGE
150020;1500206;Acará;PA;OK_API_IBGE
150030;1500305;Afuá;PA;OK_API_IBGE
150034;1500347;Água Azul do Norte;PA;OK_API_IBGE
150040;1500404;Alenquer;PA;OK_API_IBGE
150050;1500503;Almeirim;PA;OK_API_IBGE
150060;1500602;Altamira;PA;OK_API_IBGE
150070;1500701;Anajás;PA;OK_API_IBGE
150080;1500800;Ananindeua;PA;OK_API_IBGE
150085;1500859;Anapu;PA;OK_API_IBGE
150090;1500909;Augusto Corrêa;PA;OK_API_IBGE
150095;1500958;Aurora do Pará;PA;OK_API_IBGE
150100;1501006;Aveiro;PA;OK_API_IBGE
150110;1501105;Bagre;PA;OK_API_IBGE
150120;1501204;Baião;PA;OK_API_IBGE
150125;1501253;Bannach;PA;OK_API_IBGE
150130;1501303;Barcarena;PA;OK_API_IBGE
150140;1501402;Belém;PA;OK_API_IBGE
150145;1501451;Belterra;PA;OK_API_IBGE
150150;1501501;Benevides;PA;OK_API_IBGE
150157;1501576;Bom Jesus do Tocantins;PA;OK_API_IBGE
150160;1501600;Bonito;PA;OK_API_IBGE
150170;1501709;Bragança;PA;OK_API_IBGE
150172;1501725;Brasil Novo;PA;OK_API_IBGE
150175;1501758;Brejo Grande do Araguaia;PA;OK_API_IBGE
150178;1501782;Breu Branco;PA;OK_API_IBGE
150180;1501808;Breves;PA;OK_API_IBGE
150190;1501907;Bujaru;PA;OK_API_IBGE
150195;1501956;Cachoeira do Piriá;PA;OK_API_IBGE
150200;1502004;Cachoeira do Arari;PA;OK_API_IBGE
150210;1502103;Cametá;PA;OK_API_IBGE
150215;1502152;Canaã dos Carajás;PA;OK_API_IBGE
150220;1502202;Capanema;PA;OK_API_IBGE
150230;1502301;Capitão Poço;PA;OK_API_IBGE
150240;1502400;Castanhal;PA;OK_API_IBGE
150250;1502509;Chaves;PA;OK_API_IBGE
150260;1502608;Colares;PA;OK_API_IBGE
150270;1502707;Conceição do Araguaia;PA;OK_API_IBGE
150275;1502756;Concórdia do Pará;PA;OK_API_IBGE
150276;1502764;Cumaru do Norte;PA;OK_API_IBGE
150277;1502772;Curionópolis;PA;OK_API_IBGE
150280;1502806;Curralinho;PA;OK_API_IBGE
150285;1502855;Curuá;PA;OK_API_IBGE
150290;1502905;Curuçá;PA;OK_API_IBGE
150293;1502939;Dom Eliseu;PA;OK_API_IBGE
150295;1502954;Eldorado do Carajás;PA;OK_API_IBGE
150300;1503002;Faro;PA;OK_API_IBGE
150304;1503044;Floresta do Araguaia;PA;OK_API_IBGE
150307;1503077;Garrafão do Norte;PA;OK_API_IBGE
150309;1503093;Goianésia do Pará;PA;OK_API_IBGE
150310;1503101;Gurupá;PA;OK_API_IBGE
150320;1503200;Igarapé-Açu;PA;OK_API_IBGE
150330;1503309;Igarapé-Miri;PA;OK_API_IBGE
150340;1503408;Inhangapi;PA;OK_API_IBGE
150345;1503457;Ipixuna do Pará;PA;OK_API_IBGE
150350;1503507;Irituia;PA;OK_API_IBGE
150360;1503606;Itaituba;PA;OK_API_IBGE
150370;1503705;Itupiranga;PA;OK_API_IBGE
150375;1503754;Jacareacanga;PA;OK_API_IBGE
150380;1503804;Jacundá;PA;OK_API_IBGE
150390;1503903;Juruti;PA;OK_API_IBGE
150400;1504000;Limoeiro do Ajuru;PA;OK_API_IBGE
150405;1504059;Mãe do Rio;PA;OK_API_IBGE
150410;1504109;Magalhães Barata;PA;OK_API_IBGE
150420;1504208;Marabá;PA;OK_API_IBGE
150430;1504307;Maracanã;PA;OK_API_IBGE
150440;1504406;Marapanim;PA;OK_API_IBGE
150442;1504422;Marituba;PA;OK_API_IBGE
150445;1504455;Medicilândia;PA;OK_API_IBGE
150450;1504505;Melgaço;PA;OK_API_IBGE
150460;1504604;Mocajuba;PA;OK_API_IBGE
150470;1504703;Moju;PA;OK_API_IBGE
150475;1504752;Mojuí dos Campos;PA;OK_API_IBGE
150480;1504802;Monte Alegre;PA;OK_API_IBGE
150490;1504901;Muaná;PA;OK_API_IBGE
150495;1504950;Nova Esperança do Piriá;PA;OK_API_IBGE
150497;1504976;Nova Ipixuna;PA;OK_API_IBGE
150500;1505007;Nova Timboteua;PA;OK_API_IBGE
150503;1505031;Novo Progresso;PA;OK_API_IBGE
150506;1505064;Novo Repartimento;PA;OK_API_IBGE
150510;1505106;Óbidos;PA;OK_API_IBGE
150520;1505205;Oeiras do Pará;PA;OK_API_IBGE
150530;1505304;Oriximiná;PA;OK_API_IBGE
150540;1505403;Ourém;PA;OK_API_IBGE
150543;1505437;Ourilândia do Norte;PA;OK_API_IBGE
150548;1505486;Pacajá;PA;OK_API_IBGE
150549;1505494;Palestina do Pará;PA;OK_API_IBGE
150550;1505502;Paragominas;PA;OK_API_IBGE
150553;1505536;Parauapebas;PA;OK_API_IBGE
150555;1505551;Pau D'Arco;PA;OK_API_IBGE
150560;1505601;Peixe-Boi;PA;OK_API_IBGE
150563;1505635;Piçarra;PA;OK_API_IBGE
150565;1505650;Placas;PA;OK_API_IBGE
150570;1505700;Ponta de Pedras;PA;OK_API_IBGE
150580;1505809;Portel;PA;OK_API_IBGE
150590;1505908;Porto de Moz;PA;OK_API_IBGE
150600;1506005;Prainha;PA;OK_API_IBGE
150610;1506104;Primavera;PA;OK_API_IBGE
150611;1506112;Quatipuru;PA;OK_API_IBGE
150613;1506138;Redenção;PA;OK_API_IBGE
150616;1506161;Rio Maria;PA;OK_API_IBGE
150618;1506187;Rondon do Pará;PA;OK_API_IBGE
150619;1506195;Rurópolis;PA;OK_API_IBGE
150620;1506203;Salinópolis;PA;OK_API_IBGE
150630;1506302;Salvaterra;PA;OK_API_IBGE
150635;1506351;Santa Bárbara do Pará;PA;OK_API_IBGE
150640;1506401;Santa Cruz do Arari;PA;OK_API_IBGE
150650;1506500;Santa Izabel do Pará;PA;OK_API_IBGE
150655;1506559;Santa Luzia do Pará;PA;OK_API_IBGE
150658;1506583;Santa Maria das Barreiras;PA;OK_API_IBGE
150660;1506609;Santa Maria do Pará;PA;OK_API_IBGE
150670;1506708;Santana do Araguaia;PA;OK_API_IBGE
150680;1506807;Santarém;PA;OK_API_IBGE
150690;1506906;Santarém Novo;PA;OK_API_IBGE
150700;1507003;Santo Antônio do Tauá;PA;OK_API_IBGE
150710;1507102;São Caetano de Odivelas;PA;OK_API_IBGE
150715;1507151;São Domingos do Araguaia;PA;OK_API_IBGE
150720;1507201;São Domingos do Capim;PA;OK_API_IBGE
150730;1507300;São Félix do Xingu;PA;OK_API_IBGE
150740;1507409;São Francisco do Pará;PA;OK_API_IBGE
150745;1507458;São Geraldo do Araguaia;PA;OK_API_IBGE
150746;1507466;São João da Ponta;PA;OK_API_IBGE
150747;1507474;São João de Pirabas;PA;OK_API_IBGE
150750;1507508;São João do Araguaia;PA;OK_API_IBGE
150760;1507607;São Miguel do Guamá;PA;OK_API_IBGE
150770;1507706;São Sebastião da Boa Vista;PA;OK_API_IBGE
150775;1507755;Sapucaia;PA;OK_API_IBGE
150780;1507805;Senador José Porfírio;PA;OK_API_IBGE
150790;1507904;Soure;PA;OK_API_IBGE
150795;1507953;Tailândia;PA;OK_API_IBGE
150796;1507961;Terra Alta;PA;OK_API_IBGE
150797;1507979;Terra Santa;PA;OK_API_IBGE
150800;1508001;Tomé-Açu;PA;OK_API_IBGE
150803;1508035;Tracuateua;PA;OK_API_IBGE
150805;1508050;Trairão;PA;OK_API_IBGE
150808;1508084;Tucumã;PA;OK_API_IBGE
150810;1508100;Tucuruí;PA;OK_API_IBGE
150812;1508126;Ulianópolis;PA;OK_API_IBGE
150815;1508159;Uruará;PA;OK_API_IBGE
150820;1508209;Vigia;PA;OK_API_IBGE
150830;1508308;Viseu;PA;OK_API_IBGE
150835;1508357;Vitória do Xingu;PA;OK_API_IBGE
150840;1508407;Xinguara;PA;OK_API_IBGE
160005;1600055;Serra do Navio;AP;OK_API_IBGE
160010;1600105;Amapá;AP;OK_API_IBGE
160015;1600154;Pedra Branca do Amapari;AP;OK_API_IBGE
160020;1600204;Calçoene;AP;OK_API_IBGE
160021;1600212;Cutias;AP;OK_API_IBGE
160025;1600253;Itaubal;AP;OK_API_IBGE
160027;1600279;Laranjal do Jari;AP;OK_API_IBGE
160030;1600303;Macapá;AP;OK_API_IBGE
160040;1600402;Mazagão;AP;OK_API_IBGE
160050;1600501;Oiapoque;AP;OK_API_IBGE
160053;1600535;Porto Grande;AP;OK_API_IBGE
160055;1600550;Pracuúba;AP;OK_API_IBGE
160060;1600600;Santana;AP;OK_API_IBGE
160070;1600709;Tartarugalzinho;AP;OK_API_IBGE
160080;1600808;Vitória do Jari;AP;OK_API_IBGE
170035;1700350;Aliança do Tocantins;TO;OK_API_IBGE
170040;1700400;Almas;TO;OK_API_IBGE
170070;1700707;Alvorada;TO;OK_API_IBGE
170100;1701002;Ananás;TO;OK_API_IBGE
170110;1701101;Aparecida do Rio Negro;TO;OK_API_IBGE
170130;1701309;Aragominas;TO;OK_API_IBGE
170190;1701903;Araguacema;TO;OK_API_IBGE
170210;1702109;Araguaína;TO;OK_API_IBGE
170220;1702208;Araguatins;TO;OK_API_IBGE
170230;1702307;Arapoema;TO;OK_API_IBGE
170240;1702406;Arraias;TO;OK_API_IBGE
170255;1702554;Augustinópolis;TO;OK_API_IBGE
170290;1702901;Axixá do Tocantins;TO;OK_API_IBGE
170300;1703008;Babaçulândia;TO;OK_API_IBGE
170305;1703057;Bandeirantes do Tocantins;TO;OK_API_IBGE
170307;1703073;Barra do Ouro;TO;OK_API_IBGE
170310;1703107;Barrolândia;TO;OK_API_IBGE
170380;1703800;Buriti do Tocantins;TO;OK_API_IBGE
170382;1703826;Cachoeirinha;TO;OK_API_IBGE
170384;1703842;Campos Lindos;TO;OK_API_IBGE
170386;1703867;Cariri do Tocantins;TO;OK_API_IBGE
170388;1703883;Carmolândia;TO;OK_API_IBGE
170389;1703891;Carrasco Bonito;TO;OK_API_IBGE
170390;1703909;Caseara;TO;OK_API_IBGE
170510;1705102;Chapada da Natividade;TO;OK_API_IBGE
170550;1705508;Colinas do Tocantins;TO;OK_API_IBGE
170555;1705557;Combinado;TO;OK_API_IBGE
170600;1706001;Couto Magalhães;TO;OK_API_IBGE
170610;1706100;Cristalândia;TO;OK_API_IBGE
170650;1706506;Darcinópolis;TO;OK_API_IBGE
170700;1707009;Dianópolis;TO;OK_API_IBGE
170710;1707108;Divinópolis do Tocantins;TO;OK_API_IBGE
170730;1707306;Dueré;TO;OK_API_IBGE
170740;1707405;Esperantina;TO;OK_API_IBGE
170765;1707652;Figueirópolis;TO;OK_API_IBGE
170770;1707702;Filadélfia;TO;OK_API_IBGE
170820;1708205;Formoso do Araguaia;TO;OK_API_IBGE
170830;1708304;Goianorte;TO;OK_API_IBGE
170900;1709005;Goiatins;TO;OK_API_IBGE
170930;1709302;Guaraí;TO;OK_API_IBGE
170950;1709500;Gurupi;TO;OK_API_IBGE
170980;1709807;Ipueiras;TO;OK_API_IBGE
171050;1710508;Itacajá;TO;OK_API_IBGE
171070;1710706;Itaguatins;TO;OK_API_IBGE
171090;1710904;Itapiratins;TO;OK_API_IBGE
171190;1711902;Lagoa da Confusão;TO;OK_API_IBGE
171195;1711951;Lagoa do Tocantins;TO;OK_API_IBGE
171200;1712009;Lajeado;TO;OK_API_IBGE
171215;1712157;Lavandeira;TO;OK_API_IBGE
171280;1712801;Maurilândia do Tocantins;TO;OK_API_IBGE
171320;1713205;Miracema do Tocantins;TO;OK_API_IBGE
171330;1713304;Miranorte;TO;OK_API_IBGE
171360;1713601;Monte do Carmo;TO;OK_API_IBGE
171370;1713700;Monte Santo do Tocantins;TO;OK_API_IBGE
171380;1713809;Palmeiras do Tocantins;TO;OK_API_IBGE
171395;1713957;Muricilândia;TO;OK_API_IBGE
171420;1714203;Natividade;TO;OK_API_IBGE
171488;1714880;Nova Olinda;TO;OK_API_IBGE
171500;1715002;Nova Rosalândia;TO;OK_API_IBGE
171525;1715259;Novo Jardim;TO;OK_API_IBGE
171575;1715754;Palmeirópolis;TO;OK_API_IBGE
171610;1716109;Paraíso do Tocantins;TO;OK_API_IBGE
171630;1716307;Pau D'Arco;TO;OK_API_IBGE
171650;1716505;Pedro Afonso;TO;OK_API_IBGE
171660;1716604;Peixe;TO;OK_API_IBGE
171720;1717206;Piraquê;TO;OK_API_IBGE
171750;1717503;Pium;TO;OK_API_IBGE
171790;1717909;Ponte Alta do Tocantins;TO;OK_API_IBGE
171820;1718204;Porto Nacional;TO;OK_API_IBGE
171830;1718303;Praia Norte;TO;OK_API_IBGE
171845;1718451;Pugmil;TO;OK_API_IBGE
171850;1718501;Recursolândia;TO;OK_API_IBGE
171855;1718550;Riachinho;TO;OK_API_IBGE
171865;1718659;Rio da Conceição;TO;OK_API_IBGE
171880;1718808;Sampaio;TO;OK_API_IBGE
171886;1718865;Santa Fé do Araguaia;TO;OK_API_IBGE
171888;1718881;Santa Maria do Tocantins;TO;OK_API_IBGE
172010;1720101;São Bento do Tocantins;TO;OK_API_IBGE
172020;1720200;São Miguel do Tocantins;TO;OK_API_IBGE
172025;1720259;São Salvador do Tocantins;TO;OK_API_IBGE
172030;1720309;São Sebastião do Tocantins;TO;OK_API_IBGE
172065;1720655;Silvanópolis;TO;OK_API_IBGE
172080;1720804;Sítio Novo do Tocantins;TO;OK_API_IBGE
172090;1720903;Taguatinga;TO;OK_API_IBGE
172097;1720978;Talismã;TO;OK_API_IBGE
172100;1721000;Palmas;TO;OK_API_IBGE
172110;1721109;Tocantínia;TO;OK_API_IBGE
172120;1721208;Tocantinópolis;TO;OK_API_IBGE
172130;1721307;Tupiratins;TO;OK_API_IBGE
172208;1722081;Wanderlândia;TO;OK_API_IBGE
172210;1722107;Xambioá;TO;OK_API_IBGE
210005;2100055;Açailândia;MA;OK_API_IBGE
210015;2100154;Água Doce do Maranhão;MA;OK_API_IBGE
210020;2100204;Alcântara;MA;OK_API_IBGE
210030;2100303;Aldeias Altas;MA;OK_API_IBGE
210040;2100402;Altamira do Maranhão;MA;OK_API_IBGE
210043;2100436;Alto Alegre do Maranhão;MA;OK_API_IBGE
210047;2100477;Alto Alegre do Pindaré;MA;OK_API_IBGE
210055;2100550;Amapá do Maranhão;MA;OK_API_IBGE
210060;2100600;Amarante do Maranhão;MA;OK_API_IBGE
210070;2100709;Anajatuba;MA;OK_API_IBGE
210080;2100808;Anapurus;MA;OK_API_IBGE
210083;2100832;Apicum-Açu;MA;OK_API_IBGE
210087;2100873;Araguanã;MA;OK_API_IBGE
210090;2100907;Araioses;MA;OK_API_IBGE
210095;2100956;Arame;MA;OK_API_IBGE
210100;2101004;Arari;MA;OK_API_IBGE
210110;2101103;Axixá;MA;OK_API_IBGE
210120;2101202;Bacabal;MA;OK_API_IBGE
210125;2101251;Bacabeira;MA;OK_API_IBGE
210130;2101301;Bacuri;MA;OK_API_IBGE
210135;2101350;Bacurituba;MA;OK_API_IBGE
210140;2101400;Balsas;MA;OK_API_IBGE
210150;2101509;Barão de Grajaú;MA;OK_API_IBGE
210160;2101608;Barra do Corda;MA;OK_API_IBGE
210170;2101707;Barreirinhas;MA;OK_API_IBGE
210177;2101772;Bela Vista do Maranhão;MA;OK_API_IBGE
210190;2101905;Bequimão;MA;OK_API_IBGE
210197;2101970;Boa Vista do Gurupi;MA;OK_API_IBGE
210200;2102002;Bom Jardim;MA;OK_API_IBGE
210203;2102036;Bom Jesus das Selvas;MA;OK_API_IBGE
210207;2102077;Bom Lugar;MA;OK_API_IBGE
210210;2102101;Brejo;MA;OK_API_IBGE
210215;2102150;Brejo de Areia;MA;OK_API_IBGE
210220;2102200;Buriti;MA;OK_API_IBGE
210230;2102309;Buriti Bravo;MA;OK_API_IBGE
210232;2102325;Buriticupu;MA;OK_API_IBGE
210235;2102358;Buritirana;MA;OK_API_IBGE
210240;2102408;Cajapió;MA;OK_API_IBGE
210250;2102507;Cajari;MA;OK_API_IBGE
210255;2102556;Campestre do Maranhão;MA;OK_API_IBGE
210260;2102606;Cândido Mendes;MA;OK_API_IBGE
210270;2102705;Cantanhede;MA;OK_API_IBGE
210275;2102754;Capinzal do Norte;MA;OK_API_IBGE
210280;2102804;Carolina;MA;OK_API_IBGE
210290;2102903;Carutapera;MA;OK_API_IBGE
210300;2103000;Caxias;MA;OK_API_IBGE
210310;2103109;Cedral;MA;OK_API_IBGE
210312;2103125;Central do Maranhão;MA;OK_API_IBGE
210315;2103158;Centro do Guilherme;MA;OK_API_IBGE
210317;2103174;Centro Novo do Maranhão;MA;OK_API_IBGE
210320;2103208;Chapadinha;MA;OK_API_IBGE
210325;2103257;Cidelândia;MA;OK_API_IBGE
210330;2103307;Codó;MA;OK_API_IBGE
210340;2103406;Coelho Neto;MA;OK_API_IBGE
210350;2103505;Colinas;MA;OK_API_IBGE
210355;2103554;Conceição do Lago-Açu;MA;OK_API_IBGE
210360;2103604;Coroatá;MA;OK_API_IBGE
210370;2103703;Cururupu;MA;OK_API_IBGE
210375;2103752;Davinópolis;MA;OK_API_IBGE
210380;2103802;Dom Pedro;MA;OK_API_IBGE
210390;2103901;Duque Bacelar;MA;OK_API_IBGE
210400;2104008;Esperantinópolis;MA;OK_API_IBGE
210405;2104057;Estreito;MA;OK_API_IBGE
210407;2104073;Feira Nova do Maranhão;MA;OK_API_IBGE
210408;2104081;Fernando Falcão;MA;OK_API_IBGE
210410;2104107;Fortaleza dos Nogueiras;MA;OK_API_IBGE
210420;2104206;Fortuna;MA;OK_API_IBGE
210430;2104305;Godofredo Viana;MA;OK_API_IBGE
210440;2104404;Gonçalves Dias;MA;OK_API_IBGE
210450;2104503;Governador Archer;MA;OK_API_IBGE
210455;2104552;Governador Edison Lobão;MA;OK_API_IBGE
210460;2104602;Governador Eugênio Barros;MA;OK_API_IBGE
210462;2104628;Governador Luiz Rocha;MA;OK_API_IBGE
210465;2104651;Governador Newton Bello;MA;OK_API_IBGE
210467;2104677;Governador Nunes Freire;MA;OK_API_IBGE
210470;2104701;Graça Aranha;MA;OK_API_IBGE
210480;2104800;Grajaú;MA;OK_API_IBGE
210490;2104909;Guimarães;MA;OK_API_IBGE
210500;2105005;Humberto de Campos;MA;OK_API_IBGE
210510;2105104;Icatu;MA;OK_API_IBGE
210515;2105153;Igarapé do Meio;MA;OK_API_IBGE
210520;2105203;Igarapé Grande;MA;OK_API_IBGE
210530;2105302;Imperatriz;MA;OK_API_IBGE
210535;2105351;Itaipava do Grajaú;MA;OK_API_IBGE
210540;2105401;Itapecuru Mirim;MA;OK_API_IBGE
210542;2105427;Itinga do Maranhão;MA;OK_API_IBGE
210545;2105450;Jatobá;MA;OK_API_IBGE
210547;2105476;Jenipapo dos Vieiras;MA;OK_API_IBGE
210550;2105500;João Lisboa;MA;OK_API_IBGE
210560;2105609;Joselândia;MA;OK_API_IBGE
210565;2105658;Junco do Maranhão;MA;OK_API_IBGE
210570;2105708;Lago da Pedra;MA;OK_API_IBGE
210580;2105807;Lago do Junco;MA;OK_API_IBGE
210590;2105906;Lago Verde;MA;OK_API_IBGE
210592;2105922;Lagoa do Mato;MA;OK_API_IBGE
210594;2105948;Lago dos Rodrigues;MA;OK_API_IBGE
210596;2105963;Lagoa Grande do Maranhão;MA;OK_API_IBGE
210600;2106003;Lima Campos;MA;OK_API_IBGE
210610;2106102;Loreto;MA;OK_API_IBGE
210620;2106201;Luís Domingues;MA;OK_API_IBGE
210630;2106300;Magalhães de Almeida;MA;OK_API_IBGE
210632;2106326;Maracaçumé;MA;OK_API_IBGE
210637;2106375;Maranhãozinho;MA;OK_API_IBGE
210640;2106409;Mata Roma;MA;OK_API_IBGE
210650;2106508;Matinha;MA;OK_API_IBGE
210660;2106607;Matões;MA;OK_API_IBGE
210663;2106631;Matões do Norte;MA;OK_API_IBGE
210667;2106672;Milagres do Maranhão;MA;OK_API_IBGE
210670;2106706;Mirador;MA;OK_API_IBGE
210675;2106755;Miranda do Norte;MA;OK_API_IBGE
210680;2106805;Mirinzal;MA;OK_API_IBGE
210690;2106904;Monção;MA;OK_API_IBGE
210700;2107001;Montes Altos;MA;OK_API_IBGE
210710;2107100;Morros;MA;OK_API_IBGE
210720;2107209;Nina Rodrigues;MA;OK_API_IBGE
210735;2107357;Nova Olinda do Maranhão;MA;OK_API_IBGE
210740;2107407;Olho d'Água das Cunhãs;MA;OK_API_IBGE
210745;2107456;Olinda Nova do Maranhão;MA;OK_API_IBGE
210750;2107506;Paço do Lumiar;MA;OK_API_IBGE
210760;2107605;Palmeirândia;MA;OK_API_IBGE
210770;2107704;Paraibano;MA;OK_API_IBGE
210780;2107803;Parnarama;MA;OK_API_IBGE
210790;2107902;Passagem Franca;MA;OK_API_IBGE
210800;2108009;Pastos Bons;MA;OK_API_IBGE
210805;2108058;Paulino Neves;MA;OK_API_IBGE
210810;2108108;Paulo Ramos;MA;OK_API_IBGE
210820;2108207;Pedreiras;MA;OK_API_IBGE
210825;2108256;Pedro do Rosário;MA;OK_API_IBGE
210830;2108306;Penalva;MA;OK_API_IBGE
210840;2108405;Peri Mirim;MA;OK_API_IBGE
210845;2108454;Peritoró;MA;OK_API_IBGE
210850;2108504;Pindaré-Mirim;MA;OK_API_IBGE
210860;2108603;Pinheiro;MA;OK_API_IBGE
210870;2108702;Pio XII;MA;OK_API_IBGE
210880;2108801;Pirapemas;MA;OK_API_IBGE
210890;2108900;Poção de Pedras;MA;OK_API_IBGE
210900;2109007;Porto Franco;MA;OK_API_IBGE
210905;2109056;Porto Rico do Maranhão;MA;OK_API_IBGE
210910;2109106;Presidente Dutra;MA;OK_API_IBGE
210920;2109205;Presidente Juscelino;MA;OK_API_IBGE
210923;2109239;Presidente Médici;MA;OK_API_IBGE
210927;2109270;Presidente Sarney;MA;OK_API_IBGE
210930;2109304;Presidente Vargas;MA;OK_API_IBGE
210940;2109403;Primeira Cruz;MA;OK_API_IBGE
210945;2109452;Raposa;MA;OK_API_IBGE
210950;2109502;Riachão;MA;OK_API_IBGE
210955;2109551;Ribamar Fiquene;MA;OK_API_IBGE
210960;2109601;Rosário;MA;OK_API_IBGE
210980;2109809;Santa Helena;MA;OK_API_IBGE
210990;2109908;Santa Inês;MA;OK_API_IBGE
211000;2110005;Santa Luzia;MA;OK_API_IBGE
211003;2110039;Santa Luzia do Paruá;MA;OK_API_IBGE
211010;2110104;Santa Quitéria do Maranhão;MA;OK_API_IBGE
211020;2110203;Santa Rita;MA;OK_API_IBGE
211023;2110237;Santana do Maranhão;MA;OK_API_IBGE
211027;2110278;Santo Amaro do Maranhão;MA;OK_API_IBGE
211030;2110302;Santo Antônio dos Lopes;MA;OK_API_IBGE
211040;2110401;São Benedito do Rio Preto;MA;OK_API_IBGE
211050;2110500;São Bento;MA;OK_API_IBGE
211060;2110609;São Bernardo;MA;OK_API_IBGE
211065;2110658;São Domingos do Azeitão;MA;OK_API_IBGE
211070;2110708;São Domingos do Maranhão;MA;OK_API_IBGE
211085;2110856;São Francisco do Brejão;MA;OK_API_IBGE
211090;2110906;São Francisco do Maranhão;MA;OK_API_IBGE
211100;2111003;São João Batista;MA;OK_API_IBGE
211102;2111029;São João do Carú;MA;OK_API_IBGE
211105;2111052;São João do Paraíso;MA;OK_API_IBGE
211107;2111078;São João do Soter;MA;OK_API_IBGE
211110;2111102;São João dos Patos;MA;OK_API_IBGE
211120;2111201;São José de Ribamar;MA;OK_API_IBGE
211130;2111300;São Luís;MA;OK_API_IBGE
211140;2111409;São Luís Gonzaga do Maranhão;MA;OK_API_IBGE
211150;2111508;São Mateus do Maranhão;MA;OK_API_IBGE
211153;2111532;São Pedro da Água Branca;MA;OK_API_IBGE
211157;2111573;São Pedro dos Crentes;MA;OK_API_IBGE
211160;2111607;São Raimundo das Mangabeiras;MA;OK_API_IBGE
211163;2111631;São Raimundo do Doca Bezerra;MA;OK_API_IBGE
211167;2111672;São Roberto;MA;OK_API_IBGE
211170;2111706;São Vicente Ferrer;MA;OK_API_IBGE
211172;2111722;Satubinha;MA;OK_API_IBGE
211176;2111763;Senador La Rocque;MA;OK_API_IBGE
211178;2111789;Serrano do Maranhão;MA;OK_API_IBGE
211180;2111805;Sítio Novo;MA;OK_API_IBGE
211195;2111953;Sucupira do Riachão;MA;OK_API_IBGE
211200;2112001;Tasso Fragoso;MA;OK_API_IBGE
211210;2112100;Timbiras;MA;OK_API_IBGE
211220;2112209;Timon;MA;OK_API_IBGE
211223;2112233;Trizidela do Vale;MA;OK_API_IBGE
211227;2112274;Tufilândia;MA;OK_API_IBGE
211230;2112308;Tuntum;MA;OK_API_IBGE
211240;2112407;Turiaçu;MA;OK_API_IBGE
211245;2112456;Turilândia;MA;OK_API_IBGE
211250;2112506;Tutóia;MA;OK_API_IBGE
211260;2112605;Urbano Santos;MA;OK_API_IBGE
211270;2112704;Vargem Grande;MA;OK_API_IBGE
211280;2112803;Viana;MA;OK_API_IBGE
211285;2112852;Vila Nova dos Martírios;MA;OK_API_IBGE
211290;2112902;Vitória do Mearim;MA;OK_API_IBGE
211300;2113009;Vitorino Freire;MA;OK_API_IBGE
211400;2114007;Zé Doca;MA;OK_API_IBGE
220010;2200103;Agricolândia;PI;OK_API_IBGE
220020;2200202;Água Branca;PI;OK_API_IBGE
220025;2200251;Alagoinha do Piauí;PI;OK_API_IBGE
220040;2200400;Altos;PI;OK_API_IBGE
220045;2200459;Alvorada do Gurguéia;PI;OK_API_IBGE
220050;2200509;Amarante;PI;OK_API_IBGE
220060;2200608;Angical do Piauí;PI;OK_API_IBGE
220070;2200707;Anísio de Abreu;PI;OK_API_IBGE
220090;2200905;Aroazes;PI;OK_API_IBGE
220100;2201002;Arraial;PI;OK_API_IBGE
220105;2201051;Assunção do Piauí;PI;OK_API_IBGE
220110;2201101;Avelino Lopes;PI;OK_API_IBGE
220115;2201150;Baixa Grande do Ribeiro;PI;OK_API_IBGE
220117;2201176;Barra D'Alcântara;PI;OK_API_IBGE
220120;2201200;Barras;PI;OK_API_IBGE
220130;2201309;Barreiras do Piauí;PI;OK_API_IBGE
220140;2201408;Barro Duro;PI;OK_API_IBGE
220150;2201507;Batalha;PI;OK_API_IBGE
220157;2201572;Belém do Piauí;PI;OK_API_IBGE
220160;2201606;Beneditinos;PI;OK_API_IBGE
220173;2201739;Betânia do Piauí;PI;OK_API_IBGE
220177;2201770;Boa Hora;PI;OK_API_IBGE
220180;2201804;Bocaina;PI;OK_API_IBGE
220190;2201903;Bom Jesus;PI;OK_API_IBGE
220191;2201919;Bom Princípio do Piauí;PI;OK_API_IBGE
220192;2201929;Bonfim do Piauí;PI;OK_API_IBGE
220194;2201945;Boqueirão do Piauí;PI;OK_API_IBGE
220196;2201960;Brasileira;PI;OK_API_IBGE
220200;2202000;Buriti dos Lopes;PI;OK_API_IBGE
220202;2202026;Buriti dos Montes;PI;OK_API_IBGE
220205;2202059;Cabeceiras do Piauí;PI;OK_API_IBGE
220208;2202083;Cajueiro da Praia;PI;OK_API_IBGE
220210;2202109;Campinas do Piauí;PI;OK_API_IBGE
220211;2202117;Campo Alegre do Fidalgo;PI;OK_API_IBGE
220213;2202133;Campo Grande do Piauí;PI;OK_API_IBGE
220217;2202174;Campo Largo do Piauí;PI;OK_API_IBGE
220220;2202208;Campo Maior;PI;OK_API_IBGE
220230;2202307;Canto do Buriti;PI;OK_API_IBGE
220240;2202406;Capitão de Campos;PI;OK_API_IBGE
220245;2202455;Capitão Gervásio Oliveira;PI;OK_API_IBGE
220250;2202505;Caracol;PI;OK_API_IBGE
220255;2202554;Caridade do Piauí;PI;OK_API_IBGE
220260;2202604;Castelo do Piauí;PI;OK_API_IBGE
220265;2202653;Caxingó;PI;OK_API_IBGE
220270;2202703;Cocal;PI;OK_API_IBGE
220275;2202752;Colônia do Gurguéia;PI;OK_API_IBGE
220277;2202778;Colônia do Piauí;PI;OK_API_IBGE
220280;2202802;Conceição do Canindé;PI;OK_API_IBGE
220285;2202851;Coronel José Dias;PI;OK_API_IBGE
220290;2202901;Corrente;PI;OK_API_IBGE
220300;2203008;Cristalândia do Piauí;PI;OK_API_IBGE
220310;2203107;Cristino Castro;PI;OK_API_IBGE
220320;2203206;Curimatá;PI;OK_API_IBGE
220323;2203230;Currais;PI;OK_API_IBGE
220325;2203255;Curralinhos;PI;OK_API_IBGE
220327;2203271;Curral Novo do Piauí;PI;OK_API_IBGE
220330;2203305;Demerval Lobão;PI;OK_API_IBGE
220340;2203404;Dom Expedito Lopes;PI;OK_API_IBGE
220342;2203420;Domingos Mourão;PI;OK_API_IBGE
220345;2203453;Dom Inocêncio;PI;OK_API_IBGE
220350;2203503;Elesbão Veloso;PI;OK_API_IBGE
220370;2203701;Esperantina;PI;OK_API_IBGE
220375;2203750;Fartura do Piauí;PI;OK_API_IBGE
220385;2203859;Floresta do Piauí;PI;OK_API_IBGE
220390;2203909;Floriano;PI;OK_API_IBGE
220400;2204006;Francinópolis;PI;OK_API_IBGE
220410;2204105;Francisco Ayres;PI;OK_API_IBGE
220430;2204303;Fronteiras;PI;OK_API_IBGE
220450;2204501;Guadalupe;PI;OK_API_IBGE
220455;2204550;Guaribas;PI;OK_API_IBGE
220460;2204600;Hugo Napoleão;PI;OK_API_IBGE
220465;2204659;Ilha Grande;PI;OK_API_IBGE
220470;2204709;Inhuma;PI;OK_API_IBGE
220480;2204808;Ipiranga do Piauí;PI;OK_API_IBGE
220490;2204907;Isaías Coelho;PI;OK_API_IBGE
220500;2205003;Itainópolis;PI;OK_API_IBGE
220520;2205201;Jaicós;PI;OK_API_IBGE
220525;2205250;Jardim do Mulato;PI;OK_API_IBGE
220530;2205300;Jerumenha;PI;OK_API_IBGE
220535;2205359;João Costa;PI;OK_API_IBGE
220540;2205409;Joaquim Pires;PI;OK_API_IBGE
220545;2205458;Joca Marques;PI;OK_API_IBGE
220550;2205508;José de Freitas;PI;OK_API_IBGE
220551;2205516;Juazeiro do Piauí;PI;OK_API_IBGE
220553;2205532;Jurema;PI;OK_API_IBGE
220554;2205540;Lagoinha do Piauí;PI;OK_API_IBGE
220555;2205557;Lagoa Alegre;PI;OK_API_IBGE
220556;2205565;Lagoa do Barro do Piauí;PI;OK_API_IBGE
220557;2205573;Lagoa de São Francisco;PI;OK_API_IBGE
220558;2205581;Lagoa do Piauí;PI;OK_API_IBGE
220560;2205607;Landri Sales;PI;OK_API_IBGE
220570;2205706;Luís Correia;PI;OK_API_IBGE
220580;2205805;Luzilândia;PI;OK_API_IBGE
220585;2205854;Madeiro;PI;OK_API_IBGE
220595;2205953;Marcolândia;PI;OK_API_IBGE
220600;2206001;Marcos Parente;PI;OK_API_IBGE
220605;2206050;Massapê do Piauí;PI;OK_API_IBGE
220610;2206100;Matias Olímpio;PI;OK_API_IBGE
220620;2206209;Miguel Alves;PI;OK_API_IBGE
220635;2206357;Milton Brandão;PI;OK_API_IBGE
220640;2206407;Monsenhor Gil;PI;OK_API_IBGE
220660;2206605;Monte Alegre do Piauí;PI;OK_API_IBGE
220665;2206654;Morro Cabeça no Tempo;PI;OK_API_IBGE
220667;2206670;Morro do Chapéu do Piauí;PI;OK_API_IBGE
220670;2206704;Nazaré do Piauí;PI;OK_API_IBGE
220672;2206720;Nazária;PI;OK_API_IBGE
220675;2206753;Nossa Senhora de Nazaré;PI;OK_API_IBGE
220690;2206902;Novo Oriente do Piauí;PI;OK_API_IBGE
220695;2206951;Novo Santo Antônio;PI;OK_API_IBGE
220700;2207009;Oeiras;PI;OK_API_IBGE
220710;2207108;Olho D'Água do Piauí;PI;OK_API_IBGE
220730;2207306;Paes Landim;PI;OK_API_IBGE
220740;2207405;Palmeira do Piauí;PI;OK_API_IBGE
220750;2207504;Palmeirais;PI;OK_API_IBGE
220760;2207603;Parnaguá;PI;OK_API_IBGE
220770;2207702;Parnaíba;PI;OK_API_IBGE
220777;2207777;Patos do Piauí;PI;OK_API_IBGE
220780;2207801;Paulistana;PI;OK_API_IBGE
220790;2207900;Pedro II;PI;OK_API_IBGE
220793;2207934;Pedro Laurentino;PI;OK_API_IBGE
220795;2207959;Nova Santa Rita;PI;OK_API_IBGE
220800;2208007;Picos;PI;OK_API_IBGE
220810;2208106;Pimenteiras;PI;OK_API_IBGE
220820;2208205;Pio IX;PI;OK_API_IBGE
220830;2208304;Piracuruca;PI;OK_API_IBGE
220840;2208403;Piripiri;PI;OK_API_IBGE
220850;2208502;Porto;PI;OK_API_IBGE
220855;2208551;Porto Alegre do Piauí;PI;OK_API_IBGE
220860;2208601;Prata do Piauí;PI;OK_API_IBGE
220865;2208650;Queimada Nova;PI;OK_API_IBGE
220870;2208700;Redenção do Gurguéia;PI;OK_API_IBGE
220880;2208809;Regeneração;PI;OK_API_IBGE
220885;2208858;Riacho Frio;PI;OK_API_IBGE
220887;2208874;Ribeira do Piauí;PI;OK_API_IBGE
220890;2208908;Ribeiro Gonçalves;PI;OK_API_IBGE
220910;2209104;Santa Cruz do Piauí;PI;OK_API_IBGE
220915;2209153;Santa Cruz dos Milagres;PI;OK_API_IBGE
220920;2209203;Santa Filomena;PI;OK_API_IBGE
220930;2209302;Santa Luz;PI;OK_API_IBGE
220935;2209351;Santana do Piauí;PI;OK_API_IBGE
220945;2209450;Santo Antônio dos Milagres;PI;OK_API_IBGE
220955;2209559;São Braz do Piauí;PI;OK_API_IBGE
220960;2209609;São Félix do Piauí;PI;OK_API_IBGE
220965;2209658;São Francisco de Assis do Piauí;PI;OK_API_IBGE
220970;2209708;São Francisco do Piauí;PI;OK_API_IBGE
220987;2209872;São João da Fronteira;PI;OK_API_IBGE
220990;2209906;São João da Serra;PI;OK_API_IBGE
220995;2209955;São João da Varjota;PI;OK_API_IBGE
220997;2209971;São João do Arraial;PI;OK_API_IBGE
221000;2210003;São João do Piauí;PI;OK_API_IBGE
221005;2210052;São José do Divino;PI;OK_API_IBGE
221020;2210201;São José do Piauí;PI;OK_API_IBGE
221030;2210300;São Julião;PI;OK_API_IBGE
221035;2210359;São Lourenço do Piauí;PI;OK_API_IBGE
221040;2210409;São Miguel do Tapuio;PI;OK_API_IBGE
221050;2210508;São Pedro do Piauí;PI;OK_API_IBGE
221060;2210607;São Raimundo Nonato;PI;OK_API_IBGE
221063;2210631;Sebastião Leal;PI;OK_API_IBGE
221065;2210656;Sigefredo Pacheco;PI;OK_API_IBGE
221070;2210706;Simões;PI;OK_API_IBGE
221080;2210805;Simplício Mendes;PI;OK_API_IBGE
221090;2210904;Socorro do Piauí;PI;OK_API_IBGE
221095;2210953;Tamboril do Piauí;PI;OK_API_IBGE
221100;2211001;Teresina;PI;OK_API_IBGE
221110;2211100;União;PI;OK_API_IBGE
221120;2211209;Uruçuí;PI;OK_API_IBGE
221130;2211308;Valença do Piauí;PI;OK_API_IBGE
221135;2211357;Várzea Branca;PI;OK_API_IBGE
221140;2211407;Várzea Grande;PI;OK_API_IBGE
221170;2211704;Wall Ferraz;PI;OK_API_IBGE
230010;2300101;Abaiara;CE;OK_API_IBGE
230015;2300150;Acarape;CE;OK_API_IBGE
230020;2300200;Acaraú;CE;OK_API_IBGE
230030;2300309;Acopiara;CE;OK_API_IBGE
230040;2300408;Aiuaba;CE;OK_API_IBGE
230050;2300507;Alcântaras;CE;OK_API_IBGE
230060;2300606;Altaneira;CE;OK_API_IBGE
230070;2300705;Alto Santo;CE;OK_API_IBGE
230075;2300754;Amontada;CE;OK_API_IBGE
230080;2300804;Antonina do Norte;CE;OK_API_IBGE
230090;2300903;Apuiarés;CE;OK_API_IBGE
230100;2301000;Aquiraz;CE;OK_API_IBGE
230110;2301109;Aracati;CE;OK_API_IBGE
230120;2301208;Aracoiaba;CE;OK_API_IBGE
230125;2301257;Ararendá;CE;OK_API_IBGE
230130;2301307;Araripe;CE;OK_API_IBGE
230140;2301406;Aratuba;CE;OK_API_IBGE
230150;2301505;Arneiroz;CE;OK_API_IBGE
230160;2301604;Assaré;CE;OK_API_IBGE
230170;2301703;Aurora;CE;OK_API_IBGE
230185;2301851;Banabuiú;CE;OK_API_IBGE
230190;2301901;Barbalha;CE;OK_API_IBGE
230195;2301950;Barreira;CE;OK_API_IBGE
230200;2302008;Barro;CE;OK_API_IBGE
230205;2302057;Barroquinha;CE;OK_API_IBGE
230210;2302107;Baturité;CE;OK_API_IBGE
230220;2302206;Beberibe;CE;OK_API_IBGE
230230;2302305;Bela Cruz;CE;OK_API_IBGE
230240;2302404;Boa Viagem;CE;OK_API_IBGE
230250;2302503;Brejo Santo;CE;OK_API_IBGE
230260;2302602;Camocim;CE;OK_API_IBGE
230270;2302701;Campos Sales;CE;OK_API_IBGE
230280;2302800;Canindé;CE;OK_API_IBGE
230290;2302909;Capistrano;CE;OK_API_IBGE
230300;2303006;Caridade;CE;OK_API_IBGE
230310;2303105;Cariré;CE;OK_API_IBGE
230320;2303204;Caririaçu;CE;OK_API_IBGE
230330;2303303;Cariús;CE;OK_API_IBGE
230340;2303402;Carnaubal;CE;OK_API_IBGE
230350;2303501;Cascavel;CE;OK_API_IBGE
230360;2303600;Catarina;CE;OK_API_IBGE
230365;2303659;Catunda;CE;OK_API_IBGE
230370;2303709;Caucaia;CE;OK_API_IBGE
230380;2303808;Cedro;CE;OK_API_IBGE
230390;2303907;Chaval;CE;OK_API_IBGE
230393;2303931;Choró;CE;OK_API_IBGE
230395;2303956;Chorozinho;CE;OK_API_IBGE
230400;2304004;Coreaú;CE;OK_API_IBGE
230410;2304103;Crateús;CE;OK_API_IBGE
230420;2304202;Crato;CE;OK_API_IBGE
230423;2304236;Croatá;CE;OK_API_IBGE
230425;2304251;Cruz;CE;OK_API_IBGE
230426;2304269;Deputado Irapuan Pinheiro;CE;OK_API_IBGE
230427;2304277;Ereré;CE;OK_API_IBGE
230428;2304285;Eusébio;CE;OK_API_IBGE
230430;2304301;Farias Brito;CE;OK_API_IBGE
230435;2304350;Forquilha;CE;OK_API_IBGE
230440;2304400;Fortaleza;CE;OK_API_IBGE
230445;2304459;Fortim;CE;OK_API_IBGE
230450;2304509;Frecheirinha;CE;OK_API_IBGE
230460;2304608;General Sampaio;CE;OK_API_IBGE
230465;2304657;Graça;CE;OK_API_IBGE
230470;2304707;Granja;CE;OK_API_IBGE
230480;2304806;Granjeiro;CE;OK_API_IBGE
230490;2304905;Groaíras;CE;OK_API_IBGE
230495;2304954;Guaiúba;CE;OK_API_IBGE
230500;2305001;Guaraciaba do Norte;CE;OK_API_IBGE
230510;2305100;Guaramiranga;CE;OK_API_IBGE
230520;2305209;Hidrolândia;CE;OK_API_IBGE
230523;2305233;Horizonte;CE;OK_API_IBGE
230526;2305266;Ibaretama;CE;OK_API_IBGE
230530;2305308;Ibiapina;CE;OK_API_IBGE
230533;2305332;Ibicuitinga;CE;OK_API_IBGE
230535;2305357;Icapuí;CE;OK_API_IBGE
230540;2305407;Icó;CE;OK_API_IBGE
230550;2305506;Iguatu;CE;OK_API_IBGE
230560;2305605;Independência;CE;OK_API_IBGE
230565;2305654;Ipaporanga;CE;OK_API_IBGE
230570;2305704;Ipaumirim;CE;OK_API_IBGE
230580;2305803;Ipu;CE;OK_API_IBGE
230590;2305902;Ipueiras;CE;OK_API_IBGE
230600;2306009;Iracema;CE;OK_API_IBGE
230610;2306108;Irauçuba;CE;OK_API_IBGE
230620;2306207;Itaiçaba;CE;OK_API_IBGE
230625;2306256;Itaitinga;CE;OK_API_IBGE
230630;2306306;Itapajé;CE;OK_API_IBGE
230640;2306405;Itapipoca;CE;OK_API_IBGE
230650;2306504;Itapiúna;CE;OK_API_IBGE
230655;2306553;Itarema;CE;OK_API_IBGE
230660;2306603;Itatira;CE;OK_API_IBGE
230670;2306702;Jaguaretama;CE;OK_API_IBGE
230680;2306801;Jaguaribara;CE;OK_API_IBGE
230690;2306900;Jaguaribe;CE;OK_API_IBGE
230700;2307007;Jaguaruana;CE;OK_API_IBGE
230710;2307106;Jardim;CE;OK_API_IBGE
230720;2307205;Jati;CE;OK_API_IBGE
230725;2307254;Jijoca de Jericoacoara;CE;OK_API_IBGE
230730;2307304;Juazeiro do Norte;CE;OK_API_IBGE
230740;2307403;Jucás;CE;OK_API_IBGE
230750;2307502;Lavras da Mangabeira;CE;OK_API_IBGE
230760;2307601;Limoeiro do Norte;CE;OK_API_IBGE
230763;2307635;Madalena;CE;OK_API_IBGE
230765;2307650;Maracanaú;CE;OK_API_IBGE
230770;2307700;Maranguape;CE;OK_API_IBGE
230780;2307809;Marco;CE;OK_API_IBGE
230790;2307908;Martinópole;CE;OK_API_IBGE
230800;2308005;Massapê;CE;OK_API_IBGE
230810;2308104;Mauriti;CE;OK_API_IBGE
230820;2308203;Meruoca;CE;OK_API_IBGE
230830;2308302;Milagres;CE;OK_API_IBGE
230835;2308351;Milhã;CE;OK_API_IBGE
230837;2308377;Miraíma;CE;OK_API_IBGE
230840;2308401;Missão Velha;CE;OK_API_IBGE
230850;2308500;Mombaça;CE;OK_API_IBGE
230860;2308609;Monsenhor Tabosa;CE;OK_API_IBGE
230870;2308708;Morada Nova;CE;OK_API_IBGE
230880;2308807;Moraújo;CE;OK_API_IBGE
230890;2308906;Morrinhos;CE;OK_API_IBGE
230900;2309003;Mucambo;CE;OK_API_IBGE
230910;2309102;Mulungu;CE;OK_API_IBGE
230920;2309201;Nova Olinda;CE;OK_API_IBGE
230930;2309300;Nova Russas;CE;OK_API_IBGE
230940;2309409;Novo Oriente;CE;OK_API_IBGE
230945;2309458;Ocara;CE;OK_API_IBGE
230950;2309508;Orós;CE;OK_API_IBGE
230960;2309607;Pacajus;CE;OK_API_IBGE
230970;2309706;Pacatuba;CE;OK_API_IBGE
230980;2309805;Pacoti;CE;OK_API_IBGE
230990;2309904;Pacujá;CE;OK_API_IBGE
231000;2310001;Palhano;CE;OK_API_IBGE
231010;2310100;Palmácia;CE;OK_API_IBGE
231020;2310209;Paracuru;CE;OK_API_IBGE
231025;2310258;Paraipaba;CE;OK_API_IBGE
231030;2310308;Parambu;CE;OK_API_IBGE
231040;2310407;Paramoti;CE;OK_API_IBGE
231050;2310506;Pedra Branca;CE;OK_API_IBGE
231060;2310605;Penaforte;CE;OK_API_IBGE
231070;2310704;Pentecoste;CE;OK_API_IBGE
231080;2310803;Pereiro;CE;OK_API_IBGE
231085;2310852;Pindoretama;CE;OK_API_IBGE
231090;2310902;Piquet Carneiro;CE;OK_API_IBGE
231095;2310951;Pires Ferreira;CE;OK_API_IBGE
231100;2311009;Poranga;CE;OK_API_IBGE
231110;2311108;Porteiras;CE;OK_API_IBGE
231126;2311264;Quiterianópolis;CE;OK_API_IBGE
231130;2311306;Quixadá;CE;OK_API_IBGE
231135;2311355;Quixelô;CE;OK_API_IBGE
231140;2311405;Quixeramobim;CE;OK_API_IBGE
231150;2311504;Quixeré;CE;OK_API_IBGE
231160;2311603;Redenção;CE;OK_API_IBGE
231170;2311702;Reriutaba;CE;OK_API_IBGE
231180;2311801;Russas;CE;OK_API_IBGE
231190;2311900;Saboeiro;CE;OK_API_IBGE
231195;2311959;Salitre;CE;OK_API_IBGE
231200;2312007;Santana do Acaraú;CE;OK_API_IBGE
231210;2312106;Santana do Cariri;CE;OK_API_IBGE
231220;2312205;Santa Quitéria;CE;OK_API_IBGE
231230;2312304;São Benedito;CE;OK_API_IBGE
231240;2312403;São Gonçalo do Amarante;CE;OK_API_IBGE
231260;2312601;São Luís do Curu;CE;OK_API_IBGE
231270;2312700;Senador Pompeu;CE;OK_API_IBGE
231280;2312809;Senador Sá;CE;OK_API_IBGE
231290;2312908;Sobral;CE;OK_API_IBGE
231300;2313005;Solonópole;CE;OK_API_IBGE
231310;2313104;Tabuleiro do Norte;CE;OK_API_IBGE
231320;2313203;Tamboril;CE;OK_API_IBGE
231330;2313302;Tauá;CE;OK_API_IBGE
231335;2313351;Tejuçuoca;CE;OK_API_IBGE
231340;2313401;Tianguá;CE;OK_API_IBGE
231350;2313500;Trairi;CE;OK_API_IBGE
231355;2313559;Tururu;CE;OK_API_IBGE
231360;2313609;Ubajara;CE;OK_API_IBGE
231370;2313708;Umari;CE;OK_API_IBGE
231375;2313757;Umirim;CE;OK_API_IBGE
231380;2313807;Uruburetama;CE;OK_API_IBGE
231390;2313906;Uruoca;CE;OK_API_IBGE
231395;2313955;Varjota;CE;OK_API_IBGE
231400;2314003;Várzea Alegre;CE;OK_API_IBGE
231410;2314102;Viçosa do Ceará;CE;OK_API_IBGE
240000;;;RN;GAP_SEM_CORRESPONDENCIA_API_IBGE
240020;2400208;Assú;RN;OK_API_IBGE
240030;2400307;Afonso Bezerra;RN;OK_API_IBGE
240040;2400406;Água Nova;RN;OK_API_IBGE
240050;2400505;Alexandria;RN;OK_API_IBGE
240070;2400703;Alto do Rodrigues;RN;OK_API_IBGE
240080;2400802;Angicos;RN;OK_API_IBGE
240090;2400901;Antônio Martins;RN;OK_API_IBGE
240100;2401008;Apodi;RN;OK_API_IBGE
240110;2401107;Areia Branca;RN;OK_API_IBGE
240120;2401206;Arez;RN;OK_API_IBGE
240130;2401305;Campo Grande;RN;OK_API_IBGE
240140;2401404;Baía Formosa;RN;OK_API_IBGE
240145;2401453;Baraúna;RN;OK_API_IBGE
240150;2401503;Barcelona;RN;OK_API_IBGE
240160;2401602;Bento Fernandes;RN;OK_API_IBGE
240170;2401701;Bom Jesus;RN;OK_API_IBGE
240180;2401800;Brejinho;RN;OK_API_IBGE
240185;2401859;Caiçara do Norte;RN;OK_API_IBGE
240190;2401909;Caiçara do Rio do Vento;RN;OK_API_IBGE
240200;2402006;Caicó;RN;OK_API_IBGE
240220;2402204;Canguaretama;RN;OK_API_IBGE
240230;2402303;Caraúbas;RN;OK_API_IBGE
240240;2402402;Carnaúba dos Dantas;RN;OK_API_IBGE
240260;2402600;Ceará-Mirim;RN;OK_API_IBGE
240270;2402709;Cerro Corá;RN;OK_API_IBGE
240290;2402907;Coronel João Pessoa;RN;OK_API_IBGE
240300;2403004;Cruzeta;RN;OK_API_IBGE
240310;2403103;Currais Novos;RN;OK_API_IBGE
240320;2403202;Doutor Severiano;RN;OK_API_IBGE
240325;2403251;Parnamirim;RN;OK_API_IBGE
240350;2403509;Espírito Santo;RN;OK_API_IBGE
240360;2403608;Extremoz;RN;OK_API_IBGE
240370;2403707;Felipe Guerra;RN;OK_API_IBGE
240380;2403806;Florânia;RN;OK_API_IBGE
240390;2403905;Francisco Dantas;RN;OK_API_IBGE
240400;2404002;Frutuoso Gomes;RN;OK_API_IBGE
240420;2404200;Goianinha;RN;OK_API_IBGE
240430;2404309;Governador Dix-Sept Rosado;RN;OK_API_IBGE
240440;2404408;Grossos;RN;OK_API_IBGE
240450;2404507;Guamaré;RN;OK_API_IBGE
240460;2404606;Ielmo Marinho;RN;OK_API_IBGE
240470;2404705;Ipanguaçu;RN;OK_API_IBGE
240485;2404853;Itajá;RN;OK_API_IBGE
240490;2404903;Itaú;RN;OK_API_IBGE
240500;2405009;Jaçanã;RN;OK_API_IBGE
240510;2405108;Jandaíra;RN;OK_API_IBGE
240520;2405207;Janduís;RN;OK_API_IBGE
240530;2405306;Januário Cicco;RN;OK_API_IBGE
240540;2405405;Japi;RN;OK_API_IBGE
240550;2405504;Jardim de Angicos;RN;OK_API_IBGE
240560;2405603;Jardim de Piranhas;RN;OK_API_IBGE
240570;2405702;Jardim do Seridó;RN;OK_API_IBGE
240580;2405801;João Câmara;RN;OK_API_IBGE
240600;2406007;José da Penha;RN;OK_API_IBGE
240610;2406106;Jucurutu;RN;OK_API_IBGE
240615;2406155;Jundiá;RN;OK_API_IBGE
240620;2406205;Lagoa d'Anta;RN;OK_API_IBGE
240630;2406304;Lagoa de Pedras;RN;OK_API_IBGE
240650;2406502;Lagoa Nova;RN;OK_API_IBGE
240660;2406601;Lagoa Salgada;RN;OK_API_IBGE
240670;2406700;Lajes;RN;OK_API_IBGE
240680;2406809;Lajes Pintadas;RN;OK_API_IBGE
240700;2407005;Luís Gomes;RN;OK_API_IBGE
240710;2407104;Macaíba;RN;OK_API_IBGE
240720;2407203;Macau;RN;OK_API_IBGE
240725;2407252;Major Sales;RN;OK_API_IBGE
240730;2407302;Marcelino Vieira;RN;OK_API_IBGE
240740;2407401;Martins;RN;OK_API_IBGE
240750;2407500;Maxaranguape;RN;OK_API_IBGE
240770;2407708;Montanhas;RN;OK_API_IBGE
240780;2407807;Monte Alegre;RN;OK_API_IBGE
240790;2407906;Monte das Gameleiras;RN;OK_API_IBGE
240800;2408003;Mossoró;RN;OK_API_IBGE
240810;2408102;Natal;RN;OK_API_IBGE
240820;2408201;Nísia Floresta;RN;OK_API_IBGE
240830;2408300;Nova Cruz;RN;OK_API_IBGE
240860;2408607;Paraná;RN;OK_API_IBGE
240870;2408706;Paraú;RN;OK_API_IBGE
240880;2408805;Parazinho;RN;OK_API_IBGE
240890;2408904;Parelhas;RN;OK_API_IBGE
240895;2408953;Rio do Fogo;RN;OK_API_IBGE
240910;2409100;Passa e Fica;RN;OK_API_IBGE
240920;2409209;Passagem;RN;OK_API_IBGE
240930;2409308;Patu;RN;OK_API_IBGE
240933;2409332;Santa Maria;RN;OK_API_IBGE
240940;2409407;Pau dos Ferros;RN;OK_API_IBGE
240950;2409506;Pedra Grande;RN;OK_API_IBGE
240970;2409704;Pedro Avelino;RN;OK_API_IBGE
240980;2409803;Pedro Velho;RN;OK_API_IBGE
240990;2409902;Pendências;RN;OK_API_IBGE
241000;2410009;Pilões;RN;OK_API_IBGE
241010;2410108;Poço Branco;RN;OK_API_IBGE
241030;2410306;Serra Caiada;RN;OK_API_IBGE
241040;2410405;Pureza;RN;OK_API_IBGE
241050;2410504;Rafael Fernandes;RN;OK_API_IBGE
241070;2410702;Riacho da Cruz;RN;OK_API_IBGE
241080;2410801;Riacho de Santana;RN;OK_API_IBGE
241090;2410900;Riachuelo;RN;OK_API_IBGE
241100;2411007;Rodolfo Fernandes;RN;OK_API_IBGE
241105;2411056;Tibau;RN;OK_API_IBGE
241110;2411106;Ruy Barbosa;RN;OK_API_IBGE
241120;2411205;Santa Cruz;RN;OK_API_IBGE
241140;2411403;Santana do Matos;RN;OK_API_IBGE
241150;2411502;Santo Antônio;RN;OK_API_IBGE
241160;2411601;São Bento do Norte;RN;OK_API_IBGE
241170;2411700;São Bento do Trairí;RN;OK_API_IBGE
241190;2411908;São Francisco do Oeste;RN;OK_API_IBGE
241200;2412005;São Gonçalo do Amarante;RN;OK_API_IBGE
241210;2412104;São João do Sabugi;RN;OK_API_IBGE
241220;2412203;São José de Mipibu;RN;OK_API_IBGE
241230;2412302;São José do Campestre;RN;OK_API_IBGE
241240;2412401;São José do Seridó;RN;OK_API_IBGE
241250;2412500;São Miguel;RN;OK_API_IBGE
241255;2412559;São Miguel do Gostoso;RN;OK_API_IBGE
241260;2412609;São Paulo do Potengi;RN;OK_API_IBGE
241270;2412708;São Pedro;RN;OK_API_IBGE
241280;2412807;São Rafael;RN;OK_API_IBGE
241310;2413102;Senador Elói de Souza;RN;OK_API_IBGE
241320;2413201;Senador Georgino Avelino;RN;OK_API_IBGE
241330;2413300;Serra de São Bento;RN;OK_API_IBGE
241335;2413359;Serra do Mel;RN;OK_API_IBGE
241340;2413409;Serra Negra do Norte;RN;OK_API_IBGE
241350;2413508;Serrinha;RN;OK_API_IBGE
241355;2413557;Serrinha dos Pintos;RN;OK_API_IBGE
241360;2413607;Severiano Melo;RN;OK_API_IBGE
241380;2413805;Taboleiro Grande;RN;OK_API_IBGE
241390;2413904;Taipu;RN;OK_API_IBGE
241400;2414001;Tangará;RN;OK_API_IBGE
241410;2414100;Tenente Ananias;RN;OK_API_IBGE
241415;2414159;Tenente Laurentino Cruz;RN;OK_API_IBGE
241420;2414209;Tibau do Sul;RN;OK_API_IBGE
241430;2414308;Timbaúba dos Batistas;RN;OK_API_IBGE
241440;2414407;Touros;RN;OK_API_IBGE
241445;2414456;Triunfo Potiguar;RN;OK_API_IBGE
241450;2414506;Umarizal;RN;OK_API_IBGE
241460;2414605;Upanema;RN;OK_API_IBGE
241470;2414704;Várzea;RN;OK_API_IBGE
241480;2414803;Vera Cruz;RN;OK_API_IBGE
241490;2414902;Viçosa;RN;OK_API_IBGE
241500;2415008;Vila Flor;RN;OK_API_IBGE
250030;2500304;Alagoa Grande;PB;OK_API_IBGE
250040;2500403;Alagoa Nova;PB;OK_API_IBGE
250050;2500502;Alagoinha;PB;OK_API_IBGE
250053;2500536;Alcantil;PB;OK_API_IBGE
250060;2500601;Alhandra;PB;OK_API_IBGE
250070;2500700;São João do Rio do Peixe;PB;OK_API_IBGE
250077;2500775;Aparecida;PB;OK_API_IBGE
250080;2500809;Araçagi;PB;OK_API_IBGE
250090;2500908;Arara;PB;OK_API_IBGE
250100;2501005;Araruna;PB;OK_API_IBGE
250110;2501104;Areia;PB;OK_API_IBGE
250115;2501153;Areia de Baraúnas;PB;OK_API_IBGE
250120;2501203;Areial;PB;OK_API_IBGE
250130;2501302;Aroeiras;PB;OK_API_IBGE
250135;2501351;Assunção;PB;OK_API_IBGE
250140;2501401;Baía da Traição;PB;OK_API_IBGE
250150;2501500;Bananeiras;PB;OK_API_IBGE
250153;2501534;Baraúna;PB;OK_API_IBGE
250157;2501575;Barra de Santana;PB;OK_API_IBGE
250160;2501609;Barra de Santa Rosa;PB;OK_API_IBGE
250170;2501708;Barra de São Miguel;PB;OK_API_IBGE
250180;2501807;Bayeux;PB;OK_API_IBGE
250190;2501906;Belém;PB;OK_API_IBGE
250210;2502102;Boa Ventura;PB;OK_API_IBGE
250215;2502151;Boa Vista;PB;OK_API_IBGE
250220;2502201;Bom Jesus;PB;OK_API_IBGE
250240;2502409;Bonito de Santa Fé;PB;OK_API_IBGE
250250;2502508;Boqueirão;PB;OK_API_IBGE
250260;2502607;Igaracy;PB;OK_API_IBGE
250270;2502706;Borborema;PB;OK_API_IBGE
250280;2502805;Brejo do Cruz;PB;OK_API_IBGE
250290;2502904;Brejo dos Santos;PB;OK_API_IBGE
250300;2503001;Caaporã;PB;OK_API_IBGE
250320;2503209;Cabedelo;PB;OK_API_IBGE
250330;2503308;Cachoeira dos Índios;PB;OK_API_IBGE
250350;2503506;Cacimba de Dentro;PB;OK_API_IBGE
250355;2503555;Cacimbas;PB;OK_API_IBGE
250360;2503605;Caiçara;PB;OK_API_IBGE
250370;2503704;Cajazeiras;PB;OK_API_IBGE
250375;2503753;Cajazeirinhas;PB;OK_API_IBGE
250390;2503902;Camalaú;PB;OK_API_IBGE
250400;2504009;Campina Grande;PB;OK_API_IBGE
250403;2504033;Capim;PB;OK_API_IBGE
250415;2504157;Casserengue;PB;OK_API_IBGE
250420;2504207;Catingueira;PB;OK_API_IBGE
250430;2504306;Catolé do Rocha;PB;OK_API_IBGE
250435;2504355;Caturité;PB;OK_API_IBGE
250440;2504405;Conceição;PB;OK_API_IBGE
250450;2504504;Condado;PB;OK_API_IBGE
250460;2504603;Conde;PB;OK_API_IBGE
250470;2504702;Congo;PB;OK_API_IBGE
250480;2504801;Coremas;PB;OK_API_IBGE
250490;2504900;Cruz do Espírito Santo;PB;OK_API_IBGE
250500;2505006;Cubati;PB;OK_API_IBGE
250510;2505105;Cuité;PB;OK_API_IBGE
250520;2505204;Cuitegi;PB;OK_API_IBGE
250523;2505238;Cuité de Mamanguape;PB;OK_API_IBGE
250527;2505279;Curral de Cima;PB;OK_API_IBGE
250530;2505303;Curral Velho;PB;OK_API_IBGE
250535;2505352;Damião;PB;OK_API_IBGE
250550;2505501;Vista Serrana;PB;OK_API_IBGE
250570;2505709;Dona Inês;PB;OK_API_IBGE
250580;2505808;Duas Estradas;PB;OK_API_IBGE
250590;2505907;Emas;PB;OK_API_IBGE
250600;2506004;Esperança;PB;OK_API_IBGE
250610;2506103;Fagundes;PB;OK_API_IBGE
250620;2506202;Frei Martinho;PB;OK_API_IBGE
250625;2506251;Gado Bravo;PB;OK_API_IBGE
250630;2506301;Guarabira;PB;OK_API_IBGE
250640;2506400;Gurinhém;PB;OK_API_IBGE
250670;2506707;Imaculada;PB;OK_API_IBGE
250680;2506806;Ingá;PB;OK_API_IBGE
250690;2506905;Itabaiana;PB;OK_API_IBGE
250700;2507002;Itaporanga;PB;OK_API_IBGE
250710;2507101;Itapororoca;PB;OK_API_IBGE
250720;2507200;Itatuba;PB;OK_API_IBGE
250730;2507309;Jacaraú;PB;OK_API_IBGE
250750;2507507;João Pessoa;PB;OK_API_IBGE
250760;2507606;Juarez Távora;PB;OK_API_IBGE
250770;2507705;Juazeirinho;PB;OK_API_IBGE
250780;2507804;Junco do Seridó;PB;OK_API_IBGE
250790;2507903;Juripiranga;PB;OK_API_IBGE
250800;2508000;Juru;PB;OK_API_IBGE
250810;2508109;Lagoa;PB;OK_API_IBGE
250820;2508208;Lagoa de Dentro;PB;OK_API_IBGE
250830;2508307;Lagoa Seca;PB;OK_API_IBGE
250860;2508604;Lucena;PB;OK_API_IBGE
250880;2508802;Malta;PB;OK_API_IBGE
250890;2508901;Mamanguape;PB;OK_API_IBGE
250900;2509008;Manaíra;PB;OK_API_IBGE
250905;2509057;Marcação;PB;OK_API_IBGE
250910;2509107;Mari;PB;OK_API_IBGE
250920;2509206;Massaranduba;PB;OK_API_IBGE
250930;2509305;Mataraca;PB;OK_API_IBGE
250939;2509396;Maturéia;PB;OK_API_IBGE
250940;2509404;Mogeiro;PB;OK_API_IBGE
250950;2509503;Montadas;PB;OK_API_IBGE
250970;2509701;Monteiro;PB;OK_API_IBGE
250980;2509800;Mulungu;PB;OK_API_IBGE
250990;2509909;Natuba;PB;OK_API_IBGE
251000;2510006;Nazarezinho;PB;OK_API_IBGE
251010;2510105;Nova Floresta;PB;OK_API_IBGE
251020;2510204;Nova Olinda;PB;OK_API_IBGE
251030;2510303;Nova Palmeira;PB;OK_API_IBGE
251040;2510402;Olho d'Água;PB;OK_API_IBGE
251050;2510501;Olivedos;PB;OK_API_IBGE
251060;2510600;Ouro Velho;PB;OK_API_IBGE
251070;2510709;Passagem;PB;OK_API_IBGE
251080;2510808;Patos;PB;OK_API_IBGE
251090;2510907;Paulista;PB;OK_API_IBGE
251100;2511004;Pedra Branca;PB;OK_API_IBGE
251110;2511103;Pedra Lavrada;PB;OK_API_IBGE
251120;2511202;Pedras de Fogo;PB;OK_API_IBGE
251130;2511301;Piancó;PB;OK_API_IBGE
251140;2511400;Picuí;PB;OK_API_IBGE
251150;2511509;Pilar;PB;OK_API_IBGE
251170;2511707;Pilõezinhos;PB;OK_API_IBGE
251180;2511806;Pirpirituba;PB;OK_API_IBGE
251190;2511905;Pitimbu;PB;OK_API_IBGE
251200;2512002;Pocinhos;PB;OK_API_IBGE
251207;2512077;Poço de José de Moura;PB;OK_API_IBGE
251210;2512101;Pombal;PB;OK_API_IBGE
251220;2512200;Prata;PB;OK_API_IBGE
251230;2512309;Princesa Isabel;PB;OK_API_IBGE
251240;2512408;Puxinanã;PB;OK_API_IBGE
251250;2512507;Queimadas;PB;OK_API_IBGE
251260;2512606;Quixaba;PB;OK_API_IBGE
251270;2512705;Remígio;PB;OK_API_IBGE
251272;2512721;Pedro Régis;PB;OK_API_IBGE
251274;2512747;Riachão;PB;OK_API_IBGE
251280;2512804;Riacho dos Cavalos;PB;OK_API_IBGE
251290;2512903;Rio Tinto;PB;OK_API_IBGE
251300;2513000;Salgadinho;PB;OK_API_IBGE
251310;2513109;Salgado de São Félix;PB;OK_API_IBGE
251315;2513158;Santa Cecília;PB;OK_API_IBGE
251320;2513208;Santa Cruz;PB;OK_API_IBGE
251340;2513406;Santa Luzia;PB;OK_API_IBGE
251360;2513604;Santana dos Garrotes;PB;OK_API_IBGE
251370;2513703;Santa Rita;PB;OK_API_IBGE
251380;2513802;Santa Teresinha;PB;OK_API_IBGE
251390;2513901;São Bento;PB;OK_API_IBGE
251398;2513984;São Francisco;PB;OK_API_IBGE
251400;2514008;São João do Cariri;PB;OK_API_IBGE
251410;2514107;São João do Tigre;PB;OK_API_IBGE
251440;2514404;São José de Espinharas;PB;OK_API_IBGE
251450;2514503;São José de Piranhas;PB;OK_API_IBGE
251470;2514701;São José do Sabugi;PB;OK_API_IBGE
251480;2514800;São José dos Cordeiros;PB;OK_API_IBGE
251490;2514909;São Mamede;PB;OK_API_IBGE
251500;2515005;São Miguel de Taipu;PB;OK_API_IBGE
251510;2515104;São Sebastião de Lagoa de Roça;PB;OK_API_IBGE
251520;2515203;São Sebastião do Umbuzeiro;PB;OK_API_IBGE
251530;2515302;Sapé;PB;OK_API_IBGE
251540;2515401;São Vicente do Seridó;PB;OK_API_IBGE
251550;2515500;Serra Branca;PB;OK_API_IBGE
251570;2515708;Serra Grande;PB;OK_API_IBGE
251580;2515807;Serra Redonda;PB;OK_API_IBGE
251593;2515930;Sertãozinho;PB;OK_API_IBGE
251597;2515971;Sobrado;PB;OK_API_IBGE
251600;2516003;Solânea;PB;OK_API_IBGE
251610;2516102;Soledade;PB;OK_API_IBGE
251620;2516201;Sousa;PB;OK_API_IBGE
251630;2516300;Sumé;PB;OK_API_IBGE
251640;2516409;Tacima;PB;OK_API_IBGE
251650;2516508;Taperoá;PB;OK_API_IBGE
251660;2516607;Tavares;PB;OK_API_IBGE
251670;2516706;Teixeira;PB;OK_API_IBGE
251675;2516755;Tenório;PB;OK_API_IBGE
251680;2516805;Triunfo;PB;OK_API_IBGE
251690;2516904;Uiraúna;PB;OK_API_IBGE
251700;2517001;Umbuzeiro;PB;OK_API_IBGE
251710;2517100;Várzea;PB;OK_API_IBGE
251720;2517209;Vieirópolis;PB;OK_API_IBGE
260005;2600054;Abreu e Lima;PE;OK_API_IBGE
260010;2600104;Afogados da Ingazeira;PE;OK_API_IBGE
260020;2600203;Afrânio;PE;OK_API_IBGE
260030;2600302;Agrestina;PE;OK_API_IBGE
260040;2600401;Água Preta;PE;OK_API_IBGE
260050;2600500;Águas Belas;PE;OK_API_IBGE
260060;2600609;Alagoinha;PE;OK_API_IBGE
260070;2600708;Aliança;PE;OK_API_IBGE
260080;2600807;Altinho;PE;OK_API_IBGE
260090;2600906;Amaraji;PE;OK_API_IBGE
260100;2601003;Angelim;PE;OK_API_IBGE
260105;2601052;Araçoiaba;PE;OK_API_IBGE
260110;2601102;Araripina;PE;OK_API_IBGE
260120;2601201;Arcoverde;PE;OK_API_IBGE
260130;2601300;Barra de Guabiraba;PE;OK_API_IBGE
260140;2601409;Barreiros;PE;OK_API_IBGE
260150;2601508;Belém de Maria;PE;OK_API_IBGE
260160;2601607;Belém do São Francisco;PE;OK_API_IBGE
260170;2601706;Belo Jardim;PE;OK_API_IBGE
260180;2601805;Betânia;PE;OK_API_IBGE
260190;2601904;Bezerros;PE;OK_API_IBGE
260200;2602001;Bodocó;PE;OK_API_IBGE
260210;2602100;Bom Conselho;PE;OK_API_IBGE
260220;2602209;Bom Jardim;PE;OK_API_IBGE
260230;2602308;Bonito;PE;OK_API_IBGE
260240;2602407;Brejão;PE;OK_API_IBGE
260250;2602506;Brejinho;PE;OK_API_IBGE
260260;2602605;Brejo da Madre de Deus;PE;OK_API_IBGE
260270;2602704;Buenos Aires;PE;OK_API_IBGE
260280;2602803;Buíque;PE;OK_API_IBGE
260290;2602902;Cabo de Santo Agostinho;PE;OK_API_IBGE
260300;2603009;Cabrobó;PE;OK_API_IBGE
260310;2603108;Cachoeirinha;PE;OK_API_IBGE
260320;2603207;Caetés;PE;OK_API_IBGE
260330;2603306;Calçado;PE;OK_API_IBGE
260340;2603405;Calumbi;PE;OK_API_IBGE
260345;2603454;Camaragibe;PE;OK_API_IBGE
260350;2603504;Camocim de São Félix;PE;OK_API_IBGE
260360;2603603;Camutanga;PE;OK_API_IBGE
260370;2603702;Canhotinho;PE;OK_API_IBGE
260380;2603801;Capoeiras;PE;OK_API_IBGE
260390;2603900;Carnaíba;PE;OK_API_IBGE
260392;2603926;Carnaubeira da Penha;PE;OK_API_IBGE
260400;2604007;Carpina;PE;OK_API_IBGE
260410;2604106;Caruaru;PE;OK_API_IBGE
260415;2604155;Casinhas;PE;OK_API_IBGE
260420;2604205;Catende;PE;OK_API_IBGE
260430;2604304;Cedro;PE;OK_API_IBGE
260440;2604403;Chã de Alegria;PE;OK_API_IBGE
260450;2604502;Chã Grande;PE;OK_API_IBGE
260460;2604601;Condado;PE;OK_API_IBGE
260470;2604700;Correntes;PE;OK_API_IBGE
260480;2604809;Cortês;PE;OK_API_IBGE
260490;2604908;Cumaru;PE;OK_API_IBGE
260500;2605004;Cupira;PE;OK_API_IBGE
260510;2605103;Custódia;PE;OK_API_IBGE
260515;2605152;Dormentes;PE;OK_API_IBGE
260520;2605202;Escada;PE;OK_API_IBGE
260530;2605301;Exu;PE;OK_API_IBGE
260540;2605400;Feira Nova;PE;OK_API_IBGE
260545;2605459;Fernando de Noronha;PE;OK_API_IBGE
260550;2605509;Ferreiros;PE;OK_API_IBGE
260560;2605608;Flores;PE;OK_API_IBGE
260570;2605707;Floresta;PE;OK_API_IBGE
260580;2605806;Frei Miguelinho;PE;OK_API_IBGE
260590;2605905;Gameleira;PE;OK_API_IBGE
260600;2606002;Garanhuns;PE;OK_API_IBGE
260610;2606101;Glória do Goitá;PE;OK_API_IBGE
260620;2606200;Goiana;PE;OK_API_IBGE
260640;2606408;Gravatá;PE;OK_API_IBGE
260650;2606507;Iati;PE;OK_API_IBGE
260660;2606606;Ibimirim;PE;OK_API_IBGE
260670;2606705;Ibirajuba;PE;OK_API_IBGE
260680;2606804;Igarassu;PE;OK_API_IBGE
260690;2606903;Iguaracy;PE;OK_API_IBGE
260700;2607000;Inajá;PE;OK_API_IBGE
260720;2607208;Ipojuca;PE;OK_API_IBGE
260730;2607307;Ipubi;PE;OK_API_IBGE
260740;2607406;Itacuruba;PE;OK_API_IBGE
260750;2607505;Itaíba;PE;OK_API_IBGE
260760;2607604;Ilha de Itamaracá;PE;OK_API_IBGE
260765;2607653;Itambé;PE;OK_API_IBGE
260770;2607703;Itapetim;PE;OK_API_IBGE
260775;2607752;Itapissuma;PE;OK_API_IBGE
260780;2607802;Itaquitinga;PE;OK_API_IBGE
260790;2607901;Jaboatão dos Guararapes;PE;OK_API_IBGE
260795;2607950;Jaqueira;PE;OK_API_IBGE
260800;2608008;Jataúba;PE;OK_API_IBGE
260805;2608057;Jatobá;PE;OK_API_IBGE
260810;2608107;João Alfredo;PE;OK_API_IBGE
260820;2608206;Joaquim Nabuco;PE;OK_API_IBGE
260825;2608255;Jucati;PE;OK_API_IBGE
260830;2608305;Jupi;PE;OK_API_IBGE
260840;2608404;Jurema;PE;OK_API_IBGE
260845;2608453;Lagoa do Carro;PE;OK_API_IBGE
260850;2608503;Lagoa de Itaenga;PE;OK_API_IBGE
260860;2608602;Lagoa do Ouro;PE;OK_API_IBGE
260870;2608701;Lagoa dos Gatos;PE;OK_API_IBGE
260875;2608750;Lagoa Grande;PE;OK_API_IBGE
260880;2608800;Lajedo;PE;OK_API_IBGE
260890;2608909;Limoeiro;PE;OK_API_IBGE
260900;2609006;Macaparana;PE;OK_API_IBGE
260910;2609105;Machados;PE;OK_API_IBGE
260915;2609154;Manari;PE;OK_API_IBGE
260920;2609204;Maraial;PE;OK_API_IBGE
260930;2609303;Mirandiba;PE;OK_API_IBGE
260940;2609402;Moreno;PE;OK_API_IBGE
260950;2609501;Nazaré da Mata;PE;OK_API_IBGE
260960;2609600;Olinda;PE;OK_API_IBGE
260970;2609709;Orobó;PE;OK_API_IBGE
260980;2609808;Orocó;PE;OK_API_IBGE
260990;2609907;Ouricuri;PE;OK_API_IBGE
261000;2610004;Palmares;PE;OK_API_IBGE
261020;2610202;Panelas;PE;OK_API_IBGE
261030;2610301;Paranatama;PE;OK_API_IBGE
261040;2610400;Parnamirim;PE;OK_API_IBGE
261050;2610509;Passira;PE;OK_API_IBGE
261060;2610608;Paudalho;PE;OK_API_IBGE
261070;2610707;Paulista;PE;OK_API_IBGE
261080;2610806;Pedra;PE;OK_API_IBGE
261090;2610905;Pesqueira;PE;OK_API_IBGE
261100;2611002;Petrolândia;PE;OK_API_IBGE
261110;2611101;Petrolina;PE;OK_API_IBGE
261120;2611200;Poção;PE;OK_API_IBGE
261130;2611309;Pombos;PE;OK_API_IBGE
261140;2611408;Primavera;PE;OK_API_IBGE
261150;2611507;Quipapá;PE;OK_API_IBGE
261153;2611533;Quixaba;PE;OK_API_IBGE
261160;2611606;Recife;PE;OK_API_IBGE
261170;2611705;Riacho das Almas;PE;OK_API_IBGE
261180;2611804;Ribeirão;PE;OK_API_IBGE
261190;2611903;Rio Formoso;PE;OK_API_IBGE
261210;2612109;Salgadinho;PE;OK_API_IBGE
261220;2612208;Salgueiro;PE;OK_API_IBGE
261230;2612307;Saloá;PE;OK_API_IBGE
261240;2612406;Sanharó;PE;OK_API_IBGE
261245;2612455;Santa Cruz;PE;OK_API_IBGE
261247;2612471;Santa Cruz da Baixa Verde;PE;OK_API_IBGE
261250;2612505;Santa Cruz do Capibaribe;PE;OK_API_IBGE
261255;2612554;Santa Filomena;PE;OK_API_IBGE
261260;2612604;Santa Maria da Boa Vista;PE;OK_API_IBGE
261270;2612703;Santa Maria do Cambucá;PE;OK_API_IBGE
261280;2612802;Santa Terezinha;PE;OK_API_IBGE
261290;2612901;São Benedito do Sul;PE;OK_API_IBGE
261300;2613008;São Bento do Una;PE;OK_API_IBGE
261310;2613107;São Caitano;PE;OK_API_IBGE
261320;2613206;São João;PE;OK_API_IBGE
261330;2613305;São Joaquim do Monte;PE;OK_API_IBGE
261340;2613404;São José da Coroa Grande;PE;OK_API_IBGE
261350;2613503;São José do Belmonte;PE;OK_API_IBGE
261360;2613602;São José do Egito;PE;OK_API_IBGE
261370;2613701;São Lourenço da Mata;PE;OK_API_IBGE
261380;2613800;São Vicente Férrer;PE;OK_API_IBGE
261390;2613909;Serra Talhada;PE;OK_API_IBGE
261400;2614006;Serrita;PE;OK_API_IBGE
261410;2614105;Sertânia;PE;OK_API_IBGE
261420;2614204;Sirinhaém;PE;OK_API_IBGE
261430;2614303;Moreilândia;PE;OK_API_IBGE
261440;2614402;Solidão;PE;OK_API_IBGE
261450;2614501;Surubim;PE;OK_API_IBGE
261460;2614600;Tabira;PE;OK_API_IBGE
261470;2614709;Tacaimbó;PE;OK_API_IBGE
261480;2614808;Tacaratu;PE;OK_API_IBGE
261485;2614857;Tamandaré;PE;OK_API_IBGE
261500;2615003;Taquaritinga do Norte;PE;OK_API_IBGE
261510;2615102;Terezinha;PE;OK_API_IBGE
261520;2615201;Terra Nova;PE;OK_API_IBGE
261530;2615300;Timbaúba;PE;OK_API_IBGE
261540;2615409;Toritama;PE;OK_API_IBGE
261550;2615508;Tracunhaém;PE;OK_API_IBGE
261560;2615607;Trindade;PE;OK_API_IBGE
261570;2615706;Triunfo;PE;OK_API_IBGE
261580;2615805;Tupanatinga;PE;OK_API_IBGE
261590;2615904;Tuparetama;PE;OK_API_IBGE
261600;2616001;Venturosa;PE;OK_API_IBGE
261610;2616100;Verdejante;PE;OK_API_IBGE
261618;2616183;Vertente do Lério;PE;OK_API_IBGE
261620;2616209;Vertentes;PE;OK_API_IBGE
261630;2616308;Vicência;PE;OK_API_IBGE
261640;2616407;Vitória de Santo Antão;PE;OK_API_IBGE
261650;2616506;Xexéu;PE;OK_API_IBGE
270010;2700102;Água Branca;AL;OK_API_IBGE
270020;2700201;Anadia;AL;OK_API_IBGE
270030;2700300;Arapiraca;AL;OK_API_IBGE
270040;2700409;Atalaia;AL;OK_API_IBGE
270050;2700508;Barra de Santo Antônio;AL;OK_API_IBGE
270060;2700607;Barra de São Miguel;AL;OK_API_IBGE
270070;2700706;Batalha;AL;OK_API_IBGE
270080;2700805;Belém;AL;OK_API_IBGE
270090;2700904;Belo Monte;AL;OK_API_IBGE
270100;2701001;Boca da Mata;AL;OK_API_IBGE
270110;2701100;Branquinha;AL;OK_API_IBGE
270120;2701209;Cacimbinhas;AL;OK_API_IBGE
270130;2701308;Cajueiro;AL;OK_API_IBGE
270135;2701357;Campestre;AL;OK_API_IBGE
270140;2701407;Campo Alegre;AL;OK_API_IBGE
270150;2701506;Campo Grande;AL;OK_API_IBGE
270160;2701605;Canapi;AL;OK_API_IBGE
270170;2701704;Capela;AL;OK_API_IBGE
270180;2701803;Carneiros;AL;OK_API_IBGE
270190;2701902;Chã Preta;AL;OK_API_IBGE
270200;2702009;Coité do Nóia;AL;OK_API_IBGE
270210;2702108;Colônia Leopoldina;AL;OK_API_IBGE
270220;2702207;Coqueiro Seco;AL;OK_API_IBGE
270230;2702306;Coruripe;AL;OK_API_IBGE
270235;2702355;Craíbas;AL;OK_API_IBGE
270240;2702405;Delmiro Gouveia;AL;OK_API_IBGE
270250;2702504;Dois Riachos;AL;OK_API_IBGE
270255;2702553;Estrela de Alagoas;AL;OK_API_IBGE
270260;2702603;Feira Grande;AL;OK_API_IBGE
270280;2702801;Flexeiras;AL;OK_API_IBGE
270290;2702900;Girau do Ponciano;AL;OK_API_IBGE
270300;2703007;Ibateguara;AL;OK_API_IBGE
270310;2703106;Igaci;AL;OK_API_IBGE
270320;2703205;Igreja Nova;AL;OK_API_IBGE
270330;2703304;Inhapi;AL;OK_API_IBGE
270340;2703403;Jacaré dos Homens;AL;OK_API_IBGE
270350;2703502;Jacuípe;AL;OK_API_IBGE
270360;2703601;Japaratinga;AL;OK_API_IBGE
270370;2703700;Jaramataia;AL;OK_API_IBGE
270375;2703759;Jequiá da Praia;AL;OK_API_IBGE
270380;2703809;Joaquim Gomes;AL;OK_API_IBGE
270390;2703908;Jundiá;AL;OK_API_IBGE
270400;2704005;Junqueiro;AL;OK_API_IBGE
270410;2704104;Lagoa da Canoa;AL;OK_API_IBGE
270420;2704203;Limoeiro de Anadia;AL;OK_API_IBGE
270430;2704302;Maceió;AL;OK_API_IBGE
270440;2704401;Major Isidoro;AL;OK_API_IBGE
270450;2704500;Maragogi;AL;OK_API_IBGE
270460;2704609;Maravilha;AL;OK_API_IBGE
270470;2704708;Marechal Deodoro;AL;OK_API_IBGE
270480;2704807;Maribondo;AL;OK_API_IBGE
270490;2704906;Mar Vermelho;AL;OK_API_IBGE
270500;2705002;Mata Grande;AL;OK_API_IBGE
270510;2705101;Matriz de Camaragibe;AL;OK_API_IBGE
270520;2705200;Messias;AL;OK_API_IBGE
270530;2705309;Minador do Negrão;AL;OK_API_IBGE
270540;2705408;Monteirópolis;AL;OK_API_IBGE
270550;2705507;Murici;AL;OK_API_IBGE
270560;2705606;Novo Lino;AL;OK_API_IBGE
270570;2705705;Olho d'Água das Flores;AL;OK_API_IBGE
270580;2705804;Olho d'Água do Casado;AL;OK_API_IBGE
270600;2706000;Olivença;AL;OK_API_IBGE
270610;2706109;Ouro Branco;AL;OK_API_IBGE
270620;2706208;Palestina;AL;OK_API_IBGE
270630;2706307;Palmeira dos Índios;AL;OK_API_IBGE
270640;2706406;Pão de Açúcar;AL;OK_API_IBGE
270642;2706422;Pariconha;AL;OK_API_IBGE
270644;2706448;Paripueira;AL;OK_API_IBGE
270650;2706505;Passo de Camaragibe;AL;OK_API_IBGE
270660;2706604;Paulo Jacinto;AL;OK_API_IBGE
270670;2706703;Penedo;AL;OK_API_IBGE
270680;2706802;Piaçabuçu;AL;OK_API_IBGE
270690;2706901;Pilar;AL;OK_API_IBGE
270710;2707107;Piranhas;AL;OK_API_IBGE
270720;2707206;Poço das Trincheiras;AL;OK_API_IBGE
270730;2707305;Porto Calvo;AL;OK_API_IBGE
270740;2707404;Porto de Pedras;AL;OK_API_IBGE
270750;2707503;Porto Real do Colégio;AL;OK_API_IBGE
270760;2707602;Quebrangulo;AL;OK_API_IBGE
270770;2707701;Rio Largo;AL;OK_API_IBGE
270790;2707909;Santa Luzia do Norte;AL;OK_API_IBGE
270800;2708006;Santana do Ipanema;AL;OK_API_IBGE
270810;2708105;Santana do Mundaú;AL;OK_API_IBGE
270820;2708204;São Brás;AL;OK_API_IBGE
270830;2708303;São José da Laje;AL;OK_API_IBGE
270840;2708402;São José da Tapera;AL;OK_API_IBGE
270850;2708501;São Luís do Quitunde;AL;OK_API_IBGE
270860;2708600;São Miguel dos Campos;AL;OK_API_IBGE
270870;2708709;São Miguel dos Milagres;AL;OK_API_IBGE
270880;2708808;São Sebastião;AL;OK_API_IBGE
270890;2708907;Satuba;AL;OK_API_IBGE
270895;2708956;Senador Rui Palmeira;AL;OK_API_IBGE
270900;2709004;Tanque d'Arca;AL;OK_API_IBGE
270910;2709103;Taquarana;AL;OK_API_IBGE
270915;2709152;Teotônio Vilela;AL;OK_API_IBGE
270920;2709202;Traipu;AL;OK_API_IBGE
270930;2709301;União dos Palmares;AL;OK_API_IBGE
270940;2709400;Viçosa;AL;OK_API_IBGE
280010;2800100;Amparo do São Francisco;SE;OK_API_IBGE
280020;2800209;Aquidabã;SE;OK_API_IBGE
280030;2800308;Aracaju;SE;OK_API_IBGE
280040;2800407;Arauá;SE;OK_API_IBGE
280050;2800506;Areia Branca;SE;OK_API_IBGE
280060;2800605;Barra dos Coqueiros;SE;OK_API_IBGE
280067;2800670;Boquim;SE;OK_API_IBGE
280070;2800704;Brejo Grande;SE;OK_API_IBGE
280100;2801009;Campo do Brito;SE;OK_API_IBGE
280110;2801108;Canhoba;SE;OK_API_IBGE
280120;2801207;Canindé de São Francisco;SE;OK_API_IBGE
280130;2801306;Capela;SE;OK_API_IBGE
280140;2801405;Carira;SE;OK_API_IBGE
280150;2801504;Carmópolis;SE;OK_API_IBGE
280160;2801603;Cedro de São João;SE;OK_API_IBGE
280170;2801702;Cristinápolis;SE;OK_API_IBGE
280190;2801900;Cumbe;SE;OK_API_IBGE
280200;2802007;Divina Pastora;SE;OK_API_IBGE
280210;2802106;Estância;SE;OK_API_IBGE
280230;2802304;Frei Paulo;SE;OK_API_IBGE
280240;2802403;Gararu;SE;OK_API_IBGE
280250;2802502;General Maynard;SE;OK_API_IBGE
280270;2802700;Ilha das Flores;SE;OK_API_IBGE
280280;2802809;Indiaroba;SE;OK_API_IBGE
280290;2802908;Itabaiana;SE;OK_API_IBGE
280300;2803005;Itabaianinha;SE;OK_API_IBGE
280310;2803104;Itabi;SE;OK_API_IBGE
280320;2803203;Itaporanga d'Ajuda;SE;OK_API_IBGE
280330;2803302;Japaratuba;SE;OK_API_IBGE
280340;2803401;Japoatã;SE;OK_API_IBGE
280350;2803500;Lagarto;SE;OK_API_IBGE
280360;2803609;Laranjeiras;SE;OK_API_IBGE
280390;2803906;Malhador;SE;OK_API_IBGE
280400;2804003;Maruim;SE;OK_API_IBGE
280410;2804102;Moita Bonita;SE;OK_API_IBGE
280420;2804201;Monte Alegre de Sergipe;SE;OK_API_IBGE
280430;2804300;Muribeca;SE;OK_API_IBGE
280440;2804409;Neópolis;SE;OK_API_IBGE
280445;2804458;Nossa Senhora Aparecida;SE;OK_API_IBGE
280450;2804508;Nossa Senhora da Glória;SE;OK_API_IBGE
280460;2804607;Nossa Senhora das Dores;SE;OK_API_IBGE
280470;2804706;Nossa Senhora de Lourdes;SE;OK_API_IBGE
280480;2804805;Nossa Senhora do Socorro;SE;OK_API_IBGE
280490;2804904;Pacatuba;SE;OK_API_IBGE
280500;2805000;Pedra Mole;SE;OK_API_IBGE
280510;2805109;Pedrinhas;SE;OK_API_IBGE
280520;2805208;Pinhão;SE;OK_API_IBGE
280530;2805307;Pirambu;SE;OK_API_IBGE
280540;2805406;Poço Redondo;SE;OK_API_IBGE
280550;2805505;Poço Verde;SE;OK_API_IBGE
280560;2805604;Porto da Folha;SE;OK_API_IBGE
280570;2805703;Propriá;SE;OK_API_IBGE
280580;2805802;Riachão do Dantas;SE;OK_API_IBGE
280590;2805901;Riachuelo;SE;OK_API_IBGE
280600;2806008;Ribeirópolis;SE;OK_API_IBGE
280610;2806107;Rosário do Catete;SE;OK_API_IBGE
280620;2806206;Salgado;SE;OK_API_IBGE
280630;2806305;Santa Luzia do Itanhy;SE;OK_API_IBGE
280640;2806404;Santana do São Francisco;SE;OK_API_IBGE
280650;2806503;Santa Rosa de Lima;SE;OK_API_IBGE
280660;2806602;Santo Amaro das Brotas;SE;OK_API_IBGE
280670;2806701;São Cristóvão;SE;OK_API_IBGE
280680;2806800;São Domingos;SE;OK_API_IBGE
280690;2806909;São Francisco;SE;OK_API_IBGE
280700;2807006;São Miguel do Aleixo;SE;OK_API_IBGE
280710;2807105;Simão Dias;SE;OK_API_IBGE
280720;2807204;Siriri;SE;OK_API_IBGE
280740;2807402;Tobias Barreto;SE;OK_API_IBGE
280750;2807501;Tomar do Geru;SE;OK_API_IBGE
280760;2807600;Umbaúba;SE;OK_API_IBGE
290010;2900108;Abaíra;BA;OK_API_IBGE
290020;2900207;Abaré;BA;OK_API_IBGE
290030;2900306;Acajutiba;BA;OK_API_IBGE
290035;2900355;Adustina;BA;OK_API_IBGE
290040;2900405;Água Fria;BA;OK_API_IBGE
290050;2900504;Érico Cardoso;BA;OK_API_IBGE
290060;2900603;Aiquara;BA;OK_API_IBGE
290070;2900702;Alagoinhas;BA;OK_API_IBGE
290080;2900801;Alcobaça;BA;OK_API_IBGE
290090;2900900;Almadina;BA;OK_API_IBGE
290100;2901007;Amargosa;BA;OK_API_IBGE
290110;2901106;Amélia Rodrigues;BA;OK_API_IBGE
290120;2901205;Anagé;BA;OK_API_IBGE
290130;2901304;Andaraí;BA;OK_API_IBGE
290135;2901353;Andorinha;BA;OK_API_IBGE
290140;2901403;Angical;BA;OK_API_IBGE
290150;2901502;Anguera;BA;OK_API_IBGE
290160;2901601;Antas;BA;OK_API_IBGE
290170;2901700;Antônio Cardoso;BA;OK_API_IBGE
290180;2901809;Antônio Gonçalves;BA;OK_API_IBGE
290190;2901908;Aporá;BA;OK_API_IBGE
290195;2901957;Apuarema;BA;OK_API_IBGE
290200;2902005;Aracatu;BA;OK_API_IBGE
290205;2902054;Araçás;BA;OK_API_IBGE
290210;2902104;Araci;BA;OK_API_IBGE
290220;2902203;Aramari;BA;OK_API_IBGE
290225;2902252;Arataca;BA;OK_API_IBGE
290230;2902302;Aratuípe;BA;OK_API_IBGE
290240;2902401;Aurelino Leal;BA;OK_API_IBGE
290250;2902500;Baianópolis;BA;OK_API_IBGE
290260;2902609;Baixa Grande;BA;OK_API_IBGE
290265;2902658;Banzaê;BA;OK_API_IBGE
290270;2902708;Barra;BA;OK_API_IBGE
290280;2902807;Barra da Estiva;BA;OK_API_IBGE
290290;2902906;Barra do Choça;BA;OK_API_IBGE
290300;2903003;Barra do Mendes;BA;OK_API_IBGE
290310;2903102;Barra do Rocha;BA;OK_API_IBGE
290320;2903201;Barreiras;BA;OK_API_IBGE
290323;2903235;Barro Alto;BA;OK_API_IBGE
290327;2903276;Barrocas;BA;OK_API_IBGE
290330;2903300;Barro Preto;BA;OK_API_IBGE
290340;2903409;Belmonte;BA;OK_API_IBGE
290350;2903508;Belo Campo;BA;OK_API_IBGE
290360;2903607;Biritinga;BA;OK_API_IBGE
290370;2903706;Boa Nova;BA;OK_API_IBGE
290380;2903805;Boa Vista do Tupim;BA;OK_API_IBGE
290390;2903904;Bom Jesus da Lapa;BA;OK_API_IBGE
290395;2903953;Bom Jesus da Serra;BA;OK_API_IBGE
290400;2904001;Boninal;BA;OK_API_IBGE
290405;2904050;Bonito;BA;OK_API_IBGE
290410;2904100;Boquira;BA;OK_API_IBGE
290420;2904209;Botuporã;BA;OK_API_IBGE
290430;2904308;Brejões;BA;OK_API_IBGE
290440;2904407;Brejolândia;BA;OK_API_IBGE
290450;2904506;Brotas de Macaúbas;BA;OK_API_IBGE
290460;2904605;Brumado;BA;OK_API_IBGE
290470;2904704;Buerarema;BA;OK_API_IBGE
290480;2904803;Caatiba;BA;OK_API_IBGE
290485;2904852;Cabaceiras do Paraguaçu;BA;OK_API_IBGE
290490;2904902;Cachoeira;BA;OK_API_IBGE
290500;2905008;Caculé;BA;OK_API_IBGE
290510;2905107;Caém;BA;OK_API_IBGE
290515;2905156;Caetanos;BA;OK_API_IBGE
290520;2905206;Caetité;BA;OK_API_IBGE
290530;2905305;Cafarnaum;BA;OK_API_IBGE
290540;2905404;Cairu;BA;OK_API_IBGE
290550;2905503;Caldeirão Grande;BA;OK_API_IBGE
290560;2905602;Camacan;BA;OK_API_IBGE
290570;2905701;Camaçari;BA;OK_API_IBGE
290580;2905800;Camamu;BA;OK_API_IBGE
290590;2905909;Campo Alegre de Lourdes;BA;OK_API_IBGE
290600;2906006;Campo Formoso;BA;OK_API_IBGE
290620;2906204;Canarana;BA;OK_API_IBGE
290630;2906303;Canavieiras;BA;OK_API_IBGE
290640;2906402;Candeal;BA;OK_API_IBGE
290650;2906501;Candeias;BA;OK_API_IBGE
290660;2906600;Candiba;BA;OK_API_IBGE
290670;2906709;Cândido Sales;BA;OK_API_IBGE
290680;2906808;Cansanção;BA;OK_API_IBGE
290682;2906824;Canudos;BA;OK_API_IBGE
290685;2906857;Capela do Alto Alegre;BA;OK_API_IBGE
290687;2906873;Capim Grosso;BA;OK_API_IBGE
290689;2906899;Caraíbas;BA;OK_API_IBGE
290690;2906907;Caravelas;BA;OK_API_IBGE
290700;2907004;Cardeal da Silva;BA;OK_API_IBGE
290710;2907103;Carinhanha;BA;OK_API_IBGE
290720;2907202;Casa Nova;BA;OK_API_IBGE
290730;2907301;Castro Alves;BA;OK_API_IBGE
290740;2907400;Catolândia;BA;OK_API_IBGE
290750;2907509;Catu;BA;OK_API_IBGE
290755;2907558;Caturama;BA;OK_API_IBGE
290760;2907608;Central;BA;OK_API_IBGE
290770;2907707;Chorrochó;BA;OK_API_IBGE
290780;2907806;Cícero Dantas;BA;OK_API_IBGE
290790;2907905;Cipó;BA;OK_API_IBGE
290800;2908002;Coaraci;BA;OK_API_IBGE
290810;2908101;Cocos;BA;OK_API_IBGE
290820;2908200;Conceição da Feira;BA;OK_API_IBGE
290830;2908309;Conceição do Almeida;BA;OK_API_IBGE
290840;2908408;Conceição do Coité;BA;OK_API_IBGE
290850;2908507;Conceição do Jacuípe;BA;OK_API_IBGE
290860;2908606;Conde;BA;OK_API_IBGE
290870;2908705;Condeúba;BA;OK_API_IBGE
290890;2908903;Coração de Maria;BA;OK_API_IBGE
290910;2909109;Coribe;BA;OK_API_IBGE
290920;2909208;Coronel João Sá;BA;OK_API_IBGE
290930;2909307;Correntina;BA;OK_API_IBGE
290940;2909406;Cotegipe;BA;OK_API_IBGE
290950;2909505;Cravolândia;BA;OK_API_IBGE
290960;2909604;Crisópolis;BA;OK_API_IBGE
290970;2909703;Cristópolis;BA;OK_API_IBGE
290980;2909802;Cruz das Almas;BA;OK_API_IBGE
290990;2909901;Curaçá;BA;OK_API_IBGE
291000;2910008;Dário Meira;BA;OK_API_IBGE
291005;2910057;Dias d'Ávila;BA;OK_API_IBGE
291040;2910404;Encruzilhada;BA;OK_API_IBGE
291050;2910503;Entre Rios;BA;OK_API_IBGE
291060;2910602;Esplanada;BA;OK_API_IBGE
291070;2910701;Euclides da Cunha;BA;OK_API_IBGE
291072;2910727;Eunápolis;BA;OK_API_IBGE
291075;2910750;Fátima;BA;OK_API_IBGE
291077;2910776;Feira da Mata;BA;OK_API_IBGE
291080;2910800;Feira de Santana;BA;OK_API_IBGE
291085;2910859;Filadélfia;BA;OK_API_IBGE
291090;2910909;Firmino Alves;BA;OK_API_IBGE
291100;2911006;Floresta Azul;BA;OK_API_IBGE
291110;2911105;Formosa do Rio Preto;BA;OK_API_IBGE
291120;2911204;Gandu;BA;OK_API_IBGE
291125;2911253;Gavião;BA;OK_API_IBGE
291130;2911303;Gentio do Ouro;BA;OK_API_IBGE
291140;2911402;Glória;BA;OK_API_IBGE
291150;2911501;Gongogi;BA;OK_API_IBGE
291160;2911600;Governador Mangabeira;BA;OK_API_IBGE
291165;2911659;Guajeru;BA;OK_API_IBGE
291170;2911709;Guanambi;BA;OK_API_IBGE
291180;2911808;Guaratinga;BA;OK_API_IBGE
291185;2911857;Heliópolis;BA;OK_API_IBGE
291190;2911907;Iaçu;BA;OK_API_IBGE
291200;2912004;Ibiassucê;BA;OK_API_IBGE
291210;2912103;Ibicaraí;BA;OK_API_IBGE
291220;2912202;Ibicoara;BA;OK_API_IBGE
291230;2912301;Ibicuí;BA;OK_API_IBGE
291240;2912400;Ibipeba;BA;OK_API_IBGE
291250;2912509;Ibipitanga;BA;OK_API_IBGE
291270;2912707;Ibirapitanga;BA;OK_API_IBGE
291280;2912806;Ibirapuã;BA;OK_API_IBGE
291290;2912905;Ibirataia;BA;OK_API_IBGE
291300;2913002;Ibitiara;BA;OK_API_IBGE
291310;2913101;Ibititá;BA;OK_API_IBGE
291320;2913200;Ibotirama;BA;OK_API_IBGE
291340;2913408;Igaporã;BA;OK_API_IBGE
291345;2913457;Igrapiúna;BA;OK_API_IBGE
291350;2913507;Iguaí;BA;OK_API_IBGE
291360;2913606;Ilhéus;BA;OK_API_IBGE
291370;2913705;Inhambupe;BA;OK_API_IBGE
291380;2913804;Ipecaetá;BA;OK_API_IBGE
291390;2913903;Ipiaú;BA;OK_API_IBGE
291400;2914000;Ipirá;BA;OK_API_IBGE
291420;2914208;Irajuba;BA;OK_API_IBGE
291430;2914307;Iramaia;BA;OK_API_IBGE
291440;2914406;Iraquara;BA;OK_API_IBGE
291450;2914505;Irará;BA;OK_API_IBGE
291460;2914604;Irecê;BA;OK_API_IBGE
291465;2914653;Itabela;BA;OK_API_IBGE
291470;2914703;Itaberaba;BA;OK_API_IBGE
291480;2914802;Itabuna;BA;OK_API_IBGE
291490;2914901;Itacaré;BA;OK_API_IBGE
291500;2915007;Itaeté;BA;OK_API_IBGE
291510;2915106;Itagi;BA;OK_API_IBGE
291520;2915205;Itagibá;BA;OK_API_IBGE
291530;2915304;Itagimirim;BA;OK_API_IBGE
291535;2915353;Itaguaçu da Bahia;BA;OK_API_IBGE
291540;2915403;Itaju do Colônia;BA;OK_API_IBGE
291550;2915502;Itajuípe;BA;OK_API_IBGE
291560;2915601;Itamaraju;BA;OK_API_IBGE
291570;2915700;Itamari;BA;OK_API_IBGE
291580;2915809;Itambé;BA;OK_API_IBGE
291590;2915908;Itanagra;BA;OK_API_IBGE
291600;2916005;Itanhém;BA;OK_API_IBGE
291610;2916104;Itaparica;BA;OK_API_IBGE
291620;2916203;Itapé;BA;OK_API_IBGE
291630;2916302;Itapebi;BA;OK_API_IBGE
291640;2916401;Itapetinga;BA;OK_API_IBGE
291650;2916500;Itapicuru;BA;OK_API_IBGE
291660;2916609;Itapitanga;BA;OK_API_IBGE
291670;2916708;Itaquara;BA;OK_API_IBGE
291680;2916807;Itarantim;BA;OK_API_IBGE
291685;2916856;Itatim;BA;OK_API_IBGE
291690;2916906;Itiruçu;BA;OK_API_IBGE
291700;2917003;Itiúba;BA;OK_API_IBGE
291710;2917102;Itororó;BA;OK_API_IBGE
291720;2917201;Ituaçu;BA;OK_API_IBGE
291730;2917300;Ituberá;BA;OK_API_IBGE
291733;2917334;Iuiu;BA;OK_API_IBGE
291735;2917359;Jaborandi;BA;OK_API_IBGE
291740;2917409;Jacaraci;BA;OK_API_IBGE
291750;2917508;Jacobina;BA;OK_API_IBGE
291760;2917607;Jaguaquara;BA;OK_API_IBGE
291770;2917706;Jaguarari;BA;OK_API_IBGE
291780;2917805;Jaguaripe;BA;OK_API_IBGE
291790;2917904;Jandaíra;BA;OK_API_IBGE
291800;2918001;Jequié;BA;OK_API_IBGE
291810;2918100;Jeremoabo;BA;OK_API_IBGE
291820;2918209;Jiquiriçá;BA;OK_API_IBGE
291830;2918308;Jitaúna;BA;OK_API_IBGE
291835;2918357;João Dourado;BA;OK_API_IBGE
291840;2918407;Juazeiro;BA;OK_API_IBGE
291845;2918456;Jucuruçu;BA;OK_API_IBGE
291850;2918506;Jussara;BA;OK_API_IBGE
291855;2918555;Jussari;BA;OK_API_IBGE
291870;2918704;Lafaiete Coutinho;BA;OK_API_IBGE
291875;2918753;Lagoa Real;BA;OK_API_IBGE
291880;2918803;Laje;BA;OK_API_IBGE
291890;2918902;Lajedão;BA;OK_API_IBGE
291910;2919108;Lamarão;BA;OK_API_IBGE
291915;2919157;Lapão;BA;OK_API_IBGE
291920;2919207;Lauro de Freitas;BA;OK_API_IBGE
291930;2919306;Lençóis;BA;OK_API_IBGE
291940;2919405;Licínio de Almeida;BA;OK_API_IBGE
291950;2919504;Livramento de Nossa Senhora;BA;OK_API_IBGE
291955;2919553;Luís Eduardo Magalhães;BA;OK_API_IBGE
291960;2919603;Macajuba;BA;OK_API_IBGE
291970;2919702;Macarani;BA;OK_API_IBGE
291980;2919801;Macaúbas;BA;OK_API_IBGE
291990;2919900;Macururé;BA;OK_API_IBGE
291992;2919926;Madre de Deus;BA;OK_API_IBGE
291995;2919959;Maetinga;BA;OK_API_IBGE
292000;2920007;Maiquinique;BA;OK_API_IBGE
292010;2920106;Mairi;BA;OK_API_IBGE
292020;2920205;Malhada;BA;OK_API_IBGE
292030;2920304;Malhada de Pedras;BA;OK_API_IBGE
292040;2920403;Manoel Vitorino;BA;OK_API_IBGE
292050;2920502;Maracás;BA;OK_API_IBGE
292060;2920601;Maragogipe;BA;OK_API_IBGE
292070;2920700;Maraú;BA;OK_API_IBGE
292080;2920809;Marcionílio Souza;BA;OK_API_IBGE
292090;2920908;Mascote;BA;OK_API_IBGE
292100;2921005;Mata de São João;BA;OK_API_IBGE
292105;2921054;Matina;BA;OK_API_IBGE
292110;2921104;Medeiros Neto;BA;OK_API_IBGE
292120;2921203;Miguel Calmon;BA;OK_API_IBGE
292130;2921302;Milagres;BA;OK_API_IBGE
292140;2921401;Mirangaba;BA;OK_API_IBGE
292145;2921450;Mirante;BA;OK_API_IBGE
292150;2921500;Monte Santo;BA;OK_API_IBGE
292160;2921609;Morpará;BA;OK_API_IBGE
292170;2921708;Morro do Chapéu;BA;OK_API_IBGE
292180;2921807;Mortugaba;BA;OK_API_IBGE
292190;2921906;Mucugê;BA;OK_API_IBGE
292200;2922003;Mucuri;BA;OK_API_IBGE
292205;2922052;Mulungu do Morro;BA;OK_API_IBGE
292210;2922102;Mundo Novo;BA;OK_API_IBGE
292220;2922201;Muniz Ferreira;BA;OK_API_IBGE
292225;2922250;Muquém do São Francisco;BA;OK_API_IBGE
292230;2922300;Muritiba;BA;OK_API_IBGE
292240;2922409;Mutuípe;BA;OK_API_IBGE
292250;2922508;Nazaré;BA;OK_API_IBGE
292260;2922607;Nilo Peçanha;BA;OK_API_IBGE
292265;2922656;Nordestina;BA;OK_API_IBGE
292270;2922706;Nova Canaã;BA;OK_API_IBGE
292273;2922730;Nova Fátima;BA;OK_API_IBGE
292275;2922755;Nova Ibiá;BA;OK_API_IBGE
292285;2922854;Nova Redenção;BA;OK_API_IBGE
292290;2922904;Nova Soure;BA;OK_API_IBGE
292300;2923001;Nova Viçosa;BA;OK_API_IBGE
292303;2923035;Novo Horizonte;BA;OK_API_IBGE
292305;2923050;Novo Triunfo;BA;OK_API_IBGE
292310;2923100;Olindina;BA;OK_API_IBGE
292320;2923209;Oliveira dos Brejinhos;BA;OK_API_IBGE
292330;2923308;Ouriçangas;BA;OK_API_IBGE
292335;2923357;Ourolândia;BA;OK_API_IBGE
292340;2923407;Palmas de Monte Alto;BA;OK_API_IBGE
292350;2923506;Palmeiras;BA;OK_API_IBGE
292370;2923704;Paratinga;BA;OK_API_IBGE
292390;2923902;Pau Brasil;BA;OK_API_IBGE
292400;2924009;Paulo Afonso;BA;OK_API_IBGE
292405;2924058;Pé de Serra;BA;OK_API_IBGE
292410;2924108;Pedrão;BA;OK_API_IBGE
292420;2924207;Pedro Alexandre;BA;OK_API_IBGE
292430;2924306;Piatã;BA;OK_API_IBGE
292440;2924405;Pilão Arcado;BA;OK_API_IBGE
292450;2924504;Pindaí;BA;OK_API_IBGE
292460;2924603;Pindobaçu;BA;OK_API_IBGE
292465;2924652;Pintadas;BA;OK_API_IBGE
292467;2924678;Piraí do Norte;BA;OK_API_IBGE
292470;2924702;Piripá;BA;OK_API_IBGE
292480;2924801;Piritiba;BA;OK_API_IBGE
292500;2925006;Planalto;BA;OK_API_IBGE
292510;2925105;Poções;BA;OK_API_IBGE
292520;2925204;Pojuca;BA;OK_API_IBGE
292525;2925253;Ponto Novo;BA;OK_API_IBGE
292530;2925303;Porto Seguro;BA;OK_API_IBGE
292540;2925402;Potiraguá;BA;OK_API_IBGE
292550;2925501;Prado;BA;OK_API_IBGE
292560;2925600;Presidente Dutra;BA;OK_API_IBGE
292575;2925758;Presidente Tancredo Neves;BA;OK_API_IBGE
292580;2925808;Queimadas;BA;OK_API_IBGE
292590;2925907;Quijingue;BA;OK_API_IBGE
292593;2925931;Quixabeira;BA;OK_API_IBGE
292595;2925956;Rafael Jambeiro;BA;OK_API_IBGE
292600;2926004;Remanso;BA;OK_API_IBGE
292610;2926103;Retirolândia;BA;OK_API_IBGE
292620;2926202;Riachão das Neves;BA;OK_API_IBGE
292640;2926400;Riacho de Santana;BA;OK_API_IBGE
292650;2926509;Ribeira do Amparo;BA;OK_API_IBGE
292660;2926608;Ribeira do Pombal;BA;OK_API_IBGE
292690;2926905;Rio do Pires;BA;OK_API_IBGE
292700;2927002;Rio Real;BA;OK_API_IBGE
292710;2927101;Rodelas;BA;OK_API_IBGE
292720;2927200;Ruy Barbosa;BA;OK_API_IBGE
292730;2927309;Salinas da Margarida;BA;OK_API_IBGE
292740;2927408;Salvador;BA;OK_API_IBGE
292750;2927507;Santa Bárbara;BA;OK_API_IBGE
292760;2927606;Santa Brígida;BA;OK_API_IBGE
292770;2927705;Santa Cruz Cabrália;BA;OK_API_IBGE
292790;2927903;Santa Inês;BA;OK_API_IBGE
292800;2928000;Santaluz;BA;OK_API_IBGE
292805;2928059;Santa Luzia;BA;OK_API_IBGE
292810;2928109;Santa Maria da Vitória;BA;OK_API_IBGE
292820;2928208;Santana;BA;OK_API_IBGE
292830;2928307;Santanópolis;BA;OK_API_IBGE
292840;2928406;Santa Rita de Cássia;BA;OK_API_IBGE
292850;2928505;Santa Terezinha;BA;OK_API_IBGE
292860;2928604;Santo Amaro;BA;OK_API_IBGE
292870;2928703;Santo Antônio de Jesus;BA;OK_API_IBGE
292880;2928802;Santo Estêvão;BA;OK_API_IBGE
292890;2928901;São Desidério;BA;OK_API_IBGE
292895;2928950;São Domingos;BA;OK_API_IBGE
292900;2929008;São Félix;BA;OK_API_IBGE
292905;2929057;São Félix do Coribe;BA;OK_API_IBGE
292910;2929107;São Felipe;BA;OK_API_IBGE
292920;2929206;São Francisco do Conde;BA;OK_API_IBGE
292925;2929255;São Gabriel;BA;OK_API_IBGE
292930;2929305;São Gonçalo dos Campos;BA;OK_API_IBGE
292935;2929354;São José da Vitória;BA;OK_API_IBGE
292937;2929370;São José do Jacuípe;BA;OK_API_IBGE
292950;2929503;São Sebastião do Passé;BA;OK_API_IBGE
292960;2929602;Sapeaçu;BA;OK_API_IBGE
292970;2929701;Sátiro Dias;BA;OK_API_IBGE
292975;2929750;Saubara;BA;OK_API_IBGE
292980;2929800;Saúde;BA;OK_API_IBGE
292990;2929909;Seabra;BA;OK_API_IBGE
293000;2930006;Sebastião Laranjeiras;BA;OK_API_IBGE
293010;2930105;Senhor do Bonfim;BA;OK_API_IBGE
293015;2930154;Serra do Ramalho;BA;OK_API_IBGE
293020;2930204;Sento Sé;BA;OK_API_IBGE
293030;2930303;Serra Dourada;BA;OK_API_IBGE
293040;2930402;Serra Preta;BA;OK_API_IBGE
293050;2930501;Serrinha;BA;OK_API_IBGE
293060;2930600;Serrolândia;BA;OK_API_IBGE
293070;2930709;Simões Filho;BA;OK_API_IBGE
293075;2930758;Sítio do Mato;BA;OK_API_IBGE
293076;2930766;Sítio do Quinto;BA;OK_API_IBGE
293077;2930774;Sobradinho;BA;OK_API_IBGE
293080;2930808;Souto Soares;BA;OK_API_IBGE
293090;2930907;Tabocas do Brejo Velho;BA;OK_API_IBGE
293100;2931004;Tanhaçu;BA;OK_API_IBGE
293105;2931053;Tanque Novo;BA;OK_API_IBGE
293120;2931202;Taperoá;BA;OK_API_IBGE
293130;2931301;Tapiramutá;BA;OK_API_IBGE
293135;2931350;Teixeira de Freitas;BA;OK_API_IBGE
293140;2931400;Teodoro Sampaio;BA;OK_API_IBGE
293150;2931509;Teofilândia;BA;OK_API_IBGE
293160;2931608;Teolândia;BA;OK_API_IBGE
293170;2931707;Terra Nova;BA;OK_API_IBGE
293180;2931806;Tremedal;BA;OK_API_IBGE
293190;2931905;Tucano;BA;OK_API_IBGE
293200;2932002;Uauá;BA;OK_API_IBGE
293210;2932101;Ubaíra;BA;OK_API_IBGE
293220;2932200;Ubaitaba;BA;OK_API_IBGE
293230;2932309;Ubatã;BA;OK_API_IBGE
293240;2932408;Uibaí;BA;OK_API_IBGE
293245;2932457;Umburanas;BA;OK_API_IBGE
293250;2932507;Una;BA;OK_API_IBGE
293270;2932705;Uruçuca;BA;OK_API_IBGE
293280;2932804;Utinga;BA;OK_API_IBGE
293290;2932903;Valença;BA;OK_API_IBGE
293300;2933000;Valente;BA;OK_API_IBGE
293305;2933059;Várzea da Roça;BA;OK_API_IBGE
293310;2933109;Várzea do Poço;BA;OK_API_IBGE
293315;2933158;Várzea Nova;BA;OK_API_IBGE
293317;2933174;Varzedo;BA;OK_API_IBGE
293320;2933208;Vera Cruz;BA;OK_API_IBGE
293325;2933257;Vereda;BA;OK_API_IBGE
293330;2933307;Vitória da Conquista;BA;OK_API_IBGE
293345;2933455;Wanderley;BA;OK_API_IBGE
293350;2933505;Wenceslau Guimarães;BA;OK_API_IBGE
293360;2933604;Xique-Xique;BA;OK_API_IBGE
310020;3100203;Abaeté;MG;OK_API_IBGE
310030;3100302;Abre Campo;MG;OK_API_IBGE
310040;3100401;Acaiaca;MG;OK_API_IBGE
310050;3100500;Açucena;MG;OK_API_IBGE
310060;3100609;Água Boa;MG;OK_API_IBGE
310070;3100708;Água Comprida;MG;OK_API_IBGE
310080;3100807;Aguanil;MG;OK_API_IBGE
310090;3100906;Águas Formosas;MG;OK_API_IBGE
310110;3101102;Aimorés;MG;OK_API_IBGE
310130;3101300;Alagoa;MG;OK_API_IBGE
310140;3101409;Albertina;MG;OK_API_IBGE
310150;3101508;Além Paraíba;MG;OK_API_IBGE
310160;3101607;Alfenas;MG;OK_API_IBGE
310163;3101631;Alfredo Vasconcelos;MG;OK_API_IBGE
310170;3101706;Almenara;MG;OK_API_IBGE
310180;3101805;Alpercata;MG;OK_API_IBGE
310190;3101904;Alpinópolis;MG;OK_API_IBGE
310200;3102001;Alterosa;MG;OK_API_IBGE
310210;3102100;Alto Rio Doce;MG;OK_API_IBGE
310220;3102209;Alvarenga;MG;OK_API_IBGE
310230;3102308;Alvinópolis;MG;OK_API_IBGE
310250;3102506;Amparo do Serra;MG;OK_API_IBGE
310260;3102605;Andradas;MG;OK_API_IBGE
310280;3102803;Andrelândia;MG;OK_API_IBGE
310285;3102852;Angelândia;MG;OK_API_IBGE
310290;3102902;Antônio Carlos;MG;OK_API_IBGE
310300;3103009;Antônio Dias;MG;OK_API_IBGE
310320;3103207;Araçaí;MG;OK_API_IBGE
310330;3103306;Aracitaba;MG;OK_API_IBGE
310340;3103405;Araçuaí;MG;OK_API_IBGE
310350;3103504;Araguari;MG;OK_API_IBGE
310375;3103751;Araporã;MG;OK_API_IBGE
310390;3103900;Araújos;MG;OK_API_IBGE
310400;3104007;Araxá;MG;OK_API_IBGE
310410;3104106;Arceburgo;MG;OK_API_IBGE
310420;3104205;Arcos;MG;OK_API_IBGE
310445;3104452;Aricanduva;MG;OK_API_IBGE
310450;3104502;Arinos;MG;OK_API_IBGE
310460;3104601;Astolfo Dutra;MG;OK_API_IBGE
310470;3104700;Ataléia;MG;OK_API_IBGE
310480;3104809;Augusto de Lima;MG;OK_API_IBGE
310490;3104908;Baependi;MG;OK_API_IBGE
310500;3105004;Baldim;MG;OK_API_IBGE
310510;3105103;Bambuí;MG;OK_API_IBGE
310530;3105301;Bandeira do Sul;MG;OK_API_IBGE
310540;3105400;Barão de Cocais;MG;OK_API_IBGE
310550;3105509;Barão do Monte Alto;MG;OK_API_IBGE
310560;3105608;Barbacena;MG;OK_API_IBGE
310590;3105905;Barroso;MG;OK_API_IBGE
310600;3106002;Bela Vista de Minas;MG;OK_API_IBGE
310620;3106200;Belo Horizonte;MG;OK_API_IBGE
310630;3106309;Belo Oriente;MG;OK_API_IBGE
310640;3106408;Belo Vale;MG;OK_API_IBGE
310650;3106507;Berilo;MG;OK_API_IBGE
310660;3106606;Bertópolis;MG;OK_API_IBGE
310665;3106655;Berizal;MG;OK_API_IBGE
310670;3106705;Betim;MG;OK_API_IBGE
310680;3106804;Bias Fortes;MG;OK_API_IBGE
310690;3106903;Bicas;MG;OK_API_IBGE
310710;3107109;Boa Esperança;MG;OK_API_IBGE
310730;3107307;Bocaiúva;MG;OK_API_IBGE
310740;3107406;Bom Despacho;MG;OK_API_IBGE
310750;3107505;Bom Jardim de Minas;MG;OK_API_IBGE
310760;3107604;Bom Jesus da Penha;MG;OK_API_IBGE
310780;3107802;Bom Jesus do Galho;MG;OK_API_IBGE
310790;3107901;Bom Repouso;MG;OK_API_IBGE
310800;3108008;Bom Sucesso;MG;OK_API_IBGE
310820;3108206;Bonfinópolis de Minas;MG;OK_API_IBGE
310825;3108255;Bonito de Minas;MG;OK_API_IBGE
310830;3108305;Borda da Mata;MG;OK_API_IBGE
310840;3108404;Botelhos;MG;OK_API_IBGE
310860;3108602;Brasília de Minas;MG;OK_API_IBGE
310870;3108701;Brás Pires;MG;OK_API_IBGE
310880;3108800;Braúnas;MG;OK_API_IBGE
310890;3108909;Brazópolis;MG;OK_API_IBGE
310900;3109006;Brumadinho;MG;OK_API_IBGE
310920;3109204;Buenópolis;MG;OK_API_IBGE
310925;3109253;Bugre;MG;OK_API_IBGE
310930;3109303;Buritis;MG;OK_API_IBGE
310940;3109402;Buritizeiro;MG;OK_API_IBGE
310945;3109451;Cabeceira Grande;MG;OK_API_IBGE
310950;3109501;Cabo Verde;MG;OK_API_IBGE
310960;3109600;Cachoeira da Prata;MG;OK_API_IBGE
310980;3109808;Cachoeira Dourada;MG;OK_API_IBGE
310990;3109907;Caetanópolis;MG;OK_API_IBGE
311000;3110004;Caeté;MG;OK_API_IBGE
311020;3110202;Cajuri;MG;OK_API_IBGE
311030;3110301;Caldas;MG;OK_API_IBGE
311040;3110400;Camacho;MG;OK_API_IBGE
311050;3110509;Camanducaia;MG;OK_API_IBGE
311060;3110608;Cambuí;MG;OK_API_IBGE
311070;3110707;Cambuquira;MG;OK_API_IBGE
311080;3110806;Campanário;MG;OK_API_IBGE
311090;3110905;Campanha;MG;OK_API_IBGE
311100;3111002;Campestre;MG;OK_API_IBGE
311110;3111101;Campina Verde;MG;OK_API_IBGE
311120;3111200;Campo Belo;MG;OK_API_IBGE
311130;3111309;Campo do Meio;MG;OK_API_IBGE
311140;3111408;Campo Florido;MG;OK_API_IBGE
311150;3111507;Campos Altos;MG;OK_API_IBGE
311160;3111606;Campos Gerais;MG;OK_API_IBGE
311180;3111804;Canápolis;MG;OK_API_IBGE
311200;3112000;Candeias;MG;OK_API_IBGE
311210;3112109;Caparaó;MG;OK_API_IBGE
311230;3112307;Capelinha;MG;OK_API_IBGE
311240;3112406;Capetinga;MG;OK_API_IBGE
311250;3112505;Capim Branco;MG;OK_API_IBGE
311260;3112604;Capinópolis;MG;OK_API_IBGE
311265;3112653;Capitão Andrade;MG;OK_API_IBGE
311270;3112703;Capitão Enéas;MG;OK_API_IBGE
311280;3112802;Capitólio;MG;OK_API_IBGE
311290;3112901;Caputira;MG;OK_API_IBGE
311300;3113008;Caraí;MG;OK_API_IBGE
311320;3113206;Carandaí;MG;OK_API_IBGE
311330;3113305;Carangola;MG;OK_API_IBGE
311340;3113404;Caratinga;MG;OK_API_IBGE
311360;3113602;Careaçu;MG;OK_API_IBGE
311370;3113701;Carlos Chagas;MG;OK_API_IBGE
311390;3113909;Carmo da Cachoeira;MG;OK_API_IBGE
311410;3114105;Carmo de Minas;MG;OK_API_IBGE
311420;3114204;Carmo do Cajuru;MG;OK_API_IBGE
311430;3114303;Carmo do Paranaíba;MG;OK_API_IBGE
311440;3114402;Carmo do Rio Claro;MG;OK_API_IBGE
311450;3114501;Carmópolis de Minas;MG;OK_API_IBGE
311455;3114550;Carneirinho;MG;OK_API_IBGE
311500;3115003;Cascalho Rico;MG;OK_API_IBGE
311510;3115102;Cássia;MG;OK_API_IBGE
311520;3115201;Conceição da Barra de Minas;MG;OK_API_IBGE
311530;3115300;Cataguases;MG;OK_API_IBGE
311535;3115359;Catas Altas;MG;OK_API_IBGE
311540;3115409;Catas Altas da Noruega;MG;OK_API_IBGE
311545;3115458;Catuji;MG;OK_API_IBGE
311547;3115474;Catuti;MG;OK_API_IBGE
311550;3115508;Caxambu;MG;OK_API_IBGE
311560;3115607;Cedro do Abaeté;MG;OK_API_IBGE
311580;3115805;Centralina;MG;OK_API_IBGE
311590;3115904;Chácara;MG;OK_API_IBGE
311600;3116001;Chalé;MG;OK_API_IBGE
311615;3116159;Chapada Gaúcha;MG;OK_API_IBGE
311630;3116308;Cipotânea;MG;OK_API_IBGE
311650;3116506;Claro dos Poções;MG;OK_API_IBGE
311660;3116605;Cláudio;MG;OK_API_IBGE
311670;3116704;Coimbra;MG;OK_API_IBGE
311680;3116803;Coluna;MG;OK_API_IBGE
311700;3117009;Comercinho;MG;OK_API_IBGE
311710;3117108;Conceição da Aparecida;MG;OK_API_IBGE
311730;3117306;Conceição das Alagoas;MG;OK_API_IBGE
311740;3117405;Conceição de Ipanema;MG;OK_API_IBGE
311750;3117504;Conceição do Mato Dentro;MG;OK_API_IBGE
311760;3117603;Conceição do Pará;MG;OK_API_IBGE
311770;3117702;Conceição do Rio Verde;MG;OK_API_IBGE
311780;3117801;Conceição dos Ouros;MG;OK_API_IBGE
311783;3117836;Cônego Marinho;MG;OK_API_IBGE
311787;3117876;Confins;MG;OK_API_IBGE
311790;3117900;Congonhal;MG;OK_API_IBGE
311800;3118007;Congonhas;MG;OK_API_IBGE
311820;3118205;Conquista;MG;OK_API_IBGE
311830;3118304;Conselheiro Lafaiete;MG;OK_API_IBGE
311840;3118403;Conselheiro Pena;MG;OK_API_IBGE
311860;3118601;Contagem;MG;OK_API_IBGE
311870;3118700;Coqueiral;MG;OK_API_IBGE
311880;3118809;Coração de Jesus;MG;OK_API_IBGE
311890;3118908;Cordisburgo;MG;OK_API_IBGE
311900;3119005;Cordislândia;MG;OK_API_IBGE
311910;3119104;Corinto;MG;OK_API_IBGE
311920;3119203;Coroaci;MG;OK_API_IBGE
311930;3119302;Coromandel;MG;OK_API_IBGE
311940;3119401;Coronel Fabriciano;MG;OK_API_IBGE
311960;3119609;Coronel Pacheco;MG;OK_API_IBGE
311980;3119807;Córrego Danta;MG;OK_API_IBGE
311990;3119906;Córrego do Bom Jesus;MG;OK_API_IBGE
311995;3119955;Córrego Fundo;MG;OK_API_IBGE
312015;3120151;Crisólita;MG;OK_API_IBGE
312020;3120201;Cristais;MG;OK_API_IBGE
312040;3120409;Cristiano Otoni;MG;OK_API_IBGE
312080;3120805;Cruzília;MG;OK_API_IBGE
312083;3120839;Cuparaque;MG;OK_API_IBGE
312087;3120870;Curral de Dentro;MG;OK_API_IBGE
312090;3120904;Curvelo;MG;OK_API_IBGE
312110;3121100;Delfim Moreira;MG;OK_API_IBGE
312120;3121209;Delfinópolis;MG;OK_API_IBGE
312125;3121258;Delta;MG;OK_API_IBGE
312140;3121407;Desterro de Entre Rios;MG;OK_API_IBGE
312150;3121506;Desterro do Melo;MG;OK_API_IBGE
312160;3121605;Diamantina;MG;OK_API_IBGE
312180;3121803;Dionísio;MG;OK_API_IBGE
312190;3121902;Divinésia;MG;OK_API_IBGE
312200;3122009;Divino;MG;OK_API_IBGE
312210;3122108;Divino das Laranjeiras;MG;OK_API_IBGE
312220;3122207;Divinolândia de Minas;MG;OK_API_IBGE
312230;3122306;Divinópolis;MG;OK_API_IBGE
312240;3122405;Divisa Nova;MG;OK_API_IBGE
312245;3122454;Divisópolis;MG;OK_API_IBGE
312250;3122504;Dom Cavati;MG;OK_API_IBGE
312260;3122603;Dom Joaquim;MG;OK_API_IBGE
312270;3122702;Dom Silvério;MG;OK_API_IBGE
312290;3122900;Dona Euzébia;MG;OK_API_IBGE
312320;3123205;Dores do Indaiá;MG;OK_API_IBGE
312330;3123304;Dores do Turvo;MG;OK_API_IBGE
312352;3123528;Durandé;MG;OK_API_IBGE
312360;3123601;Elói Mendes;MG;OK_API_IBGE
312370;3123700;Engenheiro Caldas;MG;OK_API_IBGE
312380;3123809;Engenheiro Navarro;MG;OK_API_IBGE
312385;3123858;Entre Folhas;MG;OK_API_IBGE
312390;3123908;Entre Rios de Minas;MG;OK_API_IBGE
312400;3124005;Ervália;MG;OK_API_IBGE
312410;3124104;Esmeraldas;MG;OK_API_IBGE
312420;3124203;Espera Feliz;MG;OK_API_IBGE
312430;3124302;Espinosa;MG;OK_API_IBGE
312440;3124401;Espírito Santo do Dourado;MG;OK_API_IBGE
312450;3124500;Estiva;MG;OK_API_IBGE
312460;3124609;Estrela Dalva;MG;OK_API_IBGE
312470;3124708;Estrela do Indaiá;MG;OK_API_IBGE
312480;3124807;Estrela do Sul;MG;OK_API_IBGE
312490;3124906;Eugenópolis;MG;OK_API_IBGE
312500;3125002;Ewbank da Câmara;MG;OK_API_IBGE
312510;3125101;Extrema;MG;OK_API_IBGE
312530;3125309;Faria Lemos;MG;OK_API_IBGE
312540;3125408;Felício dos Santos;MG;OK_API_IBGE
312550;3125507;São Gonçalo do Rio Preto;MG;OK_API_IBGE
312560;3125606;Felisburgo;MG;OK_API_IBGE
312570;3125705;Felixlândia;MG;OK_API_IBGE
312580;3125804;Fernandes Tourinho;MG;OK_API_IBGE
312590;3125903;Ferros;MG;OK_API_IBGE
312610;3126109;Formiga;MG;OK_API_IBGE
312620;3126208;Formoso;MG;OK_API_IBGE
312630;3126307;Fortaleza de Minas;MG;OK_API_IBGE
312640;3126406;Fortuna de Minas;MG;OK_API_IBGE
312650;3126505;Francisco Badaró;MG;OK_API_IBGE
312670;3126703;Francisco Sá;MG;OK_API_IBGE
312675;3126752;Franciscópolis;MG;OK_API_IBGE
312680;3126802;Frei Gaspar;MG;OK_API_IBGE
312690;3126901;Frei Inocêncio;MG;OK_API_IBGE
312695;3126950;Frei Lagonegro;MG;OK_API_IBGE
312700;3127008;Fronteira;MG;OK_API_IBGE
312705;3127057;Fronteira dos Vales;MG;OK_API_IBGE
312707;3127073;Fruta de Leite;MG;OK_API_IBGE
312710;3127107;Frutal;MG;OK_API_IBGE
312720;3127206;Funilândia;MG;OK_API_IBGE
312730;3127305;Galiléia;MG;OK_API_IBGE
312733;3127339;Gameleiras;MG;OK_API_IBGE
312737;3127370;Goiabeira;MG;OK_API_IBGE
312738;3127388;Goianá;MG;OK_API_IBGE
312750;3127503;Gonzaga;MG;OK_API_IBGE
312770;3127701;Governador Valadares;MG;OK_API_IBGE
312800;3128006;Guanhães;MG;OK_API_IBGE
312810;3128105;Guapé;MG;OK_API_IBGE
312820;3128204;Guaraciaba;MG;OK_API_IBGE
312830;3128303;Guaranésia;MG;OK_API_IBGE
312840;3128402;Guarani;MG;OK_API_IBGE
312850;3128501;Guarará;MG;OK_API_IBGE
312870;3128709;Guaxupé;MG;OK_API_IBGE
312880;3128808;Guidoval;MG;OK_API_IBGE
312890;3128907;Guimarânia;MG;OK_API_IBGE
312900;3129004;Guiricema;MG;OK_API_IBGE
312910;3129103;Gurinhatã;MG;OK_API_IBGE
312920;3129202;Heliodora;MG;OK_API_IBGE
312930;3129301;Iapu;MG;OK_API_IBGE
312940;3129400;Ibertioga;MG;OK_API_IBGE
312950;3129509;Ibiá;MG;OK_API_IBGE
312970;3129707;Ibiraci;MG;OK_API_IBGE
312980;3129806;Ibirité;MG;OK_API_IBGE
312990;3129905;Ibitiúra de Minas;MG;OK_API_IBGE
313005;3130051;Icaraí de Minas;MG;OK_API_IBGE
313010;3130101;Igarapé;MG;OK_API_IBGE
313020;3130200;Igaratinga;MG;OK_API_IBGE
313030;3130309;Iguatama;MG;OK_API_IBGE
313050;3130507;Ilicínea;MG;OK_API_IBGE
313060;3130606;Inconfidentes;MG;OK_API_IBGE
313070;3130705;Indianópolis;MG;OK_API_IBGE
313080;3130804;Ingaí;MG;OK_API_IBGE
313090;3130903;Inhapim;MG;OK_API_IBGE
313100;3131000;Inhaúma;MG;OK_API_IBGE
313110;3131109;Inimutaba;MG;OK_API_IBGE
313115;3131158;Ipaba;MG;OK_API_IBGE
313120;3131208;Ipanema;MG;OK_API_IBGE
313130;3131307;Ipatinga;MG;OK_API_IBGE
313150;3131505;Ipuiúna;MG;OK_API_IBGE
313160;3131604;Iraí de Minas;MG;OK_API_IBGE
313170;3131703;Itabira;MG;OK_API_IBGE
313180;3131802;Itabirinha;MG;OK_API_IBGE
313190;3131901;Itabirito;MG;OK_API_IBGE
313210;3132107;Itacarambi;MG;OK_API_IBGE
313230;3132305;Itaipé;MG;OK_API_IBGE
313240;3132404;Itajubá;MG;OK_API_IBGE
313250;3132503;Itamarandiba;MG;OK_API_IBGE
313260;3132602;Itamarati de Minas;MG;OK_API_IBGE
313270;3132701;Itambacuri;MG;OK_API_IBGE
313290;3132909;Itamogi;MG;OK_API_IBGE
313300;3133006;Itamonte;MG;OK_API_IBGE
313310;3133105;Itanhandu;MG;OK_API_IBGE
313320;3133204;Itanhomi;MG;OK_API_IBGE
313330;3133303;Itaobim;MG;OK_API_IBGE
313340;3133402;Itapagipe;MG;OK_API_IBGE
313350;3133501;Itapecerica;MG;OK_API_IBGE
313360;3133600;Itapeva;MG;OK_API_IBGE
313370;3133709;Itatiaiuçu;MG;OK_API_IBGE
313375;3133758;Itaú de Minas;MG;OK_API_IBGE
313380;3133808;Itaúna;MG;OK_API_IBGE
313390;3133907;Itaverava;MG;OK_API_IBGE
313400;3134004;Itinga;MG;OK_API_IBGE
313410;3134103;Itueta;MG;OK_API_IBGE
313420;3134202;Ituiutaba;MG;OK_API_IBGE
313430;3134301;Itumirim;MG;OK_API_IBGE
313440;3134400;Iturama;MG;OK_API_IBGE
313450;3134509;Itutinga;MG;OK_API_IBGE
313460;3134608;Jaboticatubas;MG;OK_API_IBGE
313470;3134707;Jacinto;MG;OK_API_IBGE
313480;3134806;Jacuí;MG;OK_API_IBGE
313490;3134905;Jacutinga;MG;OK_API_IBGE
313500;3135001;Jaguaraçu;MG;OK_API_IBGE
313505;3135050;Jaíba;MG;OK_API_IBGE
313507;3135076;Jampruca;MG;OK_API_IBGE
313510;3135100;Janaúba;MG;OK_API_IBGE
313520;3135209;Januária;MG;OK_API_IBGE
313530;3135308;Japaraíba;MG;OK_API_IBGE
313535;3135357;Japonvar;MG;OK_API_IBGE
313540;3135407;Jeceaba;MG;OK_API_IBGE
313545;3135456;Jenipapo de Minas;MG;OK_API_IBGE
313550;3135506;Jequeri;MG;OK_API_IBGE
313560;3135605;Jequitaí;MG;OK_API_IBGE
313580;3135803;Jequitinhonha;MG;OK_API_IBGE
313590;3135902;Jesuânia;MG;OK_API_IBGE
313600;3136009;Joaíma;MG;OK_API_IBGE
313610;3136108;Joanésia;MG;OK_API_IBGE
313620;3136207;João Monlevade;MG;OK_API_IBGE
313630;3136306;João Pinheiro;MG;OK_API_IBGE
313640;3136405;Joaquim Felício;MG;OK_API_IBGE
313650;3136504;Jordânia;MG;OK_API_IBGE
313652;3136520;José Gonçalves de Minas;MG;OK_API_IBGE
313655;3136553;José Raydan;MG;OK_API_IBGE
313660;3136603;Nova União;MG;OK_API_IBGE
313665;3136652;Juatuba;MG;OK_API_IBGE
313670;3136702;Juiz de Fora;MG;OK_API_IBGE
313680;3136801;Juramento;MG;OK_API_IBGE
313690;3136900;Juruaia;MG;OK_API_IBGE
313695;3136959;Juvenília;MG;OK_API_IBGE
313720;3137205;Lagoa da Prata;MG;OK_API_IBGE
313730;3137304;Lagoa dos Patos;MG;OK_API_IBGE
313740;3137403;Lagoa Dourada;MG;OK_API_IBGE
313750;3137502;Lagoa Formosa;MG;OK_API_IBGE
313760;3137601;Lagoa Santa;MG;OK_API_IBGE
313770;3137700;Lajinha;MG;OK_API_IBGE
313780;3137809;Lambari;MG;OK_API_IBGE
313800;3138005;Laranjal;MG;OK_API_IBGE
313810;3138104;Lassance;MG;OK_API_IBGE
313820;3138203;Lavras;MG;OK_API_IBGE
313830;3138302;Leandro Ferreira;MG;OK_API_IBGE
313835;3138351;Leme do Prado;MG;OK_API_IBGE
313840;3138401;Leopoldina;MG;OK_API_IBGE
313850;3138500;Liberdade;MG;OK_API_IBGE
313860;3138609;Lima Duarte;MG;OK_API_IBGE
313865;3138658;Lontra;MG;OK_API_IBGE
313867;3138674;Luisburgo;MG;OK_API_IBGE
313868;3138682;Luislândia;MG;OK_API_IBGE
313870;3138708;Luminárias;MG;OK_API_IBGE
313880;3138807;Luz;MG;OK_API_IBGE
313890;3138906;Machacalis;MG;OK_API_IBGE
313900;3139003;Machado;MG;OK_API_IBGE
313910;3139102;Madre de Deus de Minas;MG;OK_API_IBGE
313920;3139201;Malacacheta;MG;OK_API_IBGE
313925;3139250;Mamonas;MG;OK_API_IBGE
313930;3139300;Manga;MG;OK_API_IBGE
313940;3139409;Manhuaçu;MG;OK_API_IBGE
313950;3139508;Manhumirim;MG;OK_API_IBGE
313960;3139607;Mantena;MG;OK_API_IBGE
313970;3139706;Maravilhas;MG;OK_API_IBGE
313980;3139805;Mar de Espanha;MG;OK_API_IBGE
313990;3139904;Maria da Fé;MG;OK_API_IBGE
314000;3140001;Mariana;MG;OK_API_IBGE
314010;3140100;Marilac;MG;OK_API_IBGE
314015;3140159;Mário Campos;MG;OK_API_IBGE
314020;3140209;Maripá de Minas;MG;OK_API_IBGE
314030;3140308;Marliéria;MG;OK_API_IBGE
314040;3140407;Marmelópolis;MG;OK_API_IBGE
314050;3140506;Martinho Campos;MG;OK_API_IBGE
314053;3140530;Martins Soares;MG;OK_API_IBGE
314055;3140555;Mata Verde;MG;OK_API_IBGE
314060;3140605;Materlândia;MG;OK_API_IBGE
314070;3140704;Mateus Leme;MG;OK_API_IBGE
314080;3140803;Matias Barbosa;MG;OK_API_IBGE
314085;3140852;Matias Cardoso;MG;OK_API_IBGE
314090;3140902;Matipó;MG;OK_API_IBGE
314110;3141108;Matozinhos;MG;OK_API_IBGE
314140;3141405;Medina;MG;OK_API_IBGE
314150;3141504;Mendes Pimentel;MG;OK_API_IBGE
314160;3141603;Mercês;MG;OK_API_IBGE
314180;3141801;Minas Novas;MG;OK_API_IBGE
314200;3142007;Mirabela;MG;OK_API_IBGE
314210;3142106;Miradouro;MG;OK_API_IBGE
314220;3142205;Miraí;MG;OK_API_IBGE
314225;3142254;Miravânia;MG;OK_API_IBGE
314230;3142304;Moeda;MG;OK_API_IBGE
314240;3142403;Moema;MG;OK_API_IBGE
314250;3142502;Monjolos;MG;OK_API_IBGE
314260;3142601;Monsenhor Paulo;MG;OK_API_IBGE
314270;3142700;Montalvânia;MG;OK_API_IBGE
314280;3142809;Monte Alegre de Minas;MG;OK_API_IBGE
314290;3142908;Monte Azul;MG;OK_API_IBGE
314300;3143005;Monte Belo;MG;OK_API_IBGE
314310;3143104;Monte Carmelo;MG;OK_API_IBGE
314320;3143203;Monte Santo de Minas;MG;OK_API_IBGE
314330;3143302;Montes Claros;MG;OK_API_IBGE
314340;3143401;Monte Sião;MG;OK_API_IBGE
314350;3143500;Morada Nova de Minas;MG;OK_API_IBGE
314360;3143609;Morro da Garça;MG;OK_API_IBGE
314370;3143708;Morro do Pilar;MG;OK_API_IBGE
314380;3143807;Munhoz;MG;OK_API_IBGE
314390;3143906;Muriaé;MG;OK_API_IBGE
314400;3144003;Mutum;MG;OK_API_IBGE
314410;3144102;Muzambinho;MG;OK_API_IBGE
314430;3144300;Nanuque;MG;OK_API_IBGE
314435;3144359;Naque;MG;OK_API_IBGE
314437;3144375;Natalândia;MG;OK_API_IBGE
314460;3144607;Nepomuceno;MG;OK_API_IBGE
314465;3144656;Ninheira;MG;OK_API_IBGE
314467;3144672;Nova Belém;MG;OK_API_IBGE
314470;3144706;Nova Era;MG;OK_API_IBGE
314480;3144805;Nova Lima;MG;OK_API_IBGE
314500;3145000;Nova Ponte;MG;OK_API_IBGE
314505;3145059;Nova Porteirinha;MG;OK_API_IBGE
314510;3145109;Nova Resende;MG;OK_API_IBGE
314520;3145208;Nova Serrana;MG;OK_API_IBGE
314530;3145307;Novo Cruzeiro;MG;OK_API_IBGE
314535;3145356;Novo Oriente de Minas;MG;OK_API_IBGE
314545;3145455;Olhos-d'Água;MG;OK_API_IBGE
314550;3145505;Olímpio Noronha;MG;OK_API_IBGE
314560;3145604;Oliveira;MG;OK_API_IBGE
314585;3145851;Oratórios;MG;OK_API_IBGE
314587;3145877;Orizânia;MG;OK_API_IBGE
314590;3145901;Ouro Branco;MG;OK_API_IBGE
314600;3146008;Ouro Fino;MG;OK_API_IBGE
314610;3146107;Ouro Preto;MG;OK_API_IBGE
314630;3146305;Padre Paraíso;MG;OK_API_IBGE
314640;3146404;Paineiras;MG;OK_API_IBGE
314650;3146503;Pains;MG;OK_API_IBGE
314655;3146552;Pai Pedro;MG;OK_API_IBGE
314670;3146701;Palma;MG;OK_API_IBGE
314690;3146909;Papagaios;MG;OK_API_IBGE
314700;3147006;Paracatu;MG;OK_API_IBGE
314710;3147105;Pará de Minas;MG;OK_API_IBGE
314720;3147204;Paraguaçu;MG;OK_API_IBGE
314730;3147303;Paraisópolis;MG;OK_API_IBGE
314740;3147402;Paraopeba;MG;OK_API_IBGE
314760;3147600;Passa Quatro;MG;OK_API_IBGE
314770;3147709;Passa Tempo;MG;OK_API_IBGE
314790;3147907;Passos;MG;OK_API_IBGE
314795;3147956;Patis;MG;OK_API_IBGE
314800;3148004;Patos de Minas;MG;OK_API_IBGE
314810;3148103;Patrocínio;MG;OK_API_IBGE
314820;3148202;Patrocínio do Muriaé;MG;OK_API_IBGE
314830;3148301;Paula Cândido;MG;OK_API_IBGE
314840;3148400;Paulistas;MG;OK_API_IBGE
314850;3148509;Pavão;MG;OK_API_IBGE
314860;3148608;Peçanha;MG;OK_API_IBGE
314870;3148707;Pedra Azul;MG;OK_API_IBGE
314910;3149101;Pedralva;MG;OK_API_IBGE
314915;3149150;Pedras de Maria da Cruz;MG;OK_API_IBGE
314920;3149200;Pedrinópolis;MG;OK_API_IBGE
314930;3149309;Pedro Leopoldo;MG;OK_API_IBGE
314960;3149606;Pequi;MG;OK_API_IBGE
314970;3149705;Perdigão;MG;OK_API_IBGE
314980;3149804;Perdizes;MG;OK_API_IBGE
314990;3149903;Perdões;MG;OK_API_IBGE
314995;3149952;Periquito;MG;OK_API_IBGE
315015;3150158;Piedade de Caratinga;MG;OK_API_IBGE
315020;3150208;Piedade de Ponte Nova;MG;OK_API_IBGE
315040;3150406;Piedade dos Gerais;MG;OK_API_IBGE
315050;3150505;Pimenta;MG;OK_API_IBGE
315053;3150539;Pingo-d'Água;MG;OK_API_IBGE
315070;3150703;Pirajuba;MG;OK_API_IBGE
315080;3150802;Piranga;MG;OK_API_IBGE
315090;3150901;Piranguçu;MG;OK_API_IBGE
315100;3151008;Piranguinho;MG;OK_API_IBGE
315110;3151107;Pirapetinga;MG;OK_API_IBGE
315120;3151206;Pirapora;MG;OK_API_IBGE
315130;3151305;Piraúba;MG;OK_API_IBGE
315140;3151404;Pitangui;MG;OK_API_IBGE
315150;3151503;Piumhi;MG;OK_API_IBGE
315160;3151602;Planura;MG;OK_API_IBGE
315170;3151701;Poço Fundo;MG;OK_API_IBGE
315180;3151800;Poços de Caldas;MG;OK_API_IBGE
315190;3151909;Pocrane;MG;OK_API_IBGE
315200;3152006;Pompéu;MG;OK_API_IBGE
315210;3152105;Ponte Nova;MG;OK_API_IBGE
315213;3152131;Ponto Chique;MG;OK_API_IBGE
315217;3152170;Ponto dos Volantes;MG;OK_API_IBGE
315220;3152204;Porteirinha;MG;OK_API_IBGE
315230;3152303;Porto Firme;MG;OK_API_IBGE
315240;3152402;Poté;MG;OK_API_IBGE
315250;3152501;Pouso Alegre;MG;OK_API_IBGE
315260;3152600;Pouso Alto;MG;OK_API_IBGE
315270;3152709;Prados;MG;OK_API_IBGE
315280;3152808;Prata;MG;OK_API_IBGE
315320;3153202;Presidente Juscelino;MG;OK_API_IBGE
315330;3153301;Presidente Kubitschek;MG;OK_API_IBGE
315340;3153400;Presidente Olegário;MG;OK_API_IBGE
315360;3153608;Prudente de Morais;MG;OK_API_IBGE
315370;3153707;Quartel Geral;MG;OK_API_IBGE
315390;3153905;Raposos;MG;OK_API_IBGE
315400;3154002;Raul Soares;MG;OK_API_IBGE
315410;3154101;Recreio;MG;OK_API_IBGE
315415;3154150;Reduto;MG;OK_API_IBGE
315430;3154309;Resplendor;MG;OK_API_IBGE
315445;3154457;Riachinho;MG;OK_API_IBGE
315450;3154507;Riacho dos Machados;MG;OK_API_IBGE
315460;3154606;Ribeirão das Neves;MG;OK_API_IBGE
315480;3154804;Rio Acima;MG;OK_API_IBGE
315490;3154903;Rio Casca;MG;OK_API_IBGE
315500;3155009;Rio Doce;MG;OK_API_IBGE
315510;3155108;Rio do Prado;MG;OK_API_IBGE
315540;3155405;Rio Novo;MG;OK_API_IBGE
315560;3155603;Rio Pardo de Minas;MG;OK_API_IBGE
315570;3155702;Rio Piracicaba;MG;OK_API_IBGE
315580;3155801;Rio Pomba;MG;OK_API_IBGE
315590;3155900;Rio Preto;MG;OK_API_IBGE
315600;3156007;Rio Vermelho;MG;OK_API_IBGE
315630;3156304;Rodeiro;MG;OK_API_IBGE
315650;3156502;Rubelita;MG;OK_API_IBGE
315660;3156601;Rubim;MG;OK_API_IBGE
315670;3156700;Sabará;MG;OK_API_IBGE
315680;3156809;Sabinópolis;MG;OK_API_IBGE
315690;3156908;Sacramento;MG;OK_API_IBGE
315700;3157005;Salinas;MG;OK_API_IBGE
315720;3157203;Santa Bárbara;MG;OK_API_IBGE
315725;3157252;Santa Bárbara do Leste;MG;OK_API_IBGE
315733;3157336;Santa Cruz de Minas;MG;OK_API_IBGE
315737;3157377;Santa Cruz de Salinas;MG;OK_API_IBGE
315740;3157401;Santa Cruz do Escalvado;MG;OK_API_IBGE
315750;3157500;Santa Efigênia de Minas;MG;OK_API_IBGE
315765;3157658;Santa Helena de Minas;MG;OK_API_IBGE
315770;3157708;Santa Juliana;MG;OK_API_IBGE
315780;3157807;Santa Luzia;MG;OK_API_IBGE
315790;3157906;Santa Margarida;MG;OK_API_IBGE
315800;3158003;Santa Maria de Itabira;MG;OK_API_IBGE
315810;3158102;Santa Maria do Salto;MG;OK_API_IBGE
315820;3158201;Santa Maria do Suaçuí;MG;OK_API_IBGE
315830;3158300;Santana da Vargem;MG;OK_API_IBGE
315840;3158409;Santana de Cataguases;MG;OK_API_IBGE
315850;3158508;Santana de Pirapama;MG;OK_API_IBGE
315860;3158607;Santana do Deserto;MG;OK_API_IBGE
315880;3158805;Santana do Jacaré;MG;OK_API_IBGE
315890;3158904;Santana do Manhuaçu;MG;OK_API_IBGE
315895;3158953;Santana do Paraíso;MG;OK_API_IBGE
315900;3159001;Santana do Riacho;MG;OK_API_IBGE
315910;3159100;Santana dos Montes;MG;OK_API_IBGE
315930;3159308;Santa Rita de Jacutinga;MG;OK_API_IBGE
315935;3159357;Santa Rita de Minas;MG;OK_API_IBGE
315950;3159506;Santa Rita do Itueto;MG;OK_API_IBGE
315960;3159605;Santa Rita do Sapucaí;MG;OK_API_IBGE
315970;3159704;Santa Rosa da Serra;MG;OK_API_IBGE
315980;3159803;Santa Vitória;MG;OK_API_IBGE
315990;3159902;Santo Antônio do Amparo;MG;OK_API_IBGE
316000;3160009;Santo Antônio do Aventureiro;MG;OK_API_IBGE
316030;3160306;Santo Antônio do Jacinto;MG;OK_API_IBGE
316040;3160405;Santo Antônio do Monte;MG;OK_API_IBGE
316060;3160603;Santo Hipólito;MG;OK_API_IBGE
316070;3160702;Santos Dumont;MG;OK_API_IBGE
316080;3160801;São Bento Abade;MG;OK_API_IBGE
316090;3160900;São Brás do Suaçuí;MG;OK_API_IBGE
316095;3160959;São Domingos das Dores;MG;OK_API_IBGE
316100;3161007;São Domingos do Prata;MG;OK_API_IBGE
316105;3161056;São Félix de Minas;MG;OK_API_IBGE
316110;3161106;São Francisco;MG;OK_API_IBGE
316120;3161205;São Francisco de Paula;MG;OK_API_IBGE
316140;3161403;São Francisco do Glória;MG;OK_API_IBGE
316150;3161502;São Geraldo;MG;OK_API_IBGE
316160;3161601;São Geraldo da Piedade;MG;OK_API_IBGE
316165;3161650;São Geraldo do Baixio;MG;OK_API_IBGE
316170;3161700;São Gonçalo do Abaeté;MG;OK_API_IBGE
316180;3161809;São Gonçalo do Pará;MG;OK_API_IBGE
316190;3161908;São Gonçalo do Rio Abaixo;MG;OK_API_IBGE
316200;3162005;São Gonçalo do Sapucaí;MG;OK_API_IBGE
316210;3162104;São Gotardo;MG;OK_API_IBGE
316220;3162203;São João Batista do Glória;MG;OK_API_IBGE
316225;3162252;São João da Lagoa;MG;OK_API_IBGE
316230;3162302;São João da Mata;MG;OK_API_IBGE
316240;3162401;São João da Ponte;MG;OK_API_IBGE
316245;3162450;São João das Missões;MG;OK_API_IBGE
316250;3162500;São João del Rei;MG;OK_API_IBGE
316255;3162559;São João do Manhuaçu;MG;OK_API_IBGE
316257;3162575;São João do Manteninha;MG;OK_API_IBGE
316260;3162609;São João do Oriente;MG;OK_API_IBGE
316265;3162658;São João do Pacuí;MG;OK_API_IBGE
316270;3162708;São João do Paraíso;MG;OK_API_IBGE
316280;3162807;São João Evangelista;MG;OK_API_IBGE
316290;3162906;São João Nepomuceno;MG;OK_API_IBGE
316292;3162922;São Joaquim de Bicas;MG;OK_API_IBGE
316294;3162948;São José da Barra;MG;OK_API_IBGE
316295;3162955;São José da Lapa;MG;OK_API_IBGE
316300;3163003;São José da Safira;MG;OK_API_IBGE
316330;3163300;São José do Divino;MG;OK_API_IBGE
316350;3163508;São José do Jacuri;MG;OK_API_IBGE
316360;3163607;São José do Mantimento;MG;OK_API_IBGE
316370;3163706;São Lourenço;MG;OK_API_IBGE
316400;3164001;São Pedro dos Ferros;MG;OK_API_IBGE
316410;3164100;São Pedro do Suaçuí;MG;OK_API_IBGE
316420;3164209;São Romão;MG;OK_API_IBGE
316430;3164308;São Roque de Minas;MG;OK_API_IBGE
316440;3164407;São Sebastião da Bela Vista;MG;OK_API_IBGE
316447;3164472;São Sebastião do Anta;MG;OK_API_IBGE
316450;3164506;São Sebastião do Maranhão;MG;OK_API_IBGE
316460;3164605;São Sebastião do Oeste;MG;OK_API_IBGE
316470;3164704;São Sebastião do Paraíso;MG;OK_API_IBGE
316500;3165008;São Tiago;MG;OK_API_IBGE
316510;3165107;São Tomás de Aquino;MG;OK_API_IBGE
316520;3165206;São Tomé das Letras;MG;OK_API_IBGE
316530;3165305;São Vicente de Minas;MG;OK_API_IBGE
316540;3165404;Sapucaí-Mirim;MG;OK_API_IBGE
316550;3165503;Sardoá;MG;OK_API_IBGE
316553;3165537;Sarzedo;MG;OK_API_IBGE
316555;3165552;Setubinha;MG;OK_API_IBGE
316557;3165578;Senador Amaral;MG;OK_API_IBGE
316560;3165602;Senador Cortes;MG;OK_API_IBGE
316570;3165701;Senador Firmino;MG;OK_API_IBGE
316580;3165800;Senador José Bento;MG;OK_API_IBGE
316620;3166204;Senhora dos Remédios;MG;OK_API_IBGE
316640;3166402;Seritinga;MG;OK_API_IBGE
316650;3166501;Serra Azul de Minas;MG;OK_API_IBGE
316670;3166709;Serra dos Aimorés;MG;OK_API_IBGE
316680;3166808;Serra do Salitre;MG;OK_API_IBGE
316690;3166907;Serrania;MG;OK_API_IBGE
316710;3167103;Serro;MG;OK_API_IBGE
316720;3167202;Sete Lagoas;MG;OK_API_IBGE
316740;3167400;Silvianópolis;MG;OK_API_IBGE
316750;3167509;Simão Pereira;MG;OK_API_IBGE
316760;3167608;Simonésia;MG;OK_API_IBGE
316770;3167707;Sobrália;MG;OK_API_IBGE
316780;3167806;Soledade de Minas;MG;OK_API_IBGE
316800;3168002;Taiobeiras;MG;OK_API_IBGE
316805;3168051;Taparuba;MG;OK_API_IBGE
316830;3168309;Taquaraçu de Minas;MG;OK_API_IBGE
316840;3168408;Tarumirim;MG;OK_API_IBGE
316850;3168507;Teixeiras;MG;OK_API_IBGE
316860;3168606;Teófilo Otoni;MG;OK_API_IBGE
316870;3168705;Timóteo;MG;OK_API_IBGE
316880;3168804;Tiradentes;MG;OK_API_IBGE
316900;3169000;Tocantins;MG;OK_API_IBGE
316910;3169109;Toledo;MG;OK_API_IBGE
316920;3169208;Tombos;MG;OK_API_IBGE
316930;3169307;Três Corações;MG;OK_API_IBGE
316935;3169356;Três Marias;MG;OK_API_IBGE
316940;3169406;Três Pontas;MG;OK_API_IBGE
316950;3169505;Tumiritinga;MG;OK_API_IBGE
316960;3169604;Tupaciguara;MG;OK_API_IBGE
316970;3169703;Turmalina;MG;OK_API_IBGE
316990;3169901;Ubá;MG;OK_API_IBGE
317000;3170008;Ubaí;MG;OK_API_IBGE
317005;3170057;Ubaporanga;MG;OK_API_IBGE
317010;3170107;Uberaba;MG;OK_API_IBGE
317020;3170206;Uberlândia;MG;OK_API_IBGE
317040;3170404;Unaí;MG;OK_API_IBGE
317043;3170438;União de Minas;MG;OK_API_IBGE
317047;3170479;Uruana de Minas;MG;OK_API_IBGE
317050;3170503;Urucânia;MG;OK_API_IBGE
317052;3170529;Urucuia;MG;OK_API_IBGE
317057;3170578;Vargem Alegre;MG;OK_API_IBGE
317070;3170701;Varginha;MG;OK_API_IBGE
317075;3170750;Varjão de Minas;MG;OK_API_IBGE
317080;3170800;Várzea da Palma;MG;OK_API_IBGE
317090;3170909;Varzelândia;MG;OK_API_IBGE
317100;3171006;Vazante;MG;OK_API_IBGE
317103;3171030;Verdelândia;MG;OK_API_IBGE
317115;3171154;Vermelho Novo;MG;OK_API_IBGE
317120;3171204;Vespasiano;MG;OK_API_IBGE
317130;3171303;Viçosa;MG;OK_API_IBGE
317150;3171501;Mathias Lobato;MG;OK_API_IBGE
317160;3171600;Virgem da Lapa;MG;OK_API_IBGE
317170;3171709;Virgínia;MG;OK_API_IBGE
317200;3172004;Visconde do Rio Branco;MG;OK_API_IBGE
317210;3172103;Volta Grande;MG;OK_API_IBGE
320010;3200102;Afonso Cláudio;ES;OK_API_IBGE
320013;3200136;Águia Branca;ES;OK_API_IBGE
320016;3200169;Água Doce do Norte;ES;OK_API_IBGE
320020;3200201;Alegre;ES;OK_API_IBGE
320030;3200300;Alfredo Chaves;ES;OK_API_IBGE
320035;3200359;Alto Rio Novo;ES;OK_API_IBGE
320040;3200409;Anchieta;ES;OK_API_IBGE
320050;3200508;Apiacá;ES;OK_API_IBGE
320060;3200607;Aracruz;ES;OK_API_IBGE
320070;3200706;Atílio Vivácqua;ES;OK_API_IBGE
320080;3200805;Baixo Guandu;ES;OK_API_IBGE
320090;3200904;Barra de São Francisco;ES;OK_API_IBGE
320100;3201001;Boa Esperança;ES;OK_API_IBGE
320110;3201100;Bom Jesus do Norte;ES;OK_API_IBGE
320115;3201159;Brejetuba;ES;OK_API_IBGE
320120;3201209;Cachoeiro de Itapemirim;ES;OK_API_IBGE
320130;3201308;Cariacica;ES;OK_API_IBGE
320140;3201407;Castelo;ES;OK_API_IBGE
320150;3201506;Colatina;ES;OK_API_IBGE
320160;3201605;Conceição da Barra;ES;OK_API_IBGE
320170;3201704;Conceição do Castelo;ES;OK_API_IBGE
320180;3201803;Divino de São Lourenço;ES;OK_API_IBGE
320190;3201902;Domingos Martins;ES;OK_API_IBGE
320200;3202009;Dores do Rio Preto;ES;OK_API_IBGE
320210;3202108;Ecoporanga;ES;OK_API_IBGE
320220;3202207;Fundão;ES;OK_API_IBGE
320225;3202256;Governador Lindenberg;ES;OK_API_IBGE
320230;3202306;Guaçuí;ES;OK_API_IBGE
320240;3202405;Guarapari;ES;OK_API_IBGE
320245;3202454;Ibatiba;ES;OK_API_IBGE
320250;3202504;Ibiraçu;ES;OK_API_IBGE
320255;3202553;Ibitirama;ES;OK_API_IBGE
320260;3202603;Iconha;ES;OK_API_IBGE
320265;3202652;Irupi;ES;OK_API_IBGE
320270;3202702;Itaguaçu;ES;OK_API_IBGE
320280;3202801;Itapemirim;ES;OK_API_IBGE
320290;3202900;Itarana;ES;OK_API_IBGE
320300;3203007;Iúna;ES;OK_API_IBGE
320305;3203056;Jaguaré;ES;OK_API_IBGE
320310;3203106;Jerônimo Monteiro;ES;OK_API_IBGE
320313;3203130;João Neiva;ES;OK_API_IBGE
320316;3203163;Laranja da Terra;ES;OK_API_IBGE
320320;3203205;Linhares;ES;OK_API_IBGE
320330;3203304;Mantenópolis;ES;OK_API_IBGE
320332;3203320;Marataízes;ES;OK_API_IBGE
320334;3203346;Marechal Floriano;ES;OK_API_IBGE
320335;3203353;Marilândia;ES;OK_API_IBGE
320340;3203403;Mimoso do Sul;ES;OK_API_IBGE
320350;3203502;Montanha;ES;OK_API_IBGE
320360;3203601;Mucurici;ES;OK_API_IBGE
320370;3203700;Muniz Freire;ES;OK_API_IBGE
320380;3203809;Muqui;ES;OK_API_IBGE
320390;3203908;Nova Venécia;ES;OK_API_IBGE
320400;3204005;Pancas;ES;OK_API_IBGE
320405;3204054;Pedro Canário;ES;OK_API_IBGE
320410;3204104;Pinheiros;ES;OK_API_IBGE
320420;3204203;Piúma;ES;OK_API_IBGE
320430;3204302;Presidente Kennedy;ES;OK_API_IBGE
320435;3204351;Rio Bananal;ES;OK_API_IBGE
320440;3204401;Rio Novo do Sul;ES;OK_API_IBGE
320450;3204500;Santa Leopoldina;ES;OK_API_IBGE
320455;3204559;Santa Maria de Jetibá;ES;OK_API_IBGE
320460;3204609;Santa Teresa;ES;OK_API_IBGE
320465;3204658;São Domingos do Norte;ES;OK_API_IBGE
320470;3204708;São Gabriel da Palha;ES;OK_API_IBGE
320480;3204807;São José do Calçado;ES;OK_API_IBGE
320490;3204906;São Mateus;ES;OK_API_IBGE
320495;3204955;São Roque do Canaã;ES;OK_API_IBGE
320500;3205002;Serra;ES;OK_API_IBGE
320501;3205010;Sooretama;ES;OK_API_IBGE
320503;3205036;Vargem Alta;ES;OK_API_IBGE
320506;3205069;Venda Nova do Imigrante;ES;OK_API_IBGE
320510;3205101;Viana;ES;OK_API_IBGE
320515;3205150;Vila Pavão;ES;OK_API_IBGE
320517;3205176;Vila Valério;ES;OK_API_IBGE
320520;3205200;Vila Velha;ES;OK_API_IBGE
320530;3205309;Vitória;ES;OK_API_IBGE
330000;;;RJ;GAP_SEM_CORRESPONDENCIA_API_IBGE
330010;3300100;Angra dos Reis;RJ;OK_API_IBGE
330015;3300159;Aperibé;RJ;OK_API_IBGE
330020;3300209;Araruama;RJ;OK_API_IBGE
330022;3300225;Areal;RJ;OK_API_IBGE
330023;3300233;Armação dos Búzios;RJ;OK_API_IBGE
330025;3300258;Arraial do Cabo;RJ;OK_API_IBGE
330030;3300308;Barra do Piraí;RJ;OK_API_IBGE
330040;3300407;Barra Mansa;RJ;OK_API_IBGE
330045;3300456;Belford Roxo;RJ;OK_API_IBGE
330050;3300506;Bom Jardim;RJ;OK_API_IBGE
330060;3300605;Bom Jesus do Itabapoana;RJ;OK_API_IBGE
330070;3300704;Cabo Frio;RJ;OK_API_IBGE
330080;3300803;Cachoeiras de Macacu;RJ;OK_API_IBGE
330090;3300902;Cambuci;RJ;OK_API_IBGE
330093;3300936;Carapebus;RJ;OK_API_IBGE
330095;3300951;Comendador Levy Gasparian;RJ;OK_API_IBGE
330100;3301009;Campos dos Goytacazes;RJ;OK_API_IBGE
330110;3301108;Cantagalo;RJ;OK_API_IBGE
330115;3301157;Cardoso Moreira;RJ;OK_API_IBGE
330120;3301207;Carmo;RJ;OK_API_IBGE
330130;3301306;Casimiro de Abreu;RJ;OK_API_IBGE
330140;3301405;Conceição de Macabu;RJ;OK_API_IBGE
330150;3301504;Cordeiro;RJ;OK_API_IBGE
330160;3301603;Duas Barras;RJ;OK_API_IBGE
330170;3301702;Duque de Caxias;RJ;OK_API_IBGE
330180;3301801;Engenheiro Paulo de Frontin;RJ;OK_API_IBGE
330185;3301850;Guapimirim;RJ;OK_API_IBGE
330187;3301876;Iguaba Grande;RJ;OK_API_IBGE
330190;3301900;Itaboraí;RJ;OK_API_IBGE
330200;3302007;Itaguaí;RJ;OK_API_IBGE
330205;3302056;Italva;RJ;OK_API_IBGE
330210;3302106;Itaocara;RJ;OK_API_IBGE
330220;3302205;Itaperuna;RJ;OK_API_IBGE
330225;3302254;Itatiaia;RJ;OK_API_IBGE
330227;3302270;Japeri;RJ;OK_API_IBGE
330230;3302304;Laje do Muriaé;RJ;OK_API_IBGE
330240;3302403;Macaé;RJ;OK_API_IBGE
330245;3302452;Macuco;RJ;OK_API_IBGE
330250;3302502;Magé;RJ;OK_API_IBGE
330260;3302601;Mangaratiba;RJ;OK_API_IBGE
330270;3302700;Maricá;RJ;OK_API_IBGE
330280;3302809;Mendes;RJ;OK_API_IBGE
330285;3302858;Mesquita;RJ;OK_API_IBGE
330290;3302908;Miguel Pereira;RJ;OK_API_IBGE
330300;3303005;Miracema;RJ;OK_API_IBGE
330310;3303104;Natividade;RJ;OK_API_IBGE
330320;3303203;Nilópolis;RJ;OK_API_IBGE
330330;3303302;Niterói;RJ;OK_API_IBGE
330340;3303401;Nova Friburgo;RJ;OK_API_IBGE
330350;3303500;Nova Iguaçu;RJ;OK_API_IBGE
330360;3303609;Paracambi;RJ;OK_API_IBGE
330370;3303708;Paraíba do Sul;RJ;OK_API_IBGE
330380;3303807;Paraty;RJ;OK_API_IBGE
330385;3303856;Paty do Alferes;RJ;OK_API_IBGE
330390;3303906;Petrópolis;RJ;OK_API_IBGE
330395;3303955;Pinheiral;RJ;OK_API_IBGE
330400;3304003;Piraí;RJ;OK_API_IBGE
330410;3304102;Porciúncula;RJ;OK_API_IBGE
330411;3304110;Porto Real;RJ;OK_API_IBGE
330412;3304128;Quatis;RJ;OK_API_IBGE
330414;3304144;Queimados;RJ;OK_API_IBGE
330415;3304151;Quissamã;RJ;OK_API_IBGE
330420;3304201;Resende;RJ;OK_API_IBGE
330430;3304300;Rio Bonito;RJ;OK_API_IBGE
330440;3304409;Rio Claro;RJ;OK_API_IBGE
330450;3304508;Rio das Flores;RJ;OK_API_IBGE
330452;3304524;Rio das Ostras;RJ;OK_API_IBGE
330455;3304557;Rio de Janeiro;RJ;OK_API_IBGE
330460;3304607;Santa Maria Madalena;RJ;OK_API_IBGE
330470;3304706;Santo Antônio de Pádua;RJ;OK_API_IBGE
330475;3304755;São Francisco de Itabapoana;RJ;OK_API_IBGE
330480;3304805;São Fidélis;RJ;OK_API_IBGE
330490;3304904;São Gonçalo;RJ;OK_API_IBGE
330500;3305000;São João da Barra;RJ;OK_API_IBGE
330510;3305109;São João de Meriti;RJ;OK_API_IBGE
330513;3305133;São José de Ubá;RJ;OK_API_IBGE
330515;3305158;São José do Vale do Rio Preto;RJ;OK_API_IBGE
330520;3305208;São Pedro da Aldeia;RJ;OK_API_IBGE
330530;3305307;São Sebastião do Alto;RJ;OK_API_IBGE
330540;3305406;Sapucaia;RJ;OK_API_IBGE
330550;3305505;Saquarema;RJ;OK_API_IBGE
330555;3305554;Seropédica;RJ;OK_API_IBGE
330560;3305604;Silva Jardim;RJ;OK_API_IBGE
330570;3305703;Sumidouro;RJ;OK_API_IBGE
330575;3305752;Tanguá;RJ;OK_API_IBGE
330580;3305802;Teresópolis;RJ;OK_API_IBGE
330590;3305901;Trajano de Moraes;RJ;OK_API_IBGE
330600;3306008;Três Rios;RJ;OK_API_IBGE
330610;3306107;Valença;RJ;OK_API_IBGE
330615;3306156;Varre-Sai;RJ;OK_API_IBGE
330620;3306206;Vassouras;RJ;OK_API_IBGE
330630;3306305;Volta Redonda;RJ;OK_API_IBGE
350010;3500105;Adamantina;SP;OK_API_IBGE
350020;3500204;Adolfo;SP;OK_API_IBGE
350030;3500303;Aguaí;SP;OK_API_IBGE
350040;3500402;Águas da Prata;SP;OK_API_IBGE
350050;3500501;Águas de Lindóia;SP;OK_API_IBGE
350055;3500550;Águas de Santa Bárbara;SP;OK_API_IBGE
350070;3500709;Agudos;SP;OK_API_IBGE
350075;3500758;Alambari;SP;OK_API_IBGE
350100;3501004;Altinópolis;SP;OK_API_IBGE
350110;3501103;Alto Alegre;SP;OK_API_IBGE
350115;3501152;Alumínio;SP;OK_API_IBGE
350130;3501301;Álvares Machado;SP;OK_API_IBGE
350140;3501400;Álvaro de Carvalho;SP;OK_API_IBGE
350150;3501509;Alvinlândia;SP;OK_API_IBGE
350160;3501608;Americana;SP;OK_API_IBGE
350170;3501707;Américo Brasiliense;SP;OK_API_IBGE
350180;3501806;Américo de Campos;SP;OK_API_IBGE
350190;3501905;Amparo;SP;OK_API_IBGE
350200;3502002;Analândia;SP;OK_API_IBGE
350210;3502101;Andradina;SP;OK_API_IBGE
350220;3502200;Angatuba;SP;OK_API_IBGE
350230;3502309;Anhembi;SP;OK_API_IBGE
350240;3502408;Anhumas;SP;OK_API_IBGE
350250;3502507;Aparecida;SP;OK_API_IBGE
350260;3502606;Aparecida d'Oeste;SP;OK_API_IBGE
350270;3502705;Apiaí;SP;OK_API_IBGE
350275;3502754;Araçariguama;SP;OK_API_IBGE
350280;3502804;Araçatuba;SP;OK_API_IBGE
350290;3502903;Araçoiaba da Serra;SP;OK_API_IBGE
350300;3503000;Aramina;SP;OK_API_IBGE
350310;3503109;Arandu;SP;OK_API_IBGE
350320;3503208;Araraquara;SP;OK_API_IBGE
350330;3503307;Araras;SP;OK_API_IBGE
350335;3503356;Arco-Íris;SP;OK_API_IBGE
350340;3503406;Arealva;SP;OK_API_IBGE
350360;3503604;Areiópolis;SP;OK_API_IBGE
350370;3503703;Ariranha;SP;OK_API_IBGE
350380;3503802;Artur Nogueira;SP;OK_API_IBGE
350390;3503901;Arujá;SP;OK_API_IBGE
350395;3503950;Aspásia;SP;OK_API_IBGE
350400;3504008;Assis;SP;OK_API_IBGE
350410;3504107;Atibaia;SP;OK_API_IBGE
350420;3504206;Auriflama;SP;OK_API_IBGE
350430;3504305;Avaí;SP;OK_API_IBGE
350440;3504404;Avanhandava;SP;OK_API_IBGE
350450;3504503;Avaré;SP;OK_API_IBGE
350460;3504602;Bady Bassitt;SP;OK_API_IBGE
350470;3504701;Balbinos;SP;OK_API_IBGE
350480;3504800;Bálsamo;SP;OK_API_IBGE
350490;3504909;Bananal;SP;OK_API_IBGE
350510;3505104;Barbosa;SP;OK_API_IBGE
350520;3505203;Bariri;SP;OK_API_IBGE
350530;3505302;Barra Bonita;SP;OK_API_IBGE
350535;3505351;Barra do Chapéu;SP;OK_API_IBGE
350540;3505401;Barra do Turvo;SP;OK_API_IBGE
350550;3505500;Barretos;SP;OK_API_IBGE
350560;3505609;Barrinha;SP;OK_API_IBGE
350570;3505708;Barueri;SP;OK_API_IBGE
350580;3505807;Bastos;SP;OK_API_IBGE
350590;3505906;Batatais;SP;OK_API_IBGE
350600;3506003;Bauru;SP;OK_API_IBGE
350610;3506102;Bebedouro;SP;OK_API_IBGE
350620;3506201;Bento de Abreu;SP;OK_API_IBGE
350630;3506300;Bernardino de Campos;SP;OK_API_IBGE
350635;3506359;Bertioga;SP;OK_API_IBGE
350640;3506409;Bilac;SP;OK_API_IBGE
350650;3506508;Birigui;SP;OK_API_IBGE
350660;3506607;Biritiba Mirim;SP;OK_API_IBGE
350670;3506706;Boa Esperança do Sul;SP;OK_API_IBGE
350680;3506805;Bocaina;SP;OK_API_IBGE
350690;3506904;Bofete;SP;OK_API_IBGE
350700;3507001;Boituva;SP;OK_API_IBGE
350710;3507100;Bom Jesus dos Perdões;SP;OK_API_IBGE
350730;3507308;Boracéia;SP;OK_API_IBGE
350740;3507407;Borborema;SP;OK_API_IBGE
350750;3507506;Botucatu;SP;OK_API_IBGE
350760;3507605;Bragança Paulista;SP;OK_API_IBGE
350770;3507704;Braúna;SP;OK_API_IBGE
350775;3507753;Brejo Alegre;SP;OK_API_IBGE
350780;3507803;Brodowski;SP;OK_API_IBGE
350800;3508009;Buri;SP;OK_API_IBGE
350810;3508108;Buritama;SP;OK_API_IBGE
350820;3508207;Buritizal;SP;OK_API_IBGE
350830;3508306;Cabrália Paulista;SP;OK_API_IBGE
350840;3508405;Cabreúva;SP;OK_API_IBGE
350850;3508504;Caçapava;SP;OK_API_IBGE
350860;3508603;Cachoeira Paulista;SP;OK_API_IBGE
350870;3508702;Caconde;SP;OK_API_IBGE
350880;3508801;Cafelândia;SP;OK_API_IBGE
350900;3509007;Caieiras;SP;OK_API_IBGE
350910;3509106;Caiuá;SP;OK_API_IBGE
350920;3509205;Cajamar;SP;OK_API_IBGE
350925;3509254;Cajati;SP;OK_API_IBGE
350930;3509304;Cajobi;SP;OK_API_IBGE
350940;3509403;Cajuru;SP;OK_API_IBGE
350945;3509452;Campina do Monte Alegre;SP;OK_API_IBGE
350950;3509502;Campinas;SP;OK_API_IBGE
350958;;;SP;GAP_SEM_CORRESPONDENCIA_API_IBGE
350960;3509601;Campo Limpo Paulista;SP;OK_API_IBGE
350970;3509700;Campos do Jordão;SP;OK_API_IBGE
350980;3509809;Campos Novos Paulista;SP;OK_API_IBGE
350990;3509908;Cananéia;SP;OK_API_IBGE
350995;3509957;Canas;SP;OK_API_IBGE
350999;;;SP;GAP_SEM_CORRESPONDENCIA_API_IBGE
351000;3510005;Cândido Mota;SP;OK_API_IBGE
351015;3510153;Canitar;SP;OK_API_IBGE
351020;3510203;Capão Bonito;SP;OK_API_IBGE
351030;3510302;Capela do Alto;SP;OK_API_IBGE
351040;3510401;Capivari;SP;OK_API_IBGE
351050;3510500;Caraguatatuba;SP;OK_API_IBGE
351060;3510609;Carapicuíba;SP;OK_API_IBGE
351070;3510708;Cardoso;SP;OK_API_IBGE
351080;3510807;Casa Branca;SP;OK_API_IBGE
351090;3510906;Cássia dos Coqueiros;SP;OK_API_IBGE
351100;3511003;Castilho;SP;OK_API_IBGE
351110;3511102;Catanduva;SP;OK_API_IBGE
351120;3511201;Catiguá;SP;OK_API_IBGE
351130;3511300;Cedral;SP;OK_API_IBGE
351140;3511409;Cerqueira César;SP;OK_API_IBGE
351150;3511508;Cerquilho;SP;OK_API_IBGE
351160;3511607;Cesário Lange;SP;OK_API_IBGE
351170;3511706;Charqueada;SP;OK_API_IBGE
351190;3511904;Clementina;SP;OK_API_IBGE
351200;3512001;Colina;SP;OK_API_IBGE
351210;3512100;Colômbia;SP;OK_API_IBGE
351220;3512209;Conchal;SP;OK_API_IBGE
351230;3512308;Conchas;SP;OK_API_IBGE
351240;3512407;Cordeirópolis;SP;OK_API_IBGE
351250;3512506;Coroados;SP;OK_API_IBGE
351260;3512605;Coronel Macedo;SP;OK_API_IBGE
351270;3512704;Corumbataí;SP;OK_API_IBGE
351280;3512803;Cosmópolis;SP;OK_API_IBGE
351290;3512902;Cosmorama;SP;OK_API_IBGE
351300;3513009;Cotia;SP;OK_API_IBGE
351310;3513108;Cravinhos;SP;OK_API_IBGE
351330;3513306;Cruzália;SP;OK_API_IBGE
351340;3513405;Cruzeiro;SP;OK_API_IBGE
351350;3513504;Cubatão;SP;OK_API_IBGE
351360;3513603;Cunha;SP;OK_API_IBGE
351370;3513702;Descalvado;SP;OK_API_IBGE
351380;3513801;Diadema;SP;OK_API_IBGE
351400;3514007;Dobrada;SP;OK_API_IBGE
351410;3514106;Dois Córregos;SP;OK_API_IBGE
351420;3514205;Dolcinópolis;SP;OK_API_IBGE
351430;3514304;Dourado;SP;OK_API_IBGE
351440;3514403;Dracena;SP;OK_API_IBGE
351450;3514502;Duartina;SP;OK_API_IBGE
351460;3514601;Dumont;SP;OK_API_IBGE
351470;3514700;Echaporã;SP;OK_API_IBGE
351480;3514809;Eldorado;SP;OK_API_IBGE
351490;3514908;Elias Fausto;SP;OK_API_IBGE
351492;3514924;Elisiário;SP;OK_API_IBGE
351500;3515004;Embu das Artes;SP;OK_API_IBGE
351510;3515103;Embu-Guaçu;SP;OK_API_IBGE
351515;3515152;Engenheiro Coelho;SP;OK_API_IBGE
351518;3515186;Espírito Santo do Pinhal;SP;OK_API_IBGE
351519;3515194;Espírito Santo do Turvo;SP;OK_API_IBGE
351520;3515202;Estrela d'Oeste;SP;OK_API_IBGE
351530;3515301;Estrela do Norte;SP;OK_API_IBGE
351535;3515350;Euclides da Cunha Paulista;SP;OK_API_IBGE
351540;3515400;Fartura;SP;OK_API_IBGE
351550;3515509;Fernandópolis;SP;OK_API_IBGE
351560;3515608;Fernando Prestes;SP;OK_API_IBGE
351570;3515707;Ferraz de Vasconcelos;SP;OK_API_IBGE
351580;3515806;Flora Rica;SP;OK_API_IBGE
351600;3516002;Flórida Paulista;SP;OK_API_IBGE
351610;3516101;Florínea;SP;OK_API_IBGE
351620;3516200;Franca;SP;OK_API_IBGE
351630;3516309;Francisco Morato;SP;OK_API_IBGE
351640;3516408;Franco da Rocha;SP;OK_API_IBGE
351650;3516507;Gabriel Monteiro;SP;OK_API_IBGE
351660;3516606;Gália;SP;OK_API_IBGE
351670;3516705;Garça;SP;OK_API_IBGE
351680;3516804;Gastão Vidigal;SP;OK_API_IBGE
351690;3516903;General Salgado;SP;OK_API_IBGE
351700;3517000;Getulina;SP;OK_API_IBGE
351710;3517109;Glicério;SP;OK_API_IBGE
351720;3517208;Guaiçara;SP;OK_API_IBGE
351730;3517307;Guaimbê;SP;OK_API_IBGE
351740;3517406;Guaíra;SP;OK_API_IBGE
351750;3517505;Guapiaçu;SP;OK_API_IBGE
351760;3517604;Guapiara;SP;OK_API_IBGE
351770;3517703;Guará;SP;OK_API_IBGE
351780;3517802;Guaraçaí;SP;OK_API_IBGE
351790;3517901;Guaraci;SP;OK_API_IBGE
351800;3518008;Guarani d'Oeste;SP;OK_API_IBGE
351810;3518107;Guarantã;SP;OK_API_IBGE
351820;3518206;Guararapes;SP;OK_API_IBGE
351830;3518305;Guararema;SP;OK_API_IBGE
351840;3518404;Guaratinguetá;SP;OK_API_IBGE
351850;3518503;Guareí;SP;OK_API_IBGE
351860;3518602;Guariba;SP;OK_API_IBGE
351870;3518701;Guarujá;SP;OK_API_IBGE
351880;3518800;Guarulhos;SP;OK_API_IBGE
351885;3518859;Guatapará;SP;OK_API_IBGE
351890;3518909;Guzolândia;SP;OK_API_IBGE
351900;3519006;Herculândia;SP;OK_API_IBGE
351905;3519055;Holambra;SP;OK_API_IBGE
351907;3519071;Hortolândia;SP;OK_API_IBGE
351910;3519105;Iacanga;SP;OK_API_IBGE
351925;3519253;Iaras;SP;OK_API_IBGE
351930;3519303;Ibaté;SP;OK_API_IBGE
351940;3519402;Ibirá;SP;OK_API_IBGE
351950;3519501;Ibirarema;SP;OK_API_IBGE
351960;3519600;Ibitinga;SP;OK_API_IBGE
351970;3519709;Ibiúna;SP;OK_API_IBGE
351980;3519808;Icém;SP;OK_API_IBGE
351990;3519907;Iepê;SP;OK_API_IBGE
352000;3520004;Igaraçu do Tietê;SP;OK_API_IBGE
352010;3520103;Igarapava;SP;OK_API_IBGE
352020;3520202;Igaratá;SP;OK_API_IBGE
352030;3520301;Iguape;SP;OK_API_IBGE
352040;3520400;Ilhabela;SP;OK_API_IBGE
352042;3520426;Ilha Comprida;SP;OK_API_IBGE
352044;3520442;Ilha Solteira;SP;OK_API_IBGE
352050;3520509;Indaiatuba;SP;OK_API_IBGE
352060;3520608;Indiana;SP;OK_API_IBGE
352070;3520707;Indiaporã;SP;OK_API_IBGE
352090;3520905;Ipaussu;SP;OK_API_IBGE
352100;3521002;Iperó;SP;OK_API_IBGE
352110;3521101;Ipeúna;SP;OK_API_IBGE
352115;3521150;Ipiguá;SP;OK_API_IBGE
352120;3521200;Iporanga;SP;OK_API_IBGE
352130;3521309;Ipuã;SP;OK_API_IBGE
352140;3521408;Iracemápolis;SP;OK_API_IBGE
352150;3521507;Irapuã;SP;OK_API_IBGE
352160;3521606;Irapuru;SP;OK_API_IBGE
352170;3521705;Itaberá;SP;OK_API_IBGE
352180;3521804;Itaí;SP;OK_API_IBGE
352190;3521903;Itajobi;SP;OK_API_IBGE
352210;3522109;Itanhaém;SP;OK_API_IBGE
352220;3522208;Itapecerica da Serra;SP;OK_API_IBGE
352230;3522307;Itapetininga;SP;OK_API_IBGE
352240;3522406;Itapeva;SP;OK_API_IBGE
352250;3522505;Itapevi;SP;OK_API_IBGE
352260;3522604;Itapira;SP;OK_API_IBGE
352270;3522703;Itápolis;SP;OK_API_IBGE
352280;3522802;Itaporanga;SP;OK_API_IBGE
352290;3522901;Itapuí;SP;OK_API_IBGE
352310;3523107;Itaquaquecetuba;SP;OK_API_IBGE
352320;3523206;Itararé;SP;OK_API_IBGE
352330;3523305;Itariri;SP;OK_API_IBGE
352340;3523404;Itatiba;SP;OK_API_IBGE
352350;3523503;Itatinga;SP;OK_API_IBGE
352360;3523602;Itirapina;SP;OK_API_IBGE
352370;3523701;Itirapuã;SP;OK_API_IBGE
352380;3523800;Itobi;SP;OK_API_IBGE
352390;3523909;Itu;SP;OK_API_IBGE
352400;3524006;Itupeva;SP;OK_API_IBGE
352410;3524105;Ituverava;SP;OK_API_IBGE
352420;3524204;Jaborandi;SP;OK_API_IBGE
352430;3524303;Jaboticabal;SP;OK_API_IBGE
352440;3524402;Jacareí;SP;OK_API_IBGE
352450;3524501;Jaci;SP;OK_API_IBGE
352460;3524600;Jacupiranga;SP;OK_API_IBGE
352470;3524709;Jaguariúna;SP;OK_API_IBGE
352480;3524808;Jales;SP;OK_API_IBGE
352490;3524907;Jambeiro;SP;OK_API_IBGE
352500;3525003;Jandira;SP;OK_API_IBGE
352510;3525102;Jardinópolis;SP;OK_API_IBGE
352520;3525201;Jarinu;SP;OK_API_IBGE
352530;3525300;Jaú;SP;OK_API_IBGE
352540;3525409;Jeriquara;SP;OK_API_IBGE
352550;3525508;Joanópolis;SP;OK_API_IBGE
352570;3525706;José Bonifácio;SP;OK_API_IBGE
352580;3525805;Júlio Mesquita;SP;OK_API_IBGE
352585;3525854;Jumirim;SP;OK_API_IBGE
352590;3525904;Jundiaí;SP;OK_API_IBGE
352600;3526001;Junqueirópolis;SP;OK_API_IBGE
352610;3526100;Juquiá;SP;OK_API_IBGE
352620;3526209;Juquitiba;SP;OK_API_IBGE
352630;3526308;Lagoinha;SP;OK_API_IBGE
352640;3526407;Laranjal Paulista;SP;OK_API_IBGE
352650;3526506;Lavínia;SP;OK_API_IBGE
352660;3526605;Lavrinhas;SP;OK_API_IBGE
352670;3526704;Leme;SP;OK_API_IBGE
352680;3526803;Lençóis Paulista;SP;OK_API_IBGE
352690;3526902;Limeira;SP;OK_API_IBGE
352700;3527009;Lindóia;SP;OK_API_IBGE
352710;3527108;Lins;SP;OK_API_IBGE
352720;3527207;Lorena;SP;OK_API_IBGE
352725;3527256;Lourdes;SP;OK_API_IBGE
352730;3527306;Louveira;SP;OK_API_IBGE
352740;3527405;Lucélia;SP;OK_API_IBGE
352750;3527504;Lucianópolis;SP;OK_API_IBGE
352760;3527603;Luís Antônio;SP;OK_API_IBGE
352780;3527801;Lupércio;SP;OK_API_IBGE
352790;3527900;Lutécia;SP;OK_API_IBGE
352800;3528007;Macatuba;SP;OK_API_IBGE
352810;3528106;Macaubal;SP;OK_API_IBGE
352820;3528205;Macedônia;SP;OK_API_IBGE
352840;3528403;Mairinque;SP;OK_API_IBGE
352850;3528502;Mairiporã;SP;OK_API_IBGE
352860;3528601;Manduri;SP;OK_API_IBGE
352870;3528700;Marabá Paulista;SP;OK_API_IBGE
352880;3528809;Maracaí;SP;OK_API_IBGE
352890;3528908;Mariápolis;SP;OK_API_IBGE
352900;3529005;Marília;SP;OK_API_IBGE
352920;3529203;Martinópolis;SP;OK_API_IBGE
352930;3529302;Matão;SP;OK_API_IBGE
352940;3529401;Mauá;SP;OK_API_IBGE
352950;3529500;Mendonça;SP;OK_API_IBGE
352960;3529609;Meridiano;SP;OK_API_IBGE
352965;3529658;Mesópolis;SP;OK_API_IBGE
352970;3529708;Miguelópolis;SP;OK_API_IBGE
352980;3529807;Mineiros do Tietê;SP;OK_API_IBGE
352990;3529906;Miracatu;SP;OK_API_IBGE
353010;3530102;Mirandópolis;SP;OK_API_IBGE
353020;3530201;Mirante do Paranapanema;SP;OK_API_IBGE
353030;3530300;Mirassol;SP;OK_API_IBGE
353040;3530409;Mirassolândia;SP;OK_API_IBGE
353050;3530508;Mococa;SP;OK_API_IBGE
353060;3530607;Mogi das Cruzes;SP;OK_API_IBGE
353070;3530706;Mogi Guaçu;SP;OK_API_IBGE
353080;3530805;Mogi Mirim;SP;OK_API_IBGE
353090;3530904;Mombuca;SP;OK_API_IBGE
353110;3531100;Mongaguá;SP;OK_API_IBGE
353130;3531308;Monte Alto;SP;OK_API_IBGE
353140;3531407;Monte Aprazível;SP;OK_API_IBGE
353150;3531506;Monte Azul Paulista;SP;OK_API_IBGE
353160;3531605;Monte Castelo;SP;OK_API_IBGE
353170;3531704;Monteiro Lobato;SP;OK_API_IBGE
353180;3531803;Monte Mor;SP;OK_API_IBGE
353190;3531902;Morro Agudo;SP;OK_API_IBGE
353200;3532009;Morungaba;SP;OK_API_IBGE
353210;3532108;Murutinga do Sul;SP;OK_API_IBGE
353215;3532157;Nantes;SP;OK_API_IBGE
353220;3532207;Narandiba;SP;OK_API_IBGE
353230;3532306;Natividade da Serra;SP;OK_API_IBGE
353240;3532405;Nazaré Paulista;SP;OK_API_IBGE
353250;3532504;Neves Paulista;SP;OK_API_IBGE
353260;3532603;Nhandeara;SP;OK_API_IBGE
353270;3532702;Nipoã;SP;OK_API_IBGE
353280;3532801;Nova Aliança;SP;OK_API_IBGE
353282;3532827;Nova Campina;SP;OK_API_IBGE
353290;3532900;Nova Europa;SP;OK_API_IBGE
353300;3533007;Nova Granada;SP;OK_API_IBGE
353320;3533205;Nova Independência;SP;OK_API_IBGE
353325;3533254;Novais;SP;OK_API_IBGE
353330;3533304;Nova Luzitânia;SP;OK_API_IBGE
353340;3533403;Nova Odessa;SP;OK_API_IBGE
353350;3533502;Novo Horizonte;SP;OK_API_IBGE
353370;3533700;Ocauçu;SP;OK_API_IBGE
353390;3533908;Olímpia;SP;OK_API_IBGE
353400;3534005;Onda Verde;SP;OK_API_IBGE
353410;3534104;Oriente;SP;OK_API_IBGE
353420;3534203;Orindiúva;SP;OK_API_IBGE
353430;3534302;Orlândia;SP;OK_API_IBGE
353440;3534401;Osasco;SP;OK_API_IBGE
353460;3534609;Osvaldo Cruz;SP;OK_API_IBGE
353470;3534708;Ourinhos;SP;OK_API_IBGE
353475;3534757;Ouroeste;SP;OK_API_IBGE
353480;3534807;Ouro Verde;SP;OK_API_IBGE
353490;3534906;Pacaembu;SP;OK_API_IBGE
353500;3535002;Palestina;SP;OK_API_IBGE
353510;3535101;Palmares Paulista;SP;OK_API_IBGE
353520;3535200;Palmeira d'Oeste;SP;OK_API_IBGE
353530;3535309;Palmital;SP;OK_API_IBGE
353540;3535408;Panorama;SP;OK_API_IBGE
353550;3535507;Paraguaçu Paulista;SP;OK_API_IBGE
353560;3535606;Paraibuna;SP;OK_API_IBGE
353570;3535705;Paraíso;SP;OK_API_IBGE
353580;3535804;Paranapanema;SP;OK_API_IBGE
353600;3536000;Parapuã;SP;OK_API_IBGE
353610;3536109;Pardinho;SP;OK_API_IBGE
353620;3536208;Pariquera-Açu;SP;OK_API_IBGE
353625;3536257;Parisi;SP;OK_API_IBGE
353640;3536406;Paulicéia;SP;OK_API_IBGE
353650;3536505;Paulínia;SP;OK_API_IBGE
353660;3536604;Paulo de Faria;SP;OK_API_IBGE
353670;3536703;Pederneiras;SP;OK_API_IBGE
353680;3536802;Pedra Bela;SP;OK_API_IBGE
353700;3537008;Pedregulho;SP;OK_API_IBGE
353710;3537107;Pedreira;SP;OK_API_IBGE
353720;3537206;Pedro de Toledo;SP;OK_API_IBGE
353730;3537305;Penápolis;SP;OK_API_IBGE
353740;3537404;Pereira Barreto;SP;OK_API_IBGE
353750;3537503;Pereiras;SP;OK_API_IBGE
353760;3537602;Peruíbe;SP;OK_API_IBGE
353770;3537701;Piacatu;SP;OK_API_IBGE
353780;3537800;Piedade;SP;OK_API_IBGE
353790;3537909;Pilar do Sul;SP;OK_API_IBGE
353800;3538006;Pindamonhangaba;SP;OK_API_IBGE
353810;3538105;Pindorama;SP;OK_API_IBGE
353820;3538204;Pinhalzinho;SP;OK_API_IBGE
353850;3538501;Piquete;SP;OK_API_IBGE
353860;3538600;Piracaia;SP;OK_API_IBGE
353870;3538709;Piracicaba;SP;OK_API_IBGE
353880;3538808;Piraju;SP;OK_API_IBGE
353890;3538907;Pirajuí;SP;OK_API_IBGE
353900;3539004;Pirangi;SP;OK_API_IBGE
353910;3539103;Pirapora do Bom Jesus;SP;OK_API_IBGE
353920;3539202;Pirapozinho;SP;OK_API_IBGE
353930;3539301;Pirassununga;SP;OK_API_IBGE
353940;3539400;Piratininga;SP;OK_API_IBGE
353950;3539509;Pitangueiras;SP;OK_API_IBGE
353960;3539608;Planalto;SP;OK_API_IBGE
353970;3539707;Platina;SP;OK_API_IBGE
353980;3539806;Poá;SP;OK_API_IBGE
353990;3539905;Poloni;SP;OK_API_IBGE
354000;3540002;Pompéia;SP;OK_API_IBGE
354010;3540101;Pongaí;SP;OK_API_IBGE
354020;3540200;Pontal;SP;OK_API_IBGE
354050;3540507;Porangaba;SP;OK_API_IBGE
354060;3540606;Porto Feliz;SP;OK_API_IBGE
354070;3540705;Porto Ferreira;SP;OK_API_IBGE
354075;3540754;Potim;SP;OK_API_IBGE
354080;3540804;Potirendaba;SP;OK_API_IBGE
354085;3540853;Pracinha;SP;OK_API_IBGE
354090;3540903;Pradópolis;SP;OK_API_IBGE
354100;3541000;Praia Grande;SP;OK_API_IBGE
354110;3541109;Presidente Alves;SP;OK_API_IBGE
354120;3541208;Presidente Bernardes;SP;OK_API_IBGE
354130;3541307;Presidente Epitácio;SP;OK_API_IBGE
354140;3541406;Presidente Prudente;SP;OK_API_IBGE
354150;3541505;Presidente Venceslau;SP;OK_API_IBGE
354160;3541604;Promissão;SP;OK_API_IBGE
354165;3541653;Quadra;SP;OK_API_IBGE
354170;3541703;Quatá;SP;OK_API_IBGE
354180;3541802;Queiroz;SP;OK_API_IBGE
354190;3541901;Queluz;SP;OK_API_IBGE
354200;3542008;Quintana;SP;OK_API_IBGE
354210;3542107;Rafard;SP;OK_API_IBGE
354220;3542206;Rancharia;SP;OK_API_IBGE
354230;3542305;Redenção da Serra;SP;OK_API_IBGE
354240;3542404;Regente Feijó;SP;OK_API_IBGE
354250;3542503;Reginópolis;SP;OK_API_IBGE
354260;3542602;Registro;SP;OK_API_IBGE
354270;3542701;Restinga;SP;OK_API_IBGE
354280;3542800;Ribeira;SP;OK_API_IBGE
354290;3542909;Ribeirão Bonito;SP;OK_API_IBGE
354300;3543006;Ribeirão Branco;SP;OK_API_IBGE
354320;3543204;Ribeirão do Sul;SP;OK_API_IBGE
354330;3543303;Ribeirão Pires;SP;OK_API_IBGE
354340;3543402;Ribeirão Preto;SP;OK_API_IBGE
354350;3543501;Riversul;SP;OK_API_IBGE
354370;3543709;Rincão;SP;OK_API_IBGE
354380;3543808;Rinópolis;SP;OK_API_IBGE
354390;3543907;Rio Claro;SP;OK_API_IBGE
354400;3544004;Rio das Pedras;SP;OK_API_IBGE
354410;3544103;Rio Grande da Serra;SP;OK_API_IBGE
354420;3544202;Riolândia;SP;OK_API_IBGE
354425;3544251;Rosana;SP;OK_API_IBGE
354430;3544301;Roseira;SP;OK_API_IBGE
354440;3544400;Rubiácea;SP;OK_API_IBGE
354450;3544509;Rubinéia;SP;OK_API_IBGE
354460;3544608;Sabino;SP;OK_API_IBGE
354480;3544806;Sales;SP;OK_API_IBGE
354500;3545001;Salesópolis;SP;OK_API_IBGE
354515;3545159;Saltinho;SP;OK_API_IBGE
354520;3545209;Salto;SP;OK_API_IBGE
354530;3545308;Salto de Pirapora;SP;OK_API_IBGE
354540;3545407;Salto Grande;SP;OK_API_IBGE
354550;3545506;Sandovalina;SP;OK_API_IBGE
354560;3545605;Santa Adélia;SP;OK_API_IBGE
354580;3545803;Santa Bárbara d'Oeste;SP;OK_API_IBGE
354600;3546009;Santa Branca;SP;OK_API_IBGE
354610;3546108;Santa Clara d'Oeste;SP;OK_API_IBGE
354630;3546306;Santa Cruz das Palmeiras;SP;OK_API_IBGE
354640;3546405;Santa Cruz do Rio Pardo;SP;OK_API_IBGE
354650;3546504;Santa Ernestina;SP;OK_API_IBGE
354660;3546603;Santa Fé do Sul;SP;OK_API_IBGE
354670;3546702;Santa Gertrudes;SP;OK_API_IBGE
354680;3546801;Santa Isabel;SP;OK_API_IBGE
354690;3546900;Santa Lúcia;SP;OK_API_IBGE
354710;3547106;Santa Mercedes;SP;OK_API_IBGE
354730;3547304;Santana de Parnaíba;SP;OK_API_IBGE
354740;3547403;Santa Rita d'Oeste;SP;OK_API_IBGE
354750;3547502;Santa Rita do Passa Quatro;SP;OK_API_IBGE
354760;3547601;Santa Rosa de Viterbo;SP;OK_API_IBGE
354770;3547700;Santo Anastácio;SP;OK_API_IBGE
354780;3547809;Santo André;SP;OK_API_IBGE
354790;3547908;Santo Antônio da Alegria;SP;OK_API_IBGE
354800;3548005;Santo Antônio de Posse;SP;OK_API_IBGE
354805;3548054;Santo Antônio do Aracanguá;SP;OK_API_IBGE
354820;3548203;Santo Antônio do Pinhal;SP;OK_API_IBGE
354830;3548302;Santo Expedito;SP;OK_API_IBGE
354840;3548401;Santópolis do Aguapeí;SP;OK_API_IBGE
354850;3548500;Santos;SP;OK_API_IBGE
354860;3548609;São Bento do Sapucaí;SP;OK_API_IBGE
354870;3548708;São Bernardo do Campo;SP;OK_API_IBGE
354880;3548807;São Caetano do Sul;SP;OK_API_IBGE
354890;3548906;São Carlos;SP;OK_API_IBGE
354900;3549003;São Francisco;SP;OK_API_IBGE
354910;3549102;São João da Boa Vista;SP;OK_API_IBGE
354940;3549409;São Joaquim da Barra;SP;OK_API_IBGE
354960;3549607;São José do Barreiro;SP;OK_API_IBGE
354970;3549706;São José do Rio Pardo;SP;OK_API_IBGE
354980;3549805;São José do Rio Preto;SP;OK_API_IBGE
354990;3549904;São José dos Campos;SP;OK_API_IBGE
354995;3549953;São Lourenço da Serra;SP;OK_API_IBGE
355000;3550001;São Luiz do Paraitinga;SP;OK_API_IBGE
355010;3550100;São Manuel;SP;OK_API_IBGE
355020;3550209;São Miguel Arcanjo;SP;OK_API_IBGE
355030;3550308;São Paulo;SP;OK_API_IBGE
355040;3550407;São Pedro;SP;OK_API_IBGE
355050;3550506;São Pedro do Turvo;SP;OK_API_IBGE
355060;3550605;São Roque;SP;OK_API_IBGE
355070;3550704;São Sebastião;SP;OK_API_IBGE
355080;3550803;São Sebastião da Grama;SP;OK_API_IBGE
355090;3550902;São Simão;SP;OK_API_IBGE
355100;3551009;São Vicente;SP;OK_API_IBGE
355110;3551108;Sarapuí;SP;OK_API_IBGE
355120;3551207;Sarutaiá;SP;OK_API_IBGE
355140;3551405;Serra Azul;SP;OK_API_IBGE
355150;3551504;Serrana;SP;OK_API_IBGE
355160;3551603;Serra Negra;SP;OK_API_IBGE
355170;3551702;Sertãozinho;SP;OK_API_IBGE
355180;3551801;Sete Barras;SP;OK_API_IBGE
355190;3551900;Severínia;SP;OK_API_IBGE
355210;3552106;Socorro;SP;OK_API_IBGE
355220;3552205;Sorocaba;SP;OK_API_IBGE
355230;3552304;Sud Mennucci;SP;OK_API_IBGE
355240;3552403;Sumaré;SP;OK_API_IBGE
355250;3552502;Suzano;SP;OK_API_IBGE
355255;3552551;Suzanápolis;SP;OK_API_IBGE
355260;3552601;Tabapuã;SP;OK_API_IBGE
355270;3552700;Tabatinga;SP;OK_API_IBGE
355280;3552809;Taboão da Serra;SP;OK_API_IBGE
355290;3552908;Taciba;SP;OK_API_IBGE
355300;3553005;Taguaí;SP;OK_API_IBGE
355310;3553104;Taiaçu;SP;OK_API_IBGE
355320;3553203;Taiúva;SP;OK_API_IBGE
355330;3553302;Tambaú;SP;OK_API_IBGE
355340;3553401;Tanabi;SP;OK_API_IBGE
355350;3553500;Tapiraí;SP;OK_API_IBGE
355360;3553609;Tapiratiba;SP;OK_API_IBGE
355370;3553708;Taquaritinga;SP;OK_API_IBGE
355380;3553807;Taquarituba;SP;OK_API_IBGE
355385;3553856;Taquarivaí;SP;OK_API_IBGE
355390;3553906;Tarabai;SP;OK_API_IBGE
355395;3553955;Tarumã;SP;OK_API_IBGE
355400;3554003;Tatuí;SP;OK_API_IBGE
355410;3554102;Taubaté;SP;OK_API_IBGE
355420;3554201;Tejupá;SP;OK_API_IBGE
355430;3554300;Teodoro Sampaio;SP;OK_API_IBGE
355440;3554409;Terra Roxa;SP;OK_API_IBGE
355450;3554508;Tietê;SP;OK_API_IBGE
355470;3554706;Torrinha;SP;OK_API_IBGE
355475;3554755;Trabiju;SP;OK_API_IBGE
355480;3554805;Tremembé;SP;OK_API_IBGE
355490;3554904;Três Fronteiras;SP;OK_API_IBGE
355500;3555000;Tupã;SP;OK_API_IBGE
355510;3555109;Tupi Paulista;SP;OK_API_IBGE
355530;3555307;Turmalina;SP;OK_API_IBGE
355535;3555356;Ubarana;SP;OK_API_IBGE
355540;3555406;Ubatuba;SP;OK_API_IBGE
355550;3555505;Ubirajara;SP;OK_API_IBGE
355560;3555604;Uchoa;SP;OK_API_IBGE
355580;3555802;Urânia;SP;OK_API_IBGE
355600;3556008;Urupês;SP;OK_API_IBGE
355610;3556107;Valentim Gentil;SP;OK_API_IBGE
355620;3556206;Valinhos;SP;OK_API_IBGE
355630;3556305;Valparaíso;SP;OK_API_IBGE
355635;3556354;Vargem;SP;OK_API_IBGE
355640;3556404;Vargem Grande do Sul;SP;OK_API_IBGE
355645;3556453;Vargem Grande Paulista;SP;OK_API_IBGE
355650;3556503;Várzea Paulista;SP;OK_API_IBGE
355660;3556602;Vera Cruz;SP;OK_API_IBGE
355670;3556701;Vinhedo;SP;OK_API_IBGE
355680;3556800;Viradouro;SP;OK_API_IBGE
355690;3556909;Vista Alegre do Alto;SP;OK_API_IBGE
355700;3557006;Votorantim;SP;OK_API_IBGE
355710;3557105;Votuporanga;SP;OK_API_IBGE
355715;3557154;Zacarias;SP;OK_API_IBGE
355720;3557204;Chavantes;SP;OK_API_IBGE
355730;3557303;Estiva Gerbi;SP;OK_API_IBGE
410010;4100103;Abatiá;PR;OK_API_IBGE
410020;4100202;Adrianópolis;PR;OK_API_IBGE
410030;4100301;Agudos do Sul;PR;OK_API_IBGE
410040;4100400;Almirante Tamandaré;PR;OK_API_IBGE
410050;4100509;Altônia;PR;OK_API_IBGE
410060;4100608;Alto Paraná;PR;OK_API_IBGE
410070;4100707;Alto Piquiri;PR;OK_API_IBGE
410080;4100806;Alvorada do Sul;PR;OK_API_IBGE
410090;4100905;Amaporã;PR;OK_API_IBGE
410100;4101002;Ampére;PR;OK_API_IBGE
410110;4101101;Andirá;PR;OK_API_IBGE
410120;4101200;Antonina;PR;OK_API_IBGE
410130;4101309;Antônio Olinto;PR;OK_API_IBGE
410140;4101408;Apucarana;PR;OK_API_IBGE
410150;4101507;Arapongas;PR;OK_API_IBGE
410160;4101606;Arapoti;PR;OK_API_IBGE
410170;4101705;Araruna;PR;OK_API_IBGE
410180;4101804;Araucária;PR;OK_API_IBGE
410185;4101853;Ariranha do Ivaí;PR;OK_API_IBGE
410190;4101903;Assaí;PR;OK_API_IBGE
410200;4102000;Assis Chateaubriand;PR;OK_API_IBGE
410210;4102109;Astorga;PR;OK_API_IBGE
410220;4102208;Atalaia;PR;OK_API_IBGE
410230;4102307;Balsa Nova;PR;OK_API_IBGE
410240;4102406;Bandeirantes;PR;OK_API_IBGE
410250;4102505;Barbosa Ferraz;PR;OK_API_IBGE
410260;4102604;Barracão;PR;OK_API_IBGE
410270;4102703;Barra do Jacaré;PR;OK_API_IBGE
410275;4102752;Bela Vista da Caroba;PR;OK_API_IBGE
410280;4102802;Bela Vista do Paraíso;PR;OK_API_IBGE
410290;4102901;Bituruna;PR;OK_API_IBGE
410302;4103024;Boa Esperança do Iguaçu;PR;OK_API_IBGE
410305;4103057;Boa Vista da Aparecida;PR;OK_API_IBGE
410310;4103107;Bocaiúva do Sul;PR;OK_API_IBGE
410315;4103156;Bom Jesus do Sul;PR;OK_API_IBGE
410320;4103206;Bom Sucesso;PR;OK_API_IBGE
410345;4103453;Cafelândia;PR;OK_API_IBGE
410347;4103479;Cafezal do Sul;PR;OK_API_IBGE
410350;4103503;Califórnia;PR;OK_API_IBGE
410360;4103602;Cambará;PR;OK_API_IBGE
410370;4103701;Cambé;PR;OK_API_IBGE
410390;4103909;Campina da Lagoa;PR;OK_API_IBGE
410400;4104006;Campina Grande do Sul;PR;OK_API_IBGE
410410;4104105;Campo do Tenente;PR;OK_API_IBGE
410420;4104204;Campo Largo;PR;OK_API_IBGE
410425;4104253;Campo Magro;PR;OK_API_IBGE
410430;4104303;Campo Mourão;PR;OK_API_IBGE
410440;4104402;Cândido de Abreu;PR;OK_API_IBGE
410442;4104428;Candói;PR;OK_API_IBGE
410445;4104451;Cantagalo;PR;OK_API_IBGE
410450;4104501;Capanema;PR;OK_API_IBGE
410460;4104600;Capitão Leônidas Marques;PR;OK_API_IBGE
410465;4104659;Carambeí;PR;OK_API_IBGE
410470;4104709;Carlópolis;PR;OK_API_IBGE
410480;4104808;Cascavel;PR;OK_API_IBGE
410490;4104907;Castro;PR;OK_API_IBGE
410500;4105003;Catanduvas;PR;OK_API_IBGE
410520;4105201;Cerro Azul;PR;OK_API_IBGE
410530;4105300;Céu Azul;PR;OK_API_IBGE
410540;4105409;Chopinzinho;PR;OK_API_IBGE
410550;4105508;Cianorte;PR;OK_API_IBGE
410560;4105607;Cidade Gaúcha;PR;OK_API_IBGE
410570;4105706;Clevelândia;PR;OK_API_IBGE
410580;4105805;Colombo;PR;OK_API_IBGE
410590;4105904;Colorado;PR;OK_API_IBGE
410600;4106001;Congonhinhas;PR;OK_API_IBGE
410610;4106100;Conselheiro Mairinck;PR;OK_API_IBGE
410620;4106209;Contenda;PR;OK_API_IBGE
410630;4106308;Corbélia;PR;OK_API_IBGE
410640;4106407;Cornélio Procópio;PR;OK_API_IBGE
410645;4106456;Coronel Domingos Soares;PR;OK_API_IBGE
410650;4106506;Coronel Vivida;PR;OK_API_IBGE
410657;4106571;Cruzeiro do Iguaçu;PR;OK_API_IBGE
410660;4106605;Cruzeiro do Oeste;PR;OK_API_IBGE
410670;4106704;Cruzeiro do Sul;PR;OK_API_IBGE
410680;4106803;Cruz Machado;PR;OK_API_IBGE
410685;4106852;Cruzmaltina;PR;OK_API_IBGE
410690;4106902;Curitiba;PR;OK_API_IBGE
410700;4107009;Curiúva;PR;OK_API_IBGE
410712;4107124;Diamante do Sul;PR;OK_API_IBGE
410715;4107157;Diamante D'Oeste;PR;OK_API_IBGE
410720;4107207;Dois Vizinhos;PR;OK_API_IBGE
410725;4107256;Douradina;PR;OK_API_IBGE
410730;4107306;Doutor Camargo;PR;OK_API_IBGE
410740;4107405;Enéas Marques;PR;OK_API_IBGE
410750;4107504;Engenheiro Beltrão;PR;OK_API_IBGE
410753;4107538;Entre Rios do Oeste;PR;OK_API_IBGE
410754;4107546;Espigão Alto do Iguaçu;PR;OK_API_IBGE
410755;4107553;Farol;PR;OK_API_IBGE
410760;4107603;Faxinal;PR;OK_API_IBGE
410765;4107652;Fazenda Rio Grande;PR;OK_API_IBGE
410770;4107702;Fênix;PR;OK_API_IBGE
410773;4107736;Fernandes Pinheiro;PR;OK_API_IBGE
410775;4107751;Figueira;PR;OK_API_IBGE
410780;4107801;Floraí;PR;OK_API_IBGE
410790;4107900;Floresta;PR;OK_API_IBGE
410800;4108007;Florestópolis;PR;OK_API_IBGE
410810;4108106;Flórida;PR;OK_API_IBGE
410820;4108205;Formosa do Oeste;PR;OK_API_IBGE
410830;4108304;Foz do Iguaçu;PR;OK_API_IBGE
410832;4108320;Francisco Alves;PR;OK_API_IBGE
410840;4108403;Francisco Beltrão;PR;OK_API_IBGE
410850;4108502;General Carneiro;PR;OK_API_IBGE
410855;4108551;Godoy Moreira;PR;OK_API_IBGE
410860;4108601;Goioerê;PR;OK_API_IBGE
410865;4108650;Goioxim;PR;OK_API_IBGE
410880;4108809;Guaíra;PR;OK_API_IBGE
410890;4108908;Guairaçá;PR;OK_API_IBGE
410895;4108957;Guamiranga;PR;OK_API_IBGE
410900;4109005;Guapirama;PR;OK_API_IBGE
410930;4109302;Guaraniaçu;PR;OK_API_IBGE
410940;4109401;Guarapuava;PR;OK_API_IBGE
410950;4109500;Guaraqueçaba;PR;OK_API_IBGE
410960;4109609;Guaratuba;PR;OK_API_IBGE
410970;4109708;Ibaiti;PR;OK_API_IBGE
410975;4109757;Ibema;PR;OK_API_IBGE
410980;4109807;Ibiporã;PR;OK_API_IBGE
410990;4109906;Icaraíma;PR;OK_API_IBGE
411007;4110078;Imbaú;PR;OK_API_IBGE
411010;4110102;Imbituva;PR;OK_API_IBGE
411030;4110300;Inajá;PR;OK_API_IBGE
411040;4110409;Indianópolis;PR;OK_API_IBGE
411050;4110508;Ipiranga;PR;OK_API_IBGE
411060;4110607;Iporã;PR;OK_API_IBGE
411065;4110656;Iracema do Oeste;PR;OK_API_IBGE
411070;4110706;Irati;PR;OK_API_IBGE
411080;4110805;Iretama;PR;OK_API_IBGE
411090;4110904;Itaguajé;PR;OK_API_IBGE
411095;4110953;Itaipulândia;PR;OK_API_IBGE
411100;4111001;Itambaracá;PR;OK_API_IBGE
411110;4111100;Itambé;PR;OK_API_IBGE
411125;4111258;Itaperuçu;PR;OK_API_IBGE
411130;4111308;Itaúna do Sul;PR;OK_API_IBGE
411140;4111407;Ivaí;PR;OK_API_IBGE
411150;4111506;Ivaiporã;PR;OK_API_IBGE
411155;4111555;Ivaté;PR;OK_API_IBGE
411170;4111704;Jaboti;PR;OK_API_IBGE
411180;4111803;Jacarezinho;PR;OK_API_IBGE
411190;4111902;Jaguapitã;PR;OK_API_IBGE
411200;4112009;Jaguariaíva;PR;OK_API_IBGE
411210;4112108;Jandaia do Sul;PR;OK_API_IBGE
411220;4112207;Janiópolis;PR;OK_API_IBGE
411230;4112306;Japira;PR;OK_API_IBGE
411250;4112504;Jardim Alegre;PR;OK_API_IBGE
411270;4112702;Jataizinho;PR;OK_API_IBGE
411280;4112801;Joaquim Távora;PR;OK_API_IBGE
411295;4112959;Juranda;PR;OK_API_IBGE
411320;4113205;Lapa;PR;OK_API_IBGE
411325;4113254;Laranjal;PR;OK_API_IBGE
411330;4113304;Laranjeiras do Sul;PR;OK_API_IBGE
411340;4113403;Leópolis;PR;OK_API_IBGE
411342;4113429;Lidianópolis;PR;OK_API_IBGE
411345;4113452;Lindoeste;PR;OK_API_IBGE
411350;4113502;Loanda;PR;OK_API_IBGE
411370;4113700;Londrina;PR;OK_API_IBGE
411373;4113734;Luiziana;PR;OK_API_IBGE
411375;4113759;Lunardelli;PR;OK_API_IBGE
411380;4113809;Lupionópolis;PR;OK_API_IBGE
411390;4113908;Mallet;PR;OK_API_IBGE
411400;4114005;Mamborê;PR;OK_API_IBGE
411410;4114104;Mandaguaçu;PR;OK_API_IBGE
411420;4114203;Mandaguari;PR;OK_API_IBGE
411430;4114302;Mandirituba;PR;OK_API_IBGE
411440;4114401;Mangueirinha;PR;OK_API_IBGE
411450;4114500;Manoel Ribas;PR;OK_API_IBGE
411460;4114609;Marechal Cândido Rondon;PR;OK_API_IBGE
411480;4114807;Marialva;PR;OK_API_IBGE
411500;4115002;Marilena;PR;OK_API_IBGE
411510;4115101;Mariluz;PR;OK_API_IBGE
411520;4115200;Maringá;PR;OK_API_IBGE
411530;4115309;Mariópolis;PR;OK_API_IBGE
411535;4115358;Maripá;PR;OK_API_IBGE
411540;4115408;Marmeleiro;PR;OK_API_IBGE
411545;4115457;Marquinho;PR;OK_API_IBGE
411550;4115507;Marumbi;PR;OK_API_IBGE
411560;4115606;Matelândia;PR;OK_API_IBGE
411570;4115705;Matinhos;PR;OK_API_IBGE
411575;4115754;Mauá da Serra;PR;OK_API_IBGE
411580;4115804;Medianeira;PR;OK_API_IBGE
411585;4115853;Mercedes;PR;OK_API_IBGE
411590;4115903;Mirador;PR;OK_API_IBGE
411605;4116059;Missal;PR;OK_API_IBGE
411610;4116109;Moreira Sales;PR;OK_API_IBGE
411620;4116208;Morretes;PR;OK_API_IBGE
411630;4116307;Munhoz de Melo;PR;OK_API_IBGE
411650;4116505;Nova Aliança do Ivaí;PR;OK_API_IBGE
411660;4116604;Nova América da Colina;PR;OK_API_IBGE
411670;4116703;Nova Aurora;PR;OK_API_IBGE
411680;4116802;Nova Cantu;PR;OK_API_IBGE
411690;4116901;Nova Esperança;PR;OK_API_IBGE
411700;4117008;Nova Fátima;PR;OK_API_IBGE
411705;4117057;Nova Laranjeiras;PR;OK_API_IBGE
411710;4117107;Nova Londrina;PR;OK_API_IBGE
411720;4117206;Nova Olímpia;PR;OK_API_IBGE
411721;4117214;Nova Santa Bárbara;PR;OK_API_IBGE
411722;4117222;Nova Santa Rosa;PR;OK_API_IBGE
411725;4117255;Nova Prata do Iguaçu;PR;OK_API_IBGE
411727;4117271;Nova Tebas;PR;OK_API_IBGE
411729;4117297;Novo Itacolomi;PR;OK_API_IBGE
411730;4117305;Ortigueira;PR;OK_API_IBGE
411740;4117404;Ourizona;PR;OK_API_IBGE
411745;4117453;Ouro Verde do Oeste;PR;OK_API_IBGE
411750;4117503;Paiçandu;PR;OK_API_IBGE
411760;4117602;Palmas;PR;OK_API_IBGE
411780;4117800;Palmital;PR;OK_API_IBGE
411790;4117909;Palotina;PR;OK_API_IBGE
411800;4118006;Paraíso do Norte;PR;OK_API_IBGE
411810;4118105;Paranacity;PR;OK_API_IBGE
411820;4118204;Paranaguá;PR;OK_API_IBGE
411830;4118303;Paranapoema;PR;OK_API_IBGE
411840;4118402;Paranavaí;PR;OK_API_IBGE
411850;4118501;Pato Branco;PR;OK_API_IBGE
411860;4118600;Paula Freitas;PR;OK_API_IBGE
411870;4118709;Paulo Frontin;PR;OK_API_IBGE
411880;4118808;Peabiru;PR;OK_API_IBGE
411885;4118857;Perobal;PR;OK_API_IBGE
411890;4118907;Pérola;PR;OK_API_IBGE
411910;4119103;Piên;PR;OK_API_IBGE
411915;4119152;Pinhais;PR;OK_API_IBGE
411920;4119202;Pinhalão;PR;OK_API_IBGE
411925;4119251;Pinhal de São Bento;PR;OK_API_IBGE
411930;4119301;Pinhão;PR;OK_API_IBGE
411940;4119400;Piraí do Sul;PR;OK_API_IBGE
411950;4119509;Piraquara;PR;OK_API_IBGE
411960;4119608;Pitanga;PR;OK_API_IBGE
411980;4119806;Planalto;PR;OK_API_IBGE
411990;4119905;Ponta Grossa;PR;OK_API_IBGE
411995;4119954;Pontal do Paraná;PR;OK_API_IBGE
412000;4120002;Porecatu;PR;OK_API_IBGE
412010;4120101;Porto Amazonas;PR;OK_API_IBGE
412020;4120200;Porto Rico;PR;OK_API_IBGE
412030;4120309;Porto Vitória;PR;OK_API_IBGE
412033;4120333;Prado Ferreira;PR;OK_API_IBGE
412035;4120358;Pranchita;PR;OK_API_IBGE
412050;4120507;Primeiro de Maio;PR;OK_API_IBGE
412060;4120606;Prudentópolis;PR;OK_API_IBGE
412070;4120705;Quatiguá;PR;OK_API_IBGE
412080;4120804;Quatro Barras;PR;OK_API_IBGE
412085;4120853;Quatro Pontes;PR;OK_API_IBGE
412090;4120903;Quedas do Iguaçu;PR;OK_API_IBGE
412100;4121000;Querência do Norte;PR;OK_API_IBGE
412110;4121109;Quinta do Sol;PR;OK_API_IBGE
412120;4121208;Quitandinha;PR;OK_API_IBGE
412125;4121257;Ramilândia;PR;OK_API_IBGE
412130;4121307;Rancho Alegre;PR;OK_API_IBGE
412135;4121356;Rancho Alegre D'Oeste;PR;OK_API_IBGE
412140;4121406;Realeza;PR;OK_API_IBGE
412150;4121505;Rebouças;PR;OK_API_IBGE
412160;4121604;Renascença;PR;OK_API_IBGE
412170;4121703;Reserva;PR;OK_API_IBGE
412180;4121802;Ribeirão Claro;PR;OK_API_IBGE
412190;4121901;Ribeirão do Pinhal;PR;OK_API_IBGE
412200;4122008;Rio Azul;PR;OK_API_IBGE
412215;4122156;Rio Bonito do Iguaçu;PR;OK_API_IBGE
412217;4122172;Rio Branco do Ivaí;PR;OK_API_IBGE
412220;4122206;Rio Branco do Sul;PR;OK_API_IBGE
412230;4122305;Rio Negro;PR;OK_API_IBGE
412240;4122404;Rolândia;PR;OK_API_IBGE
412250;4122503;Roncador;PR;OK_API_IBGE
412260;4122602;Rondon;PR;OK_API_IBGE
412265;4122651;Rosário do Ivaí;PR;OK_API_IBGE
412270;4122701;Sabáudia;PR;OK_API_IBGE
412290;4122909;Salto do Itararé;PR;OK_API_IBGE
412300;4123006;Salto do Lontra;PR;OK_API_IBGE
412310;4123105;Santa Amélia;PR;OK_API_IBGE
412340;4123402;Santa Fé;PR;OK_API_IBGE
412350;4123501;Santa Helena;PR;OK_API_IBGE
412370;4123709;Santa Isabel do Ivaí;PR;OK_API_IBGE
412380;4123808;Santa Izabel do Oeste;PR;OK_API_IBGE
412382;4123824;Santa Lúcia;PR;OK_API_IBGE
412385;4123857;Santa Maria do Oeste;PR;OK_API_IBGE
412390;4123907;Santa Mariana;PR;OK_API_IBGE
412402;4124020;Santa Tereza do Oeste;PR;OK_API_IBGE
412405;4124053;Santa Terezinha de Itaipu;PR;OK_API_IBGE
412410;4124103;Santo Antônio da Platina;PR;OK_API_IBGE
412430;4124301;Santo Antônio do Paraíso;PR;OK_API_IBGE
412440;4124400;Santo Antônio do Sudoeste;PR;OK_API_IBGE
412450;4124509;Santo Inácio;PR;OK_API_IBGE
412460;4124608;São Carlos do Ivaí;PR;OK_API_IBGE
412470;4124707;São Jerônimo da Serra;PR;OK_API_IBGE
412480;4124806;São João;PR;OK_API_IBGE
412490;4124905;São João do Caiuá;PR;OK_API_IBGE
412500;4125001;São João do Ivaí;PR;OK_API_IBGE
412510;4125100;São João do Triunfo;PR;OK_API_IBGE
412530;4125308;São Jorge do Ivaí;PR;OK_API_IBGE
412535;4125357;São Jorge do Patrocínio;PR;OK_API_IBGE
412540;4125407;São José da Boa Vista;PR;OK_API_IBGE
412545;4125456;São José das Palmeiras;PR;OK_API_IBGE
412550;4125506;São José dos Pinhais;PR;OK_API_IBGE
412560;4125605;São Mateus do Sul;PR;OK_API_IBGE
412570;4125704;São Miguel do Iguaçu;PR;OK_API_IBGE
412575;4125753;São Pedro do Iguaçu;PR;OK_API_IBGE
412580;4125803;São Pedro do Ivaí;PR;OK_API_IBGE
412600;4126009;São Sebastião da Amoreira;PR;OK_API_IBGE
412620;4126207;Sapopema;PR;OK_API_IBGE
412625;4126256;Sarandi;PR;OK_API_IBGE
412630;4126306;Sengés;PR;OK_API_IBGE
412635;4126355;Serranópolis do Iguaçu;PR;OK_API_IBGE
412640;4126405;Sertaneja;PR;OK_API_IBGE
412650;4126504;Sertanópolis;PR;OK_API_IBGE
412660;4126603;Siqueira Campos;PR;OK_API_IBGE
412680;4126801;Tapejara;PR;OK_API_IBGE
412690;4126900;Tapira;PR;OK_API_IBGE
412700;4127007;Teixeira Soares;PR;OK_API_IBGE
412710;4127106;Telêmaco Borba;PR;OK_API_IBGE
412720;4127205;Terra Boa;PR;OK_API_IBGE
412730;4127304;Terra Rica;PR;OK_API_IBGE
412740;4127403;Terra Roxa;PR;OK_API_IBGE
412750;4127502;Tibagi;PR;OK_API_IBGE
412760;4127601;Tijucas do Sul;PR;OK_API_IBGE
412770;4127700;Toledo;PR;OK_API_IBGE
412780;4127809;Tomazina;PR;OK_API_IBGE
412785;4127858;Três Barras do Paraná;PR;OK_API_IBGE
412790;4127908;Tuneiras do Oeste;PR;OK_API_IBGE
412795;4127957;Tupãssi;PR;OK_API_IBGE
412796;4127965;Turvo;PR;OK_API_IBGE
412800;4128005;Ubiratã;PR;OK_API_IBGE
412810;4128104;Umuarama;PR;OK_API_IBGE
412820;4128203;União da Vitória;PR;OK_API_IBGE
412840;4128401;Uraí;PR;OK_API_IBGE
412850;4128500;Wenceslau Braz;PR;OK_API_IBGE
412853;4128534;Ventania;PR;OK_API_IBGE
412855;4128559;Vera Cruz do Oeste;PR;OK_API_IBGE
412860;4128609;Verê;PR;OK_API_IBGE
412865;4128658;Virmond;PR;OK_API_IBGE
412870;4128708;Vitorino;PR;OK_API_IBGE
420005;4200051;Abdon Batista;SC;OK_API_IBGE
420010;4200101;Abelardo Luz;SC;OK_API_IBGE
420020;4200200;Agrolândia;SC;OK_API_IBGE
420030;4200309;Agronômica;SC;OK_API_IBGE
420050;4200507;Águas de Chapecó;SC;OK_API_IBGE
420055;4200556;Águas Frias;SC;OK_API_IBGE
420060;4200606;Águas Mornas;SC;OK_API_IBGE
420080;4200804;Anchieta;SC;OK_API_IBGE
420090;4200903;Angelina;SC;OK_API_IBGE
420100;4201000;Anita Garibaldi;SC;OK_API_IBGE
420120;4201208;Antônio Carlos;SC;OK_API_IBGE
420125;4201257;Apiúna;SC;OK_API_IBGE
420130;4201307;Araquari;SC;OK_API_IBGE
420140;4201406;Araranguá;SC;OK_API_IBGE
420160;4201604;Arroio Trinta;SC;OK_API_IBGE
420170;4201703;Ascurra;SC;OK_API_IBGE
420195;4201950;Balneário Arroio do Silva;SC;OK_API_IBGE
420200;4202008;Balneário Camboriú;SC;OK_API_IBGE
420205;4202057;Balneário Barra do Sul;SC;OK_API_IBGE
420207;4202073;Balneário Gaivota;SC;OK_API_IBGE
420208;4202081;Bandeirante;SC;OK_API_IBGE
420210;4202107;Barra Velha;SC;OK_API_IBGE
420213;4202131;Bela Vista do Toldo;SC;OK_API_IBGE
420215;4202156;Belmonte;SC;OK_API_IBGE
420220;4202206;Benedito Novo;SC;OK_API_IBGE
420230;4202305;Biguaçu;SC;OK_API_IBGE
420240;4202404;Blumenau;SC;OK_API_IBGE
420243;4202438;Bocaina do Sul;SC;OK_API_IBGE
420245;4202453;Bombinhas;SC;OK_API_IBGE
420260;4202602;Bom Retiro;SC;OK_API_IBGE
420270;4202701;Botuverá;SC;OK_API_IBGE
420280;4202800;Braço do Norte;SC;OK_API_IBGE
420290;4202909;Brusque;SC;OK_API_IBGE
420300;4203006;Caçador;SC;OK_API_IBGE
420310;4203105;Caibi;SC;OK_API_IBGE
420315;4203154;Calmon;SC;OK_API_IBGE
420320;4203204;Camboriú;SC;OK_API_IBGE
420330;4203303;Campo Alegre;SC;OK_API_IBGE
420340;4203402;Campo Belo do Sul;SC;OK_API_IBGE
420350;4203501;Campo Erê;SC;OK_API_IBGE
420360;4203600;Campos Novos;SC;OK_API_IBGE
420370;4203709;Canelinha;SC;OK_API_IBGE
420380;4203808;Canoinhas;SC;OK_API_IBGE
420390;4203907;Capinzal;SC;OK_API_IBGE
420395;4203956;Capivari de Baixo;SC;OK_API_IBGE
420400;4204004;Catanduvas;SC;OK_API_IBGE
420415;4204152;Celso Ramos;SC;OK_API_IBGE
420420;4204202;Chapecó;SC;OK_API_IBGE
420425;4204251;Cocal do Sul;SC;OK_API_IBGE
420430;4204301;Concórdia;SC;OK_API_IBGE
420435;4204350;Cordilheira Alta;SC;OK_API_IBGE
420440;4204400;Coronel Freitas;SC;OK_API_IBGE
420450;4204509;Corupá;SC;OK_API_IBGE
420460;4204608;Criciúma;SC;OK_API_IBGE
420480;4204806;Curitibanos;SC;OK_API_IBGE
420490;4204905;Descanso;SC;OK_API_IBGE
420500;4205001;Dionísio Cerqueira;SC;OK_API_IBGE
420510;4205100;Dona Emma;SC;OK_API_IBGE
420519;4205191;Ermo;SC;OK_API_IBGE
420520;4205209;Erval Velho;SC;OK_API_IBGE
420530;4205308;Faxinal dos Guedes;SC;OK_API_IBGE
420540;4205407;Florianópolis;SC;OK_API_IBGE
420545;4205456;Forquilhinha;SC;OK_API_IBGE
420550;4205506;Fraiburgo;SC;OK_API_IBGE
420555;4205555;Frei Rogério;SC;OK_API_IBGE
420560;4205605;Galvão;SC;OK_API_IBGE
420570;4205704;Garopaba;SC;OK_API_IBGE
420580;4205803;Garuva;SC;OK_API_IBGE
420590;4205902;Gaspar;SC;OK_API_IBGE
420600;4206009;Governador Celso Ramos;SC;OK_API_IBGE
420610;4206108;Grão-Pará;SC;OK_API_IBGE
420620;4206207;Gravatal;SC;OK_API_IBGE
420630;4206306;Guabiruba;SC;OK_API_IBGE
420640;4206405;Guaraciaba;SC;OK_API_IBGE
420650;4206504;Guaramirim;SC;OK_API_IBGE
420665;4206652;Guatambú;SC;OK_API_IBGE
420670;4206702;Herval d'Oeste;SC;OK_API_IBGE
420690;4206900;Ibirama;SC;OK_API_IBGE
420700;4207007;Içara;SC;OK_API_IBGE
420710;4207106;Ilhota;SC;OK_API_IBGE
420720;4207205;Imaruí;SC;OK_API_IBGE
420730;4207304;Imbituba;SC;OK_API_IBGE
420740;4207403;Imbuia;SC;OK_API_IBGE
420750;4207502;Indaial;SC;OK_API_IBGE
420768;4207684;Ipuaçu;SC;OK_API_IBGE
420770;4207700;Ipumirim;SC;OK_API_IBGE
420780;4207809;Irani;SC;OK_API_IBGE
420800;4208005;Itá;SC;OK_API_IBGE
420810;4208104;Itaiópolis;SC;OK_API_IBGE
420820;4208203;Itajaí;SC;OK_API_IBGE
420830;4208302;Itapema;SC;OK_API_IBGE
420840;4208401;Itapiranga;SC;OK_API_IBGE
420845;4208450;Itapoá;SC;OK_API_IBGE
420850;4208500;Ituporanga;SC;OK_API_IBGE
420870;4208708;Jacinto Machado;SC;OK_API_IBGE
420880;4208807;Jaguaruna;SC;OK_API_IBGE
420890;4208906;Jaraguá do Sul;SC;OK_API_IBGE
420900;4209003;Joaçaba;SC;OK_API_IBGE
420910;4209102;Joinville;SC;OK_API_IBGE
420915;4209151;José Boiteux;SC;OK_API_IBGE
420917;4209177;Jupiá;SC;OK_API_IBGE
420930;4209300;Lages;SC;OK_API_IBGE
420940;4209409;Laguna;SC;OK_API_IBGE
420950;4209508;Laurentino;SC;OK_API_IBGE
420960;4209607;Lauro Müller;SC;OK_API_IBGE
420970;4209706;Lebon Régis;SC;OK_API_IBGE
420990;4209904;Lontras;SC;OK_API_IBGE
421000;4210001;Luiz Alves;SC;OK_API_IBGE
421010;4210100;Mafra;SC;OK_API_IBGE
421030;4210308;Major Vieira;SC;OK_API_IBGE
421040;4210407;Maracajá;SC;OK_API_IBGE
421050;4210506;Maravilha;SC;OK_API_IBGE
421060;4210605;Massaranduba;SC;OK_API_IBGE
421080;4210803;Meleiro;SC;OK_API_IBGE
421090;4210902;Modelo;SC;OK_API_IBGE
421100;4211009;Mondaí;SC;OK_API_IBGE
421105;4211058;Monte Carlo;SC;OK_API_IBGE
421110;4211108;Monte Castelo;SC;OK_API_IBGE
421120;4211207;Morro da Fumaça;SC;OK_API_IBGE
421130;4211306;Navegantes;SC;OK_API_IBGE
421140;4211405;Nova Erechim;SC;OK_API_IBGE
421145;4211454;Nova Itaberaba;SC;OK_API_IBGE
421150;4211504;Nova Trento;SC;OK_API_IBGE
421160;4211603;Nova Veneza;SC;OK_API_IBGE
421165;4211652;Novo Horizonte;SC;OK_API_IBGE
421170;4211702;Orleans;SC;OK_API_IBGE
421175;4211751;Otacílio Costa;SC;OK_API_IBGE
421180;4211801;Ouro;SC;OK_API_IBGE
421187;4211876;Paial;SC;OK_API_IBGE
421190;4211900;Palhoça;SC;OK_API_IBGE
421200;4212007;Palma Sola;SC;OK_API_IBGE
421220;4212205;Papanduva;SC;OK_API_IBGE
421223;4212239;Paraíso;SC;OK_API_IBGE
421225;4212254;Passo de Torres;SC;OK_API_IBGE
421230;4212304;Paulo Lopes;SC;OK_API_IBGE
421240;4212403;Pedras Grandes;SC;OK_API_IBGE
421250;4212502;Penha;SC;OK_API_IBGE
421265;4212650;Pescaria Brava;SC;OK_API_IBGE
421270;4212700;Petrolândia;SC;OK_API_IBGE
421280;4212809;Balneário Piçarras;SC;OK_API_IBGE
421290;4212908;Pinhalzinho;SC;OK_API_IBGE
421315;4213153;Planalto Alegre;SC;OK_API_IBGE
421320;4213203;Pomerode;SC;OK_API_IBGE
421330;4213302;Ponte Alta;SC;OK_API_IBGE
421340;4213401;Ponte Serrada;SC;OK_API_IBGE
421350;4213500;Porto Belo;SC;OK_API_IBGE
421360;4213609;Porto União;SC;OK_API_IBGE
421370;4213708;Pouso Redondo;SC;OK_API_IBGE
421380;4213807;Praia Grande;SC;OK_API_IBGE
421400;4214003;Presidente Getúlio;SC;OK_API_IBGE
421415;4214151;Princesa;SC;OK_API_IBGE
421440;4214409;Rio das Antas;SC;OK_API_IBGE
421450;4214508;Rio do Campo;SC;OK_API_IBGE
421460;4214607;Rio do Oeste;SC;OK_API_IBGE
421480;4214805;Rio do Sul;SC;OK_API_IBGE
421500;4215000;Rio Negrinho;SC;OK_API_IBGE
421505;4215059;Rio Rufino;SC;OK_API_IBGE
421507;4215075;Riqueza;SC;OK_API_IBGE
421510;4215109;Rodeio;SC;OK_API_IBGE
421540;4215406;Salto Veloso;SC;OK_API_IBGE
421545;4215455;Sangão;SC;OK_API_IBGE
421550;4215505;Santa Cecília;SC;OK_API_IBGE
421555;4215554;Santa Helena;SC;OK_API_IBGE
421565;4215653;Santa Rosa do Sul;SC;OK_API_IBGE
421567;4215679;Santa Terezinha;SC;OK_API_IBGE
421570;4215703;Santo Amaro da Imperatriz;SC;OK_API_IBGE
421580;4215802;São Bento do Sul;SC;OK_API_IBGE
421590;4215901;São Bonifácio;SC;OK_API_IBGE
421605;4216057;São Cristóvão do Sul;SC;OK_API_IBGE
421610;4216107;São Domingos;SC;OK_API_IBGE
421620;4216206;São Francisco do Sul;SC;OK_API_IBGE
421625;4216255;São João do Oeste;SC;OK_API_IBGE
421630;4216305;São João Batista;SC;OK_API_IBGE
421640;4216404;São João do Sul;SC;OK_API_IBGE
421650;4216503;São Joaquim;SC;OK_API_IBGE
421660;4216602;São José;SC;OK_API_IBGE
421670;4216701;São José do Cedro;SC;OK_API_IBGE
421690;4216909;São Lourenço do Oeste;SC;OK_API_IBGE
421700;4217006;São Ludgero;SC;OK_API_IBGE
421720;4217204;São Miguel do Oeste;SC;OK_API_IBGE
421725;4217253;São Pedro de Alcântara;SC;OK_API_IBGE
421730;4217303;Saudades;SC;OK_API_IBGE
421740;4217402;Schroeder;SC;OK_API_IBGE
421750;4217501;Seara;SC;OK_API_IBGE
421760;4217600;Siderópolis;SC;OK_API_IBGE
421770;4217709;Sombrio;SC;OK_API_IBGE
421780;4217808;Taió;SC;OK_API_IBGE
421790;4217907;Tangará;SC;OK_API_IBGE
421800;4218004;Tijucas;SC;OK_API_IBGE
421810;4218103;Timbé do Sul;SC;OK_API_IBGE
421820;4218202;Timbó;SC;OK_API_IBGE
421825;4218251;Timbó Grande;SC;OK_API_IBGE
421830;4218301;Três Barras;SC;OK_API_IBGE
421840;4218400;Treze de Maio;SC;OK_API_IBGE
421850;4218509;Treze Tílias;SC;OK_API_IBGE
421870;4218707;Tubarão;SC;OK_API_IBGE
421875;4218756;Tunápolis;SC;OK_API_IBGE
421880;4218806;Turvo;SC;OK_API_IBGE
421890;4218905;Urubici;SC;OK_API_IBGE
421895;4218954;Urupema;SC;OK_API_IBGE
421900;4219002;Urussanga;SC;OK_API_IBGE
421910;4219101;Vargeão;SC;OK_API_IBGE
421915;4219150;Vargem;SC;OK_API_IBGE
421917;4219176;Vargem Bonita;SC;OK_API_IBGE
421920;4219200;Vidal Ramos;SC;OK_API_IBGE
421930;4219309;Videira;SC;OK_API_IBGE
421950;4219507;Xanxerê;SC;OK_API_IBGE
421970;4219705;Xaxim;SC;OK_API_IBGE
421985;4219853;Zortéa;SC;OK_API_IBGE
422000;4220000;Balneário Rincão;SC;OK_API_IBGE
430003;4300034;Aceguá;RS;OK_API_IBGE
430010;4300109;Agudo;RS;OK_API_IBGE
430030;4300307;Alecrim;RS;OK_API_IBGE
430040;4300406;Alegrete;RS;OK_API_IBGE
430045;4300455;Alegria;RS;OK_API_IBGE
430050;4300505;Alpestre;RS;OK_API_IBGE
430055;4300554;Alto Alegre;RS;OK_API_IBGE
430057;4300570;Alto Feliz;RS;OK_API_IBGE
430060;4300604;Alvorada;RS;OK_API_IBGE
430063;4300638;Amaral Ferrador;RS;OK_API_IBGE
430064;4300646;Ametista do Sul;RS;OK_API_IBGE
430070;4300703;Anta Gorda;RS;OK_API_IBGE
430080;4300802;Antônio Prado;RS;OK_API_IBGE
430087;4300877;Araricá;RS;OK_API_IBGE
430090;4300901;Aratiba;RS;OK_API_IBGE
430100;4301008;Arroio do Meio;RS;OK_API_IBGE
430105;4301057;Arroio do Sal;RS;OK_API_IBGE
430107;4301073;Arroio do Padre;RS;OK_API_IBGE
430110;4301107;Arroio dos Ratos;RS;OK_API_IBGE
430120;4301206;Arroio do Tigre;RS;OK_API_IBGE
430130;4301305;Arroio Grande;RS;OK_API_IBGE
430140;4301404;Arvorezinha;RS;OK_API_IBGE
430150;4301503;Augusto Pestana;RS;OK_API_IBGE
430155;4301552;Áurea;RS;OK_API_IBGE
430160;4301602;Bagé;RS;OK_API_IBGE
430163;4301636;Balneário Pinhal;RS;OK_API_IBGE
430165;4301651;Barão;RS;OK_API_IBGE
430170;4301701;Barão de Cotegipe;RS;OK_API_IBGE
430175;4301750;Barão do Triunfo;RS;OK_API_IBGE
430180;4301800;Barracão;RS;OK_API_IBGE
430185;4301859;Barra do Guarita;RS;OK_API_IBGE
430187;4301875;Barra do Quaraí;RS;OK_API_IBGE
430190;4301909;Barra do Ribeiro;RS;OK_API_IBGE
430195;4301958;Barra Funda;RS;OK_API_IBGE
430200;4302006;Barros Cassal;RS;OK_API_IBGE
430210;4302105;Bento Gonçalves;RS;OK_API_IBGE
430222;4302220;Boa Vista do Cadeado;RS;OK_API_IBGE
430225;4302253;Boa Vista do Sul;RS;OK_API_IBGE
430230;4302303;Bom Jesus;RS;OK_API_IBGE
430235;4302352;Bom Princípio;RS;OK_API_IBGE
430240;4302402;Bom Retiro do Sul;RS;OK_API_IBGE
430245;4302451;Boqueirão do Leão;RS;OK_API_IBGE
430250;4302501;Bossoroca;RS;OK_API_IBGE
430260;4302600;Braga;RS;OK_API_IBGE
430270;4302709;Butiá;RS;OK_API_IBGE
430280;4302808;Caçapava do Sul;RS;OK_API_IBGE
430290;4302907;Cacequi;RS;OK_API_IBGE
430300;4303004;Cachoeira do Sul;RS;OK_API_IBGE
430310;4303103;Cachoeirinha;RS;OK_API_IBGE
430320;4303202;Cacique Doble;RS;OK_API_IBGE
430340;4303400;Caiçara;RS;OK_API_IBGE
430350;4303509;Camaquã;RS;OK_API_IBGE
430367;4303673;Campestre da Serra;RS;OK_API_IBGE
430380;4303806;Campinas do Sul;RS;OK_API_IBGE
430390;4303905;Campo Bom;RS;OK_API_IBGE
430400;4304002;Campo Novo;RS;OK_API_IBGE
430410;4304101;Campos Borges;RS;OK_API_IBGE
430420;4304200;Candelária;RS;OK_API_IBGE
430430;4304309;Cândido Godói;RS;OK_API_IBGE
430435;4304358;Candiota;RS;OK_API_IBGE
430440;4304408;Canela;RS;OK_API_IBGE
430450;4304507;Canguçu;RS;OK_API_IBGE
430460;4304606;Canoas;RS;OK_API_IBGE
430462;4304622;Capão Bonito do Sul;RS;OK_API_IBGE
430463;4304630;Capão da Canoa;RS;OK_API_IBGE
430466;4304663;Capão do Leão;RS;OK_API_IBGE
430467;4304671;Capivari do Sul;RS;OK_API_IBGE
430468;4304689;Capela de Santana;RS;OK_API_IBGE
430469;4304697;Capitão;RS;OK_API_IBGE
430470;4304705;Carazinho;RS;OK_API_IBGE
430471;4304713;Caraá;RS;OK_API_IBGE
430480;4304804;Carlos Barbosa;RS;OK_API_IBGE
430490;4304903;Casca;RS;OK_API_IBGE
430495;4304952;Caseiros;RS;OK_API_IBGE
430500;4305009;Catuípe;RS;OK_API_IBGE
430510;4305108;Caxias do Sul;RS;OK_API_IBGE
430512;4305124;Cerrito;RS;OK_API_IBGE
430517;4305173;Cerro Grande do Sul;RS;OK_API_IBGE
430520;4305207;Cerro Largo;RS;OK_API_IBGE
430530;4305306;Chapada;RS;OK_API_IBGE
430535;4305355;Charqueadas;RS;OK_API_IBGE
430537;4305371;Charrua;RS;OK_API_IBGE
430540;4305405;Chiapetta;RS;OK_API_IBGE
430543;4305439;Chuí;RS;OK_API_IBGE
430544;4305447;Chuvisca;RS;OK_API_IBGE
430545;4305454;Cidreira;RS;OK_API_IBGE
430560;4305603;Colorado;RS;OK_API_IBGE
430570;4305702;Condor;RS;OK_API_IBGE
430580;4305801;Constantina;RS;OK_API_IBGE
430583;4305835;Coqueiro Baixo;RS;OK_API_IBGE
430585;4305850;Coqueiros do Sul;RS;OK_API_IBGE
430587;4305871;Coronel Barros;RS;OK_API_IBGE
430590;4305900;Coronel Bicaco;RS;OK_API_IBGE
430597;4305975;Coxilha;RS;OK_API_IBGE
430605;4306056;Cristal;RS;OK_API_IBGE
430607;4306072;Cristal do Sul;RS;OK_API_IBGE
430610;4306106;Cruz Alta;RS;OK_API_IBGE
430613;4306130;Cruzaltense;RS;OK_API_IBGE
430620;4306205;Cruzeiro do Sul;RS;OK_API_IBGE
430630;4306304;David Canabarro;RS;OK_API_IBGE
430635;4306353;Dezesseis de Novembro;RS;OK_API_IBGE
430637;4306379;Dilermando de Aguiar;RS;OK_API_IBGE
430640;4306403;Dois Irmãos;RS;OK_API_IBGE
430642;4306429;Dois Irmãos das Missões;RS;OK_API_IBGE
430650;4306502;Dom Feliciano;RS;OK_API_IBGE
430655;4306551;Dom Pedro de Alcântara;RS;OK_API_IBGE
430660;4306601;Dom Pedrito;RS;OK_API_IBGE
430670;4306700;Dona Francisca;RS;OK_API_IBGE
430673;4306734;Doutor Maurício Cardoso;RS;OK_API_IBGE
430676;4306767;Eldorado do Sul;RS;OK_API_IBGE
430680;4306809;Encantado;RS;OK_API_IBGE
430690;4306908;Encruzilhada do Sul;RS;OK_API_IBGE
430693;4306932;Entre-Ijuís;RS;OK_API_IBGE
430695;4306957;Entre Rios do Sul;RS;OK_API_IBGE
430700;4307005;Erechim;RS;OK_API_IBGE
430705;4307054;Ernestina;RS;OK_API_IBGE
430710;4307104;Herval;RS;OK_API_IBGE
430730;4307302;Erval Seco;RS;OK_API_IBGE
430745;4307450;Esperança do Sul;RS;OK_API_IBGE
430750;4307500;Espumoso;RS;OK_API_IBGE
430755;4307559;Estação;RS;OK_API_IBGE
430760;4307609;Estância Velha;RS;OK_API_IBGE
430770;4307708;Esteio;RS;OK_API_IBGE
430780;4307807;Estrela;RS;OK_API_IBGE
430781;4307815;Estrela Velha;RS;OK_API_IBGE
430783;4307831;Eugênio de Castro;RS;OK_API_IBGE
430786;4307864;Fagundes Varela;RS;OK_API_IBGE
430790;4307906;Farroupilha;RS;OK_API_IBGE
430800;4308003;Faxinal do Soturno;RS;OK_API_IBGE
430805;4308052;Faxinalzinho;RS;OK_API_IBGE
430807;4308078;Fazenda Vilanova;RS;OK_API_IBGE
430810;4308102;Feliz;RS;OK_API_IBGE
430820;4308201;Flores da Cunha;RS;OK_API_IBGE
430830;4308300;Fontoura Xavier;RS;OK_API_IBGE
430840;4308409;Formigueiro;RS;OK_API_IBGE
430843;4308433;Forquetinha;RS;OK_API_IBGE
430850;4308508;Frederico Westphalen;RS;OK_API_IBGE
430860;4308607;Garibaldi;RS;OK_API_IBGE
430865;4308656;Garruchos;RS;OK_API_IBGE
430870;4308706;Gaurama;RS;OK_API_IBGE
430880;4308805;General Câmara;RS;OK_API_IBGE
430885;4308854;Gentil;RS;OK_API_IBGE
430890;4308904;Getúlio Vargas;RS;OK_API_IBGE
430900;4309001;Giruá;RS;OK_API_IBGE
430905;4309050;Glorinha;RS;OK_API_IBGE
430910;4309100;Gramado;RS;OK_API_IBGE
430915;4309159;Gramado Xavier;RS;OK_API_IBGE
430920;4309209;Gravataí;RS;OK_API_IBGE
430930;4309308;Guaíba;RS;OK_API_IBGE
430940;4309407;Guaporé;RS;OK_API_IBGE
430950;4309506;Guarani das Missões;RS;OK_API_IBGE
430955;4309555;Harmonia;RS;OK_API_IBGE
430957;4309571;Herveiras;RS;OK_API_IBGE
430960;4309605;Horizontina;RS;OK_API_IBGE
430965;4309654;Hulha Negra;RS;OK_API_IBGE
430975;4309753;Ibarama;RS;OK_API_IBGE
430995;4309951;Ibirapuitã;RS;OK_API_IBGE
431000;4310009;Ibirubá;RS;OK_API_IBGE
431010;4310108;Igrejinha;RS;OK_API_IBGE
431020;4310207;Ijuí;RS;OK_API_IBGE
431030;4310306;Ilópolis;RS;OK_API_IBGE
431033;4310330;Imbé;RS;OK_API_IBGE
431036;4310363;Imigrante;RS;OK_API_IBGE
431040;4310405;Independência;RS;OK_API_IBGE
431041;4310413;Inhacorá;RS;OK_API_IBGE
431043;4310439;Ipê;RS;OK_API_IBGE
431046;4310462;Ipiranga do Sul;RS;OK_API_IBGE
431050;4310504;Iraí;RS;OK_API_IBGE
431053;4310538;Itaara;RS;OK_API_IBGE
431060;4310603;Itaqui;RS;OK_API_IBGE
431065;4310652;Itati;RS;OK_API_IBGE
431070;4310702;Itatiba do Sul;RS;OK_API_IBGE
431080;4310801;Ivoti;RS;OK_API_IBGE
431085;4310850;Jaboticaba;RS;OK_API_IBGE
431090;4310900;Jacutinga;RS;OK_API_IBGE
431100;4311007;Jaguarão;RS;OK_API_IBGE
431110;4311106;Jaguari;RS;OK_API_IBGE
431112;4311122;Jaquirana;RS;OK_API_IBGE
431113;4311130;Jari;RS;OK_API_IBGE
431120;4311205;Júlio de Castilhos;RS;OK_API_IBGE
431125;4311254;Lagoão;RS;OK_API_IBGE
431130;4311304;Lagoa Vermelha;RS;OK_API_IBGE
431140;4311403;Lajeado;RS;OK_API_IBGE
431142;4311429;Lajeado do Bugre;RS;OK_API_IBGE
431150;4311502;Lavras do Sul;RS;OK_API_IBGE
431162;4311627;Lindolfo Collor;RS;OK_API_IBGE
431171;4311718;Maçambará;RS;OK_API_IBGE
431173;4311734;Mampituba;RS;OK_API_IBGE
431175;4311759;Manoel Viana;RS;OK_API_IBGE
431177;4311775;Maquiné;RS;OK_API_IBGE
431180;4311809;Marau;RS;OK_API_IBGE
431190;4311908;Marcelino Ramos;RS;OK_API_IBGE
431198;4311981;Mariana Pimentel;RS;OK_API_IBGE
431205;4312054;Marques de Souza;RS;OK_API_IBGE
431215;4312153;Mato Leitão;RS;OK_API_IBGE
431220;4312203;Maximiliano de Almeida;RS;OK_API_IBGE
431225;4312252;Minas do Leão;RS;OK_API_IBGE
431230;4312302;Miraguaí;RS;OK_API_IBGE
431238;4312385;Monte Belo do Sul;RS;OK_API_IBGE
431240;4312401;Montenegro;RS;OK_API_IBGE
431244;4312443;Morrinhos do Sul;RS;OK_API_IBGE
431245;4312450;Morro Redondo;RS;OK_API_IBGE
431250;4312500;Mostardas;RS;OK_API_IBGE
431260;4312609;Muçum;RS;OK_API_IBGE
431261;4312617;Muitos Capões;RS;OK_API_IBGE
431265;4312658;Não-Me-Toque;RS;OK_API_IBGE
431270;4312708;Nonoai;RS;OK_API_IBGE
431275;4312757;Nova Alvorada;RS;OK_API_IBGE
431290;4312906;Nova Bassano;RS;OK_API_IBGE
431300;4313003;Nova Bréscia;RS;OK_API_IBGE
431303;4313037;Nova Esperança do Sul;RS;OK_API_IBGE
431306;4313060;Nova Hartz;RS;OK_API_IBGE
431308;4313086;Nova Pádua;RS;OK_API_IBGE
431310;4313102;Nova Palma;RS;OK_API_IBGE
431320;4313201;Nova Petrópolis;RS;OK_API_IBGE
431330;4313300;Nova Prata;RS;OK_API_IBGE
431337;4313375;Nova Santa Rita;RS;OK_API_IBGE
431340;4313409;Novo Hamburgo;RS;OK_API_IBGE
431342;4313425;Novo Machado;RS;OK_API_IBGE
431349;4313490;Novo Barreiro;RS;OK_API_IBGE
431350;4313508;Osório;RS;OK_API_IBGE
431360;4313607;Paim Filho;RS;OK_API_IBGE
431365;4313656;Palmares do Sul;RS;OK_API_IBGE
431370;4313706;Palmeira das Missões;RS;OK_API_IBGE
431380;4313805;Palmitinho;RS;OK_API_IBGE
431390;4313904;Panambi;RS;OK_API_IBGE
431395;4313953;Pantano Grande;RS;OK_API_IBGE
431403;4314035;Pareci Novo;RS;OK_API_IBGE
431405;4314050;Parobé;RS;OK_API_IBGE
431406;4314068;Passa Sete;RS;OK_API_IBGE
431407;4314076;Passo do Sobrado;RS;OK_API_IBGE
431410;4314100;Passo Fundo;RS;OK_API_IBGE
431415;4314159;Paverama;RS;OK_API_IBGE
431420;4314209;Pedro Osório;RS;OK_API_IBGE
431440;4314407;Pelotas;RS;OK_API_IBGE
431442;4314423;Picada Café;RS;OK_API_IBGE
431446;4314464;Pinhal da Serra;RS;OK_API_IBGE
431450;4314506;Pinheiro Machado;RS;OK_API_IBGE
431454;4314548;Pinto Bandeira;RS;OK_API_IBGE
431460;4314605;Piratini;RS;OK_API_IBGE
431470;4314704;Planalto;RS;OK_API_IBGE
431480;4314803;Portão;RS;OK_API_IBGE
431490;4314902;Porto Alegre;RS;OK_API_IBGE
431500;4315008;Porto Lucena;RS;OK_API_IBGE
431505;4315057;Porto Mauá;RS;OK_API_IBGE
431510;4315107;Porto Xavier;RS;OK_API_IBGE
431514;4315149;Presidente Lucena;RS;OK_API_IBGE
431515;4315156;Progresso;RS;OK_API_IBGE
431520;4315206;Putinga;RS;OK_API_IBGE
431530;4315305;Quaraí;RS;OK_API_IBGE
431540;4315404;Redentora;RS;OK_API_IBGE
431550;4315503;Restinga Sêca;RS;OK_API_IBGE
431555;4315552;Rio dos Índios;RS;OK_API_IBGE
431560;4315602;Rio Grande;RS;OK_API_IBGE
431570;4315701;Rio Pardo;RS;OK_API_IBGE
431580;4315800;Roca Sales;RS;OK_API_IBGE
431590;4315909;Rodeio Bonito;RS;OK_API_IBGE
431600;4316006;Rolante;RS;OK_API_IBGE
431610;4316105;Ronda Alta;RS;OK_API_IBGE
431620;4316204;Rondinha;RS;OK_API_IBGE
431630;4316303;Roque Gonzales;RS;OK_API_IBGE
431640;4316402;Rosário do Sul;RS;OK_API_IBGE
431643;4316436;Saldanha Marinho;RS;OK_API_IBGE
431645;4316451;Salto do Jacuí;RS;OK_API_IBGE
431647;4316477;Salvador das Missões;RS;OK_API_IBGE
431650;4316501;Salvador do Sul;RS;OK_API_IBGE
431660;4316600;Sananduva;RS;OK_API_IBGE
431670;4316709;Santa Bárbara do Sul;RS;OK_API_IBGE
431675;4316758;Santa Clara do Sul;RS;OK_API_IBGE
431680;4316808;Santa Cruz do Sul;RS;OK_API_IBGE
431690;4316907;Santa Maria;RS;OK_API_IBGE
431695;4316956;Santa Maria do Herval;RS;OK_API_IBGE
431700;4317004;Santana da Boa Vista;RS;OK_API_IBGE
431710;4317103;Sant'Ana do Livramento;RS;OK_API_IBGE
431720;4317202;Santa Rosa;RS;OK_API_IBGE
431730;4317301;Santa Vitória do Palmar;RS;OK_API_IBGE
431740;4317400;Santiago;RS;OK_API_IBGE
431750;4317509;Santo Ângelo;RS;OK_API_IBGE
431760;4317608;Santo Antônio da Patrulha;RS;OK_API_IBGE
431770;4317707;Santo Antônio das Missões;RS;OK_API_IBGE
431780;4317806;Santo Augusto;RS;OK_API_IBGE
431790;4317905;Santo Cristo;RS;OK_API_IBGE
431800;4318002;São Borja;RS;OK_API_IBGE
431810;4318101;São Francisco de Assis;RS;OK_API_IBGE
431820;4318200;São Francisco de Paula;RS;OK_API_IBGE
431830;4318309;São Gabriel;RS;OK_API_IBGE
431840;4318408;São Jerônimo;RS;OK_API_IBGE
431843;4318432;São João do Polêsine;RS;OK_API_IBGE
431845;4318457;São José das Missões;RS;OK_API_IBGE
431846;4318465;São José do Herval;RS;OK_API_IBGE
431848;4318481;São José do Hortêncio;RS;OK_API_IBGE
431850;4318507;São José do Norte;RS;OK_API_IBGE
431860;4318606;São José do Ouro;RS;OK_API_IBGE
431861;4318614;São José do Sul;RS;OK_API_IBGE
431862;4318622;São José dos Ausentes;RS;OK_API_IBGE
431870;4318705;São Leopoldo;RS;OK_API_IBGE
431880;4318804;São Lourenço do Sul;RS;OK_API_IBGE
431890;4318903;São Luiz Gonzaga;RS;OK_API_IBGE
431900;4319000;São Marcos;RS;OK_API_IBGE
431912;4319125;São Martinho da Serra;RS;OK_API_IBGE
431915;4319158;São Miguel das Missões;RS;OK_API_IBGE
431920;4319208;São Nicolau;RS;OK_API_IBGE
431940;4319406;São Pedro do Sul;RS;OK_API_IBGE
431950;4319505;São Sebastião do Caí;RS;OK_API_IBGE
431960;4319604;São Sepé;RS;OK_API_IBGE
431973;4319737;São Valério do Sul;RS;OK_API_IBGE
431980;4319802;São Vicente do Sul;RS;OK_API_IBGE
431990;4319901;Sapiranga;RS;OK_API_IBGE
432000;4320008;Sapucaia do Sul;RS;OK_API_IBGE
432010;4320107;Sarandi;RS;OK_API_IBGE
432020;4320206;Seberi;RS;OK_API_IBGE
432023;4320230;Sede Nova;RS;OK_API_IBGE
432026;4320263;Segredo;RS;OK_API_IBGE
432030;4320305;Selbach;RS;OK_API_IBGE
432035;4320354;Sentinela do Sul;RS;OK_API_IBGE
432040;4320404;Serafina Corrêa;RS;OK_API_IBGE
432045;4320453;Sério;RS;OK_API_IBGE
432050;4320503;Sertão;RS;OK_API_IBGE
432055;4320552;Sertão Santana;RS;OK_API_IBGE
432070;4320701;Sobradinho;RS;OK_API_IBGE
432080;4320800;Soledade;RS;OK_API_IBGE
432085;4320859;Tabaí;RS;OK_API_IBGE
432090;4320909;Tapejara;RS;OK_API_IBGE
432100;4321006;Tapera;RS;OK_API_IBGE
432110;4321105;Tapes;RS;OK_API_IBGE
432120;4321204;Taquara;RS;OK_API_IBGE
432130;4321303;Taquari;RS;OK_API_IBGE
432132;4321329;Taquaruçu do Sul;RS;OK_API_IBGE
432135;4321352;Tavares;RS;OK_API_IBGE
432140;4321402;Tenente Portela;RS;OK_API_IBGE
432143;4321436;Terra de Areia;RS;OK_API_IBGE
432145;4321451;Teutônia;RS;OK_API_IBGE
432149;4321493;Toropi;RS;OK_API_IBGE
432150;4321501;Torres;RS;OK_API_IBGE
432160;4321600;Tramandaí;RS;OK_API_IBGE
432166;4321667;Três Cachoeiras;RS;OK_API_IBGE
432170;4321709;Três Coroas;RS;OK_API_IBGE
432180;4321808;Três de Maio;RS;OK_API_IBGE
432190;4321907;Três Passos;RS;OK_API_IBGE
432195;4321956;Trindade do Sul;RS;OK_API_IBGE
432200;4322004;Triunfo;RS;OK_API_IBGE
432220;4322202;Tupanciretã;RS;OK_API_IBGE
432225;4322251;Tupandi;RS;OK_API_IBGE
432230;4322301;Tuparendi;RS;OK_API_IBGE
432232;4322327;Turuçu;RS;OK_API_IBGE
432240;4322400;Uruguaiana;RS;OK_API_IBGE
432250;4322509;Vacaria;RS;OK_API_IBGE
432252;4322525;Vale Verde;RS;OK_API_IBGE
432253;4322533;Vale do Sol;RS;OK_API_IBGE
432254;4322541;Vale Real;RS;OK_API_IBGE
432260;4322608;Venâncio Aires;RS;OK_API_IBGE
432270;4322707;Vera Cruz;RS;OK_API_IBGE
432280;4322806;Veranópolis;RS;OK_API_IBGE
432285;4322855;Vespasiano Corrêa;RS;OK_API_IBGE
432300;4323002;Viamão;RS;OK_API_IBGE
432310;4323101;Vicente Dutra;RS;OK_API_IBGE
432330;4323309;Vila Flores;RS;OK_API_IBGE
432340;4323408;Vila Maria;RS;OK_API_IBGE
432345;4323457;Vila Nova do Sul;RS;OK_API_IBGE
432360;4323606;Vista Alegre do Prata;RS;OK_API_IBGE
432380;4323804;Xangri-lá;RS;OK_API_IBGE
500020;5000203;Água Clara;MS;OK_API_IBGE
500025;5000252;Alcinópolis;MS;OK_API_IBGE
500060;5000609;Amambai;MS;OK_API_IBGE
500070;5000708;Anastácio;MS;OK_API_IBGE
500080;5000807;Anaurilândia;MS;OK_API_IBGE
500085;5000856;Angélica;MS;OK_API_IBGE
500090;5000906;Antônio João;MS;OK_API_IBGE
500100;5001003;Aparecida do Taboado;MS;OK_API_IBGE
500110;5001102;Aquidauana;MS;OK_API_IBGE
500124;5001243;Aral Moreira;MS;OK_API_IBGE
500150;5001508;Bandeirantes;MS;OK_API_IBGE
500190;5001904;Bataguassu;MS;OK_API_IBGE
500200;5002001;Batayporã;MS;OK_API_IBGE
500210;5002100;Bela Vista;MS;OK_API_IBGE
500215;5002159;Bodoquena;MS;OK_API_IBGE
500220;5002209;Bonito;MS;OK_API_IBGE
500230;5002308;Brasilândia;MS;OK_API_IBGE
500240;5002407;Caarapó;MS;OK_API_IBGE
500260;5002605;Camapuã;MS;OK_API_IBGE
500270;5002704;Campo Grande;MS;OK_API_IBGE
500280;5002803;Caracol;MS;OK_API_IBGE
500290;5002902;Cassilândia;MS;OK_API_IBGE
500295;5002951;Chapadão do Sul;MS;OK_API_IBGE
500310;5003108;Corguinho;MS;OK_API_IBGE
500315;5003157;Coronel Sapucaia;MS;OK_API_IBGE
500320;5003207;Corumbá;MS;OK_API_IBGE
500325;5003256;Costa Rica;MS;OK_API_IBGE
500330;5003306;Coxim;MS;OK_API_IBGE
500345;5003454;Deodápolis;MS;OK_API_IBGE
500348;5003488;Dois Irmãos do Buriti;MS;OK_API_IBGE
500350;5003504;Douradina;MS;OK_API_IBGE
500370;5003702;Dourados;MS;OK_API_IBGE
500375;5003751;Eldorado;MS;OK_API_IBGE
500380;5003801;Fátima do Sul;MS;OK_API_IBGE
500390;5003900;Figueirão;MS;OK_API_IBGE
500400;5004007;Glória de Dourados;MS;OK_API_IBGE
500410;5004106;Guia Lopes da Laguna;MS;OK_API_IBGE
500430;5004304;Iguatemi;MS;OK_API_IBGE
500440;5004403;Inocência;MS;OK_API_IBGE
500450;5004502;Itaporã;MS;OK_API_IBGE
500460;5004601;Itaquiraí;MS;OK_API_IBGE
500470;5004700;Ivinhema;MS;OK_API_IBGE
500480;5004809;Japorã;MS;OK_API_IBGE
500490;5004908;Jaraguari;MS;OK_API_IBGE
500500;5005004;Jardim;MS;OK_API_IBGE
500510;5005103;Jateí;MS;OK_API_IBGE
500515;5005152;Juti;MS;OK_API_IBGE
500520;5005202;Ladário;MS;OK_API_IBGE
500525;5005251;Laguna Carapã;MS;OK_API_IBGE
500540;5005400;Maracaju;MS;OK_API_IBGE
500560;5005608;Miranda;MS;OK_API_IBGE
500568;5005681;Mundo Novo;MS;OK_API_IBGE
500570;5005707;Naviraí;MS;OK_API_IBGE
500580;5005806;Nioaque;MS;OK_API_IBGE
500600;5006002;Nova Alvorada do Sul;MS;OK_API_IBGE
500620;5006200;Nova Andradina;MS;OK_API_IBGE
500625;5006259;Novo Horizonte do Sul;MS;OK_API_IBGE
500627;5006275;Paraíso das Águas;MS;OK_API_IBGE
500630;5006309;Paranaíba;MS;OK_API_IBGE
500635;5006358;Paranhos;MS;OK_API_IBGE
500640;5006408;Pedro Gomes;MS;OK_API_IBGE
500660;5006606;Ponta Porã;MS;OK_API_IBGE
500690;5006903;Porto Murtinho;MS;OK_API_IBGE
500710;5007109;Ribas do Rio Pardo;MS;OK_API_IBGE
500720;5007208;Rio Brilhante;MS;OK_API_IBGE
500730;5007307;Rio Negro;MS;OK_API_IBGE
500740;5007406;Rio Verde de Mato Grosso;MS;OK_API_IBGE
500750;5007505;Rochedo;MS;OK_API_IBGE
500755;5007554;Santa Rita do Pardo;MS;OK_API_IBGE
500769;5007695;São Gabriel do Oeste;MS;OK_API_IBGE
500770;5007703;Sete Quedas;MS;OK_API_IBGE
500780;5007802;Selvíria;MS;OK_API_IBGE
500790;5007901;Sidrolândia;MS;OK_API_IBGE
500793;5007935;Sonora;MS;OK_API_IBGE
500795;5007950;Tacuru;MS;OK_API_IBGE
500797;5007976;Taquarussu;MS;OK_API_IBGE
500800;5008008;Terenos;MS;OK_API_IBGE
500830;5008305;Três Lagoas;MS;OK_API_IBGE
500840;5008404;Vicentina;MS;OK_API_IBGE
510010;5100102;Acorizal;MT;OK_API_IBGE
510020;5100201;Água Boa;MT;OK_API_IBGE
510025;5100250;Alta Floresta;MT;OK_API_IBGE
510030;5100300;Alto Araguaia;MT;OK_API_IBGE
510035;5100359;Alto Boa Vista;MT;OK_API_IBGE
510040;5100409;Alto Garças;MT;OK_API_IBGE
510050;5100508;Alto Paraguai;MT;OK_API_IBGE
510060;5100607;Alto Taquari;MT;OK_API_IBGE
510080;5100805;Apiacás;MT;OK_API_IBGE
510125;5101258;Araputanga;MT;OK_API_IBGE
510130;5101308;Arenápolis;MT;OK_API_IBGE
510140;5101407;Aripuanã;MT;OK_API_IBGE
510170;5101704;Barra do Bugres;MT;OK_API_IBGE
510180;5101803;Barra do Garças;MT;OK_API_IBGE
510185;5101852;Bom Jesus do Araguaia;MT;OK_API_IBGE
510190;5101902;Brasnorte;MT;OK_API_IBGE
510250;5102504;Cáceres;MT;OK_API_IBGE
510260;5102603;Campinápolis;MT;OK_API_IBGE
510263;5102637;Campo Novo do Parecis;MT;OK_API_IBGE
510267;5102678;Campo Verde;MT;OK_API_IBGE
510268;5102686;Campos de Júlio;MT;OK_API_IBGE
510269;5102694;Canabrava do Norte;MT;OK_API_IBGE
510270;5102702;Canarana;MT;OK_API_IBGE
510279;5102793;Carlinda;MT;OK_API_IBGE
510285;5102850;Castanheira;MT;OK_API_IBGE
510300;5103007;Chapada dos Guimarães;MT;OK_API_IBGE
510305;5103056;Cláudia;MT;OK_API_IBGE
510310;5103106;Cocalinho;MT;OK_API_IBGE
510320;5103205;Colíder;MT;OK_API_IBGE
510325;5103254;Colniza;MT;OK_API_IBGE
510330;5103304;Comodoro;MT;OK_API_IBGE
510335;5103353;Confresa;MT;OK_API_IBGE
510337;5103379;Cotriguaçu;MT;OK_API_IBGE
510340;5103403;Cuiabá;MT;OK_API_IBGE
510350;5103502;Diamantino;MT;OK_API_IBGE
510370;5103700;Feliz Natal;MT;OK_API_IBGE
510380;5103809;Figueirópolis D'Oeste;MT;OK_API_IBGE
510385;5103858;Gaúcha do Norte;MT;OK_API_IBGE
510390;5103908;General Carneiro;MT;OK_API_IBGE
510395;5103957;Glória D'Oeste;MT;OK_API_IBGE
510410;5104104;Guarantã do Norte;MT;OK_API_IBGE
510420;5104203;Guiratinga;MT;OK_API_IBGE
510450;5104500;Indiavaí;MT;OK_API_IBGE
510452;5104526;Ipiranga do Norte;MT;OK_API_IBGE
510454;5104542;Itanhangá;MT;OK_API_IBGE
510455;5104559;Itaúba;MT;OK_API_IBGE
510460;5104609;Itiquira;MT;OK_API_IBGE
510480;5104807;Jaciara;MT;OK_API_IBGE
510490;5104906;Jangada;MT;OK_API_IBGE
510500;5105002;Jauru;MT;OK_API_IBGE
510510;5105101;Juara;MT;OK_API_IBGE
510515;5105150;Juína;MT;OK_API_IBGE
510517;5105176;Juruena;MT;OK_API_IBGE
510520;5105200;Juscimeira;MT;OK_API_IBGE
510525;5105259;Lucas do Rio Verde;MT;OK_API_IBGE
510530;5105309;Luciara;MT;OK_API_IBGE
510550;5105507;Vila Bela da Santíssima Trindade;MT;OK_API_IBGE
510558;5105580;Marcelândia;MT;OK_API_IBGE
510560;5105606;Matupá;MT;OK_API_IBGE
510562;5105622;Mirassol d'Oeste;MT;OK_API_IBGE
510590;5105903;Nobres;MT;OK_API_IBGE
510600;5106000;Nortelândia;MT;OK_API_IBGE
510610;5106109;Nossa Senhora do Livramento;MT;OK_API_IBGE
510615;5106158;Nova Bandeirantes;MT;OK_API_IBGE
510618;5106182;Nova Lacerda;MT;OK_API_IBGE
510619;5106190;Nova Santa Helena;MT;OK_API_IBGE
510620;5106208;Nova Brasilândia;MT;OK_API_IBGE
510621;5106216;Nova Canaã do Norte;MT;OK_API_IBGE
510622;5106224;Nova Mutum;MT;OK_API_IBGE
510623;5106232;Nova Olímpia;MT;OK_API_IBGE
510624;5106240;Nova Ubiratã;MT;OK_API_IBGE
510625;5106257;Nova Xavantina;MT;OK_API_IBGE
510626;5106265;Novo Mundo;MT;OK_API_IBGE
510629;5106299;Paranaíta;MT;OK_API_IBGE
510630;5106307;Paranatinga;MT;OK_API_IBGE
510637;5106372;Pedra Preta;MT;OK_API_IBGE
510642;5106422;Peixoto de Azevedo;MT;OK_API_IBGE
510650;5106505;Poconé;MT;OK_API_IBGE
510665;5106653;Pontal do Araguaia;MT;OK_API_IBGE
510675;5106752;Pontes e Lacerda;MT;OK_API_IBGE
510677;5106778;Porto Alegre do Norte;MT;OK_API_IBGE
510680;5106802;Porto dos Gaúchos;MT;OK_API_IBGE
510700;5107008;Poxoréu;MT;OK_API_IBGE
510704;5107040;Primavera do Leste;MT;OK_API_IBGE
510706;5107065;Querência;MT;OK_API_IBGE
510710;5107107;São José dos Quatro Marcos;MT;OK_API_IBGE
510715;5107156;Reserva do Cabaçal;MT;OK_API_IBGE
510718;5107180;Ribeirão Cascalheira;MT;OK_API_IBGE
510720;5107206;Rio Branco;MT;OK_API_IBGE
510724;5107248;Santa Carmem;MT;OK_API_IBGE
510730;5107305;São José do Rio Claro;MT;OK_API_IBGE
510735;5107354;São José do Xingu;MT;OK_API_IBGE
510740;5107404;São Pedro da Cipa;MT;OK_API_IBGE
510757;5107578;Rondolândia;MT;OK_API_IBGE
510760;5107602;Rondonópolis;MT;OK_API_IBGE
510770;5107701;Rosário Oeste;MT;OK_API_IBGE
510774;5107743;Santa Cruz do Xingu;MT;OK_API_IBGE
510775;5107750;Salto do Céu;MT;OK_API_IBGE
510776;5107768;Santa Rita do Trivelato;MT;OK_API_IBGE
510777;5107776;Santa Terezinha;MT;OK_API_IBGE
510779;5107792;Santo Antônio do Leste;MT;OK_API_IBGE
510780;5107800;Santo Antônio de Leverger;MT;OK_API_IBGE
510785;5107859;São Félix do Araguaia;MT;OK_API_IBGE
510787;5107875;Sapezal;MT;OK_API_IBGE
510788;5107883;Serra Nova Dourada;MT;OK_API_IBGE
510790;5107909;Sinop;MT;OK_API_IBGE
510792;5107925;Sorriso;MT;OK_API_IBGE
510794;5107941;Tabaporã;MT;OK_API_IBGE
510795;5107958;Tangará da Serra;MT;OK_API_IBGE
510800;5108006;Tapurah;MT;OK_API_IBGE
510805;5108055;Terra Nova do Norte;MT;OK_API_IBGE
510820;5108204;Torixoréu;MT;OK_API_IBGE
510830;5108303;União do Sul;MT;OK_API_IBGE
510840;5108402;Várzea Grande;MT;OK_API_IBGE
510850;5108501;Vera;MT;OK_API_IBGE
510860;5108600;Vila Rica;MT;OK_API_IBGE
510880;5108808;Nova Guarita;MT;OK_API_IBGE
510885;5108857;Nova Marilândia;MT;OK_API_IBGE
510895;5108956;Nova Monte Verde;MT;OK_API_IBGE
520005;5200050;Abadia de Goiás;GO;OK_API_IBGE
520013;5200134;Acreúna;GO;OK_API_IBGE
520015;5200159;Adelândia;GO;OK_API_IBGE
520017;5200175;Água Fria de Goiás;GO;OK_API_IBGE
520025;5200258;Águas Lindas de Goiás;GO;OK_API_IBGE
520030;5200308;Alexânia;GO;OK_API_IBGE
520055;5200555;Alto Horizonte;GO;OK_API_IBGE
520060;5200605;Alto Paraíso de Goiás;GO;OK_API_IBGE
520080;5200803;Alvorada do Norte;GO;OK_API_IBGE
520082;5200829;Amaralina;GO;OK_API_IBGE
520085;5200852;Americano do Brasil;GO;OK_API_IBGE
520110;5201108;Anápolis;GO;OK_API_IBGE
520130;5201306;Anicuns;GO;OK_API_IBGE
520140;5201405;Aparecida de Goiânia;GO;OK_API_IBGE
520170;5201702;Aragarças;GO;OK_API_IBGE
520180;5201801;Aragoiânia;GO;OK_API_IBGE
520235;5202353;Arenópolis;GO;OK_API_IBGE
520250;5202502;Aruanã;GO;OK_API_IBGE
520260;5202601;Aurilândia;GO;OK_API_IBGE
520310;5203104;Baliza;GO;OK_API_IBGE
520320;5203203;Barro Alto;GO;OK_API_IBGE
520330;5203302;Bela Vista de Goiás;GO;OK_API_IBGE
520340;5203401;Bom Jardim de Goiás;GO;OK_API_IBGE
520350;5203500;Bom Jesus de Goiás;GO;OK_API_IBGE
520355;5203559;Bonfinópolis;GO;OK_API_IBGE
520400;5204003;Cabeceiras;GO;OK_API_IBGE
520410;5204102;Cachoeira Alta;GO;OK_API_IBGE
520420;5204201;Cachoeira de Goiás;GO;OK_API_IBGE
520425;5204250;Cachoeira Dourada;GO;OK_API_IBGE
520430;5204300;Caçu;GO;OK_API_IBGE
520440;5204409;Caiapônia;GO;OK_API_IBGE
520450;5204508;Caldas Novas;GO;OK_API_IBGE
520455;5204557;Caldazinha;GO;OK_API_IBGE
520470;5204706;Campinorte;GO;OK_API_IBGE
520480;5204805;Campo Alegre de Goiás;GO;OK_API_IBGE
520485;5204854;Campo Limpo de Goiás;GO;OK_API_IBGE
520490;5204904;Campos Belos;GO;OK_API_IBGE
520495;5204953;Campos Verdes;GO;OK_API_IBGE
520500;5205000;Carmo do Rio Verde;GO;OK_API_IBGE
520505;5205059;Castelândia;GO;OK_API_IBGE
520510;5205109;Catalão;GO;OK_API_IBGE
520520;5205208;Caturaí;GO;OK_API_IBGE
520540;5205406;Ceres;GO;OK_API_IBGE
520545;5205455;Cezarina;GO;OK_API_IBGE
520547;5205471;Chapadão do Céu;GO;OK_API_IBGE
520549;5205497;Cidade Ocidental;GO;OK_API_IBGE
520551;5205513;Cocalzinho de Goiás;GO;OK_API_IBGE
520552;5205521;Colinas do Sul;GO;OK_API_IBGE
520580;5205802;Corumbá de Goiás;GO;OK_API_IBGE
520620;5206206;Cristalina;GO;OK_API_IBGE
520630;5206305;Cristianópolis;GO;OK_API_IBGE
520640;5206404;Crixás;GO;OK_API_IBGE
520725;5207253;Doverlândia;GO;OK_API_IBGE
520740;5207402;Edéia;GO;OK_API_IBGE
520750;5207501;Estrela do Norte;GO;OK_API_IBGE
520753;5207535;Faina;GO;OK_API_IBGE
520760;5207600;Fazenda Nova;GO;OK_API_IBGE
520780;5207808;Firminópolis;GO;OK_API_IBGE
520790;5207907;Flores de Goiás;GO;OK_API_IBGE
520800;5208004;Formosa;GO;OK_API_IBGE
520810;5208103;Formoso;GO;OK_API_IBGE
520830;5208301;Divinópolis de Goiás;GO;OK_API_IBGE
520840;5208400;Goianápolis;GO;OK_API_IBGE
520850;5208509;Goiandira;GO;OK_API_IBGE
520860;5208608;Goianésia;GO;OK_API_IBGE
520870;5208707;Goiânia;GO;OK_API_IBGE
520880;5208806;Goianira;GO;OK_API_IBGE
520890;5208905;Goiás;GO;OK_API_IBGE
520910;5209101;Goiatuba;GO;OK_API_IBGE
520915;5209150;Gouvelândia;GO;OK_API_IBGE
520920;5209200;Guapó;GO;OK_API_IBGE
520929;5209291;Guaraíta;GO;OK_API_IBGE
520940;5209408;Guarani de Goiás;GO;OK_API_IBGE
520970;5209705;Hidrolândia;GO;OK_API_IBGE
520980;5209804;Hidrolina;GO;OK_API_IBGE
520990;5209903;Iaciara;GO;OK_API_IBGE
520993;5209937;Inaciolândia;GO;OK_API_IBGE
520995;5209952;Indiara;GO;OK_API_IBGE
521000;5210000;Inhumas;GO;OK_API_IBGE
521010;5210109;Ipameri;GO;OK_API_IBGE
521020;5210208;Iporá;GO;OK_API_IBGE
521030;5210307;Israelândia;GO;OK_API_IBGE
521040;5210406;Itaberaí;GO;OK_API_IBGE
521060;5210604;Itaguaru;GO;OK_API_IBGE
521080;5210802;Itajá;GO;OK_API_IBGE
521090;5210901;Itapaci;GO;OK_API_IBGE
521120;5211206;Itapuranga;GO;OK_API_IBGE
521130;5211305;Itarumã;GO;OK_API_IBGE
521140;5211404;Itauçu;GO;OK_API_IBGE
521150;5211503;Itumbiara;GO;OK_API_IBGE
521170;5211701;Jandaia;GO;OK_API_IBGE
521180;5211800;Jaraguá;GO;OK_API_IBGE
521190;5211909;Jataí;GO;OK_API_IBGE
521210;5212105;Joviânia;GO;OK_API_IBGE
521220;5212204;Jussara;GO;OK_API_IBGE
521250;5212501;Luziânia;GO;OK_API_IBGE
521270;5212709;Mambaí;GO;OK_API_IBGE
521280;5212808;Mara Rosa;GO;OK_API_IBGE
521295;5212956;Matrinchã;GO;OK_API_IBGE
521300;5213004;Maurilândia;GO;OK_API_IBGE
521308;5213087;Minaçu;GO;OK_API_IBGE
521310;5213103;Mineiros;GO;OK_API_IBGE
521350;5213509;Monte Alegre de Goiás;GO;OK_API_IBGE
521375;5213756;Montividiu;GO;OK_API_IBGE
521380;5213806;Morrinhos;GO;OK_API_IBGE
521390;5213905;Mossâmedes;GO;OK_API_IBGE
521400;5214002;Mozarlândia;GO;OK_API_IBGE
521405;5214051;Mundo Novo;GO;OK_API_IBGE
521440;5214408;Nazário;GO;OK_API_IBGE
521450;5214507;Nerópolis;GO;OK_API_IBGE
521460;5214606;Niquelândia;GO;OK_API_IBGE
521470;5214705;Nova América;GO;OK_API_IBGE
521483;5214838;Nova Crixás;GO;OK_API_IBGE
521486;5214861;Nova Glória;GO;OK_API_IBGE
521490;5214903;Nova Roma;GO;OK_API_IBGE
521523;5215231;Novo Gama;GO;OK_API_IBGE
521525;5215256;Novo Planalto;GO;OK_API_IBGE
521540;5215405;Ouro Verde de Goiás;GO;OK_API_IBGE
521560;5215603;Padre Bernardo;GO;OK_API_IBGE
521570;5215702;Palmeiras de Goiás;GO;OK_API_IBGE
521580;5215801;Palmelo;GO;OK_API_IBGE
521590;5215900;Palminópolis;GO;OK_API_IBGE
521600;5216007;Panamá;GO;OK_API_IBGE
521630;5216304;Paranaiguara;GO;OK_API_IBGE
521640;5216403;Paraúna;GO;OK_API_IBGE
521690;5216908;Pilar de Goiás;GO;OK_API_IBGE
521710;5217104;Piracanjuba;GO;OK_API_IBGE
521730;5217302;Pirenópolis;GO;OK_API_IBGE
521740;5217401;Pires do Rio;GO;OK_API_IBGE
521760;5217609;Planaltina;GO;OK_API_IBGE
521770;5217708;Pontalina;GO;OK_API_IBGE
521800;5218003;Porangatu;GO;OK_API_IBGE
521810;5218102;Portelândia;GO;OK_API_IBGE
521830;5218300;Posse;GO;OK_API_IBGE
521839;5218391;Professor Jamil;GO;OK_API_IBGE
521850;5218508;Quirinópolis;GO;OK_API_IBGE
521860;5218607;Rialma;GO;OK_API_IBGE
521870;5218706;Rianápolis;GO;OK_API_IBGE
521880;5218805;Rio Verde;GO;OK_API_IBGE
521890;5218904;Rubiataba;GO;OK_API_IBGE
521900;5219001;Sanclerlândia;GO;OK_API_IBGE
521910;5219100;Santa Bárbara de Goiás;GO;OK_API_IBGE
521930;5219308;Santa Helena de Goiás;GO;OK_API_IBGE
521935;5219357;Santa Isabel;GO;OK_API_IBGE
521970;5219704;Santa Terezinha de Goiás;GO;OK_API_IBGE
521975;5219753;Santo Antônio do Descoberto;GO;OK_API_IBGE
521980;5219803;São Domingos;GO;OK_API_IBGE
521990;5219902;São Francisco de Goiás;GO;OK_API_IBGE
522000;5220009;São João d'Aliança;GO;OK_API_IBGE
522010;5220108;São Luís de Montes Belos;GO;OK_API_IBGE
522015;5220157;São Luiz do Norte;GO;OK_API_IBGE
522020;5220207;São Miguel do Araguaia;GO;OK_API_IBGE
522026;5220264;São Miguel do Passa Quatro;GO;OK_API_IBGE
522040;5220405;São Simão;GO;OK_API_IBGE
522045;5220454;Senador Canedo;GO;OK_API_IBGE
522060;5220603;Silvânia;GO;OK_API_IBGE
522068;5220686;Simolândia;GO;OK_API_IBGE
522100;5221007;Taquaral de Goiás;GO;OK_API_IBGE
522108;5221080;Teresina de Goiás;GO;OK_API_IBGE
522119;5221197;Terezópolis de Goiás;GO;OK_API_IBGE
522140;5221403;Trindade;GO;OK_API_IBGE
522145;5221452;Trombas;GO;OK_API_IBGE
522157;5221577;Uirapuru;GO;OK_API_IBGE
522160;5221601;Uruaçu;GO;OK_API_IBGE
522170;5221700;Uruana;GO;OK_API_IBGE
522180;5221809;Urutaí;GO;OK_API_IBGE
522185;5221858;Valparaíso de Goiás;GO;OK_API_IBGE
522190;5221908;Varjão;GO;OK_API_IBGE
522200;5222005;Vianópolis;GO;OK_API_IBGE
522205;5222054;Vicentinópolis;GO;OK_API_IBGE
522220;5222203;Vila Boa;GO;OK_API_IBGE
530010;5300108;Brasília;DF;OK_API_IBGE
